customer_id,signup_date,age,gender,city,region,acquisition_channel,loyalty_level,ab_group
C00001,2024-02-21,45.0,Male,Краснодар,Юг,email,Silver,B
C00002,2023-02-26,23.0,Female,Краснодар,Юг,email,Bronze,A
C00003,2023-05-09,31.0,Female,Москва,Центр,paid_search,Bronze,B
C00004,2023-04-25,38.0,Male,Екатеринбург,Урал,social,Silver,A
C00005,2024-03-23,19.0,Male,Санкт-Петербург,Северо-Запад,social,Bronze,B
C00006,2024-04-26,29.0,Female,Санкт-Петербург,Северо-Запад,paid_search,Bronze,A
C00007,2024-11-01,46.0,Female,Казань,Поволжье,organic,Gold,B
C00008,2023-04-03,28.0,Female,Москва,Центр,organic,Bronze,A
C00009,2024-07-17,35.0,Female,Ростов-на-Дону,Юг,organic,Gold,B
C00010,2024-02-09,18.0,Male,Владивосток,Дальний Восток,organic,Silver,A
C00011,2024-02-16,34.0,Male,Владивосток,Дальний Восток,referral,Bronze,B
C00012,2023-03-27,31.0,Female,Екатеринбург,Урал,paid_search,Gold,A
C00013,2023-10-28,24.0,Male,Краснодар,Юг,social,Silver,B
C00014,2023-08-14,46.0,Female,Санкт-Петербург,Северо-Запад,organic,Bronze,A
C00015,2023-10-01,27.0,Male,Екатеринбург,Урал,referral,Gold,B
C00016,2023-06-01,33.0,Female,Новосибирск,Сибирь,social,Bronze,A
C00017,2024-06-10,18.0,Female,Краснодар,Юг,paid_search,Bronze,B
C00018,2024-05-13,40.0,Female,Новосибирск,Сибирь,referral,Gold,A
C00019,2024-03-23,31.0,Male,Владивосток,Дальний Восток,organic,Silver,B
C00020,2023-04-21,39.0,Female,Москва,Центр,referral,Silver,A
C00021,2023-06-19,47.0,Female,Москва,Центр,organic,Bronze,B
C00022,2024-01-12,38.0,Female,Екатеринбург,Урал,email,Bronze,A
C00023,2024-04-22,38.0,Male,Краснодар,Юг,paid_search,Bronze,B
C00024,2023-09-12,36.0,Male,Краснодар,Юг,social,Bronze,A
C00025,2023-10-18,33.0,Female,Екатеринбург,Урал,paid_search,Silver,B
C00026,2024-09-22,42.0,Female,Новосибирск,Сибирь,social,Silver,A
C00027,2023-03-16,18.0,Male,Екатеринбург,Урал,referral,Bronze,B
C00028,2024-11-03,47.0,Female,Новосибирск,Сибирь,organic,Bronze,A
C00029,2023-03-15,18.0,Female,Москва,Центр,organic,Bronze,B
C00030,2023-02-20,18.0,Female,Владивосток,Дальний Восток,organic,Bronze,A
C00031,2024-09-08,42.0,Male,Санкт-Петербург,Северо-Запад,organic,Bronze,B
C00032,2023-03-22,52.0,Male,Владивосток,Дальний Восток,organic,Bronze,A
C00033,2023-03-21,41.0,Male,Екатеринбург,Урал,email,Bronze,B
C00034,2023-04-15,44.0,Male,Краснодар,Юг,paid_search,Bronze,A
C00035,2024-04-14,22.0,Male,Ростов-на-Дону,Юг,social,Bronze,B
C00036,2023-09-12,49.0,Female,Санкт-Петербург,Северо-Запад,social,Bronze,A
C00037,2023-05-26,32.0,Female,Казань,Поволжье,paid_search,Bronze,B
C00038,2023-11-20,44.0,Male,Владивосток,Дальний Восток,referral,Bronze,A
C00039,2023-02-01,48.0,Male,Екатеринбург,Урал,social,Silver,B
C00040,2023-02-13,46.0,Female,Екатеринбург,Урал,paid_search,Bronze,A
C00041,2024-10-22,47.0,Male,Казань,Поволжье,paid_search,Silver,B
C00042,2024-01-05,61.0,Male,Владивосток,Дальний Восток,organic,Bronze,A
C00043,2024-04-18,32.0,Female,Ростов-на-Дону,Юг,organic,Bronze,B
C00044,2024-07-28,28.0,Male,Ростов-на-Дону,Юг,referral,Gold,A
C00045,2024-09-06,41.0,Female,Ростов-на-Дону,Юг,organic,Bronze,B
C00046,2024-05-25,54.0,Female,Ростов-на-Дону,Юг,email,Bronze,A
C00047,2024-04-06,35.0,Female,Владивосток,Дальний Восток,organic,Bronze,B
C00048,2023-03-21,23.0,Male,Санкт-Петербург,Северо-Запад,email,Bronze,A
C00049,2024-02-22,32.0,Male,Санкт-Петербург,Северо-Запад,organic,Bronze,B
C00050,2024-07-19,52.0,Male,Екатеринбург,Урал,paid_search,Bronze,A
C00051,2024-06-23,35.0,Female,Краснодар,Юг,paid_search,Silver,B
C00052,2023-02-14,50.0,Male,Новосибирск,Сибирь,social,Bronze,A
C00053,2024-07-22,40.0,Female,Владивосток,Дальний Восток,organic,Silver,B
C00054,2024-04-18,42.0,Male,Краснодар,Юг,email,Bronze,A
C00055,2023-12-29,43.0,Female,Ростов-на-Дону,Юг,email,Silver,B
C00056,2024-11-21,48.0,Male,Ростов-на-Дону,Юг,social,Bronze,A
C00057,2023-02-28,20.0,Male,Владивосток,Дальний Восток,social,Bronze,B
C00058,2023-04-22,19.0,Male,Казань,Поволжье,social,Silver,A
C00059,2024-09-26,44.0,Male,Ростов-на-Дону,Юг,paid_search,Silver,B
C00060,2023-04-03,34.0,Male,Краснодар,Юг,paid_search,Bronze,A
C00061,2024-07-22,38.0,Male,Санкт-Петербург,Северо-Запад,organic,Silver,B
C00062,2023-08-04,46.0,Male,Ростов-на-Дону,Юг,organic,Bronze,A
C00063,2023-09-21,25.0,Female,Ростов-на-Дону,Юг,email,Bronze,B
C00064,2023-03-24,27.0,Female,Владивосток,Дальний Восток,paid_search,Bronze,A
C00065,2024-03-26,36.0,Female,Москва,Центр,organic,Bronze,B
C00066,2023-08-31,36.0,Male,Краснодар,Юг,organic,Bronze,A
C00067,2023-09-14,49.0,Female,Москва,Центр,paid_search,Bronze,B
C00068,2024-04-04,37.0,Female,Казань,Поволжье,organic,Gold,A
C00069,2023-11-20,36.0,Male,Екатеринбург,Урал,social,Bronze,B
C00070,2023-03-21,41.0,Female,Санкт-Петербург,Северо-Запад,referral,Bronze,A
C00071,2024-01-17,21.0,Male,Ростов-на-Дону,Юг,organic,Bronze,B
C00072,2023-10-28,51.0,Female,Санкт-Петербург,Северо-Запад,social,Silver,A
C00073,2023-05-15,45.0,Male,Екатеринбург,Урал,paid_search,Bronze,B
C00074,2023-03-16,47.0,Male,Казань,Поволжье,referral,Bronze,A
C00075,2024-05-30,36.0,Male,Казань,Поволжье,referral,Bronze,B
C00076,2023-09-22,23.0,Male,Ростов-на-Дону,Юг,social,Gold,A
C00077,2024-12-10,25.0,Male,Екатеринбург,Урал,organic,Bronze,B
C00078,2023-12-03,35.0,Male,Екатеринбург,Урал,social,Bronze,A
C00079,2023-12-04,41.0,Female,Ростов-на-Дону,Юг,paid_search,Bronze,B
C00080,2023-12-07,44.0,Female,Ростов-на-Дону,Юг,organic,Silver,A
C00081,2024-12-15,46.0,Male,Казань,Поволжье,paid_search,Bronze,B
C00082,2023-05-06,34.0,Male,Краснодар,Юг,social,Silver,A
C00083,2024-06-30,35.0,Male,Новосибирск,Сибирь,organic,Silver,B
C00084,2024-10-30,18.0,Male,Москва,Центр,organic,Bronze,A
C00085,2023-11-18,21.0,Female,Краснодар,Юг,referral,Bronze,B
C00086,2023-09-24,30.0,Female,Краснодар,Юг,referral,Bronze,A
C00087,2023-11-30,31.0,Male,Ростов-на-Дону,Юг,email,Bronze,B
C00088,2024-08-06,47.0,Male,Краснодар,Юг,email,Silver,A
C00089,2024-12-27,46.0,Male,Ростов-на-Дону,Юг,organic,Gold,B
C00090,2023-12-27,18.0,Male,Новосибирск,Сибирь,email,Silver,A
C00091,2023-05-12,49.0,Male,Москва,Центр,referral,Bronze,B
C00092,2023-03-03,38.0,Female,Новосибирск,Сибирь,organic,Silver,A
C00093,2024-08-16,31.0,Male,Москва,Центр,organic,Gold,B
C00094,2024-05-16,40.0,Male,Ростов-на-Дону,Юг,paid_search,Bronze,A
C00095,2023-07-22,46.0,Male,Санкт-Петербург,Северо-Запад,paid_search,Silver,B
C00096,2024-02-15,33.0,Male,Санкт-Петербург,Северо-Запад,email,Bronze,A
C00097,2023-12-28,43.0,Female,Москва,Центр,referral,Silver,B
C00098,2023-05-18,45.0,Male,Новосибирск,Сибирь,referral,Bronze,A
C00099,2024-10-22,35.0,Female,Новосибирск,Сибирь,paid_search,Bronze,B
C00100,2023-06-01,35.0,Male,Ростов-на-Дону,Юг,organic,Bronze,A
C00101,2023-08-23,24.0,Male,Казань,Поволжье,email,Silver,B
C00102,2023-07-25,30.0,Male,Санкт-Петербург,Северо-Запад,email,Gold,A
C00103,2024-06-17,30.0,Female,Москва,Центр,email,Bronze,B
C00104,2023-10-04,35.0,Female,Москва,Центр,organic,Gold,A
C00105,2023-02-06,43.0,Female,Новосибирск,Сибирь,referral,Bronze,B
C00106,2024-02-17,35.0,Male,Ростов-на-Дону,Юг,social,Silver,A
C00107,2024-02-05,35.0,Male,Санкт-Петербург,Северо-Запад,email,Silver,B
C00108,2023-06-24,18.0,Female,Санкт-Петербург,Северо-Запад,referral,Gold,A
C00109,2024-02-12,31.0,Female,Москва,Центр,organic,Bronze,B
C00110,2023-05-23,28.0,Male,Владивосток,Дальний Восток,paid_search,Silver,A
C00111,2023-09-18,43.0,Male,Ростов-на-Дону,Юг,organic,Silver,B
C00112,2024-07-27,49.0,Male,Краснодар,Юг,email,Bronze,A
C00113,2024-09-20,33.0,Male,Москва,Центр,paid_search,Silver,B
C00114,2024-01-13,40.0,Male,Москва,Центр,paid_search,Silver,A
C00115,2024-08-17,19.0,Female,Казань,Поволжье,social,Bronze,B
C00116,2023-04-03,53.0,Female,Владивосток,Дальний Восток,social,Silver,A
C00117,2023-12-17,33.0,Female,Новосибирск,Сибирь,organic,Silver,B
C00118,2024-04-29,47.0,Female,Владивосток,Дальний Восток,referral,Silver,A
C00119,2024-11-19,42.0,Female,Санкт-Петербург,Северо-Запад,referral,Silver,B
C00120,2023-12-09,36.0,Male,Ростов-на-Дону,Юг,social,Bronze,A
C00121,2024-07-11,30.0,Male,Москва,Центр,organic,Silver,B
C00122,2024-07-24,39.0,Male,Ростов-на-Дону,Юг,organic,Bronze,A
C00123,2024-05-06,38.0,Female,Владивосток,Дальний Восток,organic,Silver,B
C00124,2024-07-24,42.0,Female,Екатеринбург,Урал,referral,Bronze,A
C00125,2024-09-11,35.0,Male,Санкт-Петербург,Северо-Запад,organic,Bronze,B
C00126,2023-12-05,30.0,Male,Екатеринбург,Урал,referral,Bronze,A
C00127,2023-08-13,32.0,Female,Казань,Поволжье,paid_search,Silver,B
C00128,2023-04-24,45.0,Female,Москва,Центр,social,Bronze,A
C00129,2024-05-11,41.0,Male,Екатеринбург,Урал,paid_search,Gold,B
C00130,2024-03-31,22.0,Male,Владивосток,Дальний Восток,paid_search,Silver,A
C00131,2024-12-01,25.0,Female,Санкт-Петербург,Северо-Запад,organic,Gold,B
C00132,2024-03-10,49.0,Male,Ростов-на-Дону,Юг,paid_search,Bronze,A
C00133,2024-04-02,23.0,Male,Ростов-на-Дону,Юг,social,Bronze,B
C00134,2024-07-06,18.0,Male,Ростов-на-Дону,Юг,paid_search,Silver,A
C00135,2023-08-05,43.0,Female,Екатеринбург,Урал,organic,Silver,B
C00136,2023-06-30,33.0,Male,Новосибирск,Сибирь,organic,Bronze,A
C00137,2023-03-11,35.0,Male,Казань,Поволжье,organic,Bronze,B
C00138,2023-08-27,36.0,Male,Екатеринбург,Урал,email,Bronze,A
C00139,2024-10-15,28.0,Male,Екатеринбург,Урал,social,Bronze,B
C00140,2023-07-01,19.0,Female,Краснодар,Юг,referral,Bronze,A
C00141,2023-02-09,34.0,Female,Санкт-Петербург,Северо-Запад,social,Gold,B
C00142,2023-07-28,36.0,Male,Новосибирск,Сибирь,paid_search,Bronze,A
C00143,2024-10-24,27.0,Female,Ростов-на-Дону,Юг,paid_search,Gold,B
C00144,2024-02-12,35.0,Female,Санкт-Петербург,Северо-Запад,paid_search,Gold,A
C00145,2024-08-02,42.0,Female,Ростов-на-Дону,Юг,email,Gold,B
C00146,2024-12-21,39.0,Male,Новосибирск,Сибирь,email,Bronze,A
C00147,2023-03-12,46.0,Female,Новосибирск,Сибирь,referral,Silver,B
C00148,2024-06-15,39.0,Male,Казань,Поволжье,paid_search,Bronze,A
C00149,2024-12-09,52.0,Female,Казань,Поволжье,referral,Silver,B
C00150,2024-03-06,43.0,Female,Екатеринбург,Урал,paid_search,Silver,A
C00151,2023-10-01,46.0,Male,Москва,Центр,referral,Gold,B
C00152,2023-08-24,56.0,Female,Москва,Центр,email,Gold,A
C00153,2023-06-02,37.0,Female,Москва,Центр,organic,Bronze,B
C00154,2024-05-02,38.0,Male,Новосибирск,Сибирь,email,Bronze,A
C00155,2023-11-30,43.0,Female,Владивосток,Дальний Восток,organic,Bronze,B
C00156,2024-03-19,40.0,Male,Москва,Центр,organic,Bronze,A
C00157,2024-02-19,31.0,Male,Санкт-Петербург,Северо-Запад,email,Gold,B
C00158,2024-10-09,30.0,Male,Краснодар,Юг,email,Bronze,A
C00159,2024-11-01,43.0,Female,Владивосток,Дальний Восток,organic,Bronze,B
C00160,2023-10-18,47.0,Male,Санкт-Петербург,Северо-Запад,email,Bronze,A
C00161,2024-08-21,18.0,Female,Новосибирск,Сибирь,social,Gold,B
C00162,2023-12-26,44.0,Female,Санкт-Петербург,Северо-Запад,organic,Gold,A
C00163,2024-07-08,50.0,Male,Санкт-Петербург,Северо-Запад,email,Silver,B
C00164,2024-07-02,31.0,Female,Владивосток,Дальний Восток,paid_search,Gold,A
C00165,2023-10-13,44.0,Female,Владивосток,Дальний Восток,referral,Silver,B
C00166,2024-01-22,42.0,Female,Екатеринбург,Урал,organic,Bronze,A
C00167,2023-07-16,30.0,Male,Владивосток,Дальний Восток,referral,Bronze,B
C00168,2023-06-30,28.0,Female,Ростов-на-Дону,Юг,email,Bronze,A
C00169,2023-09-04,29.0,Female,Санкт-Петербург,Северо-Запад,organic,Bronze,B
C00170,2023-10-28,30.0,Male,Москва,Центр,paid_search,Silver,A
C00171,2023-07-27,42.0,Female,Ростов-на-Дону,Юг,organic,Bronze,B
C00172,2024-04-05,45.0,Female,Казань,Поволжье,paid_search,Bronze,A
C00173,2023-10-16,32.0,Male,Ростов-на-Дону,Юг,social,Bronze,B
C00174,2023-09-07,49.0,Female,Владивосток,Дальний Восток,organic,Bronze,A
C00175,2023-07-07,53.0,Male,Владивосток,Дальний Восток,email,Bronze,B
C00176,2023-05-02,32.0,Male,Москва,Центр,social,Bronze,A
C00177,2024-09-27,40.0,Male,Санкт-Петербург,Северо-Запад,email,Bronze,B
C00178,2023-05-08,53.0,Male,Казань,Поволжье,paid_search,Bronze,A
C00179,2024-10-31,39.0,Male,Ростов-на-Дону,Юг,organic,Gold,B
C00180,2024-10-17,44.0,Male,Казань,Поволжье,organic,Bronze,A
C00181,2023-06-23,18.0,Male,Казань,Поволжье,social,Bronze,B
C00182,2024-07-03,18.0,Female,Новосибирск,Сибирь,organic,Bronze,A
C00183,2024-09-13,49.0,Female,Санкт-Петербург,Северо-Запад,paid_search,Silver,B
C00184,2024-10-22,33.0,Female,Владивосток,Дальний Восток,referral,Gold,A
C00185,2023-05-03,36.0,Male,Екатеринбург,Урал,social,Bronze,B
C00186,2024-08-30,32.0,Female,Ростов-на-Дону,Юг,organic,Bronze,A
C00187,2023-04-13,42.0,Female,Владивосток,Дальний Восток,referral,Silver,B
C00188,2024-10-20,32.0,Female,Казань,Поволжье,organic,Silver,A
C00189,2023-08-28,33.0,Male,Екатеринбург,Урал,organic,Gold,B
C00190,2024-01-17,38.0,Male,Санкт-Петербург,Северо-Запад,referral,Bronze,A
C00191,2023-12-04,50.0,Male,Санкт-Петербург,Северо-Запад,social,Bronze,B
C00192,2023-03-19,32.0,Female,Москва,Центр,referral,Bronze,A
C00193,2023-09-20,43.0,Male,Unknown,Сибирь,email,Bronze,B
C00194,2024-05-15,18.0,Male,Ростов-на-Дону,Юг,email,Bronze,A
C00195,2023-03-04,33.0,Male,Москва,Центр,social,Bronze,B
C00196,2024-04-01,35.0,Male,Москва,Центр,organic,Bronze,A
C00197,2024-03-16,18.0,Male,Казань,Поволжье,email,Bronze,B
C00198,2024-01-07,51.0,Male,Краснодар,Юг,organic,Bronze,A
C00199,2024-06-24,22.0,Female,Новосибирск,Сибирь,social,Bronze,B
C00200,2023-09-05,24.0,Female,Краснодар,Юг,organic,Bronze,A
C00201,2024-05-17,34.0,Male,Москва,Центр,social,Bronze,B
C00202,2024-05-02,21.0,Male,Новосибирск,Сибирь,paid_search,Silver,A
C00203,2024-12-15,48.0,Male,Новосибирск,Сибирь,referral,Silver,B
C00204,2023-09-02,21.0,Female,Екатеринбург,Урал,organic,Bronze,A
C00205,2023-03-21,37.0,Female,Новосибирск,Сибирь,paid_search,Bronze,B
C00206,2023-11-08,32.0,Male,Екатеринбург,Урал,organic,Bronze,A
C00207,2024-12-12,43.0,Male,Казань,Поволжье,email,Bronze,B
C00208,2023-12-07,33.0,Male,Казань,Поволжье,referral,Bronze,A
C00209,2024-09-27,26.0,Male,Екатеринбург,Урал,organic,Bronze,B
C00210,2024-09-01,56.0,Male,Краснодар,Юг,organic,Gold,A
C00211,2024-01-08,27.0,Male,Новосибирск,Сибирь,referral,Bronze,B
C00212,2024-01-17,38.0,Male,Москва,Центр,email,Silver,A
C00213,2024-11-30,36.0,Male,Ростов-на-Дону,Юг,email,Gold,B
C00214,2024-01-05,26.0,Female,Казань,Поволжье,email,Silver,A
C00215,2023-10-09,22.0,Male,Владивосток,Дальний Восток,referral,Bronze,B
C00216,2024-04-05,18.0,Male,Санкт-Петербург,Северо-Запад,paid_search,Bronze,A
C00217,2024-02-07,29.0,Male,Москва,Центр,email,Bronze,B
C00218,2024-10-03,28.0,Female,Новосибирск,Сибирь,email,Bronze,A
C00219,2023-06-02,55.0,Female,Ростов-на-Дону,Юг,email,Bronze,B
C00220,2023-12-31,38.0,Female,Владивосток,Дальний Восток,organic,Silver,A
C00221,2023-06-25,18.0,Female,Москва,Центр,organic,Bronze,B
C00222,2024-02-18,21.0,Male,Казань,Поволжье,social,Gold,A
C00223,2023-07-04,31.0,Male,Ростов-на-Дону,Юг,paid_search,Bronze,B
C00224,2024-09-23,44.0,Female,Владивосток,Дальний Восток,paid_search,Silver,A
C00225,2024-12-08,31.0,Female,Новосибирск,Сибирь,organic,Bronze,B
C00226,2024-11-04,30.0,Male,Москва,Центр,referral,Bronze,A
C00227,2023-02-16,35.0,Male,Екатеринбург,Урал,referral,Bronze,B
C00228,2023-12-20,27.0,Female,Москва,Центр,paid_search,Bronze,A
C00229,2023-05-09,54.0,Male,Москва,Центр,organic,Bronze,B
C00230,2023-03-16,43.0,Female,Владивосток,Дальний Восток,organic,Silver,A
C00231,2023-05-28,22.0,Male,Санкт-Петербург,Северо-Запад,paid_search,Bronze,B
C00232,2023-06-28,36.0,Female,Новосибирск,Сибирь,organic,Silver,A
C00233,2024-11-16,25.0,Male,Ростов-на-Дону,Юг,organic,Bronze,B
C00234,2023-07-26,47.0,Female,Ростов-на-Дону,Юг,paid_search,Bronze,A
C00235,2024-03-13,18.0,Male,Владивосток,Дальний Восток,paid_search,Bronze,B
C00236,2024-08-01,24.0,Male,Екатеринбург,Урал,paid_search,Bronze,A
C00237,2023-12-02,50.0,Female,Екатеринбург,Урал,paid_search,Gold,B
C00238,2023-11-07,30.0,Male,Казань,Поволжье,organic,Gold,A
C00239,2023-11-24,29.0,Male,Москва,Центр,email,Bronze,B
C00240,2023-10-22,23.0,Male,Ростов-на-Дону,Юг,organic,Bronze,A
C00241,2024-11-12,35.0,Female,Новосибирск,Сибирь,organic,Bronze,B
C00242,2024-06-03,18.0,Female,Москва,Центр,referral,Silver,A
C00243,2024-04-16,37.0,Female,Ростов-на-Дону,Юг,organic,Bronze,B
C00244,2024-06-23,23.0,Female,Казань,Поволжье,organic,Silver,A
C00245,2024-09-26,18.0,Male,Санкт-Петербург,Северо-Запад,social,Bronze,B
C00246,2023-09-01,19.0,Female,Новосибирск,Сибирь,referral,Gold,A
C00247,2023-06-20,24.0,Male,Новосибирск,Сибирь,email,Silver,B
C00248,2023-09-18,39.0,Male,Новосибирск,Сибирь,referral,Bronze,A
C00249,2023-12-03,39.0,Male,Новосибирск,Сибирь,organic,Gold,B
C00250,2024-12-17,38.0,Female,Ростов-на-Дону,Юг,email,Bronze,A
C00251,2024-04-21,49.0,Male,Санкт-Петербург,Северо-Запад,referral,Bronze,B
C00252,2024-01-05,29.0,Male,Екатеринбург,Урал,social,Bronze,A
C00253,2024-07-25,29.0,Male,Владивосток,Дальний Восток,organic,Gold,B
C00254,2023-06-08,41.0,Male,Санкт-Петербург,Северо-Запад,social,Bronze,A
C00255,2024-03-23,31.0,Female,Владивосток,Дальний Восток,email,Bronze,B
C00256,2023-02-11,41.0,Female,Краснодар,Юг,referral,Bronze,A
C00257,2023-02-22,43.0,Female,Ростов-на-Дону,Юг,organic,Bronze,B
C00258,2023-12-16,41.0,Female,Санкт-Петербург,Северо-Запад,organic,Bronze,A
C00259,2024-08-22,34.0,Male,Москва,Центр,paid_search,Silver,B
C00260,2024-08-03,43.0,Male,Ростов-на-Дону,Юг,paid_search,Bronze,A
C00261,2024-08-14,42.0,Male,Москва,Центр,referral,Silver,B
C00262,2024-04-17,18.0,Female,Ростов-на-Дону,Юг,organic,Silver,A
C00263,2023-08-27,21.0,Male,Владивосток,Дальний Восток,paid_search,Silver,B
C00264,2024-12-17,42.0,Male,Краснодар,Юг,email,Bronze,A
C00265,2024-07-03,44.0,Male,Владивосток,Дальний Восток,email,Silver,B
C00266,2024-05-02,54.0,Male,Краснодар,Юг,referral,Silver,A
C00267,2023-05-20,40.0,Male,Новосибирск,Сибирь,paid_search,Silver,B
C00268,2023-07-17,28.0,Male,Казань,Поволжье,social,Bronze,A
C00269,2023-02-06,47.0,Male,Ростов-на-Дону,Юг,social,Silver,B
C00270,2023-11-28,30.0,Female,Ростов-на-Дону,Юг,referral,Bronze,A
C00271,2023-10-12,24.0,Male,Новосибирск,Сибирь,email,Bronze,B
C00272,2024-02-10,45.0,Male,Unknown,Поволжье,organic,Bronze,A
C00273,2024-12-12,23.0,Male,Владивосток,Дальний Восток,organic,Bronze,B
C00274,2024-01-24,26.0,Male,Ростов-на-Дону,Юг,social,Bronze,A
C00275,2025-01-01,40.0,Male,Краснодар,Юг,paid_search,Silver,B
C00276,2024-04-18,38.0,Male,Владивосток,Дальний Восток,email,Gold,A
C00277,2023-12-30,22.0,Male,Краснодар,Юг,social,Gold,B
C00278,2024-01-30,47.0,Female,Санкт-Петербург,Северо-Запад,social,Silver,A
C00279,2024-01-12,18.0,Female,Владивосток,Дальний Восток,social,Gold,B
C00280,2024-03-14,40.0,Female,Екатеринбург,Урал,email,Bronze,A
C00281,2024-11-11,41.0,Female,Краснодар,Юг,paid_search,Bronze,B
C00282,2023-10-28,37.0,Female,Краснодар,Юг,social,Silver,A
C00283,2023-05-05,28.0,Female,Екатеринбург,Урал,social,Bronze,B
C00284,2024-10-25,23.0,Female,Екатеринбург,Урал,social,Bronze,A
C00285,2024-04-23,20.0,Female,Екатеринбург,Урал,email,Bronze,B
C00286,2024-07-22,38.0,Female,Владивосток,Дальний Восток,social,Gold,A
C00287,2024-03-16,44.0,Female,Санкт-Петербург,Северо-Запад,email,Bronze,B
C00288,2023-06-29,39.0,Female,Владивосток,Дальний Восток,social,Bronze,A
C00289,2023-02-03,39.0,Male,Санкт-Петербург,Северо-Запад,organic,Bronze,B
C00290,2024-11-26,31.0,Male,Москва,Центр,referral,Silver,A
C00291,2023-12-30,41.0,Male,Екатеринбург,Урал,organic,Bronze,B
C00292,2023-09-10,36.0,Male,Казань,Поволжье,referral,Bronze,A
C00293,2023-08-10,51.0,Male,Казань,Поволжье,referral,Bronze,B
C00294,2024-04-08,37.0,Female,Краснодар,Юг,social,Bronze,A
C00295,2024-02-01,19.0,Male,Москва,Центр,organic,Silver,B
C00296,2024-05-15,39.0,Male,Казань,Поволжье,paid_search,Bronze,A
C00297,2023-10-19,24.0,Male,Ростов-на-Дону,Юг,email,Bronze,B
C00298,2023-06-27,26.0,Female,Владивосток,Дальний Восток,email,Bronze,A
C00299,2023-12-25,36.0,Female,Казань,Поволжье,organic,Silver,B
C00300,2023-11-27,23.0,Male,Казань,Поволжье,organic,Bronze,A
C00301,2024-01-02,36.0,Male,Владивосток,Дальний Восток,email,Bronze,B
C00302,2024-12-07,50.0,Female,Ростов-на-Дону,Юг,organic,Bronze,A
C00303,2023-08-31,18.0,Male,Владивосток,Дальний Восток,email,Gold,B
C00304,2024-09-17,42.0,Female,Владивосток,Дальний Восток,organic,Bronze,A
C00305,2024-09-28,39.0,Male,Казань,Поволжье,referral,Bronze,B
C00306,2024-07-28,29.0,Female,Новосибирск,Сибирь,organic,Bronze,A
C00307,2023-04-28,23.0,Male,Владивосток,Дальний Восток,social,Silver,B
C00308,2023-04-10,39.0,Male,Владивосток,Дальний Восток,organic,Silver,A
C00309,2023-08-23,40.0,Male,Ростов-на-Дону,Юг,organic,Bronze,B
C00310,2023-10-18,40.0,Female,Москва,Центр,email,Bronze,A
C00311,2024-04-16,36.0,Male,Краснодар,Юг,organic,Silver,B
C00312,2024-09-26,18.0,Female,Екатеринбург,Урал,paid_search,Silver,A
C00313,2023-05-19,40.0,Male,Санкт-Петербург,Северо-Запад,organic,Bronze,B
C00314,2024-09-18,35.0,Female,Ростов-на-Дону,Юг,social,Silver,A
C00315,2023-11-17,51.0,Male,Екатеринбург,Урал,email,Silver,B
C00316,2023-05-15,38.0,Male,Москва,Центр,paid_search,Gold,A
C00317,2024-09-03,18.0,Male,Казань,Поволжье,organic,Bronze,B
C00318,2023-11-25,38.0,Female,Новосибирск,Сибирь,social,Bronze,A
C00319,2024-04-02,47.0,Female,Новосибирск,Сибирь,organic,Bronze,B
C00320,2024-12-02,43.0,Female,Москва,Центр,email,Silver,A
C00321,2024-12-18,41.0,Female,Москва,Центр,email,Bronze,B
C00322,2024-05-27,45.0,Female,Владивосток,Дальний Восток,paid_search,Bronze,A
C00323,2024-04-09,36.0,Female,Новосибирск,Сибирь,organic,Bronze,B
C00324,2024-05-04,21.0,Female,Краснодар,Юг,organic,Bronze,A
C00325,2023-03-18,28.0,Female,Краснодар,Юг,paid_search,Silver,B
C00326,2023-09-03,23.0,Male,Санкт-Петербург,Северо-Запад,paid_search,Silver,A
C00327,2024-07-01,46.0,Female,Казань,Поволжье,organic,Bronze,B
C00328,2023-05-29,44.0,Female,Владивосток,Дальний Восток,social,Bronze,A
C00329,2024-01-14,35.0,Female,Екатеринбург,Урал,social,Bronze,B
C00330,2023-05-17,35.0,Female,Ростов-на-Дону,Юг,referral,Silver,A
C00331,2023-10-02,36.0,Female,Новосибирск,Сибирь,paid_search,Silver,B
C00332,2023-12-22,26.0,Female,Санкт-Петербург,Северо-Запад,email,Silver,A
C00333,2024-12-07,41.0,Female,Екатеринбург,Урал,social,Silver,B
C00334,2024-11-25,40.0,Female,Краснодар,Юг,email,Silver,A
C00335,2024-11-06,43.0,Female,Новосибирск,Сибирь,organic,Bronze,B
C00336,2023-10-02,31.0,Female,Москва,Центр,referral,Bronze,A
C00337,2023-08-08,38.0,Female,Москва,Центр,paid_search,Bronze,B
C00338,2023-10-07,28.0,Male,Казань,Поволжье,organic,Silver,A
C00339,2024-03-28,18.0,Male,Екатеринбург,Урал,organic,Bronze,B
C00340,2023-11-14,27.0,Male,Владивосток,Дальний Восток,organic,Silver,A
C00341,2024-11-17,18.0,Female,Санкт-Петербург,Северо-Запад,social,Bronze,B
C00342,2024-09-27,36.0,Female,Краснодар,Юг,social,Silver,A
C00343,2024-07-16,28.0,Female,Москва,Центр,organic,Bronze,B
C00344,2023-06-10,28.0,Female,Новосибирск,Сибирь,email,Silver,A
C00345,2024-09-05,41.0,Male,Москва,Центр,social,Bronze,B
C00346,2023-07-15,31.0,Male,Санкт-Петербург,Северо-Запад,organic,Silver,A
C00347,2024-04-04,23.0,Male,Краснодар,Юг,email,Bronze,B
C00348,2024-07-15,18.0,Male,Москва,Центр,paid_search,Gold,A
C00349,2023-10-10,29.0,Female,Ростов-на-Дону,Юг,organic,Bronze,B
C00350,2023-10-30,34.0,Female,Владивосток,Дальний Восток,social,Bronze,A
C00351,2023-12-22,37.0,Female,Краснодар,Юг,organic,Bronze,B
C00352,2024-11-09,34.0,Female,Казань,Поволжье,organic,Bronze,A
C00353,2023-05-25,57.0,Male,Краснодар,Юг,social,Silver,B
C00354,2024-07-04,36.0,Male,Краснодар,Юг,social,Silver,A
C00355,2023-03-14,41.0,Female,Екатеринбург,Урал,organic,Bronze,B
C00356,2023-03-27,20.0,Male,Ростов-на-Дону,Юг,organic,Gold,A
C00357,2023-05-27,28.0,Male,Санкт-Петербург,Северо-Запад,email,Silver,B
C00358,2024-04-20,24.0,Male,Владивосток,Дальний Восток,organic,Bronze,A
C00359,2024-10-27,31.0,Female,Краснодар,Юг,paid_search,Bronze,B
C00360,2024-07-29,39.0,Male,Казань,Поволжье,email,Bronze,A
C00361,2023-05-29,20.0,Female,Москва,Центр,paid_search,Gold,B
C00362,2023-06-15,22.0,Female,Новосибирск,Сибирь,social,Bronze,A
C00363,2024-07-27,41.0,Male,Казань,Поволжье,referral,Silver,B
C00364,2024-10-05,27.0,Male,Екатеринбург,Урал,organic,Bronze,A
C00365,2023-09-16,41.0,Male,Екатеринбург,Урал,paid_search,Bronze,B
C00366,2023-07-31,44.0,Female,Unknown,Юг,organic,Silver,A
C00367,2023-09-30,31.0,Male,Екатеринбург,Урал,paid_search,Gold,B
C00368,2023-03-29,43.0,Female,Ростов-на-Дону,Юг,email,Silver,A
C00369,2023-07-26,27.0,Female,Новосибирск,Сибирь,social,Silver,B
C00370,2023-07-10,49.0,Male,Ростов-на-Дону,Юг,email,Bronze,A
C00371,2024-08-15,33.0,Female,Екатеринбург,Урал,paid_search,Silver,B
C00372,2023-05-26,32.0,Male,Москва,Центр,paid_search,Bronze,A
C00373,2024-01-27,38.0,Male,Казань,Поволжье,referral,Gold,B
C00374,2024-09-30,34.0,Female,Санкт-Петербург,Северо-Запад,organic,Bronze,A
C00375,2024-07-24,37.0,Female,Москва,Центр,paid_search,Bronze,B
C00376,2023-10-11,33.0,Female,Владивосток,Дальний Восток,organic,Bronze,A
C00377,2023-07-29,34.0,Female,Владивосток,Дальний Восток,email,Silver,B
C00378,2023-03-14,19.0,Female,Новосибирск,Сибирь,social,Bronze,A
C00379,2024-07-18,23.0,Female,Санкт-Петербург,Северо-Запад,organic,Bronze,B
C00380,2023-05-15,23.0,Male,Владивосток,Дальний Восток,social,Bronze,A
C00381,2024-04-09,30.0,Female,Новосибирск,Сибирь,referral,Bronze,B
C00382,2023-04-11,36.0,Male,Казань,Поволжье,email,Silver,A
C00383,2023-07-10,28.0,Male,Ростов-на-Дону,Юг,referral,Bronze,B
C00384,2023-08-04,26.0,Male,Владивосток,Дальний Восток,referral,Silver,A
C00385,2024-12-19,36.0,Male,Краснодар,Юг,referral,Silver,B
C00386,2023-10-11,31.0,Female,Екатеринбург,Урал,social,Bronze,A
C00387,2024-07-12,36.0,Male,Ростов-на-Дону,Юг,organic,Silver,B
C00388,2023-03-16,35.0,Male,Краснодар,Юг,paid_search,Silver,A
C00389,2024-02-10,18.0,Female,Владивосток,Дальний Восток,organic,Gold,B
C00390,2024-01-17,24.0,Male,Новосибирск,Сибирь,email,Silver,A
C00391,2023-10-10,25.0,Female,Новосибирск,Сибирь,social,Bronze,B
C00392,2023-10-17,34.0,Male,Ростов-на-Дону,Юг,paid_search,Gold,A
C00393,2023-08-31,36.0,Male,Казань,Поволжье,social,Bronze,B
C00394,2024-05-07,44.0,Male,Краснодар,Юг,paid_search,Bronze,A
C00395,2024-10-20,18.0,Female,Екатеринбург,Урал,organic,Silver,B
C00396,2023-09-29,46.0,Male,Владивосток,Дальний Восток,organic,Gold,A
C00397,2024-10-04,26.0,Female,Краснодар,Юг,paid_search,Silver,B
C00398,2024-02-04,40.0,Male,Казань,Поволжье,paid_search,Silver,A
C00399,2023-08-22,43.0,Male,Казань,Поволжье,organic,Silver,B
C00400,2023-11-16,36.0,Male,Казань,Поволжье,social,Silver,A
C00401,2023-10-30,37.0,Male,Новосибирск,Сибирь,organic,Bronze,B
C00402,2024-08-20,42.0,Female,Ростов-на-Дону,Юг,paid_search,Bronze,A
C00403,2023-11-25,25.0,Female,Краснодар,Юг,social,Bronze,B
C00404,2024-03-28,24.0,Male,Москва,Центр,email,Bronze,A
C00405,2023-08-01,27.0,Male,Владивосток,Дальний Восток,social,Silver,B
C00406,2024-02-08,28.0,Male,Казань,Поволжье,email,Bronze,A
C00407,2024-01-11,26.0,Female,Санкт-Петербург,Северо-Запад,social,Gold,B
C00408,2024-02-17,43.0,Female,Москва,Центр,email,Silver,A
C00409,2024-07-27,48.0,Male,Ростов-на-Дону,Юг,social,Bronze,B
C00410,2024-05-30,42.0,Female,Казань,Поволжье,organic,Silver,A
C00411,2024-08-27,40.0,Male,Екатеринбург,Урал,organic,Bronze,B
C00412,2024-06-10,34.0,Female,Краснодар,Юг,organic,Bronze,A
C00413,2024-04-11,22.0,Male,Владивосток,Дальний Восток,organic,Gold,B
C00414,2024-12-24,33.0,Female,Владивосток,Дальний Восток,social,Bronze,A
C00415,2024-09-25,34.0,Female,Екатеринбург,Урал,social,Bronze,B
C00416,2024-08-25,22.0,Male,Казань,Поволжье,email,Silver,A
C00417,2024-10-03,34.0,Female,Екатеринбург,Урал,referral,Silver,B
C00418,2023-08-07,39.0,Female,Москва,Центр,referral,Gold,A
C00419,2023-05-11,38.0,Female,Новосибирск,Сибирь,referral,Bronze,B
C00420,2023-08-22,42.0,Male,Санкт-Петербург,Северо-Запад,social,Silver,A
C00421,2023-04-22,31.0,Male,Казань,Поволжье,referral,Bronze,B
C00422,2023-12-27,33.0,Female,Краснодар,Юг,social,Gold,A
C00423,2024-11-15,18.0,Female,Казань,Поволжье,email,Bronze,B
C00424,2024-07-26,34.0,Female,Новосибирск,Сибирь,referral,Silver,A
C00425,2023-03-26,25.0,Female,Москва,Центр,social,Bronze,B
C00426,2024-02-17,32.0,Male,Ростов-на-Дону,Юг,paid_search,Bronze,A
C00427,2024-07-26,47.0,Male,Новосибирск,Сибирь,organic,Silver,B
C00428,2023-06-15,30.0,Female,Санкт-Петербург,Северо-Запад,email,Bronze,A
C00429,2024-02-13,35.0,Male,Краснодар,Юг,paid_search,Silver,B
C00430,2023-10-19,19.0,Female,Екатеринбург,Урал,organic,Silver,A
C00431,2023-11-05,45.0,Male,Владивосток,Дальний Восток,organic,Bronze,B
C00432,2024-01-09,39.0,Female,Новосибирск,Сибирь,referral,Silver,A
C00433,2024-11-07,42.0,Male,Санкт-Петербург,Северо-Запад,social,Silver,B
C00434,2023-11-21,35.0,Male,Новосибирск,Сибирь,referral,Bronze,A
C00435,2024-04-02,45.0,Female,Краснодар,Юг,email,Bronze,B
C00436,2024-01-15,28.0,Female,Казань,Поволжье,organic,Silver,A
C00437,2023-08-05,29.0,Female,Ростов-на-Дону,Юг,referral,Gold,B
C00438,2024-08-26,46.0,Male,Краснодар,Юг,social,Bronze,A
C00439,2023-05-04,44.0,Male,Новосибирск,Сибирь,referral,Bronze,B
C00440,2024-11-02,32.0,Male,Новосибирск,Сибирь,organic,Silver,A
C00441,2023-12-10,45.0,Male,Владивосток,Дальний Восток,social,Silver,B
C00442,2024-03-18,42.0,Female,Новосибирск,Сибирь,paid_search,Silver,A
C00443,2023-04-06,43.0,Male,Новосибирск,Сибирь,social,Gold,B
C00444,2023-10-26,37.0,Female,Екатеринбург,Урал,organic,Bronze,A
C00445,2023-02-17,24.0,Male,Ростов-на-Дону,Юг,paid_search,Silver,B
C00446,2024-06-09,29.0,Male,Казань,Поволжье,referral,Silver,A
C00447,2024-07-23,23.0,Female,Москва,Центр,organic,Bronze,B
C00448,2024-03-08,18.0,Female,Новосибирск,Сибирь,paid_search,Bronze,A
C00449,2023-02-21,40.0,Male,Казань,Поволжье,social,Gold,B
C00450,2024-09-15,34.0,Female,Санкт-Петербург,Северо-Запад,referral,Silver,A
C00451,2024-07-07,27.0,Male,Казань,Поволжье,social,Bronze,B
C00452,2024-08-14,38.0,Male,Краснодар,Юг,organic,Bronze,A
C00453,2023-06-18,22.0,Male,Санкт-Петербург,Северо-Запад,organic,Gold,B
C00454,2023-08-17,24.0,Male,Москва,Центр,organic,Silver,A
C00455,2023-03-23,18.0,Male,Казань,Поволжье,email,Bronze,B
C00456,2024-03-08,36.0,Male,Екатеринбург,Урал,paid_search,Bronze,A
C00457,2023-06-07,34.0,Male,Ростов-на-Дону,Юг,social,Bronze,B
C00458,2023-11-19,34.0,Male,Новосибирск,Сибирь,organic,Bronze,A
C00459,2024-02-21,40.0,Male,Казань,Поволжье,paid_search,Bronze,B
C00460,2023-10-24,36.0,Female,Казань,Поволжье,email,Bronze,A
C00461,2024-11-13,33.0,Female,Казань,Поволжье,paid_search,Gold,B
C00462,2024-10-13,20.0,Female,Новосибирск,Сибирь,paid_search,Bronze,A
C00463,2024-12-20,26.0,Female,Новосибирск,Сибирь,social,Bronze,B
C00464,2024-03-03,43.0,Female,Новосибирск,Сибирь,email,Silver,A
C00465,2024-03-23,45.0,Male,Екатеринбург,Урал,paid_search,Bronze,B
C00466,2023-04-04,33.0,Female,Санкт-Петербург,Северо-Запад,email,Silver,A
C00467,2024-03-03,28.0,Female,Казань,Поволжье,referral,Bronze,B
C00468,2023-04-12,27.0,Male,Новосибирск,Сибирь,email,Gold,A
C00469,2023-10-25,38.0,Male,Краснодар,Юг,paid_search,Bronze,B
C00470,2023-03-22,23.0,Male,Екатеринбург,Урал,organic,Silver,A
C00471,2024-09-15,42.0,Female,Краснодар,Юг,referral,Silver,B
C00472,2023-05-11,46.0,Female,Владивосток,Дальний Восток,social,Bronze,A
C00473,2023-11-19,30.0,Male,Владивосток,Дальний Восток,paid_search,Silver,B
C00474,2023-11-20,18.0,Male,Ростов-на-Дону,Юг,social,Gold,A
C00475,2024-02-20,19.0,Male,Екатеринбург,Урал,email,Silver,B
C00476,2023-07-30,43.0,Female,Владивосток,Дальний Восток,social,Bronze,A
C00477,2023-12-06,28.0,Female,Екатеринбург,Урал,referral,Bronze,B
C00478,2023-09-26,35.0,Female,Ростов-на-Дону,Юг,email,Bronze,A
C00479,2024-09-23,22.0,Female,Санкт-Петербург,Северо-Запад,email,Silver,B
C00480,2023-08-26,46.0,Female,Казань,Поволжье,organic,Bronze,A
C00481,2023-07-08,40.0,Female,Санкт-Петербург,Северо-Запад,organic,Silver,B
C00482,2024-01-10,37.0,Male,Казань,Поволжье,email,Gold,A
C00483,2023-12-02,48.0,Female,Москва,Центр,organic,Bronze,B
C00484,2024-06-30,34.0,Female,Казань,Поволжье,paid_search,Bronze,A
C00485,2023-04-28,40.0,Male,Владивосток,Дальний Восток,organic,Silver,B
C00486,2024-01-12,34.0,Male,Краснодар,Юг,paid_search,Bronze,A
C00487,2023-04-29,37.0,Female,Новосибирск,Сибирь,paid_search,Bronze,B
C00488,2023-04-23,38.0,Female,Краснодар,Юг,social,Gold,A
C00489,2024-11-29,26.0,Male,Краснодар,Юг,email,Silver,B
C00490,2024-02-20,40.0,Female,Москва,Центр,organic,Bronze,A
C00491,2024-05-07,34.0,Female,Краснодар,Юг,paid_search,Gold,B
C00492,2024-02-12,34.0,Female,Владивосток,Дальний Восток,referral,Gold,A
C00493,2023-12-29,25.0,Male,Казань,Поволжье,organic,Silver,B
C00494,2024-05-04,26.0,Female,Екатеринбург,Урал,email,Silver,A
C00495,2023-12-29,45.0,Male,Санкт-Петербург,Северо-Запад,organic,Bronze,B
C00496,2023-03-05,36.0,Female,Санкт-Петербург,Северо-Запад,referral,Silver,A
C00497,2023-08-22,35.0,Male,Москва,Центр,referral,Bronze,B
C00498,2024-01-26,30.0,Male,Москва,Центр,email,Silver,A
C00499,2024-04-27,30.0,Female,Новосибирск,Сибирь,email,Silver,B
C00500,2024-05-03,40.0,Female,Владивосток,Дальний Восток,paid_search,Bronze,A
C00501,2023-05-26,18.0,Male,Санкт-Петербург,Северо-Запад,organic,Gold,B
C00502,2024-03-27,50.0,Female,Екатеринбург,Урал,referral,Bronze,A
C00503,2023-08-20,47.0,Female,Владивосток,Дальний Восток,email,Silver,B
C00504,2024-08-28,22.0,Female,Новосибирск,Сибирь,social,Silver,A
C00505,2024-10-28,21.0,Female,Владивосток,Дальний Восток,organic,Silver,B
C00506,2023-03-04,39.0,Male,Новосибирск,Сибирь,referral,Bronze,A
C00507,2024-09-22,49.0,Female,Москва,Центр,paid_search,Bronze,B
C00508,2024-12-12,28.0,Male,Краснодар,Юг,paid_search,Bronze,A
C00509,2023-03-22,18.0,Female,Краснодар,Юг,social,Bronze,B
C00510,2024-05-28,29.0,Male,Новосибирск,Сибирь,social,Bronze,A
C00511,2023-09-29,27.0,Male,Москва,Центр,paid_search,Bronze,B
C00512,2023-03-08,35.0,Female,Москва,Центр,organic,Bronze,A
C00513,2024-02-09,37.0,Female,Екатеринбург,Урал,organic,Silver,B
C00514,2024-10-01,26.0,Male,Новосибирск,Сибирь,email,Bronze,A
C00515,2024-05-21,35.0,Male,Новосибирск,Сибирь,paid_search,Bronze,B
C00516,2024-03-24,38.0,Female,Санкт-Петербург,Северо-Запад,referral,Bronze,A
C00517,2024-11-16,18.0,Male,Екатеринбург,Урал,organic,Silver,B
C00518,2024-05-23,35.0,Male,Владивосток,Дальний Восток,social,Bronze,A
C00519,2023-09-24,44.0,Female,Новосибирск,Сибирь,organic,Bronze,B
C00520,2024-11-15,48.0,Female,Новосибирск,Сибирь,paid_search,Bronze,A
C00521,2024-01-13,32.0,Male,Казань,Поволжье,paid_search,Bronze,B
C00522,2024-03-27,22.0,Female,Москва,Центр,organic,Silver,A
C00523,2023-05-27,61.0,Male,Владивосток,Дальний Восток,organic,Bronze,B
C00524,2024-01-30,38.0,Male,Новосибирск,Сибирь,social,Gold,A
C00525,2023-11-26,30.0,Female,Ростов-на-Дону,Юг,social,Silver,B
C00526,2023-11-05,42.0,Female,Москва,Центр,organic,Bronze,A
C00527,2024-07-01,56.0,Female,Владивосток,Дальний Восток,paid_search,Bronze,B
C00528,2023-05-21,51.0,Male,Казань,Поволжье,email,Silver,A
C00529,2023-08-27,31.0,Female,Новосибирск,Сибирь,social,Bronze,B
C00530,2024-10-17,38.0,Female,Казань,Поволжье,organic,Bronze,A
C00531,2024-01-03,28.0,Female,Новосибирск,Сибирь,paid_search,Silver,B
C00532,2024-03-01,36.0,Male,Краснодар,Юг,email,Bronze,A
C00533,2023-05-27,24.0,Female,Казань,Поволжье,social,Gold,B
C00534,2024-11-07,48.0,Female,Ростов-на-Дону,Юг,organic,Bronze,A
C00535,2024-08-21,33.0,Male,Казань,Поволжье,organic,Silver,B
C00536,2023-05-01,35.0,Male,Краснодар,Юг,organic,Silver,A
C00537,2023-03-14,46.0,Male,Новосибирск,Сибирь,organic,Bronze,B
C00538,2024-06-12,29.0,Male,Новосибирск,Сибирь,paid_search,Gold,A
C00539,2023-11-10,41.0,Male,Новосибирск,Сибирь,paid_search,Bronze,B
C00540,2023-10-20,46.0,Male,Санкт-Петербург,Северо-Запад,paid_search,Bronze,A
C00541,2024-06-12,61.0,Male,Новосибирск,Сибирь,referral,Bronze,B
C00542,2024-06-19,34.0,Male,Екатеринбург,Урал,email,Bronze,A
C00543,2024-11-21,45.0,Male,Владивосток,Дальний Восток,paid_search,Silver,B
C00544,2024-06-14,47.0,Female,Екатеринбург,Урал,social,Bronze,A
C00545,2024-11-03,18.0,Male,Москва,Центр,organic,Silver,B
C00546,2023-07-16,39.0,Male,Новосибирск,Сибирь,paid_search,Bronze,A
C00547,2023-11-13,47.0,Male,Новосибирск,Сибирь,social,Gold,B
C00548,2024-12-31,34.0,Female,Екатеринбург,Урал,email,Bronze,A
C00549,2023-08-27,37.0,Female,Санкт-Петербург,Северо-Запад,organic,Silver,B
C00550,2023-07-13,35.0,Male,Новосибирск,Сибирь,paid_search,Bronze,A
C00551,2024-01-18,31.0,Female,Владивосток,Дальний Восток,referral,Bronze,B
C00552,2023-06-16,50.0,Male,Екатеринбург,Урал,social,Gold,A
C00553,2024-10-31,24.0,Male,Екатеринбург,Урал,referral,Gold,B
C00554,2024-03-27,24.0,Female,Москва,Центр,email,Silver,A
C00555,2023-07-25,45.0,Male,Ростов-на-Дону,Юг,organic,Bronze,B
C00556,2024-01-05,35.0,Female,Казань,Поволжье,referral,Bronze,A
C00557,2023-10-15,34.0,Female,Ростов-на-Дону,Юг,paid_search,Bronze,B
C00558,2024-04-30,27.0,Female,Санкт-Петербург,Северо-Запад,organic,Bronze,A
C00559,2023-05-02,34.0,Male,Санкт-Петербург,Северо-Запад,referral,Silver,B
C00560,2024-02-18,33.0,Male,Санкт-Петербург,Северо-Запад,referral,Bronze,A
C00561,2024-03-05,25.0,Male,Екатеринбург,Урал,organic,Bronze,B
C00562,2023-05-25,36.0,Male,Краснодар,Юг,email,Bronze,A
C00563,2024-02-05,35.0,Female,Казань,Поволжье,social,Bronze,B
C00564,2024-03-26,39.0,Female,Санкт-Петербург,Северо-Запад,email,Bronze,A
C00565,2024-05-20,30.0,Female,Ростов-на-Дону,Юг,organic,Bronze,B
C00566,2023-11-22,47.0,Female,Санкт-Петербург,Северо-Запад,referral,Bronze,A
C00567,2023-03-30,36.0,Female,Владивосток,Дальний Восток,paid_search,Silver,B
C00568,2024-12-21,27.0,Female,Санкт-Петербург,Северо-Запад,paid_search,Silver,A
C00569,2023-06-16,43.0,Male,Екатеринбург,Урал,paid_search,Bronze,B
C00570,2024-04-16,23.0,Female,Казань,Поволжье,email,Silver,A
C00571,2024-01-09,31.0,Male,Казань,Поволжье,organic,Bronze,B
C00572,2023-09-17,30.0,Male,Екатеринбург,Урал,paid_search,Gold,A
C00573,2024-04-24,43.0,Male,Ростов-на-Дону,Юг,email,Bronze,B
C00574,2024-12-03,39.0,Female,Владивосток,Дальний Восток,organic,Bronze,A
C00575,2023-08-31,41.0,Male,Владивосток,Дальний Восток,email,Silver,B
C00576,2024-12-15,23.0,Male,Москва,Центр,referral,Bronze,A
C00577,2023-12-12,41.0,Male,Москва,Центр,paid_search,Silver,B
C00578,2024-06-12,18.0,Male,Казань,Поволжье,organic,Silver,A
C00579,2023-05-21,30.0,Male,Екатеринбург,Урал,email,Gold,B
C00580,2024-03-17,31.0,Female,Новосибирск,Сибирь,referral,Silver,A
C00581,2023-09-27,37.0,Male,Краснодар,Юг,referral,Bronze,B
C00582,2024-10-18,36.0,Female,Владивосток,Дальний Восток,social,Bronze,A
C00583,2023-02-18,50.0,Female,Санкт-Петербург,Северо-Запад,organic,Bronze,B
C00584,2024-04-17,46.0,Male,Ростов-на-Дону,Юг,organic,Bronze,A
C00585,2023-07-05,46.0,Male,Москва,Центр,social,Bronze,B
C00586,2024-08-29,40.0,Female,Краснодар,Юг,email,Bronze,A
C00587,2024-07-18,46.0,Male,Москва,Центр,organic,Bronze,B
C00588,2023-11-03,41.0,Female,Москва,Центр,social,Bronze,A
C00589,2023-03-12,30.0,Male,Екатеринбург,Урал,paid_search,Silver,B
C00590,2024-09-24,22.0,Female,Unknown,Центр,paid_search,Silver,A
C00591,2024-11-07,26.0,Male,Екатеринбург,Урал,organic,Silver,B
C00592,2023-04-05,41.0,Female,Краснодар,Юг,referral,Bronze,A
C00593,2023-11-05,18.0,Male,Краснодар,Юг,organic,Silver,B
C00594,2023-08-16,50.0,Female,Казань,Поволжье,organic,Gold,A
C00595,2023-05-20,29.0,Female,Краснодар,Юг,social,Silver,B
C00596,2023-11-16,40.0,Male,Екатеринбург,Урал,social,Bronze,A
C00597,2023-02-06,20.0,Female,Санкт-Петербург,Северо-Запад,paid_search,Silver,B
C00598,2024-04-15,34.0,Female,Новосибирск,Сибирь,organic,Bronze,A
C00599,2023-07-03,23.0,Male,Ростов-на-Дону,Юг,organic,Bronze,B
C00600,2023-04-30,24.0,Female,Ростов-на-Дону,Юг,email,Bronze,A
C00601,2024-06-03,25.0,Male,Краснодар,Юг,email,Bronze,B
C00602,2024-07-07,38.0,Male,Казань,Поволжье,referral,Silver,A
C00603,2023-10-02,35.0,Female,Новосибирск,Сибирь,paid_search,Bronze,B
C00604,2023-02-19,25.0,Male,Новосибирск,Сибирь,paid_search,Bronze,A
C00605,2023-06-08,37.0,Female,Владивосток,Дальний Восток,referral,Silver,B
C00606,2024-01-28,18.0,Female,Екатеринбург,Урал,email,Gold,A
C00607,2023-07-25,29.0,Female,Казань,Поволжье,organic,Silver,B
C00608,2023-06-04,44.0,Female,Владивосток,Дальний Восток,organic,Bronze,A
C00609,2024-09-27,31.0,Male,Москва,Центр,email,Silver,B
C00610,2024-08-17,22.0,Female,Казань,Поволжье,organic,Bronze,A
C00611,2023-02-28,30.0,Male,Новосибирск,Сибирь,paid_search,Bronze,B
C00612,2024-11-07,51.0,Male,Владивосток,Дальний Восток,email,Bronze,A
C00613,2023-02-03,23.0,Male,Краснодар,Юг,email,Silver,B
C00614,2024-04-26,45.0,Male,Владивосток,Дальний Восток,referral,Bronze,A
C00615,2023-03-05,28.0,Female,Москва,Центр,paid_search,Bronze,B
C00616,2024-09-11,36.0,Male,Ростов-на-Дону,Юг,organic,Bronze,A
C00617,2023-08-27,20.0,Male,Краснодар,Юг,organic,Bronze,B
C00618,2023-04-04,29.0,Male,Краснодар,Юг,organic,Bronze,A
C00619,2023-02-02,50.0,Female,Новосибирск,Сибирь,paid_search,Gold,B
C00620,2024-08-29,23.0,Female,Новосибирск,Сибирь,referral,Silver,A
C00621,2024-03-07,24.0,Female,Москва,Центр,organic,Silver,B
C00622,2024-05-31,39.0,Female,Казань,Поволжье,referral,Silver,A
C00623,2024-07-01,40.0,Male,Екатеринбург,Урал,social,Gold,B
C00624,2024-01-24,32.0,Male,Екатеринбург,Урал,social,Silver,A
C00625,2024-04-05,30.0,Male,Санкт-Петербург,Северо-Запад,organic,Bronze,B
C00626,2023-09-19,36.0,Male,Казань,Поволжье,paid_search,Bronze,A
C00627,2023-11-01,27.0,Male,Казань,Поволжье,social,Bronze,B
C00628,2023-07-10,34.0,Female,Москва,Центр,social,Bronze,A
C00629,2024-04-21,33.0,Female,Ростов-на-Дону,Юг,paid_search,Bronze,B
C00630,2023-11-27,43.0,Female,Новосибирск,Сибирь,organic,Silver,A
C00631,2023-04-22,37.0,Male,Санкт-Петербург,Северо-Запад,organic,Bronze,B
C00632,2023-12-22,46.0,Male,Москва,Центр,organic,Bronze,A
C00633,2024-07-04,28.0,Male,Краснодар,Юг,organic,Bronze,B
C00634,2024-05-16,18.0,Female,Новосибирск,Сибирь,social,Silver,A
C00635,2024-11-05,60.0,Male,Новосибирск,Сибирь,paid_search,Bronze,B
C00636,2023-09-27,43.0,Male,Екатеринбург,Урал,social,Gold,A
C00637,2024-07-03,29.0,Male,Владивосток,Дальний Восток,email,Bronze,B
C00638,2023-03-08,23.0,Female,Ростов-на-Дону,Юг,organic,Silver,A
C00639,2024-12-19,21.0,Male,Новосибирск,Сибирь,organic,Silver,B
C00640,2023-07-03,27.0,Male,Казань,Поволжье,email,Bronze,A
C00641,2023-05-23,57.0,Female,Казань,Поволжье,paid_search,Bronze,B
C00642,2023-06-22,23.0,Female,Екатеринбург,Урал,organic,Gold,A
C00643,2024-12-27,39.0,Female,Новосибирск,Сибирь,email,Bronze,B
C00644,2023-04-21,54.0,Male,Москва,Центр,paid_search,Bronze,A
C00645,2024-08-13,35.0,Female,Казань,Поволжье,social,Bronze,B
C00646,2023-07-16,21.0,Male,Владивосток,Дальний Восток,organic,Bronze,A
C00647,2024-01-14,27.0,Female,Ростов-на-Дону,Юг,paid_search,Bronze,B
C00648,2024-04-04,43.0,Male,Владивосток,Дальний Восток,referral,Bronze,A
C00649,2024-08-21,41.0,Female,Новосибирск,Сибирь,email,Bronze,B
C00650,2024-04-26,25.0,Female,Санкт-Петербург,Северо-Запад,organic,Silver,A
C00651,2024-06-26,47.0,Female,Санкт-Петербург,Северо-Запад,organic,Bronze,B
C00652,2023-11-06,19.0,Female,Казань,Поволжье,email,Silver,A
C00653,2023-09-01,26.0,Male,Екатеринбург,Урал,social,Silver,B
C00654,2023-03-30,35.0,Female,Москва,Центр,organic,Bronze,A
C00655,2024-10-30,39.0,Male,Москва,Центр,paid_search,Silver,B
C00656,2024-10-29,46.0,Male,Владивосток,Дальний Восток,email,Bronze,A
C00657,2024-11-23,30.0,Female,Новосибирск,Сибирь,referral,Bronze,B
C00658,2023-02-20,30.0,Male,Краснодар,Юг,paid_search,Bronze,A
C00659,2024-04-12,18.0,Male,Unknown,Сибирь,paid_search,Gold,B
C00660,2023-10-11,68.0,Female,Ростов-на-Дону,Юг,paid_search,Bronze,A
C00661,2024-03-30,30.0,Female,Владивосток,Дальний Восток,social,Bronze,B
C00662,2023-11-04,51.0,Male,Новосибирск,Сибирь,paid_search,Silver,A
C00663,2023-05-08,28.0,Female,Краснодар,Юг,referral,Bronze,B
C00664,2024-06-30,42.0,Male,Ростов-на-Дону,Юг,paid_search,Bronze,A
C00665,2024-01-01,35.0,Female,Новосибирск,Сибирь,paid_search,Gold,B
C00666,2023-12-20,29.0,Female,Владивосток,Дальний Восток,referral,Bronze,A
C00667,2023-05-29,32.0,Male,Ростов-на-Дону,Юг,organic,Bronze,B
C00668,2024-04-30,46.0,Female,Краснодар,Юг,organic,Silver,A
C00669,2023-03-09,25.0,Female,Москва,Центр,paid_search,Bronze,B
C00670,2024-12-16,46.0,Male,Казань,Поволжье,organic,Bronze,A
C00671,2023-11-17,18.0,Female,Санкт-Петербург,Северо-Запад,email,Silver,B
C00672,2024-05-15,54.0,Female,Екатеринбург,Урал,email,Bronze,A
C00673,2023-12-25,55.0,Male,Краснодар,Юг,social,Bronze,B
C00674,2024-09-11,28.0,Female,Москва,Центр,email,Bronze,A
C00675,2024-04-09,18.0,Male,Екатеринбург,Урал,social,Silver,B
C00676,2024-09-23,39.0,Female,Краснодар,Юг,paid_search,Gold,A
C00677,2023-04-04,35.0,Female,Екатеринбург,Урал,referral,Bronze,B
C00678,2023-04-13,55.0,Female,Москва,Центр,social,Bronze,A
C00679,2023-08-04,21.0,Female,Ростов-на-Дону,Юг,social,Bronze,B
C00680,2024-05-14,23.0,Male,Владивосток,Дальний Восток,email,Bronze,A
C00681,2023-05-26,22.0,Male,Екатеринбург,Урал,email,Bronze,B
C00682,2023-04-14,47.0,Male,Владивосток,Дальний Восток,social,Bronze,A
C00683,2023-10-31,47.0,Female,Казань,Поволжье,email,Bronze,B
C00684,2024-09-02,47.0,Male,Краснодар,Юг,referral,Silver,A
C00685,2023-06-11,41.0,Female,Казань,Поволжье,referral,Gold,B
C00686,2024-12-02,46.0,Female,Москва,Центр,email,Bronze,A
C00687,2024-05-21,23.0,Male,Ростов-на-Дону,Юг,paid_search,Bronze,B
C00688,2023-06-07,52.0,Male,Санкт-Петербург,Северо-Запад,organic,Silver,A
C00689,2024-04-26,33.0,Male,Ростов-на-Дону,Юг,paid_search,Bronze,B
C00690,2024-12-28,33.0,Male,Новосибирск,Сибирь,paid_search,Bronze,A
C00691,2024-08-26,28.0,Female,Владивосток,Дальний Восток,email,Silver,B
C00692,2023-02-10,43.0,Male,Новосибирск,Сибирь,paid_search,Silver,A
C00693,2024-07-24,27.0,Female,Казань,Поволжье,social,Bronze,B
C00694,2024-06-06,27.0,Female,Владивосток,Дальний Восток,social,Bronze,A
C00695,2023-11-12,35.0,Male,Краснодар,Юг,organic,Bronze,B
C00696,2024-07-16,61.0,Male,Екатеринбург,Урал,email,Silver,A
C00697,2023-12-25,38.0,Male,Санкт-Петербург,Северо-Запад,organic,Gold,B
C00698,2024-12-06,18.0,Female,Москва,Центр,organic,Silver,A
C00699,2024-10-08,28.0,Male,Краснодар,Юг,organic,Bronze,B
C00700,2023-08-06,38.0,Male,Санкт-Петербург,Северо-Запад,paid_search,Bronze,A
C00701,2024-05-01,67.0,Male,Екатеринбург,Урал,referral,Gold,B
C00702,2023-07-18,35.0,Female,Владивосток,Дальний Восток,email,Bronze,A
C00703,2024-10-15,51.0,Male,Москва,Центр,paid_search,Bronze,B
C00704,2024-03-17,41.0,Male,Краснодар,Юг,organic,Gold,A
C00705,2023-08-28,25.0,Male,Екатеринбург,Урал,paid_search,Bronze,B
C00706,2023-04-05,28.0,Male,Владивосток,Дальний Восток,email,Silver,A
C00707,2024-06-06,25.0,Male,Новосибирск,Сибирь,paid_search,Silver,B
C00708,2024-07-19,31.0,Female,Новосибирск,Сибирь,email,Silver,A
C00709,2023-06-05,23.0,Male,Владивосток,Дальний Восток,referral,Bronze,B
C00710,2024-07-23,35.0,Male,Ростов-на-Дону,Юг,paid_search,Silver,A
C00711,2023-05-08,39.0,Female,Ростов-на-Дону,Юг,social,Bronze,B
C00712,2023-05-22,33.0,Male,Санкт-Петербург,Северо-Запад,email,Silver,A
C00713,2024-12-06,44.0,Male,Краснодар,Юг,organic,Bronze,B
C00714,2024-07-08,41.0,Male,Москва,Центр,organic,Silver,A
C00715,2024-05-11,48.0,Male,Владивосток,Дальний Восток,social,Bronze,B
C00716,2023-11-30,18.0,Female,Unknown,Северо-Запад,organic,Silver,A
C00717,2023-07-16,50.0,Male,Екатеринбург,Урал,referral,Bronze,B
C00718,2023-11-29,39.0,Female,Москва,Центр,organic,Gold,A
C00719,2023-09-20,54.0,Female,Владивосток,Дальний Восток,email,Bronze,B
C00720,2024-10-09,30.0,Female,Ростов-на-Дону,Юг,organic,Bronze,A
C00721,2023-02-19,40.0,Female,Санкт-Петербург,Северо-Запад,email,Bronze,B
C00722,2024-01-02,59.0,Female,Ростов-на-Дону,Юг,social,Silver,A
C00723,2023-02-20,27.0,Male,Краснодар,Юг,organic,Bronze,B
C00724,2024-08-19,49.0,Female,Москва,Центр,social,Bronze,A
C00725,2024-05-25,43.0,Female,Ростов-на-Дону,Юг,email,Gold,B
C00726,2024-12-01,30.0,Female,Владивосток,Дальний Восток,organic,Bronze,A
C00727,2023-06-28,47.0,Male,Новосибирск,Сибирь,social,Bronze,B
C00728,2024-07-20,29.0,Male,Санкт-Петербург,Северо-Запад,email,Bronze,A
C00729,2024-09-21,35.0,Female,Казань,Поволжье,organic,Bronze,B
C00730,2024-10-03,22.0,Male,Владивосток,Дальний Восток,referral,Silver,A
C00731,2023-05-22,28.0,Female,Ростов-на-Дону,Юг,social,Bronze,B
C00732,2024-12-07,39.0,Male,Новосибирск,Сибирь,referral,Bronze,A
C00733,2023-07-20,38.0,Male,Екатеринбург,Урал,paid_search,Silver,B
C00734,2024-10-21,33.0,Male,Краснодар,Юг,referral,Silver,A
C00735,2024-08-18,53.0,Female,Казань,Поволжье,email,Bronze,B
C00736,2023-04-16,39.0,Female,Владивосток,Дальний Восток,paid_search,Silver,A
C00737,2023-04-26,29.0,Female,Москва,Центр,paid_search,Bronze,B
C00738,2024-02-28,38.0,Female,Санкт-Петербург,Северо-Запад,email,Bronze,A
C00739,2024-02-01,36.0,Female,Краснодар,Юг,paid_search,Silver,B
C00740,2024-11-03,18.0,Male,Новосибирск,Сибирь,email,Bronze,A
C00741,2023-03-29,48.0,Female,Екатеринбург,Урал,email,Bronze,B
C00742,2024-06-25,29.0,Male,Москва,Центр,social,Bronze,A
C00743,2023-07-09,18.0,Female,Краснодар,Юг,organic,Bronze,B
C00744,2024-10-05,31.0,Female,Владивосток,Дальний Восток,referral,Silver,A
C00745,2024-07-25,41.0,Female,Санкт-Петербург,Северо-Запад,paid_search,Bronze,B
C00746,2024-03-05,22.0,Female,Владивосток,Дальний Восток,referral,Bronze,A
C00747,2023-03-21,53.0,Male,Казань,Поволжье,organic,Silver,B
C00748,2024-06-10,19.0,Female,Казань,Поволжье,referral,Bronze,A
C00749,2023-12-18,35.0,Male,Казань,Поволжье,organic,Bronze,B
C00750,2024-06-22,18.0,Female,Казань,Поволжье,social,Bronze,A
C00751,2024-08-23,47.0,Female,Ростов-на-Дону,Юг,organic,Silver,B
C00752,2024-07-20,18.0,Male,Казань,Поволжье,organic,Silver,A
C00753,2024-12-14,38.0,Female,Санкт-Петербург,Северо-Запад,referral,Bronze,B
C00754,2023-06-30,33.0,Female,Казань,Поволжье,social,Bronze,A
C00755,2023-03-31,56.0,Male,Екатеринбург,Урал,email,Silver,B
C00756,2023-07-29,43.0,Male,Новосибирск,Сибирь,organic,Bronze,A
C00757,2024-04-07,47.0,Female,Екатеринбург,Урал,paid_search,Silver,B
C00758,2024-10-19,37.0,Male,Ростов-на-Дону,Юг,social,Silver,A
C00759,2023-02-22,32.0,Female,Новосибирск,Сибирь,social,Bronze,B
C00760,2024-11-11,28.0,Male,Казань,Поволжье,email,Bronze,A
C00761,2023-09-08,21.0,Male,Владивосток,Дальний Восток,paid_search,Silver,B
C00762,2023-08-03,51.0,Male,Владивосток,Дальний Восток,email,Silver,A
C00763,2024-02-18,41.0,Male,Краснодар,Юг,email,Bronze,B
C00764,2023-10-29,34.0,Male,Новосибирск,Сибирь,organic,Bronze,A
C00765,2023-10-10,49.0,Female,Москва,Центр,paid_search,Bronze,B
C00766,2023-05-03,47.0,Male,Казань,Поволжье,organic,Gold,A
C00767,2024-11-27,41.0,Male,Санкт-Петербург,Северо-Запад,email,Bronze,B
C00768,2023-08-13,34.0,Female,Екатеринбург,Урал,organic,Silver,A
C00769,2024-03-20,54.0,Male,Ростов-на-Дону,Юг,social,Bronze,B
C00770,2024-03-31,37.0,Female,Санкт-Петербург,Северо-Запад,organic,Bronze,A
C00771,2024-06-28,56.0,Male,Москва,Центр,organic,Bronze,B
C00772,2023-08-21,30.0,Male,Санкт-Петербург,Северо-Запад,email,Bronze,A
C00773,2023-04-16,31.0,Male,Екатеринбург,Урал,email,Bronze,B
C00774,2024-03-02,47.0,Male,Казань,Поволжье,organic,Silver,A
C00775,2023-09-29,25.0,Female,Краснодар,Юг,social,Bronze,B
C00776,2023-08-20,18.0,Female,Санкт-Петербург,Северо-Запад,social,Silver,A
C00777,2023-08-22,29.0,Male,Новосибирск,Сибирь,paid_search,Bronze,B
C00778,2024-08-08,18.0,Male,Новосибирск,Сибирь,paid_search,Gold,A
C00779,2024-06-21,25.0,Male,Санкт-Петербург,Северо-Запад,referral,Bronze,B
C00780,2024-07-01,31.0,Male,Ростов-на-Дону,Юг,organic,Bronze,A
C00781,2023-07-26,22.0,Female,Новосибирск,Сибирь,organic,Gold,B
C00782,2023-06-29,53.0,Male,Новосибирск,Сибирь,email,Silver,A
C00783,2024-11-02,31.0,Female,Ростов-на-Дону,Юг,organic,Silver,B
C00784,2024-03-16,37.0,Male,Владивосток,Дальний Восток,organic,Bronze,A
C00785,2024-04-09,35.0,Male,Москва,Центр,paid_search,Bronze,B
C00786,2023-11-28,38.0,Female,Владивосток,Дальний Восток,referral,Bronze,A
C00787,2024-11-03,28.0,Male,Санкт-Петербург,Северо-Запад,email,Bronze,B
C00788,2023-12-28,33.0,Male,Москва,Центр,referral,Silver,A
C00789,2024-08-13,43.0,Female,Ростов-на-Дону,Юг,organic,Gold,B
C00790,2024-04-08,29.0,Male,Казань,Поволжье,organic,Bronze,A
C00791,2024-07-08,42.0,Female,Ростов-на-Дону,Юг,email,Silver,B
C00792,2023-07-31,34.0,Female,Екатеринбург,Урал,social,Silver,A
C00793,2023-03-06,33.0,Female,Казань,Поволжье,social,Bronze,B
C00794,2023-05-27,38.0,Male,Краснодар,Юг,social,Bronze,A
C00795,2024-07-03,24.0,Female,Санкт-Петербург,Северо-Запад,social,Silver,B
C00796,2023-08-22,37.0,Female,Санкт-Петербург,Северо-Запад,organic,Bronze,A
C00797,2023-03-09,34.0,Male,Санкт-Петербург,Северо-Запад,paid_search,Bronze,B
C00798,2024-10-22,18.0,Male,Краснодар,Юг,email,Bronze,A
C00799,2024-06-02,55.0,Female,Владивосток,Дальний Восток,paid_search,Silver,B
C00800,2024-02-29,41.0,Male,Москва,Центр,social,Gold,A
C00801,2023-04-28,30.0,Male,Москва,Центр,organic,Bronze,B
C00802,2023-03-09,20.0,Male,Москва,Центр,referral,Silver,A
C00803,2023-06-13,36.0,Male,Новосибирск,Сибирь,paid_search,Silver,B
C00804,2023-04-08,64.0,Female,Новосибирск,Сибирь,email,Bronze,A
C00805,2024-06-07,27.0,Male,Ростов-на-Дону,Юг,paid_search,Bronze,B
C00806,2024-02-24,48.0,Male,Санкт-Петербург,Северо-Запад,organic,Bronze,A
C00807,2023-02-24,40.0,Male,Москва,Центр,referral,Bronze,B
C00808,2023-05-26,35.0,Male,Ростов-на-Дону,Юг,organic,Bronze,A
C00809,2023-08-24,23.0,Female,Владивосток,Дальний Восток,organic,Bronze,B
C00810,2024-10-09,40.0,Female,Новосибирск,Сибирь,referral,Bronze,A
C00811,2024-07-08,19.0,Female,Владивосток,Дальний Восток,email,Bronze,B
C00812,2024-05-04,41.0,Female,Москва,Центр,organic,Bronze,A
C00813,2024-03-14,24.0,Male,Москва,Центр,email,Silver,B
C00814,2023-12-22,27.0,Female,Новосибирск,Сибирь,social,Bronze,A
C00815,2024-03-13,24.0,Female,Москва,Центр,paid_search,Silver,B
C00816,2023-08-10,38.0,Male,Москва,Центр,referral,Bronze,A
C00817,2024-02-02,23.0,Male,Ростов-на-Дону,Юг,referral,Silver,B
C00818,2023-10-27,27.0,Female,Новосибирск,Сибирь,organic,Bronze,A
C00819,2023-07-25,38.0,Male,Владивосток,Дальний Восток,social,Bronze,B
C00820,2023-12-30,47.0,Male,Владивосток,Дальний Восток,referral,Bronze,A
C00821,2023-09-30,21.0,Male,Санкт-Петербург,Северо-Запад,paid_search,Gold,B
C00822,2023-08-09,22.0,Female,Санкт-Петербург,Северо-Запад,organic,Bronze,A
C00823,2024-11-20,49.0,Male,Владивосток,Дальний Восток,referral,Bronze,B
C00824,2023-05-20,48.0,Female,Москва,Центр,organic,Gold,A
C00825,2024-05-10,20.0,Male,Санкт-Петербург,Северо-Запад,paid_search,Silver,B
C00826,2023-10-27,28.0,Female,Казань,Поволжье,organic,Silver,A
C00827,2024-02-12,40.0,Male,Санкт-Петербург,Северо-Запад,paid_search,Bronze,B
C00828,2023-02-20,46.0,Male,Краснодар,Юг,organic,Silver,A
C00829,2023-12-22,33.0,Female,Ростов-на-Дону,Юг,organic,Bronze,B
C00830,2024-11-10,29.0,Female,Владивосток,Дальний Восток,organic,Bronze,A
C00831,2024-10-15,18.0,Female,Екатеринбург,Урал,email,Bronze,B
C00832,2023-06-19,25.0,Female,Москва,Центр,email,Gold,A
C00833,2024-09-08,29.0,Male,Владивосток,Дальний Восток,email,Silver,B
C00834,2023-12-03,50.0,Male,Новосибирск,Сибирь,email,Bronze,A
C00835,2024-01-07,21.0,Male,Краснодар,Юг,paid_search,Bronze,B
C00836,2024-05-29,39.0,Male,Казань,Поволжье,referral,Bronze,A
C00837,2024-02-22,36.0,Male,Владивосток,Дальний Восток,email,Gold,B
C00838,2024-10-14,30.0,Female,Ростов-на-Дону,Юг,organic,Silver,A
C00839,2023-02-03,37.0,Male,Казань,Поволжье,organic,Bronze,B
C00840,2024-12-03,39.0,Female,Казань,Поволжье,email,Silver,A
C00841,2024-09-19,18.0,Female,Владивосток,Дальний Восток,email,Bronze,B
C00842,2023-05-19,25.0,Male,Ростов-на-Дону,Юг,organic,Bronze,A
C00843,2024-05-18,28.0,Female,Владивосток,Дальний Восток,email,Silver,B
C00844,2023-05-22,36.0,Male,Екатеринбург,Урал,referral,Silver,A
C00845,2024-03-08,27.0,Female,Владивосток,Дальний Восток,organic,Bronze,B
C00846,2023-03-14,28.0,Female,Казань,Поволжье,organic,Bronze,A
C00847,2023-09-04,28.0,Female,Владивосток,Дальний Восток,email,Bronze,B
C00848,2024-03-08,20.0,Male,Новосибирск,Сибирь,organic,Gold,A
C00849,2024-03-08,47.0,Male,Новосибирск,Сибирь,social,Bronze,B
C00850,2023-12-26,18.0,Male,Москва,Центр,paid_search,Silver,A
C00851,2024-03-29,26.0,Female,Екатеринбург,Урал,paid_search,Bronze,B
C00852,2024-09-22,19.0,Female,Екатеринбург,Урал,paid_search,Silver,A
C00853,2023-10-26,24.0,Female,Санкт-Петербург,Северо-Запад,organic,Bronze,B
C00854,2024-08-19,42.0,Male,Ростов-на-Дону,Юг,email,Silver,A
C00855,2023-12-02,40.0,Female,Новосибирск,Сибирь,paid_search,Bronze,B
C00856,2024-07-18,43.0,Female,Ростов-на-Дону,Юг,email,Silver,A
C00857,2024-04-13,18.0,Female,Казань,Поволжье,organic,Bronze,B
C00858,2024-03-03,52.0,Male,Екатеринбург,Урал,social,Bronze,A
C00859,2024-03-25,54.0,Male,Екатеринбург,Урал,paid_search,Bronze,B
C00860,2024-10-03,36.0,Female,Краснодар,Юг,referral,Bronze,A
C00861,2024-08-18,25.0,Female,Москва,Центр,paid_search,Bronze,B
C00862,2024-07-19,27.0,Female,Екатеринбург,Урал,paid_search,Gold,A
C00863,2023-07-26,24.0,Female,Новосибирск,Сибирь,social,Bronze,B
C00864,2023-02-19,65.0,Male,Новосибирск,Сибирь,referral,Silver,A
C00865,2024-01-07,39.0,Female,Казань,Поволжье,organic,Bronze,B
C00866,2023-12-01,42.0,Female,Владивосток,Дальний Восток,social,Silver,A
C00867,2023-08-29,47.0,Male,Екатеринбург,Урал,paid_search,Silver,B
C00868,2024-06-21,43.0,Male,Ростов-на-Дону,Юг,referral,Silver,A
C00869,2023-07-05,54.0,Male,Екатеринбург,Урал,organic,Silver,B
C00870,2023-06-04,37.0,Female,Краснодар,Юг,email,Bronze,A
C00871,2024-09-14,21.0,Female,Казань,Поволжье,email,Silver,B
C00872,2024-07-17,18.0,Male,Москва,Центр,paid_search,Silver,A
C00873,2024-08-02,37.0,Male,Екатеринбург,Урал,referral,Bronze,B
C00874,2023-12-07,38.0,Male,Казань,Поволжье,referral,Bronze,A
C00875,2023-08-10,37.0,Male,Казань,Поволжье,social,Bronze,B
C00876,2024-04-25,42.0,Male,Москва,Центр,organic,Gold,A
C00877,2023-02-08,27.0,Male,Екатеринбург,Урал,organic,Silver,B
C00878,2023-12-13,43.0,Male,Краснодар,Юг,email,Silver,A
C00879,2023-09-06,40.0,Female,Ростов-на-Дону,Юг,organic,Bronze,B
C00880,2023-05-05,40.0,Female,Казань,Поволжье,social,Silver,A
C00881,2024-11-17,59.0,Female,Екатеринбург,Урал,organic,Bronze,B
C00882,2024-09-01,33.0,Male,Новосибирск,Сибирь,referral,Bronze,A
C00883,2024-01-14,41.0,Female,Казань,Поволжье,paid_search,Silver,B
C00884,2024-07-23,43.0,Female,Краснодар,Юг,organic,Bronze,A
C00885,2023-08-18,18.0,Male,Краснодар,Юг,social,Silver,B
C00886,2023-09-03,35.0,Female,Москва,Центр,organic,Silver,A
C00887,2023-03-29,34.0,Male,Краснодар,Юг,organic,Bronze,B
C00888,2024-11-17,18.0,Female,Москва,Центр,social,Gold,A
C00889,2024-07-01,36.0,Female,Краснодар,Юг,social,Bronze,B
C00890,2023-04-17,38.0,Female,Ростов-на-Дону,Юг,paid_search,Silver,A
C00891,2024-10-11,31.0,Female,Краснодар,Юг,social,Bronze,B
C00892,2024-06-25,44.0,Male,Екатеринбург,Урал,paid_search,Silver,A
C00893,2023-02-15,22.0,Female,Ростов-на-Дону,Юг,organic,Silver,B
C00894,2023-10-07,46.0,Male,Москва,Центр,paid_search,Silver,A
C00895,2024-08-06,31.0,Female,Москва,Центр,organic,Bronze,B
C00896,2024-08-02,19.0,Male,Москва,Центр,paid_search,Silver,A
C00897,2023-03-12,45.0,Male,Владивосток,Дальний Восток,social,Silver,B
C00898,2023-11-28,36.0,Male,Москва,Центр,email,Silver,A
C00899,2023-02-11,46.0,Male,Москва,Центр,organic,Bronze,B
C00900,2024-08-18,45.0,Male,Новосибирск,Сибирь,referral,Bronze,A
C00901,2023-03-15,22.0,Female,Санкт-Петербург,Северо-Запад,organic,Silver,B
C00902,2023-02-10,24.0,Female,Казань,Поволжье,organic,Bronze,A
C00903,2023-05-16,46.0,Female,Москва,Центр,social,Silver,B
C00904,2024-08-07,23.0,Female,Санкт-Петербург,Северо-Запад,social,Gold,A
C00905,2023-10-29,45.0,Male,Екатеринбург,Урал,organic,Silver,B
C00906,2023-04-03,32.0,Male,Екатеринбург,Урал,referral,Silver,A
C00907,2024-05-07,32.0,Male,Казань,Поволжье,social,Silver,B
C00908,2023-09-03,47.0,Male,Екатеринбург,Урал,referral,Bronze,A
C00909,2023-08-11,40.0,Male,Владивосток,Дальний Восток,organic,Silver,B
C00910,2023-12-14,32.0,Male,Владивосток,Дальний Восток,social,Silver,A
C00911,2024-10-05,25.0,Male,Санкт-Петербург,Северо-Запад,social,Silver,B
C00912,2024-08-12,55.0,Female,Владивосток,Дальний Восток,organic,Bronze,A
C00913,2023-05-13,27.0,Male,Новосибирск,Сибирь,email,Bronze,B
C00914,2024-04-02,30.0,Female,Москва,Центр,paid_search,Bronze,A
C00915,2024-08-27,42.0,Female,Екатеринбург,Урал,social,Gold,B
C00916,2023-08-03,23.0,Female,Новосибирск,Сибирь,paid_search,Bronze,A
C00917,2023-03-13,38.0,Male,Санкт-Петербург,Северо-Запад,paid_search,Bronze,B
C00918,2023-06-09,22.0,Female,Санкт-Петербург,Северо-Запад,paid_search,Silver,A
C00919,2024-08-14,37.0,Female,Москва,Центр,paid_search,Silver,B
C00920,2023-05-27,34.0,Male,Санкт-Петербург,Северо-Запад,referral,Bronze,A
C00921,2023-12-04,31.0,Female,Санкт-Петербург,Северо-Запад,email,Silver,B
C00922,2024-04-13,18.0,Female,Владивосток,Дальний Восток,social,Silver,A
C00923,2023-11-16,39.0,Female,Владивосток,Дальний Восток,referral,Bronze,B
C00924,2024-07-31,44.0,Male,Екатеринбург,Урал,organic,Gold,A
C00925,2024-09-09,28.0,Male,Краснодар,Юг,email,Silver,B
C00926,2023-09-28,28.0,Female,Краснодар,Юг,email,Bronze,A
C00927,2023-12-12,33.0,Female,Ростов-на-Дону,Юг,social,Bronze,B
C00928,2024-02-05,18.0,Male,Ростов-на-Дону,Юг,email,Bronze,A
C00929,2023-05-12,18.0,Female,Новосибирск,Сибирь,paid_search,Bronze,B
C00930,2024-02-08,32.0,Female,Санкт-Петербург,Северо-Запад,social,Gold,A
C00931,2023-05-07,32.0,Male,Санкт-Петербург,Северо-Запад,email,Bronze,B
C00932,2024-03-04,42.0,Female,Санкт-Петербург,Северо-Запад,organic,Silver,A
C00933,2023-12-23,36.0,Male,Казань,Поволжье,email,Bronze,B
C00934,2024-02-18,49.0,Female,Unknown,Дальний Восток,paid_search,Bronze,A
C00935,2024-12-10,26.0,Female,Екатеринбург,Урал,email,Silver,B
C00936,2023-09-03,35.0,Male,Москва,Центр,referral,Bronze,A
C00937,2024-12-08,37.0,Male,Ростов-на-Дону,Юг,email,Silver,B
C00938,2024-05-01,21.0,Female,Ростов-на-Дону,Юг,paid_search,Silver,A
C00939,2023-07-01,18.0,Male,Краснодар,Юг,paid_search,Silver,B
C00940,2023-12-02,30.0,Male,Санкт-Петербург,Северо-Запад,email,Bronze,A
C00941,2023-07-03,36.0,Male,Ростов-на-Дону,Юг,organic,Bronze,B
C00942,2024-08-14,18.0,Female,Новосибирск,Сибирь,organic,Bronze,A
C00943,2024-11-05,39.0,Male,Ростов-на-Дону,Юг,organic,Silver,B
C00944,2023-04-19,51.0,Male,Владивосток,Дальний Восток,paid_search,Bronze,A
C00945,2024-11-28,69.0,Male,Санкт-Петербург,Северо-Запад,referral,Silver,B
C00946,2023-08-25,39.0,Male,Новосибирск,Сибирь,organic,Bronze,A
C00947,2024-04-20,18.0,Female,Ростов-на-Дону,Юг,referral,Bronze,B
C00948,2024-08-12,50.0,Female,Екатеринбург,Урал,organic,Silver,A
C00949,2023-02-06,18.0,Male,Краснодар,Юг,referral,Bronze,B
C00950,2024-09-18,31.0,Female,Краснодар,Юг,email,Silver,A
C00951,2024-09-25,25.0,Male,Новосибирск,Сибирь,organic,Bronze,B
C00952,2023-06-14,45.0,Female,Краснодар,Юг,social,Bronze,A
C00953,2023-03-25,52.0,Female,Казань,Поволжье,organic,Gold,B
C00954,2023-12-24,45.0,Male,Казань,Поволжье,paid_search,Bronze,A
C00955,2023-03-12,37.0,Male,Ростов-на-Дону,Юг,paid_search,Gold,B
C00956,2024-04-29,50.0,Female,Краснодар,Юг,email,Silver,A
C00957,2024-12-26,43.0,Male,Краснодар,Юг,email,Gold,B
C00958,2023-03-31,30.0,Male,Казань,Поволжье,referral,Silver,A
C00959,2024-04-24,55.0,Female,Владивосток,Дальний Восток,referral,Bronze,B
C00960,2023-08-07,38.0,Male,Владивосток,Дальний Восток,referral,Bronze,A
C00961,2023-11-04,44.0,Male,Ростов-на-Дону,Юг,paid_search,Bronze,B
C00962,2024-05-22,18.0,Male,Краснодар,Юг,organic,Silver,A
C00963,2024-04-21,22.0,Male,Краснодар,Юг,organic,Bronze,B
C00964,2023-11-26,24.0,Female,Казань,Поволжье,email,Bronze,A
C00965,2024-06-08,35.0,Male,Новосибирск,Сибирь,paid_search,Bronze,B
C00966,2024-04-17,47.0,Male,Москва,Центр,paid_search,Silver,A
C00967,2023-12-08,28.0,Female,Казань,Поволжье,paid_search,Silver,B
C00968,2024-02-26,47.0,Female,Санкт-Петербург,Северо-Запад,paid_search,Silver,A
C00969,2023-09-15,52.0,Female,Екатеринбург,Урал,email,Gold,B
C00970,2023-10-18,43.0,Male,Владивосток,Дальний Восток,organic,Bronze,A
C00971,2024-10-08,37.0,Male,Санкт-Петербург,Северо-Запад,paid_search,Silver,B
C00972,2023-10-28,47.0,Female,Новосибирск,Сибирь,social,Gold,A
C00973,2024-01-02,27.0,Female,Казань,Поволжье,social,Bronze,B
C00974,2023-05-29,34.0,Female,Ростов-на-Дону,Юг,email,Silver,A
C00975,2024-03-09,18.0,Female,Владивосток,Дальний Восток,social,Bronze,B
C00976,2023-05-21,36.0,Male,Санкт-Петербург,Северо-Запад,email,Bronze,A
C00977,2024-07-28,21.0,Male,Казань,Поволжье,organic,Bronze,B
C00978,2023-12-15,24.0,Female,Москва,Центр,organic,Silver,A
C00979,2024-07-26,38.0,Female,Санкт-Петербург,Северо-Запад,email,Bronze,B
C00980,2023-05-19,26.0,Female,Краснодар,Юг,organic,Bronze,A
C00981,2023-09-16,18.0,Male,Ростов-на-Дону,Юг,paid_search,Silver,B
C00982,2024-07-08,34.0,Female,Ростов-на-Дону,Юг,organic,Bronze,A
C00983,2024-03-08,25.0,Male,Краснодар,Юг,organic,Bronze,B
C00984,2023-03-16,39.0,Female,Владивосток,Дальний Восток,referral,Bronze,A
C00985,2023-12-07,25.0,Male,Краснодар,Юг,organic,Gold,B
C00986,2023-06-18,31.0,Female,Ростов-на-Дону,Юг,email,Bronze,A
C00987,2023-08-23,33.0,Female,Владивосток,Дальний Восток,organic,Silver,B
C00988,2023-05-20,38.0,Male,Краснодар,Юг,paid_search,Silver,A
C00989,2023-05-25,38.0,Female,Новосибирск,Сибирь,social,Silver,B
C00990,2024-07-11,18.0,Male,Москва,Центр,referral,Bronze,A
C00991,2023-08-02,39.0,Male,Владивосток,Дальний Восток,email,Silver,B
C00992,2024-07-26,31.0,Female,Новосибирск,Сибирь,paid_search,Bronze,A
C00993,2024-05-14,39.0,Female,Казань,Поволжье,social,Gold,B
C00994,2024-12-21,38.0,Female,Владивосток,Дальний Восток,paid_search,Bronze,A
C00995,2023-06-12,18.0,Female,Владивосток,Дальний Восток,referral,Bronze,B
C00996,2023-05-17,18.0,Male,Новосибирск,Сибирь,social,Silver,A
C00997,2024-01-31,34.0,Male,Екатеринбург,Урал,email,Bronze,B
C00998,2024-09-25,24.0,Male,Санкт-Петербург,Северо-Запад,email,Bronze,A
C00999,2024-11-10,30.0,Male,Екатеринбург,Урал,referral,Bronze,B
C01000,2024-03-29,40.0,Female,Санкт-Петербург,Северо-Запад,organic,Bronze,A
C01001,2024-04-06,26.0,Male,Новосибирск,Сибирь,referral,Bronze,B
C01002,2023-11-02,41.0,Female,Санкт-Петербург,Северо-Запад,organic,Bronze,A
C01003,2024-01-11,18.0,Female,Москва,Центр,paid_search,Bronze,B
C01004,2024-01-14,37.0,Male,Екатеринбург,Урал,email,Bronze,A
C01005,2023-02-13,35.0,Female,Москва,Центр,paid_search,Bronze,B
C01006,2024-08-01,35.0,Male,Москва,Центр,organic,Silver,A
C01007,2023-04-24,34.0,Female,Ростов-на-Дону,Юг,email,Silver,B
C01008,2024-02-28,52.0,Female,Краснодар,Юг,organic,Bronze,A
C01009,2023-11-09,18.0,Female,Краснодар,Юг,paid_search,Gold,B
C01010,2023-11-30,18.0,Male,Санкт-Петербург,Северо-Запад,organic,Silver,A
C01011,2024-12-18,40.0,Female,Новосибирск,Сибирь,paid_search,Silver,B
C01012,2023-12-04,34.0,Male,Казань,Поволжье,organic,Bronze,A
C01013,2023-07-29,55.0,Male,Москва,Центр,social,Bronze,B
C01014,2023-04-30,32.0,Male,Краснодар,Юг,paid_search,Bronze,A
C01015,2024-10-16,29.0,Female,Санкт-Петербург,Северо-Запад,social,Gold,B
C01016,2024-01-30,34.0,Male,Екатеринбург,Урал,referral,Bronze,A
C01017,2024-05-17,41.0,Female,Екатеринбург,Урал,organic,Bronze,B
C01018,2024-12-09,35.0,Male,Новосибирск,Сибирь,paid_search,Bronze,A
C01019,2024-10-07,44.0,Male,Новосибирск,Сибирь,social,Silver,B
C01020,2024-07-01,36.0,Male,Ростов-на-Дону,Юг,paid_search,Bronze,A
C01021,2024-06-14,27.0,Female,Москва,Центр,social,Gold,B
C01022,2024-05-17,51.0,Female,Новосибирск,Сибирь,organic,Bronze,A
C01023,2024-08-29,32.0,Male,Москва,Центр,organic,Bronze,B
C01024,2024-07-09,43.0,Female,Москва,Центр,organic,Bronze,A
C01025,2024-11-08,23.0,Female,Новосибирск,Сибирь,paid_search,Silver,B
C01026,2024-08-28,24.0,Male,Ростов-на-Дону,Юг,organic,Bronze,A
C01027,2023-03-14,38.0,Male,Санкт-Петербург,Северо-Запад,social,Silver,B
C01028,2023-05-30,26.0,Female,Казань,Поволжье,email,Bronze,A
C01029,2023-12-19,18.0,Male,Владивосток,Дальний Восток,organic,Bronze,B
C01030,2024-04-11,22.0,Female,Санкт-Петербург,Северо-Запад,email,Bronze,A
C01031,2024-01-17,23.0,Female,Москва,Центр,paid_search,Bronze,B
C01032,2023-09-13,32.0,Male,Ростов-на-Дону,Юг,organic,Bronze,A
C01033,2024-08-16,57.0,Male,Москва,Центр,organic,Bronze,B
C01034,2024-08-26,18.0,Male,Unknown,Юг,email,Bronze,A
C01035,2024-03-03,40.0,Female,Екатеринбург,Урал,paid_search,Bronze,B
C01036,2023-05-01,18.0,Female,Новосибирск,Сибирь,referral,Silver,A
C01037,2023-10-30,36.0,Female,Санкт-Петербург,Северо-Запад,social,Bronze,B
C01038,2023-08-17,46.0,Female,Екатеринбург,Урал,referral,Silver,A
C01039,2023-11-22,18.0,Female,Санкт-Петербург,Северо-Запад,paid_search,Silver,B
C01040,2023-03-18,25.0,Male,Казань,Поволжье,organic,Gold,A
C01041,2023-08-02,31.0,Male,Новосибирск,Сибирь,referral,Bronze,B
C01042,2023-04-27,26.0,Male,Екатеринбург,Урал,paid_search,Silver,A
C01043,2023-10-31,36.0,Male,Москва,Центр,social,Gold,B
C01044,2023-05-15,33.0,Male,Екатеринбург,Урал,social,Silver,A
C01045,2023-09-27,31.0,Female,Владивосток,Дальний Восток,organic,Silver,B
C01046,2023-03-31,64.0,Male,Москва,Центр,social,Silver,A
C01047,2023-02-15,19.0,Male,Казань,Поволжье,social,Silver,B
C01048,2023-10-18,40.0,Male,Владивосток,Дальний Восток,email,Silver,A
C01049,2024-05-25,32.0,Male,Екатеринбург,Урал,email,Bronze,B
C01050,2024-06-06,30.0,Female,Ростов-на-Дону,Юг,referral,Silver,A
C01051,2024-03-07,35.0,Female,Санкт-Петербург,Северо-Запад,email,Silver,B
C01052,2023-07-29,18.0,Female,Казань,Поволжье,referral,Silver,A
C01053,2024-12-30,32.0,Male,Казань,Поволжье,paid_search,Silver,B
C01054,2023-02-23,32.0,Male,Ростов-на-Дону,Юг,organic,Silver,A
C01055,2023-11-08,21.0,Male,Новосибирск,Сибирь,organic,Silver,B
C01056,2023-11-12,41.0,Male,Ростов-на-Дону,Юг,social,Silver,A
C01057,2023-03-11,39.0,Male,Санкт-Петербург,Северо-Запад,organic,Bronze,B
C01058,2024-06-16,48.0,Female,Ростов-на-Дону,Юг,organic,Silver,A
C01059,2023-04-20,26.0,Female,Екатеринбург,Урал,organic,Silver,B
C01060,2023-07-05,42.0,Male,Екатеринбург,Урал,organic,Bronze,A
C01061,2023-06-07,34.0,Male,Владивосток,Дальний Восток,paid_search,Silver,B
C01062,2024-07-09,32.0,Male,Новосибирск,Сибирь,email,Silver,A
C01063,2023-06-23,50.0,Male,Москва,Центр,organic,Bronze,B
C01064,2023-03-29,30.0,Female,Санкт-Петербург,Северо-Запад,email,Bronze,A
C01065,2023-10-18,43.0,Male,Екатеринбург,Урал,referral,Silver,B
C01066,2023-08-09,20.0,Female,Москва,Центр,referral,Silver,A
C01067,2024-12-17,39.0,Male,Санкт-Петербург,Северо-Запад,paid_search,Bronze,B
C01068,2024-02-29,27.0,Female,Екатеринбург,Урал,social,Silver,A
C01069,2023-11-08,24.0,Male,Новосибирск,Сибирь,email,Silver,B
C01070,2023-09-01,46.0,Female,Москва,Центр,organic,Bronze,A
C01071,2024-08-27,39.0,Male,Казань,Поволжье,paid_search,Silver,B
C01072,2023-04-09,26.0,Male,Москва,Центр,organic,Silver,A
C01073,2024-08-26,23.0,Male,Екатеринбург,Урал,organic,Bronze,B
C01074,2023-04-19,38.0,Female,Москва,Центр,organic,Bronze,A
C01075,2024-06-25,37.0,Male,Санкт-Петербург,Северо-Запад,organic,Gold,B
C01076,2023-09-22,34.0,Male,Казань,Поволжье,email,Silver,A
C01077,2024-07-10,37.0,Female,Екатеринбург,Урал,organic,Silver,B
C01078,2023-11-15,18.0,Male,Казань,Поволжье,organic,Bronze,A
C01079,2024-10-16,57.0,Female,Ростов-на-Дону,Юг,social,Bronze,B
C01080,2024-03-19,18.0,Male,Санкт-Петербург,Северо-Запад,organic,Gold,A
C01081,2024-04-15,35.0,Male,Санкт-Петербург,Северо-Запад,organic,Bronze,B
C01082,2023-11-21,30.0,Female,Краснодар,Юг,organic,Bronze,A
C01083,2023-02-26,39.0,Female,Москва,Центр,email,Bronze,B
C01084,2023-06-29,20.0,Male,Новосибирск,Сибирь,email,Bronze,A
C01085,2024-05-27,18.0,Male,Казань,Поволжье,organic,Gold,B
C01086,2023-08-20,23.0,Female,Казань,Поволжье,paid_search,Bronze,A
C01087,2024-07-10,31.0,Male,Екатеринбург,Урал,referral,Bronze,B
C01088,2024-08-19,52.0,Male,Владивосток,Дальний Восток,social,Silver,A
C01089,2023-12-15,18.0,Female,Санкт-Петербург,Северо-Запад,paid_search,Gold,B
C01090,2024-08-17,46.0,Male,Москва,Центр,social,Bronze,A
C01091,2023-04-26,32.0,Female,Владивосток,Дальний Восток,email,Silver,B
C01092,2023-04-11,39.0,Male,Краснодар,Юг,referral,Bronze,A
C01093,2023-04-20,47.0,Female,Новосибирск,Сибирь,paid_search,Silver,B
C01094,2024-12-03,22.0,Male,Санкт-Петербург,Северо-Запад,referral,Silver,A
C01095,2024-11-03,39.0,Female,Владивосток,Дальний Восток,paid_search,Silver,B
C01096,2023-07-30,30.0,Female,Краснодар,Юг,paid_search,Bronze,A
C01097,2024-07-13,27.0,Female,Москва,Центр,referral,Bronze,B
C01098,2024-12-13,22.0,Male,Ростов-на-Дону,Юг,paid_search,Silver,A
C01099,2024-12-25,52.0,Male,Краснодар,Юг,social,Bronze,B
C01100,2024-04-20,35.0,Female,Казань,Поволжье,paid_search,Gold,A
C01101,2024-09-15,47.0,Male,Екатеринбург,Урал,organic,Bronze,B
C01102,2023-07-16,29.0,Female,Ростов-на-Дону,Юг,organic,Gold,A
C01103,2023-03-02,36.0,Male,Ростов-на-Дону,Юг,paid_search,Bronze,B
C01104,2024-05-20,37.0,Male,Новосибирск,Сибирь,organic,Silver,A
C01105,2023-06-09,30.0,Male,Ростов-на-Дону,Юг,social,Bronze,B
C01106,2023-12-16,33.0,Male,Екатеринбург,Урал,email,Gold,A
C01107,2024-02-17,43.0,Male,Санкт-Петербург,Северо-Запад,organic,Bronze,B
C01108,2023-06-08,52.0,Male,Новосибирск,Сибирь,organic,Bronze,A
C01109,2023-05-08,39.0,Male,Новосибирск,Сибирь,organic,Bronze,B
C01110,2024-12-04,22.0,Female,Краснодар,Юг,paid_search,Bronze,A
C01111,2023-11-01,18.0,Female,Москва,Центр,organic,Gold,B
C01112,2024-06-04,36.0,Female,Ростов-на-Дону,Юг,organic,Bronze,A
C01113,2024-04-17,42.0,Female,Краснодар,Юг,organic,Bronze,B
C01114,2024-01-23,39.0,Female,Владивосток,Дальний Восток,paid_search,Bronze,A
C01115,2023-11-25,51.0,Female,Владивосток,Дальний Восток,organic,Gold,B
C01116,2024-07-09,44.0,Male,Москва,Центр,organic,Silver,A
C01117,2024-11-27,50.0,Female,Краснодар,Юг,social,Silver,B
C01118,2023-07-24,27.0,Female,Краснодар,Юг,paid_search,Bronze,A
C01119,2024-02-28,34.0,Male,Владивосток,Дальний Восток,organic,Silver,B
C01120,2023-10-01,43.0,Female,Санкт-Петербург,Северо-Запад,email,Gold,A
C01121,2023-10-19,38.0,Female,Екатеринбург,Урал,paid_search,Bronze,B
C01122,2023-07-13,45.0,Male,Новосибирск,Сибирь,organic,Bronze,A
C01123,2024-09-20,22.0,Female,Екатеринбург,Урал,organic,Silver,B
C01124,2023-02-24,21.0,Female,Краснодар,Юг,organic,Bronze,A
C01125,2024-11-18,36.0,Female,Ростов-на-Дону,Юг,organic,Bronze,B
C01126,2023-06-01,18.0,Female,Екатеринбург,Урал,email,Bronze,A
C01127,2024-08-09,45.0,Male,Новосибирск,Сибирь,social,Bronze,B
C01128,2023-04-06,36.0,Female,Новосибирск,Сибирь,referral,Bronze,A
C01129,2024-07-25,37.0,Male,Владивосток,Дальний Восток,paid_search,Bronze,B
C01130,2024-01-08,34.0,Male,Краснодар,Юг,email,Bronze,A
C01131,2023-02-26,41.0,Male,Новосибирск,Сибирь,email,Bronze,B
C01132,2024-05-21,31.0,Female,Новосибирск,Сибирь,social,Silver,A
C01133,2023-06-16,39.0,Female,Новосибирск,Сибирь,paid_search,Bronze,B
C01134,2023-05-19,41.0,Male,Краснодар,Юг,email,Silver,A
C01135,2023-12-04,20.0,Female,Краснодар,Юг,email,Bronze,B
C01136,2023-02-13,35.0,Female,Екатеринбург,Урал,email,Bronze,A
C01137,2024-08-17,42.0,Female,Краснодар,Юг,organic,Bronze,B
C01138,2024-01-16,18.0,Female,Краснодар,Юг,referral,Bronze,A
C01139,2024-06-24,36.0,Male,Санкт-Петербург,Северо-Запад,organic,Silver,B
C01140,2024-08-08,47.0,Male,Новосибирск,Сибирь,paid_search,Silver,A
C01141,2024-08-21,46.0,Male,Москва,Центр,paid_search,Bronze,B
C01142,2023-08-29,22.0,Female,Краснодар,Юг,paid_search,Bronze,A
C01143,2024-11-12,41.0,Male,Казань,Поволжье,paid_search,Bronze,B
C01144,2023-12-03,44.0,Male,Владивосток,Дальний Восток,organic,Silver,A
C01145,2023-07-11,39.0,Male,Санкт-Петербург,Северо-Запад,social,Silver,B
C01146,2024-01-31,18.0,Female,Казань,Поволжье,organic,Silver,A
C01147,2024-11-14,62.0,Male,Краснодар,Юг,paid_search,Bronze,B
C01148,2023-03-04,35.0,Male,Екатеринбург,Урал,email,Bronze,A
C01149,2024-12-30,18.0,Female,Краснодар,Юг,organic,Silver,B
C01150,2024-05-15,18.0,Male,Краснодар,Юг,social,Bronze,A
C01151,2023-06-28,45.0,Male,Екатеринбург,Урал,paid_search,Silver,B
C01152,2023-03-09,35.0,Female,Краснодар,Юг,referral,Silver,A
C01153,2023-04-19,18.0,Female,Новосибирск,Сибирь,social,Silver,B
C01154,2024-01-19,45.0,Female,Москва,Центр,referral,Bronze,A
C01155,2024-01-07,31.0,Male,Екатеринбург,Урал,paid_search,Bronze,B
C01156,2024-03-05,43.0,Male,Екатеринбург,Урал,social,Silver,A
C01157,2023-03-01,31.0,Male,Москва,Центр,referral,Bronze,B
C01158,2024-11-26,30.0,Male,Москва,Центр,paid_search,Gold,A
C01159,2023-03-12,40.0,Male,Санкт-Петербург,Северо-Запад,paid_search,Bronze,B
C01160,2023-03-31,29.0,Male,Санкт-Петербург,Северо-Запад,organic,Bronze,A
C01161,2023-05-01,19.0,Male,Москва,Центр,paid_search,Bronze,B
C01162,2023-09-08,28.0,Male,Екатеринбург,Урал,email,Bronze,A
C01163,2023-11-12,36.0,Male,Санкт-Петербург,Северо-Запад,email,Bronze,B
C01164,2024-02-23,33.0,Female,Санкт-Петербург,Северо-Запад,paid_search,Bronze,A
C01165,2023-09-01,45.0,Female,Санкт-Петербург,Северо-Запад,paid_search,Bronze,B
C01166,2023-04-30,39.0,Female,Владивосток,Дальний Восток,paid_search,Silver,A
C01167,2024-02-21,27.0,Female,Новосибирск,Сибирь,referral,Bronze,B
C01168,2024-04-09,34.0,Male,Ростов-на-Дону,Юг,email,Silver,A
C01169,2023-07-16,26.0,Male,Казань,Поволжье,paid_search,Bronze,B
C01170,2024-04-13,28.0,Male,Екатеринбург,Урал,organic,Bronze,A
C01171,2023-06-20,18.0,Female,Владивосток,Дальний Восток,organic,Bronze,B
C01172,2023-02-04,52.0,Female,Новосибирск,Сибирь,organic,Bronze,A
C01173,2024-10-27,36.0,Male,Екатеринбург,Урал,referral,Bronze,B
C01174,2023-02-19,20.0,Female,Краснодар,Юг,referral,Bronze,A
C01175,2023-03-17,33.0,Female,Санкт-Петербург,Северо-Запад,paid_search,Silver,B
C01176,2023-02-20,25.0,Male,Москва,Центр,social,Bronze,A
C01177,2024-05-13,30.0,Female,Краснодар,Юг,organic,Gold,B
C01178,2023-12-22,39.0,Male,Новосибирск,Сибирь,email,Bronze,A
C01179,2024-09-08,37.0,Male,Екатеринбург,Урал,email,Bronze,B
C01180,2024-04-27,40.0,Male,Новосибирск,Сибирь,paid_search,Bronze,A
C01181,2023-11-01,49.0,Male,Казань,Поволжье,organic,Bronze,B
C01182,2024-08-18,30.0,Male,Казань,Поволжье,organic,Bronze,A
C01183,2024-08-18,25.0,Female,Владивосток,Дальний Восток,email,Bronze,B
C01184,2024-08-25,45.0,Male,Краснодар,Юг,paid_search,Gold,A
C01185,2024-02-16,47.0,Male,Москва,Центр,paid_search,Bronze,B
C01186,2023-07-14,66.0,Female,Санкт-Петербург,Северо-Запад,organic,Silver,A
C01187,2024-01-08,31.0,Female,Ростов-на-Дону,Юг,social,Bronze,B
C01188,2024-12-21,43.0,Female,Санкт-Петербург,Северо-Запад,email,Gold,A
C01189,2023-03-26,37.0,Female,Казань,Поволжье,paid_search,Bronze,B
C01190,2024-01-04,47.0,Male,Москва,Центр,paid_search,Bronze,A
C01191,2023-11-16,36.0,Female,Санкт-Петербург,Северо-Запад,paid_search,Bronze,B
C01192,2024-07-01,41.0,Female,Екатеринбург,Урал,paid_search,Bronze,A
C01193,2024-01-04,57.0,Female,Казань,Поволжье,organic,Silver,B
C01194,2024-09-06,34.0,Female,Ростов-на-Дону,Юг,social,Bronze,A
C01195,2023-08-05,42.0,Female,Ростов-на-Дону,Юг,email,Gold,B
C01196,2023-06-21,40.0,Female,Краснодар,Юг,paid_search,Bronze,A
C01197,2023-02-21,41.0,Male,Владивосток,Дальний Восток,paid_search,Bronze,B
C01198,2024-07-29,21.0,Female,Ростов-на-Дону,Юг,referral,Silver,A
C01199,2024-02-23,26.0,Female,Екатеринбург,Урал,referral,Gold,B
C01200,2023-04-28,36.0,Male,Санкт-Петербург,Северо-Запад,email,Bronze,A
C01201,2024-05-04,39.0,Male,Санкт-Петербург,Северо-Запад,paid_search,Silver,B
C01202,2023-07-30,28.0,Female,Екатеринбург,Урал,email,Gold,A
C01203,2024-06-06,34.0,Female,Екатеринбург,Урал,paid_search,Silver,B
C01204,2023-05-07,47.0,Female,Казань,Поволжье,email,Silver,A
C01205,2024-11-26,41.0,Female,Ростов-на-Дону,Юг,organic,Silver,B
C01206,2023-10-16,38.0,Male,Ростов-на-Дону,Юг,referral,Bronze,A
C01207,2024-04-24,38.0,Female,Москва,Центр,paid_search,Silver,B
C01208,2023-12-26,34.0,Male,Екатеринбург,Урал,organic,Bronze,A
C01209,2023-07-30,65.0,Male,Владивосток,Дальний Восток,referral,Bronze,B
C01210,2023-12-14,35.0,Female,Краснодар,Юг,referral,Bronze,A
C01211,2024-01-15,33.0,Female,Санкт-Петербург,Северо-Запад,organic,Bronze,B
C01212,2023-11-15,38.0,Male,Владивосток,Дальний Восток,organic,Bronze,A
C01213,2023-03-02,47.0,Female,Новосибирск,Сибирь,social,Bronze,B
C01214,2024-05-31,36.0,Female,Ростов-на-Дону,Юг,organic,Bronze,A
C01215,2024-11-12,18.0,Female,Екатеринбург,Урал,paid_search,Bronze,B
C01216,2024-12-12,35.0,Male,Санкт-Петербург,Северо-Запад,paid_search,Bronze,A
C01217,2023-10-02,55.0,Male,Санкт-Петербург,Северо-Запад,social,Bronze,B
C01218,2024-03-27,30.0,Male,Краснодар,Юг,referral,Silver,A
C01219,2024-11-10,18.0,Male,Ростов-на-Дону,Юг,paid_search,Bronze,B
C01220,2023-07-19,42.0,Male,Санкт-Петербург,Северо-Запад,organic,Bronze,A
C01221,2024-08-23,45.0,Male,Новосибирск,Сибирь,email,Bronze,B
C01222,2023-09-09,36.0,Female,Санкт-Петербург,Северо-Запад,email,Silver,A
C01223,2023-10-15,43.0,Male,Ростов-на-Дону,Юг,email,Gold,B
C01224,2024-01-30,47.0,Female,Новосибирск,Сибирь,organic,Bronze,A
C01225,2023-03-01,48.0,Female,Санкт-Петербург,Северо-Запад,paid_search,Bronze,B
C01226,2024-06-23,18.0,Female,Новосибирск,Сибирь,paid_search,Bronze,A
C01227,2023-06-07,41.0,Male,Новосибирск,Сибирь,social,Silver,B
C01228,2023-07-30,18.0,Male,Владивосток,Дальний Восток,paid_search,Bronze,A
C01229,2024-09-29,47.0,Male,Новосибирск,Сибирь,email,Gold,B
C01230,2024-08-16,31.0,Female,Москва,Центр,email,Bronze,A
C01231,2023-12-16,33.0,Male,Екатеринбург,Урал,organic,Bronze,B
C01232,2024-10-06,32.0,Female,Владивосток,Дальний Восток,organic,Bronze,A
C01233,2023-07-26,45.0,Male,Москва,Центр,social,Bronze,B
C01234,2023-04-21,35.0,Female,Владивосток,Дальний Восток,email,Bronze,A
C01235,2024-07-25,34.0,Male,Екатеринбург,Урал,referral,Bronze,B
C01236,2024-05-24,34.0,Female,Краснодар,Юг,paid_search,Bronze,A
C01237,2024-09-14,34.0,Female,Санкт-Петербург,Северо-Запад,social,Gold,B
C01238,2024-08-15,40.0,Female,Казань,Поволжье,referral,Bronze,A
C01239,2024-02-02,26.0,Male,Санкт-Петербург,Северо-Запад,email,Bronze,B
C01240,2024-04-08,50.0,Male,Санкт-Петербург,Северо-Запад,paid_search,Bronze,A
C01241,2024-05-27,43.0,Female,Казань,Поволжье,organic,Bronze,B
C01242,2024-08-14,35.0,Female,Ростов-на-Дону,Юг,paid_search,Bronze,A
C01243,2024-05-30,18.0,Female,Новосибирск,Сибирь,referral,Bronze,B
C01244,2023-05-15,45.0,Female,Новосибирск,Сибирь,organic,Bronze,A
C01245,2023-02-16,35.0,Male,Казань,Поволжье,referral,Silver,B
C01246,2024-07-25,46.0,Male,Краснодар,Юг,social,Bronze,A
C01247,2023-06-11,43.0,Female,Краснодар,Юг,social,Bronze,B
C01248,2024-01-10,43.0,Male,Москва,Центр,social,Bronze,A
C01249,2024-06-07,38.0,Female,Краснодар,Юг,organic,Silver,B
C01250,2023-07-19,37.0,Male,Москва,Центр,paid_search,Bronze,A
C01251,2023-06-30,18.0,Male,Казань,Поволжье,social,Gold,B
C01252,2023-04-27,25.0,Female,Владивосток,Дальний Восток,email,Bronze,A
C01253,2023-06-07,41.0,Male,Москва,Центр,paid_search,Gold,B
C01254,2024-03-18,32.0,Female,Санкт-Петербург,Северо-Запад,organic,Bronze,A
C01255,2023-07-30,29.0,Female,Москва,Центр,email,Bronze,B
C01256,2024-08-21,34.0,Female,Санкт-Петербург,Северо-Запад,organic,Silver,A
C01257,2024-02-18,57.0,Male,Ростов-на-Дону,Юг,paid_search,Silver,B
C01258,2024-04-17,35.0,Female,Новосибирск,Сибирь,social,Gold,A
C01259,2023-10-10,50.0,Male,Москва,Центр,paid_search,Silver,B
C01260,2024-05-05,29.0,Male,Москва,Центр,referral,Bronze,A
C01261,2023-09-12,34.0,Male,Казань,Поволжье,organic,Bronze,B
C01262,2023-12-03,31.0,Male,Москва,Центр,organic,Bronze,A
C01263,2024-10-06,27.0,Female,Владивосток,Дальний Восток,paid_search,Silver,B
C01264,2023-03-14,49.0,Male,Екатеринбург,Урал,organic,Silver,A
C01265,2023-09-03,32.0,Male,Москва,Центр,organic,Gold,B
C01266,2024-02-05,37.0,Female,Краснодар,Юг,social,Bronze,A
C01267,2023-08-05,23.0,Male,Москва,Центр,social,Silver,B
C01268,2024-12-20,48.0,Female,Екатеринбург,Урал,email,Bronze,A
C01269,2023-11-21,46.0,Female,Новосибирск,Сибирь,paid_search,Silver,B
C01270,2024-06-02,26.0,Female,Ростов-на-Дону,Юг,organic,Bronze,A
C01271,2023-05-30,37.0,Female,Санкт-Петербург,Северо-Запад,organic,Bronze,B
C01272,2024-08-13,18.0,Male,Владивосток,Дальний Восток,social,Silver,A
C01273,2024-05-16,21.0,Female,Екатеринбург,Урал,organic,Silver,B
C01274,2023-10-08,42.0,Male,Ростов-на-Дону,Юг,referral,Silver,A
C01275,2023-05-06,22.0,Male,Ростов-на-Дону,Юг,paid_search,Bronze,B
C01276,2023-03-19,46.0,Female,Краснодар,Юг,organic,Gold,A
C01277,2023-06-15,32.0,Male,Казань,Поволжье,paid_search,Bronze,B
C01278,2024-07-15,42.0,Female,Новосибирск,Сибирь,email,Bronze,A
C01279,2024-09-25,36.0,Male,Екатеринбург,Урал,referral,Bronze,B
C01280,2023-11-12,23.0,Female,Новосибирск,Сибирь,organic,Silver,A
C01281,2023-10-25,38.0,Female,Владивосток,Дальний Восток,paid_search,Bronze,B
C01282,2023-03-02,22.0,Male,Краснодар,Юг,referral,Bronze,A
C01283,2023-03-06,30.0,Male,Новосибирск,Сибирь,referral,Gold,B
C01284,2023-05-24,24.0,Male,Москва,Центр,email,Bronze,A
C01285,2023-04-01,42.0,Female,Екатеринбург,Урал,social,Bronze,B
C01286,2024-05-02,40.0,Male,Казань,Поволжье,email,Gold,A
C01287,2024-02-18,41.0,Male,Краснодар,Юг,social,Silver,B
C01288,2024-05-30,51.0,Male,Екатеринбург,Урал,referral,Bronze,A
C01289,2023-06-17,22.0,Male,Ростов-на-Дону,Юг,paid_search,Silver,B
C01290,2024-06-30,24.0,Male,Екатеринбург,Урал,referral,Bronze,A
C01291,2024-08-29,22.0,Female,Москва,Центр,social,Bronze,B
C01292,2023-10-28,28.0,Female,Москва,Центр,paid_search,Gold,A
C01293,2024-06-18,32.0,Female,Санкт-Петербург,Северо-Запад,email,Bronze,B
C01294,2023-09-12,26.0,Male,Новосибирск,Сибирь,paid_search,Bronze,A
C01295,2023-07-26,31.0,Male,Санкт-Петербург,Северо-Запад,paid_search,Gold,B
C01296,2023-02-14,24.0,Male,Екатеринбург,Урал,email,Gold,A
C01297,2024-04-05,34.0,Female,Москва,Центр,referral,Bronze,B
C01298,2024-04-23,53.0,Male,Москва,Центр,email,Bronze,A
C01299,2024-05-23,36.0,Male,Санкт-Петербург,Северо-Запад,email,Bronze,B
C01300,2024-10-16,29.0,Female,Санкт-Петербург,Северо-Запад,paid_search,Bronze,A
C01301,2024-02-17,30.0,Female,Москва,Центр,social,Bronze,B
C01302,2024-05-19,34.0,Female,Владивосток,Дальний Восток,paid_search,Bronze,A
C01303,2023-10-06,34.0,Female,Новосибирск,Сибирь,paid_search,Silver,B
C01304,2024-01-21,29.0,Male,Екатеринбург,Урал,email,Bronze,A
C01305,2023-05-27,22.0,Female,Краснодар,Юг,email,Silver,B
C01306,2023-05-03,36.0,Male,Казань,Поволжье,paid_search,Bronze,A
C01307,2024-08-24,22.0,Female,Екатеринбург,Урал,social,Bronze,B
C01308,2024-02-25,56.0,Female,Казань,Поволжье,social,Bronze,A
C01309,2024-02-21,18.0,Female,Ростов-на-Дону,Юг,email,Bronze,B
C01310,2023-11-17,52.0,Female,Владивосток,Дальний Восток,email,Bronze,A
C01311,2023-08-27,44.0,Male,Екатеринбург,Урал,paid_search,Silver,B
C01312,2024-01-06,55.0,Male,Краснодар,Юг,social,Bronze,A
C01313,2024-12-08,49.0,Male,Санкт-Петербург,Северо-Запад,organic,Gold,B
C01314,2024-02-09,42.0,Male,Москва,Центр,email,Gold,A
C01315,2023-03-08,33.0,Male,Казань,Поволжье,referral,Bronze,B
C01316,2024-02-09,43.0,Female,Санкт-Петербург,Северо-Запад,organic,Gold,A
C01317,2023-12-12,28.0,Male,Краснодар,Юг,paid_search,Silver,B
C01318,2024-03-21,34.0,Male,Казань,Поволжье,organic,Bronze,A
C01319,2023-09-10,35.0,Female,Санкт-Петербург,Северо-Запад,social,Bronze,B
C01320,2024-01-21,31.0,Female,Екатеринбург,Урал,organic,Bronze,A
C01321,2024-04-17,29.0,Male,Ростов-на-Дону,Юг,organic,Bronze,B
C01322,2024-07-19,28.0,Female,Москва,Центр,referral,Bronze,A
C01323,2023-07-15,31.0,Male,Ростов-на-Дону,Юг,organic,Bronze,B
C01324,2023-09-23,34.0,Male,Казань,Поволжье,referral,Silver,A
C01325,2024-11-14,47.0,Male,Краснодар,Юг,organic,Bronze,B
C01326,2023-04-28,18.0,Female,Москва,Центр,organic,Silver,A
C01327,2023-10-09,36.0,Male,Краснодар,Юг,paid_search,Gold,B
C01328,2024-09-02,51.0,Female,Владивосток,Дальний Восток,paid_search,Bronze,A
C01329,2024-10-02,35.0,Female,Ростов-на-Дону,Юг,paid_search,Bronze,B
C01330,2024-06-21,23.0,Male,Владивосток,Дальний Восток,organic,Silver,A
C01331,2023-07-29,56.0,Male,Казань,Поволжье,referral,Gold,B
C01332,2023-12-29,18.0,Female,Краснодар,Юг,social,Silver,A
C01333,2024-01-23,45.0,Female,Москва,Центр,social,Bronze,B
C01334,2023-07-28,18.0,Female,Владивосток,Дальний Восток,paid_search,Bronze,A
C01335,2023-11-08,18.0,Male,Ростов-на-Дону,Юг,organic,Silver,B
C01336,2024-06-18,18.0,Female,Екатеринбург,Урал,organic,Bronze,A
C01337,2024-02-02,38.0,Female,Краснодар,Юг,paid_search,Bronze,B
C01338,2023-10-11,40.0,Male,Ростов-на-Дону,Юг,paid_search,Silver,A
C01339,2023-02-14,36.0,Female,Ростов-на-Дону,Юг,organic,Silver,B
C01340,2023-02-04,45.0,Female,Ростов-на-Дону,Юг,social,Bronze,A
C01341,2024-08-27,24.0,Female,Краснодар,Юг,social,Bronze,B
C01342,2024-09-28,31.0,Female,Ростов-на-Дону,Юг,paid_search,Silver,A
C01343,2023-11-12,54.0,Male,Екатеринбург,Урал,paid_search,Bronze,B
C01344,2024-02-03,47.0,Male,Ростов-на-Дону,Юг,organic,Bronze,A
C01345,2023-12-26,26.0,Female,Unknown,Дальний Восток,social,Bronze,B
C01346,2024-11-03,33.0,Male,Екатеринбург,Урал,paid_search,Bronze,A
C01347,2024-04-15,31.0,Male,Санкт-Петербург,Северо-Запад,referral,Bronze,B
C01348,2023-07-20,27.0,Female,Новосибирск,Сибирь,social,Silver,A
C01349,2024-02-02,56.0,Female,Москва,Центр,social,Silver,B
C01350,2024-04-13,37.0,Male,Санкт-Петербург,Северо-Запад,referral,Bronze,A
C01351,2023-09-19,35.0,Male,Владивосток,Дальний Восток,email,Bronze,B
C01352,2023-02-14,18.0,Male,Ростов-на-Дону,Юг,organic,Silver,A
C01353,2023-11-15,42.0,Male,Краснодар,Юг,paid_search,Bronze,B
C01354,2024-11-24,18.0,Male,Краснодар,Юг,paid_search,Silver,A
C01355,2024-01-09,18.0,Female,Краснодар,Юг,social,Gold,B
C01356,2023-11-03,33.0,Male,Новосибирск,Сибирь,organic,Bronze,A
C01357,2024-04-12,31.0,Female,Екатеринбург,Урал,email,Bronze,B
C01358,2024-06-02,57.0,Male,Екатеринбург,Урал,referral,Bronze,A
C01359,2024-07-26,34.0,Female,Санкт-Петербург,Северо-Запад,social,Silver,B
C01360,2024-08-27,43.0,Female,Ростов-на-Дону,Юг,social,Bronze,A
C01361,2024-07-03,30.0,Male,Ростов-на-Дону,Юг,organic,Silver,B
C01362,2024-05-20,22.0,Male,Казань,Поволжье,referral,Bronze,A
C01363,2023-11-06,37.0,Female,Санкт-Петербург,Северо-Запад,paid_search,Silver,B
C01364,2023-05-05,50.0,Male,Казань,Поволжье,organic,Gold,A
C01365,2024-10-05,57.0,Male,Екатеринбург,Урал,paid_search,Bronze,B
C01366,2023-02-13,34.0,Male,Санкт-Петербург,Северо-Запад,social,Silver,A
C01367,2023-03-25,45.0,Female,Новосибирск,Сибирь,organic,Gold,B
C01368,2024-05-21,22.0,Female,Москва,Центр,paid_search,Bronze,A
C01369,2024-04-21,40.0,Male,Ростов-на-Дону,Юг,referral,Bronze,B
C01370,2024-03-03,39.0,Female,Владивосток,Дальний Восток,organic,Silver,A
C01371,2024-01-25,44.0,Male,Новосибирск,Сибирь,organic,Bronze,B
C01372,2024-05-16,41.0,Male,Санкт-Петербург,Северо-Запад,organic,Silver,A
C01373,2024-01-01,26.0,Female,Новосибирск,Сибирь,paid_search,Silver,B
C01374,2023-10-15,35.0,Male,Владивосток,Дальний Восток,organic,Bronze,A
C01375,2024-11-25,37.0,Female,Краснодар,Юг,email,Bronze,B
C01376,2024-06-13,45.0,Female,Краснодар,Юг,paid_search,Gold,A
C01377,2024-01-06,48.0,Male,Санкт-Петербург,Северо-Запад,organic,Silver,B
C01378,2024-07-03,46.0,Female,Ростов-на-Дону,Юг,referral,Bronze,A
C01379,2023-08-15,33.0,Female,Санкт-Петербург,Северо-Запад,paid_search,Silver,B
C01380,2024-09-30,29.0,Male,Новосибирск,Сибирь,social,Bronze,A
C01381,2024-03-05,36.0,Female,Санкт-Петербург,Северо-Запад,organic,Bronze,B
C01382,2024-11-12,46.0,Female,Санкт-Петербург,Северо-Запад,paid_search,Bronze,A
C01383,2023-06-10,33.0,Female,Ростов-на-Дону,Юг,email,Bronze,B
C01384,2023-04-05,23.0,Male,Новосибирск,Сибирь,email,Bronze,A
C01385,2024-10-12,33.0,Female,Москва,Центр,organic,Silver,B
C01386,2023-11-07,31.0,Female,Казань,Поволжье,email,Silver,A
C01387,2024-10-02,42.0,Female,Санкт-Петербург,Северо-Запад,organic,Bronze,B
C01388,2023-11-18,43.0,Female,Ростов-на-Дону,Юг,email,Gold,A
C01389,2024-08-04,30.0,Female,Краснодар,Юг,referral,Bronze,B
C01390,2024-11-04,46.0,Male,Краснодар,Юг,organic,Silver,A
C01391,2023-03-20,42.0,Female,Ростов-на-Дону,Юг,organic,Bronze,B
C01392,2023-06-20,41.0,Female,Москва,Центр,email,Silver,A
C01393,2023-07-14,38.0,Male,Москва,Центр,paid_search,Silver,B
C01394,2023-08-16,40.0,Female,Казань,Поволжье,referral,Bronze,A
C01395,2024-01-30,18.0,Female,Владивосток,Дальний Восток,organic,Gold,B
C01396,2023-02-01,40.0,Female,Санкт-Петербург,Северо-Запад,paid_search,Gold,A
C01397,2023-09-14,45.0,Male,Владивосток,Дальний Восток,social,Bronze,B
C01398,2024-05-04,31.0,Male,Санкт-Петербург,Северо-Запад,referral,Bronze,A
C01399,2023-05-22,20.0,Female,Краснодар,Юг,email,Silver,B
C01400,2023-12-29,33.0,Male,Екатеринбург,Урал,paid_search,Silver,A
C01401,2024-03-07,33.0,Male,Екатеринбург,Урал,email,Silver,B
C01402,2023-04-03,41.0,Female,Екатеринбург,Урал,social,Bronze,A
C01403,2023-11-06,18.0,Male,Краснодар,Юг,email,Bronze,B
C01404,2023-10-13,31.0,Female,Екатеринбург,Урал,paid_search,Silver,A
C01405,2023-02-18,28.0,Male,Екатеринбург,Урал,referral,Bronze,B
C01406,2024-06-11,21.0,Female,Ростов-на-Дону,Юг,social,Gold,A
C01407,2023-03-23,28.0,Male,Казань,Поволжье,email,Bronze,B
C01408,2023-02-10,18.0,Male,Москва,Центр,email,Bronze,A
C01409,2023-06-16,36.0,Female,Москва,Центр,email,Gold,B
C01410,2024-03-14,31.0,Female,Москва,Центр,organic,Silver,A
C01411,2024-06-12,34.0,Female,Новосибирск,Сибирь,email,Bronze,B
C01412,2024-02-29,54.0,Male,Ростов-на-Дону,Юг,organic,Bronze,A
C01413,2024-12-18,56.0,Female,Москва,Центр,organic,Gold,B
C01414,2024-12-04,18.0,Male,Владивосток,Дальний Восток,organic,Bronze,A
C01415,2023-08-12,19.0,Female,Казань,Поволжье,referral,Bronze,B
C01416,2024-09-17,30.0,Female,Новосибирск,Сибирь,organic,Bronze,A
C01417,2023-02-19,34.0,Female,Владивосток,Дальний Восток,organic,Bronze,B
C01418,2023-08-19,52.0,Female,Екатеринбург,Урал,organic,Silver,A
C01419,2024-10-09,38.0,Female,Москва,Центр,social,Bronze,B
C01420,2024-05-24,45.0,Female,Казань,Поволжье,paid_search,Silver,A
C01421,2023-07-26,23.0,Female,Екатеринбург,Урал,social,Bronze,B
C01422,2023-05-04,42.0,Female,Краснодар,Юг,referral,Silver,A
C01423,2023-12-01,19.0,Female,Владивосток,Дальний Восток,organic,Silver,B
C01424,2024-01-28,38.0,Female,Владивосток,Дальний Восток,organic,Silver,A
C01425,2023-11-22,34.0,Male,Казань,Поволжье,organic,Silver,B
C01426,2023-02-17,37.0,Female,Краснодар,Юг,paid_search,Bronze,A
C01427,2024-10-14,45.0,Female,Ростов-на-Дону,Юг,referral,Bronze,B
C01428,2023-11-02,34.0,Male,Ростов-на-Дону,Юг,social,Silver,A
C01429,2024-08-27,44.0,Male,Санкт-Петербург,Северо-Запад,organic,Bronze,B
C01430,2023-08-25,27.0,Female,Краснодар,Юг,paid_search,Bronze,A
C01431,2024-06-25,36.0,Male,Новосибирск,Сибирь,email,Silver,B
C01432,2023-02-13,33.0,Female,Санкт-Петербург,Северо-Запад,referral,Bronze,A
C01433,2023-12-22,42.0,Male,Краснодар,Юг,organic,Bronze,B
C01434,2024-10-27,29.0,Male,Краснодар,Юг,organic,Gold,A
C01435,2024-12-12,18.0,Female,Казань,Поволжье,social,Bronze,B
C01436,2024-06-12,38.0,Female,Москва,Центр,organic,Bronze,A
C01437,2024-02-14,35.0,Female,Санкт-Петербург,Северо-Запад,paid_search,Silver,B
C01438,2024-11-20,34.0,Female,Екатеринбург,Урал,email,Gold,A
C01439,2023-10-10,21.0,Female,Екатеринбург,Урал,organic,Silver,B
C01440,2024-04-16,48.0,Female,Санкт-Петербург,Северо-Запад,organic,Gold,A
C01441,2024-01-10,30.0,Male,Ростов-на-Дону,Юг,organic,Bronze,B
C01442,2024-01-05,35.0,Female,Казань,Поволжье,paid_search,Silver,A
C01443,2023-03-14,39.0,Female,Новосибирск,Сибирь,social,Bronze,B
C01444,2023-10-11,39.0,Female,Москва,Центр,social,Gold,A
C01445,2024-03-09,18.0,Female,Москва,Центр,paid_search,Bronze,B
C01446,2023-04-20,41.0,Female,Ростов-на-Дону,Юг,social,Silver,A
C01447,2024-07-29,32.0,Female,Санкт-Петербург,Северо-Запад,organic,Bronze,B
C01448,2024-02-26,36.0,Female,Краснодар,Юг,organic,Bronze,A
C01449,2023-09-26,27.0,Female,Владивосток,Дальний Восток,paid_search,Silver,B
C01450,2024-04-04,28.0,Female,Ростов-на-Дону,Юг,email,Gold,A
C01451,2024-07-02,44.0,Female,Ростов-на-Дону,Юг,email,Bronze,B
C01452,2023-08-22,38.0,Male,Москва,Центр,paid_search,Bronze,A
C01453,2023-02-06,37.0,Male,Москва,Центр,email,Bronze,B
C01454,2023-05-16,46.0,Male,Казань,Поволжье,email,Bronze,A
C01455,2023-05-07,42.0,Male,Краснодар,Юг,email,Silver,B
C01456,2023-06-30,27.0,Female,Санкт-Петербург,Северо-Запад,organic,Gold,A
C01457,2024-09-19,27.0,Male,Казань,Поволжье,referral,Bronze,B
C01458,2024-12-29,32.0,Female,Ростов-на-Дону,Юг,organic,Bronze,A
C01459,2024-06-02,23.0,Male,Екатеринбург,Урал,paid_search,Silver,B
C01460,2023-02-17,49.0,Female,Казань,Поволжье,organic,Bronze,A
C01461,2024-08-04,53.0,Female,Екатеринбург,Урал,organic,Silver,B
C01462,2024-05-10,29.0,Female,Ростов-на-Дону,Юг,organic,Bronze,A
C01463,2023-09-25,30.0,Male,Новосибирск,Сибирь,email,Silver,B
C01464,2023-12-13,32.0,Male,Москва,Центр,email,Silver,A
C01465,2023-06-10,27.0,Male,Новосибирск,Сибирь,organic,Bronze,B
C01466,2024-10-18,36.0,Male,Краснодар,Юг,referral,Bronze,A
C01467,2024-11-29,27.0,Female,Казань,Поволжье,organic,Bronze,B
C01468,2024-10-19,38.0,Female,Казань,Поволжье,email,Bronze,A
C01469,2024-10-30,35.0,Male,Екатеринбург,Урал,referral,Bronze,B
C01470,2023-11-17,34.0,Female,Екатеринбург,Урал,paid_search,Bronze,A
C01471,2024-03-19,18.0,Female,Екатеринбург,Урал,referral,Silver,B
C01472,2023-02-21,52.0,Male,Екатеринбург,Урал,email,Bronze,A
C01473,2023-04-09,39.0,Female,Владивосток,Дальний Восток,paid_search,Silver,B
C01474,2024-04-13,18.0,Male,Екатеринбург,Урал,email,Bronze,A
C01475,2023-08-31,37.0,Female,Краснодар,Юг,social,Bronze,B
C01476,2023-06-03,18.0,Male,Москва,Центр,organic,Silver,A
C01477,2023-07-18,40.0,Male,Казань,Поволжье,organic,Bronze,B
C01478,2024-10-03,47.0,Female,Владивосток,Дальний Восток,referral,Silver,A
C01479,2024-04-17,59.0,Male,Москва,Центр,paid_search,Silver,B
C01480,2023-10-29,34.0,Male,Москва,Центр,email,Bronze,A
C01481,2023-07-25,31.0,Male,Москва,Центр,organic,Gold,B
C01482,2023-05-08,51.0,Female,Санкт-Петербург,Северо-Запад,social,Silver,A
C01483,2024-10-19,37.0,Female,Москва,Центр,paid_search,Gold,B
C01484,2023-05-10,54.0,Female,Владивосток,Дальний Восток,organic,Bronze,A
C01485,2024-02-06,35.0,Female,Казань,Поволжье,organic,Bronze,B
C01486,2024-11-11,31.0,Male,Санкт-Петербург,Северо-Запад,email,Bronze,A
C01487,2023-05-06,57.0,Male,Москва,Центр,social,Bronze,B
C01488,2024-11-12,43.0,Female,Санкт-Петербург,Северо-Запад,organic,Silver,A
C01489,2024-02-23,18.0,Female,Казань,Поволжье,email,Bronze,B
C01490,2024-12-21,30.0,Male,Ростов-на-Дону,Юг,organic,Silver,A
C01491,2023-12-02,35.0,Male,Владивосток,Дальний Восток,organic,Bronze,B
C01492,2024-07-14,22.0,Male,Ростов-на-Дону,Юг,email,Bronze,A
C01493,2023-07-26,39.0,Male,Екатеринбург,Урал,social,Silver,B
C01494,2023-08-09,26.0,Male,Краснодар,Юг,paid_search,Silver,A
C01495,2023-10-09,42.0,Female,Владивосток,Дальний Восток,email,Silver,B
C01496,2024-01-13,46.0,Female,Санкт-Петербург,Северо-Запад,social,Bronze,A
C01497,2023-03-18,33.0,Female,Ростов-на-Дону,Юг,paid_search,Silver,B
C01498,2024-03-20,34.0,Female,Казань,Поволжье,referral,Bronze,A
C01499,2024-03-26,62.0,Female,Краснодар,Юг,email,Silver,B
C01500,2024-01-22,30.0,Female,Екатеринбург,Урал,organic,Silver,A
C01501,2024-05-28,30.0,Female,Краснодар,Юг,paid_search,Silver,B
C01502,2024-05-10,26.0,Female,Владивосток,Дальний Восток,organic,Silver,A
C01503,2023-07-17,18.0,Male,Екатеринбург,Урал,organic,Bronze,B
C01504,2023-06-25,35.0,Female,Казань,Поволжье,organic,Bronze,A
C01505,2024-12-26,18.0,Female,Новосибирск,Сибирь,social,Bronze,B
C01506,2023-06-03,30.0,Female,Ростов-на-Дону,Юг,organic,Gold,A
C01507,2024-02-12,41.0,Male,Краснодар,Юг,organic,Silver,B
C01508,2023-12-26,34.0,Female,Краснодар,Юг,email,Bronze,A
C01509,2023-07-07,52.0,Male,Краснодар,Юг,social,Bronze,B
C01510,2023-11-13,36.0,Female,Екатеринбург,Урал,referral,Gold,A
C01511,2024-01-01,27.0,Female,Санкт-Петербург,Северо-Запад,organic,Bronze,B
C01512,2023-03-02,38.0,Male,Краснодар,Юг,social,Bronze,A
C01513,2024-04-17,37.0,Female,Казань,Поволжье,referral,Bronze,B
C01514,2023-12-07,45.0,Male,Казань,Поволжье,social,Gold,A
C01515,2023-04-29,27.0,Male,Москва,Центр,organic,Silver,B
C01516,2023-04-02,20.0,Female,Москва,Центр,social,Bronze,A
C01517,2023-09-18,35.0,Female,Екатеринбург,Урал,social,Bronze,B
C01518,2023-03-09,25.0,Female,Краснодар,Юг,organic,Bronze,A
C01519,2023-11-08,44.0,Male,Ростов-на-Дону,Юг,paid_search,Silver,B
C01520,2024-02-28,40.0,Male,Новосибирск,Сибирь,referral,Bronze,A
C01521,2023-06-29,31.0,Female,Новосибирск,Сибирь,referral,Bronze,B
C01522,2024-04-25,36.0,Male,Краснодар,Юг,social,Silver,A
C01523,2024-12-27,42.0,Male,Ростов-на-Дону,Юг,referral,Bronze,B
C01524,2024-01-04,35.0,Female,Санкт-Петербург,Северо-Запад,organic,Bronze,A
C01525,2023-04-12,39.0,Female,Владивосток,Дальний Восток,organic,Bronze,B
C01526,2024-04-18,18.0,Female,Москва,Центр,email,Silver,A
C01527,2024-05-24,20.0,Female,Ростов-на-Дону,Юг,organic,Silver,B
C01528,2024-04-20,47.0,Male,Краснодар,Юг,paid_search,Silver,A
C01529,2023-06-29,44.0,Female,Казань,Поволжье,organic,Bronze,B
C01530,2023-03-08,27.0,Female,Краснодар,Юг,paid_search,Bronze,A
C01531,2024-08-06,47.0,Female,Екатеринбург,Урал,organic,Silver,B
C01532,2023-04-30,29.0,Male,Санкт-Петербург,Северо-Запад,paid_search,Bronze,A
C01533,2024-01-01,31.0,Male,Казань,Поволжье,organic,Bronze,B
C01534,2024-12-18,28.0,Male,Москва,Центр,social,Bronze,A
C01535,2023-05-08,36.0,Male,Санкт-Петербург,Северо-Запад,referral,Gold,B
C01536,2023-02-10,45.0,Male,Казань,Поволжье,paid_search,Bronze,A
C01537,2024-12-05,37.0,Female,Владивосток,Дальний Восток,paid_search,Silver,B
C01538,2023-09-29,33.0,Female,Владивосток,Дальний Восток,referral,Silver,A
C01539,2023-07-14,35.0,Female,Москва,Центр,social,Bronze,B
C01540,2024-05-25,48.0,Female,Краснодар,Юг,organic,Bronze,A
C01541,2024-02-02,26.0,Male,Новосибирск,Сибирь,paid_search,Silver,B
C01542,2024-08-05,38.0,Male,Москва,Центр,paid_search,Bronze,A
C01543,2024-04-07,36.0,Female,Ростов-на-Дону,Юг,referral,Bronze,B
C01544,2024-07-15,38.0,Female,Новосибирск,Сибирь,paid_search,Bronze,A
C01545,2023-09-19,54.0,Male,Санкт-Петербург,Северо-Запад,referral,Gold,B
C01546,2024-01-19,52.0,Female,Ростов-на-Дону,Юг,social,Gold,A
C01547,2024-05-20,37.0,Male,Ростов-на-Дону,Юг,organic,Bronze,B
C01548,2023-05-05,34.0,Female,Новосибирск,Сибирь,organic,Silver,A
C01549,2024-07-09,42.0,Male,Казань,Поволжье,referral,Bronze,B
C01550,2023-12-03,34.0,Female,Владивосток,Дальний Восток,paid_search,Silver,A
C01551,2024-02-23,35.0,Female,Санкт-Петербург,Северо-Запад,organic,Bronze,B
C01552,2024-12-03,31.0,Male,Краснодар,Юг,organic,Bronze,A
C01553,2023-11-10,30.0,Female,Краснодар,Юг,email,Bronze,B
C01554,2024-10-11,44.0,Male,Краснодар,Юг,social,Bronze,A
C01555,2023-02-18,51.0,Male,Ростов-на-Дону,Юг,referral,Bronze,B
C01556,2023-03-08,38.0,Female,Екатеринбург,Урал,organic,Silver,A
C01557,2023-10-16,20.0,Male,Екатеринбург,Урал,paid_search,Gold,B
C01558,2024-08-30,31.0,Male,Владивосток,Дальний Восток,referral,Bronze,A
C01559,2024-02-17,44.0,Female,Владивосток,Дальний Восток,organic,Silver,B
C01560,2023-04-27,18.0,Female,Новосибирск,Сибирь,email,Silver,A
C01561,2023-12-14,33.0,Male,Казань,Поволжье,social,Bronze,B
C01562,2024-09-13,33.0,Female,Екатеринбург,Урал,paid_search,Bronze,A
C01563,2023-03-29,35.0,Female,Москва,Центр,social,Silver,B
C01564,2024-10-21,32.0,Female,Краснодар,Юг,email,Silver,A
C01565,2023-06-10,39.0,Male,Казань,Поволжье,email,Bronze,B
C01566,2024-06-22,41.0,Female,Екатеринбург,Урал,organic,Bronze,A
C01567,2023-12-31,39.0,Male,Новосибирск,Сибирь,paid_search,Silver,B
C01568,2024-08-07,57.0,Female,Ростов-на-Дону,Юг,organic,Bronze,A
C01569,2024-09-09,44.0,Male,Новосибирск,Сибирь,organic,Bronze,B
C01570,2023-07-12,29.0,Male,Владивосток,Дальний Восток,organic,Bronze,A
C01571,2023-09-10,35.0,Male,Новосибирск,Сибирь,social,Bronze,B
C01572,2024-06-27,43.0,Female,Санкт-Петербург,Северо-Запад,organic,Bronze,A
C01573,2023-02-23,46.0,Female,Казань,Поволжье,social,Bronze,B
C01574,2023-06-25,38.0,Male,Новосибирск,Сибирь,organic,Bronze,A
C01575,2023-11-29,53.0,Male,Казань,Поволжье,social,Bronze,B
C01576,2024-12-02,18.0,Male,Ростов-на-Дону,Юг,social,Bronze,A
C01577,2023-08-18,18.0,Female,Ростов-на-Дону,Юг,social,Silver,B
C01578,2024-10-22,40.0,Male,Екатеринбург,Урал,organic,Gold,A
C01579,2024-09-27,33.0,Male,Екатеринбург,Урал,social,Bronze,B
C01580,2024-10-26,18.0,Male,Ростов-на-Дону,Юг,referral,Silver,A
C01581,2023-10-06,40.0,Male,Ростов-на-Дону,Юг,paid_search,Silver,B
C01582,2024-07-21,28.0,Male,Краснодар,Юг,referral,Silver,A
C01583,2023-11-18,47.0,Male,Москва,Центр,email,Bronze,B
C01584,2023-11-23,30.0,Female,Казань,Поволжье,paid_search,Bronze,A
C01585,2023-12-30,33.0,Female,Казань,Поволжье,paid_search,Silver,B
C01586,2024-12-16,46.0,Male,Москва,Центр,social,Bronze,A
C01587,2023-11-07,37.0,Female,Владивосток,Дальний Восток,social,Bronze,B
C01588,2024-11-03,28.0,Male,Краснодар,Юг,organic,Bronze,A
C01589,2023-07-18,51.0,Female,Краснодар,Юг,organic,Silver,B
C01590,2024-04-28,36.0,Female,Владивосток,Дальний Восток,paid_search,Bronze,A
C01591,2023-04-24,18.0,Male,Москва,Центр,referral,Bronze,B
C01592,2024-10-11,18.0,Male,Новосибирск,Сибирь,email,Bronze,A
C01593,2023-12-30,42.0,Male,Новосибирск,Сибирь,organic,Silver,B
C01594,2024-12-24,39.0,Male,Москва,Центр,referral,Gold,A
C01595,2023-06-07,41.0,Female,Москва,Центр,paid_search,Bronze,B
C01596,2024-08-05,38.0,Female,Ростов-на-Дону,Юг,organic,Gold,A
C01597,2023-08-04,42.0,Male,Владивосток,Дальний Восток,paid_search,Bronze,B
C01598,2023-08-25,22.0,Male,Казань,Поволжье,paid_search,Bronze,A
C01599,2024-11-12,60.0,Female,Москва,Центр,referral,Bronze,B
C01600,2023-09-11,34.0,Female,Москва,Центр,referral,Gold,A
C01601,2023-10-07,38.0,Male,Москва,Центр,organic,Bronze,B
C01602,2023-07-15,23.0,Female,Санкт-Петербург,Северо-Запад,social,Bronze,A
C01603,2024-02-11,52.0,Male,Новосибирск,Сибирь,paid_search,Silver,B
C01604,2023-12-24,23.0,Male,Владивосток,Дальний Восток,referral,Bronze,A
C01605,2023-06-18,50.0,Male,Новосибирск,Сибирь,email,Silver,B
C01606,2024-05-10,63.0,Female,Казань,Поволжье,paid_search,Gold,A
C01607,2024-10-29,26.0,Female,Москва,Центр,referral,Bronze,B
C01608,2023-11-12,44.0,Female,Новосибирск,Сибирь,social,Bronze,A
C01609,2023-05-26,43.0,Female,Краснодар,Юг,organic,Bronze,B
C01610,2023-09-14,42.0,Male,Краснодар,Юг,paid_search,Bronze,A
C01611,2023-02-28,42.0,Female,Екатеринбург,Урал,email,Silver,B
C01612,2024-12-08,43.0,Male,Казань,Поволжье,referral,Silver,A
C01613,2024-05-22,29.0,Male,Владивосток,Дальний Восток,social,Bronze,B
C01614,2023-04-30,48.0,Female,Новосибирск,Сибирь,social,Gold,A
C01615,2024-10-27,28.0,Male,Новосибирск,Сибирь,email,Bronze,B
C01616,2023-12-22,18.0,Male,Владивосток,Дальний Восток,organic,Bronze,A
C01617,2024-02-09,34.0,Male,Владивосток,Дальний Восток,organic,Bronze,B
C01618,2024-11-19,38.0,Male,Новосибирск,Сибирь,email,Bronze,A
C01619,2023-03-15,23.0,Female,Санкт-Петербург,Северо-Запад,paid_search,Silver,B
C01620,2023-08-20,45.0,Male,Ростов-на-Дону,Юг,social,Silver,A
C01621,2023-07-22,50.0,Male,Новосибирск,Сибирь,referral,Gold,B
C01622,2023-06-14,30.0,Female,Владивосток,Дальний Восток,referral,Bronze,A
C01623,2024-10-20,38.0,Female,Казань,Поволжье,paid_search,Bronze,B
C01624,2023-05-22,19.0,Male,Краснодар,Юг,social,Bronze,A
C01625,2023-08-02,31.0,Male,Новосибирск,Сибирь,email,Bronze,B
C01626,2024-09-22,32.0,Female,Владивосток,Дальний Восток,social,Bronze,A
C01627,2023-10-28,33.0,Female,Ростов-на-Дону,Юг,social,Silver,B
C01628,2024-05-16,33.0,Male,Новосибирск,Сибирь,social,Bronze,A
C01629,2024-10-02,33.0,Male,Краснодар,Юг,email,Bronze,B
C01630,2024-01-29,18.0,Female,Краснодар,Юг,organic,Bronze,A
C01631,2024-11-08,37.0,Male,Екатеринбург,Урал,paid_search,Bronze,B
C01632,2024-01-05,27.0,Male,Краснодар,Юг,social,Silver,A
C01633,2024-09-07,28.0,Male,Новосибирск,Сибирь,paid_search,Silver,B
C01634,2024-06-04,37.0,Male,Екатеринбург,Урал,email,Gold,A
C01635,2023-12-16,51.0,Male,Казань,Поволжье,organic,Bronze,B
C01636,2023-12-25,40.0,Female,Владивосток,Дальний Восток,organic,Silver,A
C01637,2023-06-29,18.0,Male,Екатеринбург,Урал,paid_search,Silver,B
C01638,2023-12-22,37.0,Female,Екатеринбург,Урал,email,Silver,A
C01639,2023-04-29,42.0,Male,Ростов-на-Дону,Юг,paid_search,Bronze,B
C01640,2023-06-16,39.0,Male,Екатеринбург,Урал,referral,Bronze,A
C01641,2023-02-18,27.0,Male,Ростов-на-Дону,Юг,organic,Bronze,B
C01642,2024-06-21,42.0,Male,Владивосток,Дальний Восток,paid_search,Bronze,A
C01643,2024-10-07,18.0,Male,Москва,Центр,social,Bronze,B
C01644,2024-06-06,24.0,Female,Новосибирск,Сибирь,email,Bronze,A
C01645,2024-10-17,49.0,Female,Ростов-на-Дону,Юг,organic,Gold,B
C01646,2024-11-18,24.0,Female,Санкт-Петербург,Северо-Запад,email,Silver,A
C01647,2024-03-07,21.0,Female,Екатеринбург,Урал,organic,Gold,B
C01648,2024-02-15,36.0,Female,Новосибирск,Сибирь,social,Bronze,A
C01649,2024-11-13,40.0,Female,Москва,Центр,organic,Bronze,B
C01650,2023-07-09,28.0,Female,Краснодар,Юг,email,Gold,A
C01651,2024-12-04,19.0,Female,Екатеринбург,Урал,organic,Bronze,B
C01652,2024-04-10,31.0,Male,Ростов-на-Дону,Юг,email,Silver,A
C01653,2024-08-07,38.0,Female,Москва,Центр,organic,Bronze,B
C01654,2024-02-29,19.0,Female,Краснодар,Юг,referral,Bronze,A
C01655,2024-10-03,26.0,Female,Санкт-Петербург,Северо-Запад,referral,Bronze,B
C01656,2023-02-04,21.0,Male,Ростов-на-Дону,Юг,social,Silver,A
C01657,2024-04-21,50.0,Female,Владивосток,Дальний Восток,organic,Bronze,B
C01658,2023-03-06,37.0,Female,Санкт-Петербург,Северо-Запад,organic,Bronze,A
C01659,2023-03-11,27.0,Male,Новосибирск,Сибирь,referral,Bronze,B
C01660,2023-05-29,33.0,Male,Екатеринбург,Урал,referral,Bronze,A
C01661,2023-07-15,29.0,Female,Новосибирск,Сибирь,social,Bronze,B
C01662,2024-05-17,31.0,Female,Новосибирск,Сибирь,referral,Bronze,A
C01663,2023-09-21,26.0,Female,Владивосток,Дальний Восток,organic,Silver,B
C01664,2024-04-13,36.0,Female,Москва,Центр,social,Gold,A
C01665,2024-06-26,37.0,Male,Новосибирск,Сибирь,email,Bronze,B
C01666,2023-03-18,24.0,Male,Санкт-Петербург,Северо-Запад,social,Silver,A
C01667,2024-10-17,44.0,Female,Казань,Поволжье,organic,Silver,B
C01668,2024-09-04,43.0,Female,Ростов-на-Дону,Юг,referral,Silver,A
C01669,2024-10-25,41.0,Female,Казань,Поволжье,referral,Bronze,B
C01670,2024-02-28,20.0,Male,Ростов-на-Дону,Юг,social,Bronze,A
C01671,2024-02-28,45.0,Female,Новосибирск,Сибирь,email,Bronze,B
C01672,2024-08-09,42.0,Male,Ростов-на-Дону,Юг,organic,Silver,A
C01673,2023-02-04,39.0,Male,Владивосток,Дальний Восток,referral,Silver,B
C01674,2024-10-12,21.0,Male,Владивосток,Дальний Восток,referral,Silver,A
C01675,2024-03-16,37.0,Female,Владивосток,Дальний Восток,organic,Silver,B
C01676,2023-11-06,20.0,Female,Санкт-Петербург,Северо-Запад,email,Gold,A
C01677,2023-02-17,42.0,Female,Москва,Центр,referral,Silver,B
C01678,2023-04-24,53.0,Female,Санкт-Петербург,Северо-Запад,social,Gold,A
C01679,2024-03-31,37.0,Female,Екатеринбург,Урал,email,Gold,B
C01680,2023-11-14,50.0,Male,Санкт-Петербург,Северо-Запад,organic,Silver,A
C01681,2023-12-06,43.0,Female,Владивосток,Дальний Восток,organic,Gold,B
C01682,2024-08-31,52.0,Female,Владивосток,Дальний Восток,paid_search,Gold,A
C01683,2024-07-01,22.0,Male,Новосибирск,Сибирь,paid_search,Silver,B
C01684,2024-06-09,39.0,Female,Казань,Поволжье,email,Bronze,A
C01685,2023-02-26,35.0,Male,Владивосток,Дальний Восток,organic,Bronze,B
C01686,2024-03-28,28.0,Male,Санкт-Петербург,Северо-Запад,paid_search,Bronze,A
C01687,2024-08-14,23.0,Female,Новосибирск,Сибирь,email,Silver,B
C01688,2024-09-21,33.0,Male,Санкт-Петербург,Северо-Запад,social,Bronze,A
C01689,2023-08-06,39.0,Male,Краснодар,Юг,organic,Bronze,B
C01690,2024-05-01,43.0,Female,Владивосток,Дальний Восток,organic,Silver,A
C01691,2024-10-23,38.0,Male,Екатеринбург,Урал,email,Gold,B
C01692,2023-05-12,39.0,Male,Казань,Поволжье,referral,Silver,A
C01693,2023-11-18,48.0,Male,Новосибирск,Сибирь,referral,Bronze,B
C01694,2024-01-23,50.0,Male,Екатеринбург,Урал,organic,Bronze,A
C01695,2023-11-01,26.0,Male,Владивосток,Дальний Восток,email,Bronze,B
C01696,2023-08-28,29.0,Female,Ростов-на-Дону,Юг,paid_search,Silver,A
C01697,2024-04-08,59.0,Female,Екатеринбург,Урал,referral,Silver,B
C01698,2023-07-01,39.0,Female,Ростов-на-Дону,Юг,paid_search,Silver,A
C01699,2024-03-21,47.0,Female,Владивосток,Дальний Восток,referral,Bronze,B
C01700,2024-02-19,44.0,Female,Краснодар,Юг,organic,Bronze,A
C01701,2024-01-19,30.0,Male,Москва,Центр,paid_search,Bronze,B
C01702,2024-04-27,51.0,Female,Краснодар,Юг,social,Bronze,A
C01703,2024-05-01,31.0,Female,Казань,Поволжье,organic,Silver,B
C01704,2024-09-04,18.0,Female,Владивосток,Дальний Восток,email,Bronze,A
C01705,2024-11-18,45.0,Male,Краснодар,Юг,email,Silver,B
C01706,2024-02-29,41.0,Female,Владивосток,Дальний Восток,organic,Bronze,A
C01707,2024-09-14,33.0,Male,Владивосток,Дальний Восток,organic,Bronze,B
C01708,2024-05-04,18.0,Male,Краснодар,Юг,paid_search,Bronze,A
C01709,2023-12-13,18.0,Female,Казань,Поволжье,email,Silver,B
C01710,2024-09-22,49.0,Male,Владивосток,Дальний Восток,social,Bronze,A
C01711,2023-04-21,20.0,Female,Москва,Центр,email,Silver,B
C01712,2023-06-09,37.0,Female,Ростов-на-Дону,Юг,email,Bronze,A
C01713,2024-01-14,59.0,Male,Краснодар,Юг,referral,Bronze,B
C01714,2023-05-10,30.0,Male,Ростов-на-Дону,Юг,paid_search,Silver,A
C01715,2023-02-11,32.0,Female,Ростов-на-Дону,Юг,referral,Silver,B
C01716,2023-11-13,21.0,Female,Краснодар,Юг,email,Bronze,A
C01717,2024-08-16,46.0,Male,Краснодар,Юг,email,Bronze,B
C01718,2024-02-27,37.0,Male,Екатеринбург,Урал,paid_search,Silver,A
C01719,2024-07-24,54.0,Female,Ростов-на-Дону,Юг,referral,Silver,B
C01720,2023-03-13,42.0,Female,Санкт-Петербург,Северо-Запад,organic,Bronze,A
C01721,2023-12-08,31.0,Male,Санкт-Петербург,Северо-Запад,referral,Bronze,B
C01722,2023-08-31,37.0,Male,Екатеринбург,Урал,social,Bronze,A
C01723,2023-04-21,37.0,Female,Краснодар,Юг,email,Bronze,B
C01724,2024-03-15,30.0,Male,Ростов-на-Дону,Юг,email,Gold,A
C01725,2024-02-29,21.0,Female,Казань,Поволжье,organic,Silver,B
C01726,2024-12-29,18.0,Female,Краснодар,Юг,paid_search,Bronze,A
C01727,2023-12-30,36.0,Male,Москва,Центр,referral,Bronze,B
C01728,2023-12-22,23.0,Female,Москва,Центр,organic,Silver,A
C01729,2023-06-30,24.0,Female,Новосибирск,Сибирь,email,Silver,B
C01730,2024-02-05,46.0,Male,Ростов-на-Дону,Юг,organic,Gold,A
C01731,2024-11-07,37.0,Female,Ростов-на-Дону,Юг,paid_search,Bronze,B
C01732,2024-10-06,19.0,Male,Санкт-Петербург,Северо-Запад,organic,Gold,A
C01733,2023-07-10,20.0,Female,Владивосток,Дальний Восток,organic,Silver,B
C01734,2023-04-18,29.0,Female,Ростов-на-Дону,Юг,social,Bronze,A
C01735,2024-04-10,52.0,Female,Владивосток,Дальний Восток,email,Bronze,B
C01736,2024-10-10,27.0,Female,Краснодар,Юг,referral,Bronze,A
C01737,2024-05-12,33.0,Male,Новосибирск,Сибирь,social,Silver,B
C01738,2024-12-24,30.0,Male,Владивосток,Дальний Восток,social,Silver,A
C01739,2023-11-17,35.0,Female,Краснодар,Юг,paid_search,Bronze,B
C01740,2024-01-16,18.0,Male,Краснодар,Юг,paid_search,Bronze,A
C01741,2023-02-06,45.0,Female,Санкт-Петербург,Северо-Запад,social,Bronze,B
C01742,2024-08-02,26.0,Male,Екатеринбург,Урал,organic,Silver,A
C01743,2023-11-05,22.0,Female,Екатеринбург,Урал,social,Bronze,B
C01744,2023-07-10,52.0,Male,Владивосток,Дальний Восток,email,Bronze,A
C01745,2024-11-18,46.0,Female,Казань,Поволжье,organic,Silver,B
C01746,2023-02-07,21.0,Female,Екатеринбург,Урал,organic,Silver,A
C01747,2023-08-13,21.0,Male,Краснодар,Юг,paid_search,Bronze,B
C01748,2024-04-04,33.0,Male,Санкт-Петербург,Северо-Запад,referral,Silver,A
C01749,2023-12-24,38.0,Female,Санкт-Петербург,Северо-Запад,paid_search,Silver,B
C01750,2023-06-30,34.0,Male,Ростов-на-Дону,Юг,referral,Bronze,A
C01751,2024-04-24,23.0,Female,Ростов-на-Дону,Юг,organic,Bronze,B
C01752,2024-05-29,56.0,Female,Ростов-на-Дону,Юг,organic,Silver,A
C01753,2023-10-13,28.0,Male,Краснодар,Юг,paid_search,Bronze,B
C01754,2024-01-12,31.0,Female,Новосибирск,Сибирь,email,Gold,A
C01755,2024-12-02,37.0,Female,Казань,Поволжье,paid_search,Silver,B
C01756,2024-08-24,35.0,Male,Новосибирск,Сибирь,referral,Bronze,A
C01757,2024-01-06,23.0,Male,Ростов-на-Дону,Юг,organic,Silver,B
C01758,2024-09-25,27.0,Female,Новосибирск,Сибирь,email,Silver,A
C01759,2024-09-15,44.0,Male,Москва,Центр,email,Bronze,B
C01760,2024-10-16,29.0,Female,Москва,Центр,email,Bronze,A
C01761,2023-04-01,59.0,Male,Новосибирск,Сибирь,organic,Bronze,B
C01762,2023-12-06,44.0,Female,Краснодар,Юг,paid_search,Bronze,A
C01763,2023-09-07,39.0,Male,Новосибирск,Сибирь,organic,Bronze,B
C01764,2024-03-29,39.0,Male,Казань,Поволжье,social,Bronze,A
C01765,2023-08-16,28.0,Male,Ростов-на-Дону,Юг,paid_search,Silver,B
C01766,2024-05-12,33.0,Male,Владивосток,Дальний Восток,paid_search,Bronze,A
C01767,2023-12-05,48.0,Male,Ростов-на-Дону,Юг,paid_search,Bronze,B
C01768,2024-05-25,31.0,Male,Санкт-Петербург,Северо-Запад,organic,Bronze,A
C01769,2023-06-20,25.0,Female,Москва,Центр,organic,Bronze,B
C01770,2024-06-14,61.0,Male,Ростов-на-Дону,Юг,referral,Gold,A
C01771,2024-06-12,35.0,Male,Ростов-на-Дону,Юг,paid_search,Bronze,B
C01772,2023-02-20,22.0,Female,Ростов-на-Дону,Юг,referral,Bronze,A
C01773,2024-11-04,58.0,Male,Екатеринбург,Урал,email,Bronze,B
C01774,2023-04-23,45.0,Female,Москва,Центр,email,Bronze,A
C01775,2024-02-09,43.0,Female,Санкт-Петербург,Северо-Запад,paid_search,Gold,B
C01776,2023-11-26,45.0,Female,Краснодар,Юг,social,Bronze,A
C01777,2024-10-23,18.0,Female,Ростов-на-Дону,Юг,paid_search,Bronze,B
C01778,2024-12-21,33.0,Male,Новосибирск,Сибирь,paid_search,Gold,A
C01779,2024-12-10,46.0,Female,Казань,Поволжье,paid_search,Silver,B
C01780,2023-10-06,40.0,Female,Ростов-на-Дону,Юг,social,Gold,A
C01781,2024-07-21,58.0,Male,Екатеринбург,Урал,organic,Bronze,B
C01782,2024-04-10,34.0,Female,Ростов-на-Дону,Юг,email,Gold,A
C01783,2024-02-01,22.0,Female,Казань,Поволжье,paid_search,Silver,B
C01784,2023-03-21,34.0,Male,Ростов-на-Дону,Юг,paid_search,Bronze,A
C01785,2023-10-31,37.0,Male,Новосибирск,Сибирь,social,Bronze,B
C01786,2023-07-21,25.0,Male,Краснодар,Юг,social,Bronze,A
C01787,2023-12-10,26.0,Female,Ростов-на-Дону,Юг,social,Silver,B
C01788,2024-08-23,18.0,Female,Краснодар,Юг,social,Silver,A
C01789,2024-11-18,38.0,Male,Владивосток,Дальний Восток,referral,Silver,B
C01790,2023-07-17,39.0,Male,Краснодар,Юг,organic,Bronze,A
C01791,2023-05-13,40.0,Male,Екатеринбург,Урал,organic,Silver,B
C01792,2023-10-16,29.0,Female,Санкт-Петербург,Северо-Запад,social,Bronze,A
C01793,2024-07-07,38.0,Male,Краснодар,Юг,organic,Bronze,B
C01794,2023-07-16,38.0,Female,Казань,Поволжье,organic,Silver,A
C01795,2024-03-08,21.0,Male,Владивосток,Дальний Восток,organic,Bronze,B
C01796,2024-03-09,39.0,Female,Новосибирск,Сибирь,email,Bronze,A
C01797,2024-04-02,41.0,Male,Новосибирск,Сибирь,paid_search,Silver,B
C01798,2024-01-12,20.0,Female,Новосибирск,Сибирь,organic,Bronze,A
C01799,2023-04-29,36.0,Male,Ростов-на-Дону,Юг,paid_search,Silver,B
C01800,2024-02-14,40.0,Male,Москва,Центр,paid_search,Gold,A
C01801,2024-04-21,56.0,Female,Новосибирск,Сибирь,paid_search,Silver,B
C01802,2024-04-06,43.0,Male,Казань,Поволжье,organic,Silver,A
C01803,2023-09-08,27.0,Female,Ростов-на-Дону,Юг,email,Gold,B
C01804,2023-12-11,34.0,Female,Краснодар,Юг,paid_search,Bronze,A
C01805,2023-11-27,24.0,Female,Казань,Поволжье,paid_search,Bronze,B
C01806,2023-04-26,28.0,Female,Екатеринбург,Урал,referral,Silver,A
C01807,2023-04-11,23.0,Male,Новосибирск,Сибирь,email,Silver,B
C01808,2024-01-25,51.0,Male,Владивосток,Дальний Восток,organic,Silver,A
C01809,2023-03-02,25.0,Male,Краснодар,Юг,referral,Bronze,B
C01810,2023-03-21,27.0,Male,Москва,Центр,social,Bronze,A
C01811,2024-10-05,50.0,Male,Санкт-Петербург,Северо-Запад,referral,Bronze,B
C01812,2024-08-19,35.0,Female,Новосибирск,Сибирь,referral,Silver,A
C01813,2024-10-19,28.0,Female,Ростов-на-Дону,Юг,referral,Silver,B
C01814,2024-04-12,34.0,Female,Владивосток,Дальний Восток,referral,Bronze,A
C01815,2024-11-13,36.0,Male,Краснодар,Юг,organic,Silver,B
C01816,2024-02-28,18.0,Female,Новосибирск,Сибирь,social,Bronze,A
C01817,2023-07-10,48.0,Female,Новосибирск,Сибирь,organic,Silver,B
C01818,2023-11-06,43.0,Female,Казань,Поволжье,social,Bronze,A
C01819,2023-04-25,37.0,Female,Москва,Центр,referral,Silver,B
C01820,2023-07-19,35.0,Male,Москва,Центр,email,Bronze,A
C01821,2023-06-29,23.0,Female,Краснодар,Юг,organic,Bronze,B
C01822,2024-08-28,18.0,Female,Новосибирск,Сибирь,paid_search,Bronze,A
C01823,2023-04-06,18.0,Female,Ростов-на-Дону,Юг,organic,Bronze,B
C01824,2024-05-02,28.0,Male,Москва,Центр,social,Silver,A
C01825,2023-12-17,28.0,Male,Ростов-на-Дону,Юг,email,Bronze,B
C01826,2024-10-14,41.0,Male,Москва,Центр,organic,Silver,A
C01827,2024-03-15,47.0,Female,Москва,Центр,organic,Silver,B
C01828,2023-02-25,33.0,Male,Владивосток,Дальний Восток,referral,Bronze,A
C01829,2023-05-09,40.0,Male,Москва,Центр,referral,Bronze,B
C01830,2023-02-20,39.0,Male,Владивосток,Дальний Восток,email,Silver,A
C01831,2023-02-21,24.0,Female,Санкт-Петербург,Северо-Запад,referral,Bronze,B
C01832,2023-05-21,32.0,Female,Ростов-на-Дону,Юг,organic,Bronze,A
C01833,2024-01-13,43.0,Female,Новосибирск,Сибирь,social,Bronze,B
C01834,2023-12-06,37.0,Female,Санкт-Петербург,Северо-Запад,paid_search,Gold,A
C01835,2024-03-14,43.0,Female,Екатеринбург,Урал,social,Bronze,B
C01836,2023-09-01,40.0,Male,Казань,Поволжье,social,Bronze,A
C01837,2023-07-07,48.0,Male,Санкт-Петербург,Северо-Запад,email,Bronze,B
C01838,2024-10-18,36.0,Male,Казань,Поволжье,referral,Silver,A
C01839,2024-08-04,47.0,Female,Екатеринбург,Урал,email,Bronze,B
C01840,2024-07-08,35.0,Male,Владивосток,Дальний Восток,organic,Bronze,A
C01841,2023-05-31,42.0,Female,Новосибирск,Сибирь,email,Bronze,B
C01842,2023-07-06,44.0,Female,Екатеринбург,Урал,paid_search,Bronze,A
C01843,2024-07-05,20.0,Female,Москва,Центр,email,Silver,B
C01844,2023-06-29,31.0,Male,Санкт-Петербург,Северо-Запад,paid_search,Bronze,A
C01845,2024-05-05,40.0,Male,Екатеринбург,Урал,referral,Bronze,B
C01846,2024-11-24,21.0,Female,Ростов-на-Дону,Юг,social,Silver,A
C01847,2024-07-25,38.0,Female,Ростов-на-Дону,Юг,organic,Silver,B
C01848,2023-11-23,50.0,Female,Краснодар,Юг,email,Bronze,A
C01849,2023-12-19,31.0,Male,Краснодар,Юг,email,Silver,B
C01850,2024-10-13,41.0,Female,Краснодар,Юг,email,Bronze,A
C01851,2024-09-07,18.0,Male,Екатеринбург,Урал,paid_search,Bronze,B
C01852,2023-05-06,24.0,Female,Новосибирск,Сибирь,social,Silver,A
C01853,2023-02-06,39.0,Female,Санкт-Петербург,Северо-Запад,organic,Bronze,B
C01854,2024-02-29,30.0,Male,Екатеринбург,Урал,referral,Bronze,A
C01855,2023-11-18,30.0,Male,Казань,Поволжье,referral,Bronze,B
C01856,2024-07-26,44.0,Male,Екатеринбург,Урал,organic,Silver,A
C01857,2023-12-09,20.0,Male,Владивосток,Дальний Восток,email,Bronze,B
C01858,2024-07-30,42.0,Male,Краснодар,Юг,email,Bronze,A
C01859,2023-12-13,33.0,Female,Краснодар,Юг,social,Silver,B
C01860,2024-03-08,20.0,Female,Краснодар,Юг,organic,Bronze,A
C01861,2024-12-06,34.0,Male,Казань,Поволжье,social,Gold,B
C01862,2023-05-28,37.0,Male,Владивосток,Дальний Восток,referral,Gold,A
C01863,2023-12-28,51.0,Female,Москва,Центр,organic,Bronze,B
C01864,2024-10-03,25.0,Male,Екатеринбург,Урал,social,Bronze,A
C01865,2023-11-17,24.0,Male,Екатеринбург,Урал,social,Bronze,B
C01866,2023-11-21,36.0,Female,Казань,Поволжье,organic,Bronze,A
C01867,2024-04-16,50.0,Female,Москва,Центр,organic,Bronze,B
C01868,2023-02-07,29.0,Male,Екатеринбург,Урал,organic,Bronze,A
C01869,2024-12-29,46.0,Female,Краснодар,Юг,paid_search,Bronze,B
C01870,2023-03-23,40.0,Male,Казань,Поволжье,referral,Silver,A
C01871,2023-10-21,30.0,Female,Казань,Поволжье,email,Bronze,B
C01872,2023-07-27,40.0,Male,Новосибирск,Сибирь,organic,Bronze,A
C01873,2024-03-10,68.0,Female,Москва,Центр,organic,Bronze,B
C01874,2023-07-17,41.0,Male,Екатеринбург,Урал,social,Bronze,A
C01875,2024-06-11,44.0,Male,Казань,Поволжье,referral,Bronze,B
C01876,2023-04-02,18.0,Female,Москва,Центр,organic,Silver,A
C01877,2024-09-18,43.0,Female,Владивосток,Дальний Восток,email,Silver,B
C01878,2024-08-11,21.0,Female,Ростов-на-Дону,Юг,social,Silver,A
C01879,2024-08-07,22.0,Male,Краснодар,Юг,organic,Bronze,B
C01880,2024-04-13,20.0,Male,Ростов-на-Дону,Юг,referral,Bronze,A
C01881,2023-03-07,37.0,Female,Санкт-Петербург,Северо-Запад,social,Silver,B
C01882,2023-04-15,22.0,Female,Москва,Центр,paid_search,Bronze,A
C01883,2023-02-18,24.0,Male,Краснодар,Юг,social,Bronze,B
C01884,2023-08-23,43.0,Female,Екатеринбург,Урал,organic,Bronze,A
C01885,2023-06-17,35.0,Male,Казань,Поволжье,organic,Gold,B
C01886,2023-12-20,18.0,Male,Санкт-Петербург,Северо-Запад,referral,Gold,A
C01887,2024-02-15,42.0,Female,Ростов-на-Дону,Юг,organic,Bronze,B
C01888,2024-02-26,21.0,Female,Казань,Поволжье,email,Bronze,A
C01889,2024-07-23,18.0,Female,Новосибирск,Сибирь,social,Bronze,B
C01890,2024-08-11,54.0,Male,Краснодар,Юг,email,Bronze,A
C01891,2024-07-07,26.0,Male,Ростов-на-Дону,Юг,email,Bronze,B
C01892,2023-10-27,18.0,Female,Москва,Центр,organic,Silver,A
C01893,2024-01-09,49.0,Male,Владивосток,Дальний Восток,organic,Bronze,B
C01894,2023-10-06,33.0,Male,Ростов-на-Дону,Юг,organic,Bronze,A
C01895,2024-11-08,27.0,Female,Казань,Поволжье,email,Silver,B
C01896,2024-02-11,18.0,Male,Екатеринбург,Урал,organic,Bronze,A
C01897,2024-12-13,27.0,Female,Новосибирск,Сибирь,referral,Bronze,B
C01898,2023-07-02,18.0,Male,Владивосток,Дальний Восток,email,Silver,A
C01899,2023-02-03,53.0,Female,Москва,Центр,organic,Bronze,B
C01900,2023-11-29,51.0,Male,Санкт-Петербург,Северо-Запад,paid_search,Bronze,A
C01901,2024-08-23,23.0,Female,Ростов-на-Дону,Юг,organic,Bronze,B
C01902,2023-08-19,54.0,Female,Екатеринбург,Урал,referral,Silver,A
C01903,2023-02-28,31.0,Male,Владивосток,Дальний Восток,organic,Silver,B
C01904,2024-08-19,49.0,Male,Екатеринбург,Урал,social,Bronze,A
C01905,2024-06-28,42.0,Female,Санкт-Петербург,Северо-Запад,paid_search,Silver,B
C01906,2023-06-18,43.0,Female,Казань,Поволжье,organic,Gold,A
C01907,2024-07-30,60.0,Female,Москва,Центр,paid_search,Bronze,B
C01908,2023-04-14,20.0,Female,Москва,Центр,organic,Gold,A
C01909,2024-02-04,34.0,Male,Новосибирск,Сибирь,paid_search,Bronze,B
C01910,2024-04-19,55.0,Female,Казань,Поволжье,organic,Bronze,A
C01911,2024-10-22,34.0,Female,Екатеринбург,Урал,referral,Bronze,B
C01912,2024-10-04,42.0,Male,Владивосток,Дальний Восток,referral,Silver,A
C01913,2024-08-22,18.0,Male,Владивосток,Дальний Восток,organic,Silver,B
C01914,2024-06-26,18.0,Male,Москва,Центр,referral,Bronze,A
C01915,2023-11-12,46.0,Male,Владивосток,Дальний Восток,email,Bronze,B
C01916,2024-05-15,37.0,Female,Казань,Поволжье,referral,Bronze,A
C01917,2024-11-12,47.0,Female,Ростов-на-Дону,Юг,social,Bronze,B
C01918,2024-08-29,35.0,Female,Краснодар,Юг,referral,Bronze,A
C01919,2024-05-15,28.0,Female,Казань,Поволжье,referral,Silver,B
C01920,2023-02-11,23.0,Female,Казань,Поволжье,paid_search,Bronze,A
C01921,2024-02-04,53.0,Female,Владивосток,Дальний Восток,email,Bronze,B
C01922,2023-12-22,35.0,Female,Ростов-на-Дону,Юг,referral,Bronze,A
C01923,2024-11-04,31.0,Female,Екатеринбург,Урал,organic,Silver,B
C01924,2023-09-11,38.0,Female,Москва,Центр,organic,Bronze,A
C01925,2024-06-21,41.0,Female,Екатеринбург,Урал,paid_search,Bronze,B
C01926,2023-02-21,28.0,Male,Санкт-Петербург,Северо-Запад,paid_search,Bronze,A
C01927,2024-09-06,33.0,Female,Казань,Поволжье,email,Silver,B
C01928,2023-09-19,70.0,Female,Казань,Поволжье,paid_search,Bronze,A
C01929,2024-12-21,39.0,Male,Новосибирск,Сибирь,organic,Bronze,B
C01930,2024-06-16,18.0,Male,Санкт-Петербург,Северо-Запад,organic,Gold,A
C01931,2024-01-24,57.0,Male,Москва,Центр,email,Silver,B
C01932,2023-04-30,32.0,Female,Санкт-Петербург,Северо-Запад,organic,Silver,A
C01933,2023-10-16,42.0,Male,Краснодар,Юг,social,Gold,B
C01934,2023-09-25,25.0,Female,Санкт-Петербург,Северо-Запад,email,Gold,A
C01935,2024-09-26,20.0,Female,Санкт-Петербург,Северо-Запад,paid_search,Gold,B
C01936,2024-11-01,39.0,Female,Ростов-на-Дону,Юг,email,Bronze,A
C01937,2023-06-22,41.0,Female,Екатеринбург,Урал,organic,Bronze,B
C01938,2024-01-21,50.0,Female,Новосибирск,Сибирь,social,Silver,A
C01939,2023-10-12,32.0,Male,Новосибирск,Сибирь,paid_search,Bronze,B
C01940,2024-04-09,26.0,Male,Ростов-на-Дону,Юг,social,Bronze,A
C01941,2023-07-20,34.0,Male,Новосибирск,Сибирь,paid_search,Bronze,B
C01942,2024-09-13,25.0,Female,Владивосток,Дальний Восток,social,Silver,A
C01943,2024-02-21,36.0,Female,Владивосток,Дальний Восток,email,Bronze,B
C01944,2023-08-28,68.0,Male,Санкт-Петербург,Северо-Запад,social,Silver,A
C01945,2024-05-04,25.0,Male,Новосибирск,Сибирь,organic,Bronze,B
C01946,2024-09-02,47.0,Female,Казань,Поволжье,social,Bronze,A
C01947,2024-02-20,18.0,Male,Москва,Центр,organic,Bronze,B
C01948,2023-04-27,55.0,Male,Казань,Поволжье,organic,Silver,A
C01949,2024-01-01,18.0,Male,Санкт-Петербург,Северо-Запад,social,Silver,B
C01950,2023-08-31,36.0,Male,Москва,Центр,social,Bronze,A
C01951,2023-05-30,20.0,Female,Владивосток,Дальний Восток,organic,Bronze,B
C01952,2024-09-16,42.0,Female,Москва,Центр,email,Silver,A
C01953,2023-11-25,18.0,Female,Екатеринбург,Урал,organic,Silver,B
C01954,2023-09-06,46.0,Female,Ростов-на-Дону,Юг,organic,Gold,A
C01955,2024-06-24,26.0,Female,Казань,Поволжье,paid_search,Bronze,B
C01956,2024-06-09,28.0,Male,Екатеринбург,Урал,paid_search,Bronze,A
C01957,2024-10-28,37.0,Female,Новосибирск,Сибирь,paid_search,Bronze,B
C01958,2023-05-06,18.0,Male,Владивосток,Дальний Восток,paid_search,Gold,A
C01959,2023-10-27,39.0,Male,Краснодар,Юг,referral,Bronze,B
C01960,2024-07-06,29.0,Male,Новосибирск,Сибирь,organic,Gold,A
C01961,2024-07-09,31.0,Female,Екатеринбург,Урал,organic,Bronze,B
C01962,2025-01-01,35.0,Female,Владивосток,Дальний Восток,social,Silver,A
C01963,2023-10-19,51.0,Male,Владивосток,Дальний Восток,referral,Bronze,B
C01964,2024-10-14,39.0,Female,Санкт-Петербург,Северо-Запад,email,Bronze,A
C01965,2024-01-07,34.0,Male,Ростов-на-Дону,Юг,paid_search,Bronze,B
C01966,2024-04-23,28.0,Male,Ростов-на-Дону,Юг,organic,Silver,A
C01967,2023-05-03,24.0,Male,Владивосток,Дальний Восток,social,Bronze,B
C01968,2025-01-01,36.0,Female,Новосибирск,Сибирь,paid_search,Gold,A
C01969,2023-10-10,59.0,Female,Москва,Центр,referral,Silver,B
C01970,2023-11-26,25.0,Female,Казань,Поволжье,email,Bronze,A
C01971,2023-12-10,64.0,Female,Санкт-Петербург,Северо-Запад,social,Bronze,B
C01972,2024-07-27,18.0,Male,Ростов-на-Дону,Юг,social,Bronze,A
C01973,2024-12-31,24.0,Female,Владивосток,Дальний Восток,paid_search,Silver,B
C01974,2024-05-11,30.0,Female,Владивосток,Дальний Восток,social,Bronze,A
C01975,2024-11-02,38.0,Male,Казань,Поволжье,referral,Bronze,B
C01976,2023-10-14,31.0,Female,Владивосток,Дальний Восток,referral,Bronze,A
C01977,2024-03-10,42.0,Female,Новосибирск,Сибирь,email,Bronze,B
C01978,2023-09-22,38.0,Female,Москва,Центр,referral,Bronze,A
C01979,2024-03-21,26.0,Female,Казань,Поволжье,referral,Bronze,B
C01980,2024-06-17,57.0,Female,Казань,Поволжье,email,Bronze,A
C01981,2023-10-07,27.0,Male,Казань,Поволжье,referral,Silver,B
C01982,2023-09-18,39.0,Male,Санкт-Петербург,Северо-Запад,social,Bronze,A
C01983,2023-08-02,43.0,Male,Екатеринбург,Урал,email,Silver,B
C01984,2024-10-05,25.0,Female,Екатеринбург,Урал,social,Bronze,A
C01985,2024-04-01,29.0,Female,Ростов-на-Дону,Юг,paid_search,Bronze,B
C01986,2024-08-14,21.0,Female,Санкт-Петербург,Северо-Запад,email,Silver,A
C01987,2024-06-27,18.0,Male,Новосибирск,Сибирь,email,Silver,B
C01988,2024-03-25,18.0,Female,Екатеринбург,Урал,email,Bronze,A
C01989,2024-08-17,45.0,Male,Новосибирск,Сибирь,social,Bronze,B
C01990,2023-09-11,47.0,Female,Unknown,Центр,referral,Bronze,A
C01991,2023-12-20,48.0,Female,Краснодар,Юг,organic,Silver,B
C01992,2023-06-07,52.0,Female,Новосибирск,Сибирь,paid_search,Gold,A
C01993,2023-08-18,35.0,Male,Краснодар,Юг,organic,Bronze,B
C01994,2023-06-13,25.0,Male,Краснодар,Юг,email,Bronze,A
C01995,2024-05-22,37.0,Male,Владивосток,Дальний Восток,organic,Gold,B
C01996,2024-09-01,50.0,Female,Екатеринбург,Урал,referral,Bronze,A
C01997,2024-06-09,24.0,Male,Санкт-Петербург,Северо-Запад,organic,Bronze,B
C01998,2023-06-26,49.0,Male,Владивосток,Дальний Восток,referral,Bronze,A
C01999,2024-03-13,40.0,Male,Екатеринбург,Урал,referral,Bronze,B
C02000,2024-02-16,36.0,Male,Новосибирск,Сибирь,organic,Silver,A
