order_id,customer_id,order_date,status,payment_method,shipping_type,promo_code,discount_percent,gross_amount,order_amount,delivery_days,customer_rating
O000001,C00285,2025-09-21,delivered,Card,Pickup,SPORT15,15,74.9,63.67,-2,4.2
O000002,C01484,2025-10-10,delivered,Apple Pay,Standard,NONE,0,74.9,74.9,6,6.2
O000003,C00892,2025-08-06,delivered,PayPal,Standard,NONE,120,1079.03,1079.03,2,3.6
O000004,C00265,2025-10-22,delivered,PayPal,Express,NONE,0,799.5,799.5,2,4.1
O000005,C00338,2025-04-19,cancelled,Cash,Standard,LOYAL20,20,352.02,281.62,,
O000006,C00745,2025-11-05,delivered,PayPal,Standard,NONE,0,211.06,211.06,5,3.7
O000007,C01684,2025-12-20,delivered,Cash,Standard,NONE,0,120.56,120.56,5,4.6
O000008,C00200,2025-06-04,cancelled,Card,Express,NONE,0,80.66,80.66,,
O000009,C00665,2025-04-17,returned,Cash,Standard,LOYAL20,20,461.96,369.57,6,3.4
O000010,C00308,2025-05-15,cancelled,Card,Express,WELCOME10,10,349.8,314.82,,
O000011,C00714,2025-01-11,delivered,Cash,Express,NONE,0,289.8,289.8,3,3.4
O000012,C00779,2025-01-18,delivered,Card,Standard,NONE,0,144.9,144.9,4,3.5
O000013,C00478,2025-12-28,delivered,Card,Standard,SPORT15,15,671.91,571.12,7,3.8
O000014,C01621,2025-12-05,delivered,Card,Standard,NONE,0,139.41,139.41,6,3.9
O000015,C00136,2025-10-13,delivered,Card,Standard,NONE,0,379.7,379.7,3,3.9
O000016,C00140,2025-07-20,returned,Apple Pay,Pickup,WEEKEND10,10,294.4,264.96,5,3.5
O000017,C01102,2025-01-15,delivered,Card,Pickup,SPORT15,15,349.9,297.41,3,3.8
O000018,C00959,2025-04-23,delivered,Card,Standard,NONE,0,209.6,209.6,2,3.6
O000019,C01230,2025-05-13,delivered,PayPal,Standard,SPORT15,15,124.81,106.09,5,4.9
O000020,C00592,2025-11-08,cancelled,Apple Pay,Standard,NONE,0,179.9,179.9,,
O000021,C00281,2025-08-26,delivered,Card,Standard,SPORT15,15,419.21,356.33,3,4.2
O000022,C00981,2025-08-13,delivered,Apple Pay,Standard,NONE,0,154.9,154.9,4,3.8
O000023,C01895,2025-08-16,delivered,Card,Standard,WEEKEND10,10,269.9,242.91,3,5.0
O000024,C00488,2025-07-02,delivered,Card,Standard,SPORT15,15,439.8,373.83,5,3.4
O000025,C01219,2025-08-18,delivered,Card,Standard,WELCOME10,10,147.16,132.44,6,4.1
O000026,C00672,2025-06-08,cancelled,PayPal,Express,LOYAL20,20,384.9,307.92,,
O000027,C01952,2025-06-16,delivered,Card,Pickup,WEEKEND10,10,229.23,206.31,2,4.4
O000028,C01799,2025-09-29,delivered,Card,Standard,SPORT15,15,439.8,373.83,2,3.8
O000029,C00981,2025-05-19,delivered,Card,Standard,NONE,0,289.7,289.7,2,4.6
O000030,C00202,2025-06-10,delivered,Card,Standard,NONE,0,139.8,139.8,4,4.2
O000031,C00498,2025-12-27,delivered,Card,Standard,NONE,0,434.2,434.2,3,3.9
O000032,C00267,2025-06-21,delivered,PayPal,Express,NONE,0,309.9,309.9,3,4.7
O000033,C00735,2025-05-02,delivered,Cash,Express,WELCOME10,10,33.15,29.84,3,4.9
O000034,C01277,2025-03-12,delivered,Cash,Pickup,NONE,0,539.7,539.7,1,4.8
O000035,C01008,2025-08-16,delivered,Card,Express,NONE,0,488.47,488.47,2,5.0
O000036,C01203,2025-09-23,delivered,PayPal,Standard,WEEKEND10,10,314.9,283.41,6,3.6
O000037,C01975,2025-12-26,delivered,Card,Standard,NONE,0,289.8,289.8,4,4.6
O000038,C00621,2025-12-14,delivered,Card,Standard,LOYAL20,20,145.81,116.65,4,3.9
O000039,C00663,2025-11-08,delivered,PayPal,Pickup,WEEKEND10,10,359.8,323.82,1,3.5
O000040,C01530,2025-10-02,delivered,PayPal,Pickup,WEEKEND10,10,294.4,264.96,3,4.5
O000041,C00845,2025-08-18,delivered,Card,Standard,NONE,0,569.13,569.13,2,4.1
O000042,C01328,2025-02-17,delivered,PayPal,Standard,WELCOME10,10,681.2,613.08,4,5.0
O000043,C00775,2025-02-25,delivered,Cash,Standard,NONE,0,84.9,84.9,4,4.9
O000044,C01989,2025-06-08,delivered,Card,Standard,NONE,0,267.81,267.81,4,5.0
O000045,C01791,2025-01-29,delivered,Card,Standard,NONE,0,892.88,892.88,5,4.4
O000046,C01419,2025-11-09,delivered,PayPal,Standard,NONE,0,364.9,364.9,2,4.1
O000047,C01094,2025-05-18,delivered,Cash,Standard,NONE,0,876.45,876.45,4,4.3
O000048,C00361,2025-09-11,delivered,Card,Express,NONE,0,800.1,800.1,1,5.0
O000049,C00348,2025-04-19,delivered,Card,Standard,SPORT15,15,194.9,165.66,3,4.9
O000050,C01996,2025-12-04,delivered,Card,Express,NONE,0,194.9,194.9,1,4.4
O000051,C01218,2025-07-26,delivered,Apple Pay,Pickup,WELCOME10,10,176.31,158.68,2,5.0
O000052,C01474,2025-09-13,delivered,Card,Express,NONE,0,410.95,410.95,1,5.0
O000053,C01745,2025-12-09,delivered,Card,Standard,NONE,0,304.8,304.8,2,4.9
O000054,C00735,2025-09-15,delivered,Card,Standard,WEEKEND10,10,633.31,569.98,4,4.3
O000055,C01232,2025-04-15,delivered,PayPal,Standard,SPORT15,15,69.9,59.42,6,3.9
O000056,C01081,2025-04-15,delivered,Card,Pickup,NONE,0,219.9,219.9,1,4.5
O000057,C00342,2025-04-13,delivered,Card,Standard,NONE,0,197.91,197.91,4,4.7
O000058,C00412,2025-12-14,delivered,Card,Standard,NONE,0,151.2,151.2,6,4.3
O000059,C01115,2025-04-09,delivered,Apple Pay,Standard,WEEKEND10,10,724.5,652.05,4,3.9
O000060,C00634,2025-03-06,cancelled,Card,Standard,NONE,0,369.8,369.8,,
O000061,C01735,2025-12-16,delivered,Card,Standard,NONE,0,692.82,692.82,6,5.0
O000062,C01618,2025-06-26,delivered,Card,Express,NONE,0,449.82,449.82,1,4.8
O000063,C00226,2025-05-19,delivered,Card,Standard,SPORT15,15,770.61,655.02,4,4.3
O000064,C00363,2025-02-10,delivered,PayPal,Pickup,LOYAL20,20,154.9,123.92,2,3.5
O000065,C01773,2025-08-09,delivered,Card,Express,WELCOME10,10,251.65,226.49,2,4.5
O000066,C00847,2025-02-18,delivered,Card,Pickup,NONE,0,314.9,314.9,4,4.8
O000067,C00623,2025-09-18,delivered,PayPal,Standard,LOYAL20,20,418.23,334.58,5,4.3
O000068,C01021,2025-09-02,delivered,Card,Pickup,NONE,0,311.11,311.11,1,4.9
O000069,C01363,2025-07-11,delivered,Card,Standard,NONE,0,1447.41,1447.41,5,4.5
O000070,C01569,2025-06-21,delivered,Card,Standard,NONE,0,219.9,219.9,5,4.9
O000071,C00247,2025-11-21,delivered,Cash,Standard,LOYAL20,20,79.9,63.92,3,5.0
O000072,C01797,2025-09-22,delivered,Cash,Standard,NONE,0,863.62,863.62,5,5.0
O000073,C00549,2025-11-06,returned,Card,Pickup,SPORT15,15,292.52,248.64,5,3.3
O000074,C00411,2025-12-04,delivered,Apple Pay,Standard,NONE,0,629.8,629.8,3,3.2
O000075,C01768,2025-11-16,delivered,Card,Standard,WELCOME10,10,562.22,506.0,3,3.9
O000076,C01928,2025-03-29,delivered,Card,Standard,NONE,0,336.62,336.62,3,4.7
O000077,C00710,2025-08-18,delivered,Card,Pickup,WEEKEND10,10,772.7,695.43,3,4.9
O000078,C00022,2025-02-11,delivered,Apple Pay,Standard,NONE,0,292.41,292.41,2,4.5
O000079,C01218,2025-05-19,delivered,Card,Standard,SPORT15,15,99.9,84.92,1,4.8
O000080,C00299,2025-12-08,delivered,Card,Express,SPORT15,15,254.7,216.49,1,4.7
O000081,C01451,2025-07-30,delivered,Cash,Pickup,NONE,0,628.72,628.72,3,4.2
O000082,C00407,2025-02-19,delivered,Card,Standard,WEEKEND10,10,309.32,278.39,3,4.0
O000083,C01629,2025-10-10,delivered,Apple Pay,Express,WEEKEND10,10,179.9,161.91,3,4.7
O000084,C01618,2025-05-07,delivered,Card,Standard,WELCOME10,10,294.8,265.32,4,5.0
O000085,C01686,2025-09-22,delivered,Card,Express,NONE,0,219.6,219.6,1,4.6
O000086,C00403,2025-05-21,returned,Cash,Standard,WELCOME10,10,40.41,36.37,4,2.7
O000087,C00040,2025-11-05,delivered,Card,Standard,NONE,0,157.71,157.71,4,4.0
O000088,C00030,2025-09-29,delivered,PayPal,Standard,SPORT15,15,712.85,605.92,4,4.2
O000089,C00510,2025-04-26,cancelled,Card,Standard,NONE,0,122.55,122.55,,
O000090,C00340,2025-12-23,delivered,PayPal,Pickup,WEEKEND10,10,364.32,327.89,1,5.0
O000091,C00557,2025-12-17,delivered,Card,Pickup,WEEKEND10,10,219.9,197.91,3,4.2
O000092,C00898,2025-11-05,delivered,Card,Standard,NONE,0,369.9,369.9,4,4.5
O000093,C01204,2025-01-27,delivered,Card,Express,LOYAL20,20,154.9,123.92,1,3.3
O000094,C01359,2025-02-20,delivered,Apple Pay,Standard,NONE,0,747.71,747.71,6,3.3
O000095,C00397,2025-07-31,delivered,PayPal,Standard,SPORT15,15,219.9,186.91,3,4.6
O000096,C00685,2025-02-03,delivered,Card,Standard,SPORT15,15,130.41,110.85,4,5.0
O000097,C00959,2025-12-27,delivered,Cash,Express,NONE,0,919.7,919.7,2,4.2
O000098,C00351,2025-05-18,delivered,PayPal,Pickup,WELCOME10,10,19.9,17.91,2,4.1
O000099,C00409,2025-11-10,delivered,Card,Standard,WELCOME10,10,256.4,230.76,4,5.0
O000100,C00338,2025-08-03,delivered,Card,Express,SPORT15,15,54.9,46.66,2,5.0
O000101,C00488,2025-07-24,delivered,Card,Pickup,WELCOME10,10,261.15,235.03,1,4.0
O000102,C01869,2025-10-08,delivered,Card,Standard,NONE,0,1133.42,1133.42,4,4.9
O000103,C00637,2025-10-22,cancelled,Card,Express,WEEKEND10,10,479.8,431.82,,
O000104,C00111,2025-05-29,delivered,Card,Standard,NONE,0,664.6,664.6,2,3.3
O000105,C00526,2025-09-08,delivered,Card,Standard,NONE,0,471.21,471.21,5,3.3
O000106,C01306,2025-03-14,delivered,Card,Standard,WELCOME10,10,312.61,281.35,6,4.6
O000107,C01397,2025-10-31,delivered,Card,Express,NONE,0,79.8,79.8,3,4.5
O000108,C00015,2025-05-09,delivered,PayPal,Standard,LOYAL20,20,477.72,382.18,4,4.3
O000109,C01165,2025-04-12,delivered,Card,Standard,WEEKEND10,10,227.91,205.12,5,3.7
O000110,C00397,2025-06-27,delivered,Card,Pickup,WEEKEND10,10,197.91,178.12,2,4.3
O000111,C01968,2025-08-17,delivered,Card,Standard,LOYAL20,20,719.7,575.76,2,4.2
O000112,C00538,2025-10-21,cancelled,Card,Express,WEEKEND10,10,224.8,202.32,,
O000113,C01199,2025-02-09,returned,Card,Standard,NONE,0,835.42,835.42,6,3.6
O000114,C01395,2025-04-30,delivered,Card,Standard,NONE,0,69.9,69.9,5,5.0
O000115,C00392,2025-08-05,delivered,PayPal,Standard,SPORT15,15,76.41,64.95,7,4.6
O000116,C01556,2025-01-24,delivered,Cash,Express,WEEKEND10,10,587.21,528.49,3,4.1
O000117,C01637,2025-12-22,delivered,Apple Pay,Standard,WELCOME10,10,643.51,579.16,7,3.1
O000118,C00453,2025-11-18,delivered,Card,Express,NONE,0,125.82,125.82,1,4.9
O000119,C00942,2025-05-27,delivered,Apple Pay,Standard,SPORT15,15,493.73,419.67,5,4.4
O000120,C00875,2025-06-14,delivered,Card,Express,NONE,0,220.05,220.05,2,4.2
O000121,C01133,2025-10-02,delivered,Card,Pickup,NONE,0,333.22,333.22,3,4.7
O000122,C00427,2025-03-21,cancelled,Card,Pickup,NONE,0,484.8,484.8,,
O000123,C01817,2025-01-04,delivered,Card,Express,SPORT15,15,37.9,32.21,3,4.8
O000124,C00456,2025-07-29,delivered,Card,Standard,WELCOME10,10,919.7,827.73,4,4.5
O000125,C01137,2025-12-23,delivered,PayPal,Standard,NONE,0,89.8,89.8,7,4.7
O000126,C00343,2025-02-26,delivered,Card,Standard,WEEKEND10,10,259.8,233.82,4,4.9
O000127,C01816,2025-10-25,delivered,Apple Pay,Standard,NONE,0,373.31,373.31,6,4.6
O000128,C01195,2025-10-10,delivered,Card,Standard,LOYAL20,20,838.0,670.4,5,3.7
O000129,C01875,2025-10-05,cancelled,Card,Pickup,WELCOME10,10,74.9,67.41,,
O000130,C00020,2025-07-11,returned,Card,Standard,WELCOME10,10,159.81,143.83,4,3.7
O000131,C01501,2025-10-13,delivered,Card,Standard,WELCOME10,10,586.02,527.42,4,4.7
O000132,C00430,2025-05-17,delivered,Card,Standard,NONE,0,109.7,109.7,5,5.0
O000133,C01627,2025-05-08,delivered,Card,Standard,WEEKEND10,10,404.31,363.88,5,4.5
O000134,C01321,2025-06-25,delivered,PayPal,Standard,NONE,0,39.8,39.8,4,5.0
O000135,C00098,2025-01-05,cancelled,PayPal,Standard,WEEKEND10,10,197.91,178.12,,
O000136,C01749,2025-07-04,delivered,Card,Standard,NONE,0,364.9,364.9,7,4.6
O000137,C01051,2025-09-23,delivered,PayPal,Pickup,NONE,0,584.82,584.82,3,4.4
O000138,C01901,2025-06-29,delivered,Card,Standard,NONE,0,417.82,417.82,3,4.1
O000139,C01054,2025-08-05,delivered,PayPal,Standard,NONE,0,161.41,161.41,2,4.1
O000140,C00958,2025-04-06,delivered,Card,Pickup,WEEKEND10,10,907.11,816.4,3,4.7
O000141,C00894,2025-08-12,delivered,PayPal,Pickup,WEEKEND10,10,330.71,297.64,1,4.6
O000142,C01326,2025-02-06,delivered,PayPal,Standard,NONE,0,494.82,494.82,5,4.8
O000143,C01190,2025-06-05,delivered,Apple Pay,Standard,NONE,0,276.73,276.73,5,4.0
O000144,C01636,2025-11-18,returned,Card,Express,NONE,0,239.9,239.9,4,2.3
O000145,C00685,2025-03-10,delivered,Cash,Express,NONE,0,308.7,308.7,2,4.2
O000146,C00240,2025-03-01,delivered,Cash,Standard,SPORT15,15,742.61,631.22,3,4.2
O000147,C01010,2025-10-16,delivered,Card,Standard,WEEKEND10,10,239.9,215.91,3,4.8
O000148,C00410,2025-02-08,delivered,Card,Pickup,WEEKEND10,10,797.46,717.71,1,5.0
O000149,C01665,2025-05-25,delivered,Card,Standard,NONE,0,746.14,746.14,3,4.7
O000150,C01671,2025-07-02,delivered,Apple Pay,Pickup,NONE,0,579.8,579.8,2,4.2
O000151,C00879,2025-06-10,returned,Cash,Standard,SPORT15,15,139.8,118.83,7,3.1
O000152,C01538,2025-09-26,delivered,Cash,Standard,LOYAL20,20,219.23,175.38,5,4.9
O000153,C01123,2025-12-17,delivered,Card,Standard,NONE,0,704.6,704.6,3,4.0
O000154,C01855,2025-08-30,delivered,Card,Pickup,SPORT15,15,424.6,360.91,1,5.0
O000155,C01229,2025-03-22,delivered,PayPal,Standard,WEEKEND10,10,135.2,121.68,4,4.0
O000156,C01671,2025-12-28,delivered,Card,Express,WELCOME10,10,125.82,113.24,2,5.0
O000157,C00569,2025-07-21,delivered,Card,Standard,WEEKEND10,10,631.05,567.94,5,3.5
O000158,C01836,2025-10-27,returned,PayPal,Standard,WEEKEND10,10,588.71,529.84,6,2.7
O000159,C00604,2025-10-12,delivered,Card,Pickup,NONE,0,314.9,314.9,5,4.5
O000160,C01188,2025-07-21,delivered,Card,Standard,LOYAL20,20,161.41,129.13,6,4.9
O000161,C00339,2025-09-22,delivered,Apple Pay,Standard,NONE,0,99.9,99.9,3,4.5
O000162,C00344,2025-01-10,delivered,Card,Standard,LOYAL20,20,444.7,355.76,4,5.0
O000163,C00129,2025-01-13,delivered,Card,Standard,SPORT15,15,244.81,208.09,5,3.8
O000164,C01567,2025-08-20,cancelled,Card,Pickup,NONE,0,624.03,624.03,,
O000165,C00836,2025-09-11,delivered,PayPal,Standard,WELCOME10,10,269.9,242.91,4,4.3
O000166,C01130,2025-09-22,delivered,Card,Standard,NONE,0,102.81,102.81,4,5.0
O000167,C00745,2025-04-15,delivered,Card,Standard,SPORT15,15,170.91,145.27,6,3.9
O000168,C01435,2025-04-27,delivered,Cash,Standard,NONE,0,39.8,39.8,4,5.0
O000169,C00223,2025-01-18,cancelled,Card,Standard,NONE,0,669.7,669.7,,
O000170,C01053,2025-12-13,delivered,Cash,Standard,NONE,0,121.41,121.41,4,4.4
O000171,C01539,2025-11-06,cancelled,PayPal,Standard,NONE,0,314.9,314.9,,
O000172,C00571,2025-08-17,delivered,Cash,Pickup,LOYAL20,20,283.41,226.73,4,4.7
O000173,C00859,2025-12-23,delivered,Card,Standard,SPORT15,15,134.9,114.67,3,4.6
O000174,C01491,2025-08-08,delivered,PayPal,Pickup,WELCOME10,10,502.72,452.45,3,3.8
O000175,C00737,2025-03-03,returned,Card,Standard,NONE,0,283.41,283.41,6,3.7
O000176,C00461,2025-04-02,delivered,Card,Standard,NONE,0,1029.82,1029.82,2,5.0
O000177,C01644,2025-07-16,cancelled,Cash,Standard,WEEKEND10,10,128.06,115.25,,
O000178,C01216,2025-04-15,delivered,Cash,Standard,NONE,0,209.8,209.8,4,4.2
O000179,C01126,2025-05-12,delivered,PayPal,Standard,NONE,0,49.9,49.9,4,4.0
O000180,C00225,2025-09-21,delivered,Card,Express,NONE,0,645.63,645.63,3,4.9
O000181,C00067,2025-06-20,delivered,PayPal,Standard,NONE,0,1678.21,1678.21,4,4.8
O000182,C01850,2025-07-10,returned,Card,Standard,WEEKEND10,10,554.8,499.32,3,2.2
O000183,C01668,2025-09-27,delivered,PayPal,Pickup,WEEKEND10,10,84.8,76.32,2,4.3
O000184,C01528,2025-05-22,delivered,Card,Standard,NONE,0,132.82,132.82,2,4.3
O000185,C00073,2025-12-01,delivered,Cash,Standard,NONE,0,189.82,189.82,6,4.9
O000186,C01285,2025-05-18,delivered,Card,Standard,WEEKEND10,10,125.82,113.24,6,3.7
O000187,C00582,2025-12-25,delivered,Cash,Standard,NONE,0,466.11,466.11,2,3.8
O000188,C01552,2025-02-11,delivered,Apple Pay,Standard,NONE,0,358.55,358.55,5,4.4
O000189,C01232,2025-10-30,delivered,Card,Standard,NONE,0,331.22,331.22,5,5.0
O000190,C00277,2025-06-18,delivered,Card,Express,NONE,0,478.95,478.95,5,4.9
O000191,C01647,2025-03-26,delivered,PayPal,Standard,LOYAL20,20,154.9,123.92,3,5.0
O000192,C01863,2025-01-21,delivered,Card,Standard,SPORT15,15,139.8,118.83,3,4.7
O000193,C01400,2025-04-14,delivered,Apple Pay,Express,NONE,0,139.9,139.9,3,4.1
O000194,C01955,2025-12-21,delivered,Card,Express,NONE,0,521.21,521.21,2,3.9
O000195,C01605,2025-03-14,delivered,Apple Pay,Standard,NONE,0,1497.52,1497.52,6,4.2
O000196,C01080,2025-06-17,delivered,Cash,Standard,WEEKEND10,10,159.9,143.91,3,4.8
O000197,C01789,2025-11-30,delivered,Card,Standard,NONE,0,914.7,914.7,4,4.6
O000198,C01160,2025-10-27,delivered,Card,Express,NONE,0,239.9,239.9,1,3.6
O000199,C01685,2025-11-25,delivered,Card,Standard,NONE,0,518.81,518.81,3,5.0
O000200,C01020,2025-01-02,delivered,Cash,Express,WEEKEND10,10,589.14,530.23,1,3.4
O000201,C01802,2025-12-16,delivered,Apple Pay,Standard,LOYAL20,20,129.8,103.84,4,4.1
O000202,C01157,2025-11-23,delivered,Apple Pay,Standard,NONE,0,470.72,470.72,5,4.7
O000203,C01391,2025-02-03,delivered,Card,Standard,NONE,0,954.61,954.61,5,4.4
O000204,C00936,2025-03-05,delivered,Apple Pay,Standard,WEEKEND10,10,339.8,305.82,5,4.8
O000205,C00107,2025-06-07,delivered,PayPal,Standard,NONE,0,79.8,79.8,5,4.4
O000206,C00229,2025-10-12,delivered,Card,Express,NONE,0,240.81,240.81,3,4.5
O000207,C00533,2025-10-10,delivered,Card,Express,LOYAL20,20,74.9,59.92,2,4.4
O000208,C01719,2025-05-31,delivered,Apple Pay,Standard,NONE,0,423.97,423.97,6,4.7
O000209,C01453,2025-03-15,delivered,Apple Pay,Pickup,SPORT15,15,239.8,203.83,1,5.0
O000210,C01167,2025-12-01,delivered,PayPal,Standard,SPORT15,15,194.9,165.66,2,5.0
O000211,C01102,2025-02-22,delivered,PayPal,Standard,WEEKEND10,10,708.52,637.67,6,4.7
O000212,C01285,2025-08-08,returned,Apple Pay,Express,NONE,0,629.7,629.7,3,4.0
O000213,C00932,2025-08-11,delivered,Card,Standard,LOYAL20,20,594.96,475.97,4,4.4
O000214,C00638,2025-05-30,delivered,PayPal,Express,SPORT15,15,80.91,68.77,1,4.2
O000215,C01735,2025-10-04,delivered,Card,Express,WELCOME10,10,44.9,40.41,3,4.7
O000216,C01658,2025-12-05,delivered,Cash,Standard,SPORT15,15,346.41,294.45,5,4.5
O000217,C01583,2025-04-24,delivered,Card,Standard,NONE,0,137.57,137.57,5,4.2
O000218,C01180,2025-07-03,delivered,Card,Express,SPORT15,15,699.8,594.83,1,4.8
O000219,C00556,2025-02-04,delivered,Card,Pickup,NONE,0,418.85,418.85,4,5.0
O000220,C00152,2025-10-17,cancelled,Card,Standard,LOYAL20,20,84.8,67.84,,
O000221,C01527,2025-03-24,returned,Card,Express,NONE,0,54.9,54.9,5,2.5
O000222,C01287,2025-12-23,delivered,PayPal,Express,NONE,0,19.9,19.9,4,4.1
O000223,C01800,2025-12-14,delivered,Card,Standard,NONE,0,204.9,204.9,5,3.8
O000224,C01950,2025-09-10,delivered,Card,Express,WELCOME10,10,595.11,535.6,3,3.8
O000225,C00217,2025-12-16,delivered,Card,Pickup,WEEKEND10,10,274.9,247.41,1,4.0
O000226,C01024,2025-05-07,delivered,PayPal,Standard,NONE,0,474.6,474.6,6,4.2
O000227,C01168,2025-12-05,delivered,Card,Standard,NONE,0,49.9,49.9,5,4.4
O000228,C01640,2025-08-09,delivered,Apple Pay,Standard,NONE,0,199.8,199.8,4,3.9
O000229,C00768,2025-05-13,delivered,Card,Express,WELCOME10,10,655.22,589.7,1,5.0
O000230,C00367,2025-08-25,delivered,PayPal,Pickup,NONE,0,494.82,494.82,1,5.0
O000231,C01766,2025-08-21,delivered,Card,Standard,WELCOME10,10,1211.11,1090.0,1,3.3
O000232,C00993,2025-05-22,delivered,Card,Standard,WELCOME10,10,479.48,431.53,3,4.2
O000233,C01278,2025-03-06,delivered,PayPal,Standard,NONE,0,364.8,364.8,4,5.0
O000234,C01052,2025-11-14,delivered,Card,Standard,NONE,0,314.9,314.9,3,4.5
O000235,C00649,2025-04-13,delivered,Card,Standard,NONE,0,261.15,261.15,6,4.5
O000236,C00476,2025-01-25,cancelled,Apple Pay,Standard,NONE,0,179.9,179.9,,
O000237,C00675,2025-11-13,delivered,PayPal,Standard,WELCOME10,10,19.9,17.91,6,4.1
O000238,C00348,2025-06-27,delivered,Card,Standard,LOYAL20,20,454.7,363.76,5,4.8
O000239,C01556,2025-07-20,delivered,Card,Standard,WELCOME10,10,74.9,67.41,6,4.8
O000240,C00677,2025-04-20,delivered,Apple Pay,Pickup,NONE,0,190.21,190.21,1,4.2
O000241,C01037,2025-09-17,delivered,Apple Pay,Standard,WELCOME10,10,119.8,107.82,1,4.2
O000242,C00981,2025-05-19,delivered,Cash,Express,LOYAL20,20,289.8,231.84,1,4.0
O000243,C00009,2025-02-14,delivered,Card,Standard,WEEKEND10,10,279.8,251.82,3,4.7
O000244,C00629,2025-10-13,delivered,Card,Express,WELCOME10,10,948.21,853.39,5,4.7
O000245,C01066,2025-09-24,delivered,PayPal,Standard,NONE,0,659.7,659.7,5,4.1
O000246,C01639,2025-09-10,delivered,Card,Standard,NONE,0,356.15,356.15,1,4.5
O000247,C00424,2025-11-02,delivered,Apple Pay,Standard,NONE,0,519.7,519.7,6,3.9
O000248,C01337,2025-07-15,delivered,PayPal,Standard,SPORT15,15,225.81,191.94,4,3.8
O000249,C00457,2025-01-13,delivered,Card,Standard,NONE,0,134.82,134.82,1,4.3
O000250,C00024,2025-12-21,delivered,PayPal,Express,SPORT15,15,229.8,195.33,1,4.5
O000251,C01177,2025-11-29,delivered,PayPal,Standard,LOYAL20,20,17.91,14.33,4,3.9
O000252,C01777,2025-12-19,delivered,Card,Pickup,WELCOME10,10,247.41,222.67,1,4.3
O000253,C00608,2025-08-08,delivered,Card,Pickup,NONE,0,751.62,751.62,3,5.0
O000254,C00481,2025-08-09,delivered,Card,Standard,WELCOME10,10,878.36,790.52,2,4.5
O000255,C00077,2025-12-06,delivered,Card,Express,NONE,0,530.23,530.23,5,3.3
O000256,C01341,2025-05-13,cancelled,Card,Standard,NONE,0,154.8,154.8,,
O000257,C01933,2025-11-12,delivered,PayPal,Standard,SPORT15,15,1097.13,932.56,4,4.1
O000258,C01006,2025-07-30,delivered,Card,Standard,WEEKEND10,10,333.8,300.42,5,4.8
O000259,C01738,2025-06-12,delivered,PayPal,Standard,WEEKEND10,10,744.8,670.32,2,4.5
O000260,C01770,2025-12-21,delivered,Card,Pickup,NONE,0,160.72,160.72,1,3.2
O000261,C00778,2025-05-15,delivered,Card,Standard,NONE,0,317.82,317.82,5,4.1
O000262,C01344,2025-09-03,delivered,Card,Express,WEEKEND10,10,64.8,58.32,2,4.6
O000263,C01303,2025-12-03,delivered,Card,Standard,WELCOME10,10,283.41,255.07,5,4.4
O000264,C00517,2025-11-06,delivered,Card,Standard,NONE,0,574.6,574.6,4,4.5
O000265,C01875,2025-01-18,delivered,Card,Express,NONE,0,69.8,69.8,3,4.1
O000266,C01146,2025-04-23,delivered,Cash,Pickup,NONE,0,414.8,414.8,1,4.5
O000267,C01819,2025-05-17,delivered,Card,Standard,NONE,0,151.91,151.91,6,3.8
O000268,C01921,2025-03-19,delivered,Apple Pay,Standard,NONE,0,294.13,294.13,4,3.9
O000269,C00271,2025-08-31,delivered,PayPal,Standard,LOYAL20,20,364.9,291.92,3,4.6
O000270,C01514,2025-08-31,delivered,Card,Standard,NONE,0,509.56,509.56,4,4.4
O000271,C00995,2025-03-02,returned,Card,Standard,SPORT15,15,139.9,118.92,4,2.4
O000272,C01963,2025-11-03,delivered,PayPal,Pickup,NONE,0,275.32,275.32,2,4.4
O000273,C01158,2025-10-31,delivered,Cash,Pickup,SPORT15,15,157.41,133.8,1,3.6
O000274,C00935,2025-07-15,delivered,PayPal,Standard,LOYAL20,20,219.9,175.92,5,4.5
O000275,C00834,2025-12-28,delivered,Card,Pickup,WEEKEND10,10,69.8,62.82,2,4.4
O000276,C00643,2025-03-23,cancelled,Apple Pay,Express,NONE,0,514.8,514.8,,
O000277,C00739,2025-07-26,delivered,Apple Pay,Standard,NONE,0,474.8,474.8,5,5.0
O000278,C00468,2025-12-23,delivered,Apple Pay,Express,WEEKEND10,10,479.7,431.73,1,4.7
O000279,C00357,2025-04-17,delivered,Apple Pay,Standard,NONE,0,674.63,674.63,5,4.4
O000280,C01033,2025-10-22,delivered,Apple Pay,Standard,NONE,0,364.9,364.9,2,4.8
O000281,C01588,2025-07-08,delivered,PayPal,Standard,NONE,0,154.9,154.9,5,3.9
O000282,C01013,2025-02-01,delivered,Card,Standard,NONE,0,649.8,649.8,5,4.0
O000283,C01663,2025-05-02,delivered,Card,Standard,WEEKEND10,10,1020.6,918.54,4,4.5
O000284,C01845,2025-10-07,delivered,PayPal,Standard,NONE,0,71.82,71.82,5,3.4
O000285,C01024,2025-12-08,delivered,Card,Standard,WEEKEND10,10,139.8,125.82,4,4.3
O000286,C00429,2025-04-13,delivered,Card,Standard,NONE,0,236.31,236.31,3,4.3
O000287,C00847,2025-11-07,returned,Card,Standard,NONE,0,223.22,223.22,6,3.6
O000288,C00155,2025-03-28,delivered,Cash,Standard,NONE,0,507.31,507.31,5,5.0
O000289,C01645,2025-01-07,delivered,Card,Standard,LOYAL20,20,556.62,445.3,6,4.1
O000290,C01026,2025-12-01,delivered,Apple Pay,Standard,SPORT15,15,692.82,588.9,5,4.2
O000291,C00059,2025-08-15,delivered,Apple Pay,Standard,NONE,0,69.9,69.9,4,4.5
O000292,C01975,2025-03-30,delivered,Cash,Standard,WEEKEND10,10,422.95,380.65,5,4.6
O000293,C01003,2025-03-15,delivered,Card,Standard,NONE,0,677.51,677.51,4,4.4
O000294,C01218,2025-12-25,delivered,Apple Pay,Express,NONE,0,204.8,204.8,3,4.5
O000295,C00216,2025-03-06,delivered,PayPal,Pickup,WEEKEND10,10,37.9,34.11,2,4.5
O000296,C01201,2025-11-24,delivered,Apple Pay,Standard,NONE,0,191.21,191.21,5,4.8
O000297,C01189,2025-12-19,delivered,Card,Standard,NONE,0,366.22,366.22,5,3.9
O000298,C01776,2025-06-08,delivered,Card,Standard,WELCOME10,10,174.9,157.41,3,4.4
O000299,C01835,2025-04-08,cancelled,Card,Standard,NONE,0,69.9,69.9,,
O000300,C00407,2025-11-16,delivered,Card,Standard,NONE,0,904.92,904.92,4,4.7
O000301,C01702,2025-11-26,cancelled,Card,Pickup,NONE,0,121.41,121.41,,
O000302,C01402,2025-03-21,delivered,PayPal,Express,LOYAL20,20,278.91,223.13,1,4.3
O000303,C01774,2025-11-30,delivered,Card,Standard,SPORT15,15,659.7,560.75,3,3.5
O000304,C01415,2025-03-05,delivered,Card,Standard,NONE,0,184.81,184.81,6,4.3
O000305,C00903,2025-11-22,delivered,Card,Standard,SPORT15,15,94.8,80.58,5,4.2
O000306,C01173,2025-11-17,delivered,Card,Standard,NONE,0,371.56,371.56,5,5.0
O000307,C00556,2025-12-05,delivered,PayPal,Pickup,WEEKEND10,10,143.91,129.52,4,3.8
O000308,C01651,2025-08-07,delivered,Card,Standard,NONE,0,169.9,169.9,4,5.0
O000309,C01941,2025-10-15,delivered,Cash,Standard,WELCOME10,10,328.41,295.57,2,4.8
O000310,C00331,2025-04-03,delivered,PayPal,Express,WEEKEND10,10,309.9,278.91,3,3.9
O000311,C01467,2025-09-07,delivered,Card,Standard,WEEKEND10,10,217.81,196.03,2,4.5
O000312,C01311,2025-09-29,delivered,Cash,Standard,NONE,0,44.9,44.9,2,4.9
O000313,C00880,2025-01-29,delivered,Card,Standard,SPORT15,15,674.33,573.18,5,3.9
O000314,C01307,2025-10-30,delivered,Card,Pickup,WELCOME10,10,102.05,91.84,3,3.6
O000315,C00809,2025-02-19,cancelled,Cash,Pickup,WELCOME10,10,384.8,346.32,,
O000316,C01742,2025-10-14,delivered,Apple Pay,Standard,NONE,0,206.82,206.82,5,3.9
O000317,C01957,2025-02-24,delivered,Card,Standard,NONE,0,1062.52,1062.52,5,3.4
O000318,C01582,2025-03-02,delivered,Card,Standard,LOYAL20,20,277.21,221.77,5,4.6
O000319,C00151,2025-03-27,delivered,PayPal,Standard,NONE,0,439.8,439.8,3,3.6
O000320,C00751,2025-04-02,delivered,Card,Standard,SPORT15,15,327.72,278.56,5,5.0
O000321,C01997,2025-11-30,delivered,Cash,Standard,WELCOME10,10,418.23,376.41,5,4.0
O000322,C00719,2025-04-25,delivered,Card,Standard,LOYAL20,20,309.9,247.92,3,5.0
O000323,C00415,2025-11-05,delivered,Apple Pay,Pickup,NONE,0,151.91,151.91,2,5.0
O000324,C00539,2025-11-19,delivered,Card,Express,WEEKEND10,10,18.9,17.01,1,5.0
O000325,C00313,2025-01-27,delivered,Apple Pay,Pickup,NONE,0,161.11,161.11,3,5.0
O000326,C01737,2025-08-24,delivered,Cash,Standard,NONE,0,357.81,357.81,4,4.7
O000327,C01709,2025-12-08,delivered,Card,Standard,WEEKEND10,10,42.65,38.38,6,4.2
O000328,C01072,2025-09-24,delivered,Card,Pickup,NONE,0,583.96,583.96,3,4.3
O000329,C01164,2025-06-30,delivered,Cash,Standard,NONE,0,259.6,259.6,3,4.5
O000330,C00044,2025-02-10,delivered,Cash,Pickup,SPORT15,15,332.91,282.97,2,4.3
O000331,C00289,2025-05-15,delivered,Card,Express,NONE,0,154.9,154.9,3,4.1
O000332,C00151,2025-08-04,delivered,Apple Pay,Standard,LOYAL20,20,433.72,346.98,3,4.5
O000333,C01267,2025-02-01,delivered,Card,Express,NONE,0,362.31,362.31,4,4.0
O000334,C00325,2025-11-14,delivered,PayPal,Standard,NONE,0,472.72,472.72,3,4.0
O000335,C00615,2025-12-31,delivered,Card,Standard,WELCOME10,10,239.31,215.38,4,3.9
O000336,C01013,2025-11-08,delivered,Apple Pay,Standard,NONE,0,594.6,594.6,3,3.8
O000337,C00672,2025-12-12,delivered,Apple Pay,Standard,WELCOME10,10,468.31,421.48,4,4.1
O000338,C00567,2025-10-02,delivered,Card,Standard,WEEKEND10,10,174.81,157.33,3,4.4
O000339,C00597,2025-04-27,delivered,Card,Express,WEEKEND10,10,450.62,405.56,2,3.9
O000340,C00761,2025-11-29,delivered,Card,Standard,NONE,0,84.9,84.9,4,4.5
O000341,C01838,2025-03-29,delivered,Card,Standard,WELCOME10,10,142.82,128.54,1,4.3
O000342,C00361,2025-03-13,delivered,Apple Pay,Standard,WEEKEND10,10,629.8,566.82,5,4.0
O000343,C00907,2025-10-30,delivered,Card,Standard,NONE,0,534.7,534.7,5,4.3
O000344,C00019,2025-09-28,delivered,Apple Pay,Express,WEEKEND10,10,1106.62,995.96,2,4.6
O000345,C00774,2025-02-24,delivered,Card,Standard,NONE,0,423.31,423.31,5,4.4
O000346,C01028,2025-07-19,delivered,Card,Standard,NONE,0,441.11,441.11,5,4.2
O000347,C01104,2025-11-21,delivered,PayPal,Standard,WEEKEND10,10,639.6,575.64,3,5.0
O000348,C01994,2025-03-09,delivered,Card,Standard,SPORT15,15,914.7,777.5,5,4.0
O000349,C00142,2025-10-14,delivered,Card,Pickup,NONE,0,649.5,649.5,2,4.9
O000350,C00878,2025-12-25,delivered,Card,Standard,LOYAL20,20,362.71,290.17,4,4.3
O000351,C00803,2025-11-28,delivered,Apple Pay,Standard,NONE,0,69.9,69.9,4,4.9
O000352,C00496,2025-11-28,delivered,Card,Standard,SPORT15,15,922.02,783.72,4,3.7
O000353,C00905,2025-08-02,delivered,Card,Standard,NONE,0,484.3,484.3,3,4.7
O000354,C01187,2025-04-23,delivered,Card,Standard,NONE,0,287.3,287.3,5,4.5
O000355,C01223,2025-03-18,delivered,Card,Standard,LOYAL20,20,819.6,655.68,4,4.3
O000356,C00377,2025-06-08,delivered,Card,Express,NONE,0,504.8,504.8,1,4.0
O000357,C01438,2025-10-15,cancelled,Card,Standard,LOYAL20,20,227.91,182.33,,
O000358,C00019,2025-09-24,delivered,Card,Standard,NONE,0,179.7,179.7,5,3.6
O000359,C00904,2025-08-13,delivered,Card,Standard,NONE,0,147.16,147.16,5,4.3
O000360,C00374,2025-08-25,delivered,Card,Standard,SPORT15,15,951.86,809.08,3,4.6
O000361,C00741,2025-11-23,delivered,Card,Standard,NONE,0,134.9,134.9,3,4.3
O000362,C00658,2025-03-09,delivered,Cash,Standard,NONE,0,364.9,364.9,5,4.3
O000363,C01488,2025-11-30,delivered,Cash,Standard,SPORT15,15,69.9,59.42,4,4.4
O000364,C01131,2025-11-20,delivered,PayPal,Express,NONE,0,147.16,147.16,3,4.4
O000365,C00880,2025-06-03,delivered,Cash,Standard,NONE,0,166.16,166.16,4,5.0
O000366,C00314,2025-05-09,cancelled,Card,Express,WELCOME10,10,968.61,871.75,,
O000367,C01781,2025-12-23,cancelled,Card,Pickup,WEEKEND10,10,755.21,679.69,,
O000368,C01437,2025-03-12,delivered,PayPal,Standard,NONE,0,589.8,589.8,2,5.0
O000369,C01193,2025-09-01,delivered,Card,Standard,LOYAL20,20,796.21,636.97,6,4.1
O000370,C00423,2025-10-20,delivered,Card,Standard,NONE,0,769.5,769.5,5,4.6
O000371,C01923,2025-05-17,delivered,Card,Standard,NONE,0,194.9,194.9,4,4.7
O000372,C01583,2025-09-11,delivered,PayPal,Standard,NONE,0,309.9,309.9,3,4.8
O000373,C01038,2025-06-20,delivered,Card,Standard,NONE,0,594.6,594.6,3,3.9
O000374,C00736,2025-05-16,delivered,PayPal,Standard,NONE,0,422.22,422.22,3,4.4
O000375,C01677,2025-05-24,delivered,Card,Express,SPORT15,15,759.71,645.75,1,4.6
O000376,C00636,2025-12-22,delivered,Apple Pay,Pickup,SPORT15,15,220.31,187.26,4,5.0
O000377,C00866,2025-12-09,delivered,PayPal,Standard,NONE,0,69.9,69.9,3,3.3
O000378,C00316,2025-05-08,delivered,Cash,Standard,LOYAL20,20,208.91,167.13,3,5.0
O000379,C00650,2025-12-20,delivered,Card,Standard,NONE,0,1187.74,1187.74,2,4.0
O000380,C01408,2025-08-21,delivered,PayPal,Standard,NONE,0,379.8,379.8,3,4.2
O000381,C01644,2025-06-01,delivered,Card,Standard,NONE,0,370.12,370.12,5,3.9
O000382,C00868,2025-04-03,delivered,Card,Standard,SPORT15,15,44.91,38.17,2,4.8
O000383,C00946,2025-01-13,delivered,Card,Standard,NONE,0,194.9,194.9,6,3.4
O000384,C00333,2025-01-27,delivered,Card,Express,SPORT15,15,436.13,370.71,1,4.2
O000385,C01583,2025-06-12,delivered,Card,Standard,SPORT15,15,285.81,242.94,3,4.6
O000386,C01435,2025-10-23,delivered,PayPal,Standard,NONE,0,1019.6,1019.6,4,4.7
O000387,C01966,2025-09-05,returned,Apple Pay,Pickup,WEEKEND10,10,294.9,265.41,6,2.9
O000388,C01768,2025-06-27,delivered,Card,Standard,NONE,0,479.8,479.8,6,3.6
O000389,C00746,2025-06-02,delivered,Card,Standard,NONE,0,1016.53,1016.53,5,3.9
O000390,C01837,2025-06-07,delivered,Card,Express,WELCOME10,10,1083.5,975.15,4,4.4
O000391,C00794,2025-12-09,delivered,Cash,Standard,NONE,0,161.41,161.41,4,4.2
O000392,C01893,2025-04-30,delivered,Card,Standard,NONE,0,593.72,593.72,5,4.7
O000393,C01818,2025-01-26,delivered,Apple Pay,Standard,SPORT15,15,432.52,367.64,2,5.0
O000394,C01000,2025-11-03,delivered,Card,Express,NONE,0,505.31,505.31,2,4.2
O000395,C00479,2025-03-11,delivered,Apple Pay,Standard,NONE,0,679.8,679.8,4,5.0
O000396,C00239,2025-06-13,delivered,Apple Pay,Standard,SPORT15,15,592.71,503.8,7,4.2
O000397,C00208,2025-07-17,cancelled,Card,Standard,NONE,0,19.9,19.9,,
O000398,C01563,2025-11-23,delivered,Cash,Standard,LOYAL20,20,299.15,239.32,6,4.0
O000399,C01943,2025-05-24,delivered,Card,Standard,NONE,0,517.13,517.13,3,4.3
O000400,C00960,2025-04-24,delivered,Cash,Standard,NONE,0,403.82,403.82,2,3.6
O000401,C01555,2025-02-01,delivered,Cash,Standard,NONE,0,284.31,284.31,4,4.4
O000402,C00494,2025-09-08,returned,Card,Standard,SPORT15,15,339.7,288.75,4,2.6
O000403,C01396,2025-08-22,delivered,Card,Standard,NONE,0,47.4,47.4,3,4.2
O000404,C00283,2025-06-25,delivered,PayPal,Standard,NONE,0,120.81,120.81,6,4.3
O000405,C01881,2025-11-26,returned,Apple Pay,Express,NONE,0,259.8,259.8,4,3.5
O000406,C01276,2025-11-03,delivered,Card,Standard,LOYAL20,20,280.15,224.12,6,3.5
O000407,C01447,2025-07-19,delivered,PayPal,Pickup,NONE,0,299.31,299.31,2,3.7
O000408,C01942,2025-12-07,delivered,Card,Standard,NONE,0,372.81,372.81,4,4.3
O000409,C01573,2025-08-28,delivered,Card,Express,NONE,0,49.9,49.9,4,4.6
O000410,C00206,2025-07-21,delivered,Cash,Pickup,NONE,0,80.66,80.66,4,4.2
O000411,C01927,2025-10-23,delivered,Card,Standard,NONE,0,638.1,638.1,6,4.2
O000412,C00962,2025-06-13,delivered,Card,Standard,SPORT15,15,229.32,194.92,3,4.2
O000413,C00973,2025-11-26,delivered,Card,Express,WELCOME10,10,19.9,17.91,3,4.6
O000414,C01089,2025-09-10,delivered,PayPal,Standard,WEEKEND10,10,344.8,310.32,3,4.4
O000415,C01235,2025-07-27,delivered,Apple Pay,Standard,NONE,0,844.62,844.62,5,4.8
O000416,C01697,2025-08-16,delivered,Card,Standard,WELCOME10,10,49.41,44.47,5,3.8
O000417,C01493,2025-12-17,delivered,Apple Pay,Standard,WELCOME10,10,824.36,741.92,5,5.0
O000418,C01470,2025-01-10,delivered,Apple Pay,Standard,NONE,0,602.71,602.71,3,4.5
O000419,C01606,2025-04-15,delivered,Card,Pickup,NONE,0,769.8,769.8,2,5.0
O000420,C01906,2025-11-28,delivered,Card,Standard,SPORT15,15,863.6,734.06,4,4.3
O000421,C00300,2025-04-10,delivered,PayPal,Standard,NONE,0,379.8,379.8,3,4.7
O000422,C00442,2025-07-31,returned,Card,Pickup,SPORT15,15,114.8,97.58,5,3.8
O000423,C00710,2025-05-08,returned,Card,Express,NONE,0,80.82,80.82,4,2.5
O000424,C01260,2025-10-01,delivered,Cash,Standard,NONE,0,416.21,416.21,5,5.0
O000425,C00575,2025-02-17,delivered,Card,Express,NONE,0,365.65,365.65,3,4.0
O000426,C01435,2025-01-08,delivered,Apple Pay,Standard,WEEKEND10,10,517.56,465.8,5,4.4
O000427,C01148,2025-12-26,delivered,Card,Pickup,WELCOME10,10,835.61,752.05,4,4.5
O000428,C01228,2025-07-30,delivered,Apple Pay,Standard,NONE,0,506.21,506.21,5,3.9
O000429,C00742,2025-03-03,delivered,Card,Standard,NONE,0,279.7,279.7,1,4.4
O000430,C01507,2025-04-08,delivered,Card,Standard,NONE,0,1123.75,1123.75,6,3.5
O000431,C01530,2025-11-01,delivered,Card,Express,NONE,0,394.8,394.8,1,4.0
O000432,C01747,2025-04-13,delivered,Card,Standard,SPORT15,15,256.4,217.94,3,4.8
O000433,C01031,2025-08-24,delivered,PayPal,Standard,WEEKEND10,10,531.81,478.63,5,4.2
O000434,C00327,2025-02-23,delivered,PayPal,Express,NONE,0,613.23,613.23,3,4.4
O000435,C01150,2025-11-16,delivered,Cash,Standard,WEEKEND10,10,199.8,179.82,6,4.5
O000436,C00598,2025-05-07,delivered,Card,Standard,NONE,0,321.11,321.11,5,4.5
O000437,C01403,2025-04-05,delivered,Apple Pay,Express,WELCOME10,10,684.8,616.32,4,4.7
O000438,C01651,2025-05-31,delivered,Apple Pay,Standard,NONE,0,279.31,279.31,4,4.1
O000439,C00071,2025-11-23,delivered,PayPal,Standard,NONE,0,678.95,678.95,5,5.0
O000440,C01553,2025-08-14,delivered,Apple Pay,Standard,SPORT15,15,440.61,374.52,5,4.5
O000441,C00711,2025-09-25,delivered,Card,Standard,NONE,0,112.81,112.81,4,3.8
O000442,C01819,2025-06-05,delivered,Card,Standard,NONE,0,1282.53,1282.53,6,4.3
O000443,C01545,2025-09-29,delivered,Card,Standard,LOYAL20,20,728.13,582.5,5,4.2
O000444,C01521,2025-02-15,delivered,Cash,Pickup,WEEKEND10,10,94.91,85.42,1,4.4
O000445,C00799,2025-05-26,delivered,Card,Express,NONE,0,325.71,325.71,4,3.7
O000446,C01003,2025-08-31,delivered,Card,Standard,NONE,0,79.9,79.9,4,4.6
O000447,C00449,2025-04-17,cancelled,PayPal,Express,NONE,0,349.9,349.9,,
O000448,C00545,2025-03-06,delivered,Card,Express,WEEKEND10,10,646.3,581.67,4,5.0
O000449,C01606,2025-11-01,delivered,Apple Pay,Standard,NONE,0,211.32,211.32,6,4.1
O000450,C00534,2025-04-01,delivered,Card,Standard,SPORT15,15,619.8,526.83,6,4.3
O000451,C00233,2025-12-05,delivered,Card,Express,WELCOME10,10,219.9,197.91,1,4.2
O000452,C01487,2025-12-09,delivered,Apple Pay,Standard,NONE,0,322.3,322.3,3,4.5
O000453,C01556,2025-05-19,delivered,Card,Standard,SPORT15,15,633.31,538.31,4,4.7
O000454,C00629,2025-12-10,delivered,PayPal,Standard,WELCOME10,10,99.9,89.91,4,3.7
O000455,C01302,2025-09-27,delivered,Cash,Standard,NONE,0,863.26,863.26,6,4.0
O000456,C00038,2025-01-11,delivered,PayPal,Standard,WELCOME10,10,809.7,728.73,5,4.3
O000457,C00932,2025-12-15,delivered,Card,Standard,NONE,0,319.8,319.8,5,4.8
O000458,C00671,2025-11-16,delivered,PayPal,Standard,SPORT15,15,426.31,362.36,6,4.3
O000459,C01875,2025-05-25,delivered,Cash,Standard,WEEKEND10,10,99.8,89.82,2,3.9
O000460,C00779,2025-04-23,delivered,Card,Standard,NONE,0,330.71,330.71,4,3.9
O000461,C00674,2025-08-11,delivered,Card,Express,NONE,0,374.7,374.7,2,5.0
O000462,C00967,2025-01-05,returned,Card,Standard,NONE,0,558.21,558.21,5,2.9
O000463,C01882,2025-06-22,delivered,Card,Standard,NONE,0,395.72,395.72,6,3.7
O000464,C01687,2025-12-06,delivered,Cash,Pickup,NONE,0,400.32,400.32,2,3.5
O000465,C00711,2025-12-27,delivered,Apple Pay,Express,WELCOME10,10,358.53,322.68,1,4.5
O000466,C01069,2025-12-07,returned,Card,Standard,NONE,0,294.9,294.9,6,2.5
O000467,C01823,2025-06-14,delivered,PayPal,Standard,NONE,0,212.97,212.97,4,5.0
O000468,C00685,2025-11-10,delivered,Apple Pay,Standard,SPORT15,15,710.71,604.1,5,3.9
O000469,C01797,2025-08-12,delivered,Card,Standard,NONE,0,799.7,799.7,5,4.1
O000470,C01320,2025-07-18,delivered,Card,Standard,NONE,0,505.31,505.31,3,4.0
O000471,C01697,2025-04-08,delivered,Card,Standard,SPORT15,15,1424.3,1210.65,6,4.6
O000472,C00997,2025-01-13,delivered,Card,Express,NONE,0,953.92,953.92,2,4.8
O000473,C00056,2025-02-01,delivered,PayPal,Standard,NONE,0,229.8,229.8,3,5.0
O000474,C00162,2025-04-08,cancelled,PayPal,Pickup,LOYAL20,20,885.62,708.5,,
O000475,C00192,2025-07-27,delivered,Card,Standard,NONE,0,929.85,929.85,5,3.6
O000476,C00685,2025-04-28,delivered,PayPal,Standard,NONE,0,313.82,313.82,5,5.0
O000477,C01183,2025-04-05,delivered,Cash,Standard,WEEKEND10,10,169.9,152.91,3,4.4
O000478,C00930,2025-12-08,delivered,Card,Pickup,NONE,0,66.41,66.41,1,4.6
O000479,C00866,2025-05-07,delivered,Cash,Standard,SPORT15,15,261.15,221.98,4,4.5
O000480,C00872,2025-03-24,delivered,PayPal,Standard,SPORT15,15,818.6,695.81,3,5.0
O000481,C00193,2025-11-26,delivered,Card,Pickup,NONE,0,221.31,221.31,3,3.9
O000482,C01832,2025-08-01,delivered,Card,Express,NONE,0,378.06,378.06,2,4.4
O000483,C01245,2025-12-20,delivered,Cash,Standard,NONE,0,251.82,251.82,6,4.3
O000484,C00223,2025-09-30,delivered,Cash,Express,NONE,0,417.82,417.82,3,4.1
O000485,C01708,2025-12-12,delivered,Card,Standard,SPORT15,15,959.6,815.66,5,4.5
O000486,C00166,2025-02-21,delivered,Card,Standard,NONE,0,474.8,474.8,3,4.4
O000487,C00885,2025-07-29,delivered,Cash,Express,SPORT15,15,353.81,300.74,2,4.6
O000488,C00452,2025-01-11,delivered,Card,Standard,NONE,0,584.7,584.7,5,4.0
O000489,C00217,2025-12-30,delivered,PayPal,Express,NONE,0,598.72,598.72,1,3.7
O000490,C01315,2025-02-02,delivered,Cash,Standard,NONE,0,867.96,867.96,3,4.6
O000491,C00842,2025-09-12,delivered,Cash,Standard,NONE,0,274.9,274.9,5,4.4
O000492,C00072,2025-01-03,cancelled,Card,Standard,NONE,0,94.91,94.91,,
O000493,C00065,2025-05-12,delivered,Card,Express,NONE,0,694.7,694.7,1,4.7
O000494,C00690,2025-03-19,delivered,Card,Pickup,WELCOME10,10,349.9,314.91,2,4.9
O000495,C00358,2025-02-20,delivered,Card,Express,NONE,0,94.91,94.91,3,5.0
O000496,C00826,2025-05-02,delivered,Card,Standard,NONE,0,629.8,629.8,4,5.0
O000497,C01651,2025-10-25,delivered,Card,Standard,WEEKEND10,10,659.8,593.82,5,3.9
O000498,C00274,2025-06-29,delivered,Apple Pay,Standard,NONE,0,69.9,69.9,5,4.3
O000499,C00544,2025-11-04,delivered,Apple Pay,Standard,WEEKEND10,10,739.8,665.82,4,4.9
O000500,C01038,2025-06-07,delivered,Card,Standard,SPORT15,15,486.96,413.92,4,4.7
O000501,C01684,2025-04-30,delivered,Card,Standard,WELCOME10,10,695.71,626.14,5,5.0
O000502,C00517,2025-06-12,delivered,Cash,Pickup,NONE,0,1218.1,1218.1,1,4.5
O000503,C00365,2025-02-16,delivered,Cash,Standard,NONE,0,564.52,564.52,5,4.2
O000504,C00167,2025-03-30,delivered,Card,Standard,NONE,0,531.03,531.03,4,5.0
O000505,C00651,2025-06-27,delivered,Apple Pay,Standard,WELCOME10,10,729.7,656.73,4,3.6
O000506,C00755,2025-09-28,delivered,Card,Standard,SPORT15,15,99.9,84.92,4,4.6
O000507,C01654,2025-09-22,delivered,PayPal,Standard,NONE,0,440.21,440.21,2,4.6
O000508,C00449,2025-03-02,delivered,PayPal,Standard,LOYAL20,20,247.41,197.93,4,3.7
O000509,C00847,2025-10-02,delivered,Apple Pay,Standard,NONE,0,199.23,199.23,5,3.5
O000510,C00943,2025-10-29,delivered,Cash,Express,WEEKEND10,10,242.71,218.44,1,3.9
O000511,C00407,2025-05-26,delivered,Card,Pickup,LOYAL20,20,508.39,406.71,2,4.6
O000512,C00058,2025-06-20,delivered,Card,Standard,NONE,0,790.96,790.96,4,4.5
O000513,C01526,2025-12-29,delivered,Card,Express,WEEKEND10,10,696.21,626.59,3,4.3
O000514,C01992,2025-06-12,delivered,Apple Pay,Pickup,NONE,0,850.53,850.53,3,4.6
O000515,C00824,2025-10-14,delivered,Card,Standard,NONE,0,130.41,130.41,3,4.8
O000516,C01727,2025-07-12,returned,Card,Standard,NONE,0,350.82,350.82,5,3.4
O000517,C00398,2025-11-25,delivered,Apple Pay,Express,SPORT15,15,719.7,611.75,2,5.0
O000518,C01349,2025-09-02,delivered,Card,Standard,NONE,0,34.9,34.9,4,5.0
O000519,C01925,2025-09-13,delivered,Cash,Pickup,NONE,0,144.9,144.9,2,4.2
O000520,C01227,2025-12-27,delivered,Card,Pickup,SPORT15,15,463.31,393.81,2,4.7
O000521,C01287,2025-01-04,delivered,Card,Standard,NONE,0,242.82,242.82,5,4.5
O000522,C00626,2025-02-16,delivered,PayPal,Pickup,NONE,0,417.82,417.82,1,3.6
O000523,C00274,2025-08-06,delivered,Card,Standard,NONE,0,40.41,40.41,4,4.6
O000524,C01481,2025-05-20,delivered,PayPal,Pickup,NONE,0,800.76,800.76,2,5.0
O000525,C00032,2025-11-24,delivered,PayPal,Express,NONE,0,796.11,796.11,4,4.3
O000526,C01324,2025-02-28,delivered,Card,Standard,NONE,0,154.9,154.9,6,4.1
O000527,C01490,2025-07-03,delivered,Card,Standard,NONE,0,441.46,441.46,4,4.6
O000528,C01112,2025-06-21,delivered,Apple Pay,Express,WEEKEND10,10,636.47,572.82,3,4.7
O000529,C01567,2025-12-26,returned,Apple Pay,Standard,SPORT15,15,142.06,120.75,5,3.9
O000530,C01894,2025-08-31,delivered,Card,Standard,NONE,0,1375.75,1375.75,4,3.8
O000531,C00458,2025-05-06,delivered,Card,Standard,NONE,0,619.8,619.8,6,4.6
O000532,C01139,2025-06-18,cancelled,Card,Standard,SPORT15,15,356.15,302.73,,
O000533,C00217,2025-12-19,delivered,PayPal,Standard,SPORT15,15,349.8,297.33,7,4.5
O000534,C01624,2025-12-31,returned,Card,Express,NONE,0,836.73,836.73,2,1.9
O000535,C00685,2025-01-11,delivered,PayPal,Standard,WEEKEND10,10,19.9,17.91,5,4.7
O000536,C01597,2025-12-30,delivered,Card,Pickup,NONE,0,1395.5,1395.5,3,4.6
O000537,C01435,2025-10-29,delivered,Apple Pay,Standard,NONE,0,503.31,503.31,4,4.3
O000538,C01017,2025-06-17,delivered,Cash,Standard,LOYAL20,20,332.4,265.92,4,5.0
O000539,C00326,2025-08-01,delivered,Card,Standard,NONE,0,581.72,581.72,4,4.9
O000540,C01623,2025-09-06,delivered,Card,Standard,WELCOME10,10,647.12,582.41,5,3.4
O000541,C00769,2025-01-23,delivered,Apple Pay,Express,NONE,0,404.8,404.8,2,5.0
O000542,C01560,2025-12-26,delivered,Card,Express,NONE,0,848.62,848.62,1,3.9
O000543,C01816,2025-10-22,delivered,Card,Standard,WELCOME10,10,232.57,209.31,5,4.9
O000544,C00711,2025-05-12,delivered,Apple Pay,Standard,NONE,0,40.41,40.41,5,4.2
O000545,C01114,2025-09-25,delivered,Card,Standard,NONE,0,332.3,332.3,3,4.2
O000546,C01936,2025-02-07,delivered,Card,Pickup,WEEKEND10,10,807.05,726.35,1,4.0
O000547,C00905,2025-08-18,delivered,PayPal,Standard,NONE,0,369.9,369.9,5,4.0
O000548,C01710,2025-01-28,delivered,Card,Standard,NONE,0,307.72,307.72,5,4.3
O000549,C00999,2025-01-30,delivered,Card,Standard,NONE,0,605.05,605.05,5,3.6
O000550,C01279,2025-08-19,delivered,Card,Standard,NONE,0,669.3,669.3,3,3.9
O000551,C01590,2025-07-05,delivered,Apple Pay,Pickup,NONE,0,499.71,499.71,3,4.1
O000552,C01739,2025-11-22,delivered,Card,Standard,WELCOME10,10,161.32,145.19,4,4.3
O000553,C01977,2025-12-07,delivered,Card,Standard,WELCOME10,10,47.4,42.66,4,4.0
O000554,C01229,2025-04-24,delivered,Card,Standard,NONE,0,79.9,79.9,7,4.1
O000555,C01616,2025-07-21,delivered,Card,Standard,NONE,0,346.41,346.41,6,4.7
O000556,C00278,2025-09-19,delivered,Card,Express,NONE,0,89.91,89.91,2,4.7
O000557,C01553,2025-05-25,delivered,Card,Express,WELCOME10,10,40.41,36.37,3,5.0
O000558,C01241,2025-03-12,delivered,PayPal,Standard,WELCOME10,10,585.96,527.36,4,5.0
O000559,C01026,2025-07-27,delivered,Apple Pay,Standard,NONE,0,222.55,222.55,2,4.2
O000560,C00809,2025-06-19,delivered,PayPal,Express,NONE,0,157.41,157.41,1,4.6
O000561,C00996,2025-04-13,delivered,Card,Standard,NONE,0,680.03,680.03,4,5.0
O000562,C00903,2025-01-17,delivered,PayPal,Express,NONE,0,489.8,489.8,1,4.1
O000563,C01356,2025-12-30,delivered,Card,Standard,NONE,0,194.9,194.9,5,4.2
O000564,C01742,2025-01-27,delivered,Card,Standard,NONE,0,563.56,563.56,2,4.0
O000565,C00718,2025-07-14,delivered,Card,Express,WEEKEND10,10,592.51,533.26,1,5.0
O000566,C01979,2025-11-14,delivered,Card,Express,NONE,0,99.8,99.8,3,4.3
O000567,C01937,2025-11-21,delivered,Card,Standard,WEEKEND10,10,458.85,412.97,3,5.0
O000568,C01803,2025-08-08,delivered,Apple Pay,Standard,NONE,0,80.82,80.82,3,4.3
O000569,C00024,2025-05-01,delivered,Card,Standard,WELCOME10,10,836.85,753.17,4,5.0
O000570,C01265,2025-12-15,delivered,Cash,Standard,NONE,0,34.9,34.9,3,4.1
O000571,C00487,2025-09-29,delivered,PayPal,Standard,WELCOME10,10,782.41,704.17,3,4.2
O000572,C01991,2025-03-17,delivered,Apple Pay,Standard,NONE,0,269.9,269.9,3,3.9
O000573,C01506,2025-06-07,delivered,Card,Express,LOYAL20,20,1245.75,996.6,2,4.0
O000574,C00138,2025-07-14,delivered,PayPal,Express,NONE,0,346.65,346.65,3,3.9
O000575,C01036,2025-08-15,delivered,Card,Standard,SPORT15,15,204.9,174.16,3,4.6
O000576,C01418,2025-02-20,delivered,PayPal,Standard,NONE,0,907.52,907.52,3,4.7
O000577,C01570,2025-12-17,delivered,Card,Express,SPORT15,15,44.9,38.16,2,4.6
O000578,C01475,2025-03-27,delivered,Card,Standard,NONE,0,614.63,614.63,7,4.3
O000579,C01079,2025-07-11,delivered,Apple Pay,Standard,SPORT15,15,139.8,118.83,7,3.3
O000580,C01507,2025-12-06,delivered,Card,Standard,NONE,0,66.41,66.41,4,4.9
O000581,C01501,2025-11-17,delivered,Card,Standard,WELCOME10,10,679.61,611.65,3,4.3
O000582,C00858,2025-12-03,delivered,PayPal,Pickup,WELCOME10,10,526.36,473.72,2,4.8
O000583,C00127,2025-06-06,delivered,PayPal,Standard,WEEKEND10,10,1033.61,930.25,5,4.7
O000584,C01423,2025-12-28,delivered,Cash,Standard,SPORT15,15,1095.95,931.56,6,3.8
O000585,C01335,2025-02-11,delivered,Card,Express,NONE,0,52.15,52.15,3,4.0
O000586,C00467,2025-05-29,delivered,PayPal,Standard,NONE,0,320.81,320.81,2,4.4
O000587,C00273,2025-03-09,delivered,Card,Pickup,SPORT15,15,166.16,141.24,3,4.7
O000588,C00846,2025-04-07,delivered,Cash,Standard,WELCOME10,10,144.9,130.41,4,4.1
O000589,C01069,2025-02-22,delivered,Card,Express,WEEKEND10,10,69.9,62.91,2,4.0
O000590,C00596,2025-07-26,returned,Card,Standard,WELCOME10,10,119.31,107.38,6,3.2
O000591,C00803,2025-12-03,delivered,Card,Standard,NONE,0,1322.43,1322.43,3,5.0
O000592,C00559,2025-08-24,delivered,Cash,Standard,NONE,0,496.45,496.45,3,4.2
O000593,C00901,2025-12-20,delivered,Cash,Express,NONE,0,367.81,367.81,2,4.3
O000594,C01813,2025-01-20,cancelled,PayPal,Standard,NONE,0,501.72,501.72,,
O000595,C01002,2025-03-03,delivered,Card,Standard,NONE,0,205.81,205.81,4,5.0
O000596,C01621,2025-07-17,delivered,Card,Standard,NONE,0,439.8,439.8,8,3.9
O000597,C00424,2025-05-05,delivered,Card,Standard,NONE,0,995.61,995.61,3,4.6
O000598,C00253,2025-05-05,delivered,PayPal,Standard,LOYAL20,20,171.21,136.97,4,4.2
O000599,C01540,2025-02-15,delivered,PayPal,Express,NONE,0,219.9,219.9,2,4.3
O000600,C00087,2025-09-29,delivered,PayPal,Standard,WELCOME10,10,1270.65,1143.59,4,4.9
O000601,C01600,2025-12-29,returned,Apple Pay,Standard,WEEKEND10,10,275.21,247.69,8,3.3
O000602,C00016,2025-11-23,delivered,Cash,Pickup,NONE,0,147.16,147.16,1,4.0
O000603,C00751,2025-04-28,delivered,Cash,Pickup,NONE,0,470.06,470.06,1,5.0
O000604,C01842,2025-10-08,delivered,Card,Standard,SPORT15,15,454.5,386.32,4,4.3
O000605,C00321,2025-09-27,delivered,PayPal,Standard,WEEKEND10,10,74.9,67.41,7,4.3
O000606,C00296,2025-06-22,delivered,Apple Pay,Standard,WELCOME10,10,356.15,320.53,4,4.3
O000607,C00309,2025-02-08,delivered,PayPal,Standard,WEEKEND10,10,69.9,62.91,2,5.0
O000608,C01110,2025-05-03,delivered,Card,Express,NONE,0,400.81,400.81,2,3.9
O000609,C00911,2025-12-18,delivered,Card,Express,NONE,0,69.9,69.9,3,5.0
O000610,C01782,2025-05-03,delivered,Card,Standard,SPORT15,15,305.81,259.94,5,4.2
O000611,C01806,2025-07-19,returned,Card,Express,WELCOME10,10,179.9,161.91,6,2.5
O000612,C00652,2025-11-15,cancelled,Apple Pay,Standard,NONE,0,69.9,69.9,,
O000613,C00986,2025-10-07,delivered,PayPal,Standard,NONE,0,1361.51,1361.51,6,4.0
O000614,C00965,2025-09-16,delivered,PayPal,Standard,NONE,0,362.3,362.3,3,4.4
O000615,C01875,2025-04-27,delivered,Card,Pickup,NONE,0,676.96,676.96,3,3.9
O000616,C01259,2025-05-14,delivered,Card,Standard,LOYAL20,20,49.9,39.92,8,3.4
O000617,C01672,2025-06-07,delivered,Apple Pay,Standard,NONE,0,247.41,247.41,4,4.6
O000618,C00169,2025-02-08,delivered,PayPal,Standard,NONE,0,143.91,143.91,4,5.0
O000619,C01968,2025-02-17,delivered,Card,Standard,NONE,0,170.91,170.91,2,5.0
O000620,C01664,2025-12-03,delivered,Card,Express,LOYAL20,20,448.89,359.11,2,3.8
O000621,C00143,2025-07-17,delivered,Card,Standard,SPORT15,15,996.12,846.7,3,3.9
O000622,C01993,2025-06-04,delivered,Card,Standard,NONE,0,1144.44,1144.44,3,4.1
O000623,C01873,2025-03-04,delivered,Cash,Standard,NONE,0,494.8,494.8,6,4.8
O000624,C00123,2025-11-30,delivered,Apple Pay,Standard,NONE,0,299.7,299.7,5,3.8
O000625,C00693,2025-02-13,delivered,Card,Standard,WEEKEND10,10,684.81,616.33,6,3.8
O000626,C00014,2025-04-22,delivered,Cash,Standard,NONE,0,294.9,294.9,2,3.5
O000627,C00210,2025-12-23,returned,PayPal,Standard,WEEKEND10,10,554.6,499.14,4,4.1
O000628,C01193,2025-12-29,delivered,PayPal,Standard,SPORT15,15,34.9,29.66,6,4.2
O000629,C01451,2025-09-19,delivered,Card,Standard,WEEKEND10,10,289.6,260.64,4,5.0
O000630,C01684,2025-12-22,delivered,PayPal,Standard,NONE,0,314.9,314.9,3,3.7
O000631,C00032,2025-02-27,delivered,PayPal,Standard,NONE,0,414.06,414.06,4,3.9
O000632,C00590,2025-01-18,delivered,Card,Express,SPORT15,15,481.05,408.89,2,5.0
O000633,C01753,2025-04-09,delivered,Card,Standard,SPORT15,15,850.23,722.7,4,4.8
O000634,C00873,2025-01-11,delivered,Apple Pay,Pickup,NONE,0,142.32,142.32,2,3.4
O000635,C01133,2025-10-21,delivered,Card,Express,WELCOME10,10,227.91,205.12,2,4.4
O000636,C01604,2025-09-22,delivered,Card,Standard,NONE,0,215.31,215.31,5,4.4
O000637,C01395,2025-10-28,delivered,,Standard,NONE,0,629.8,629.8,3,3.9
O000638,C00660,2025-11-03,delivered,Apple Pay,Standard,NONE,0,393.89,393.89,4,3.8
O000639,C00962,2025-04-01,delivered,Card,Standard,SPORT15,15,147.16,125.09,3,4.9
O000640,C00212,2025-06-18,delivered,Card,Standard,WEEKEND10,10,509.2,458.28,6,4.2
O000641,C01979,2025-07-26,cancelled,PayPal,Standard,NONE,0,139.8,139.8,,
O000642,C01062,2025-01-18,delivered,PayPal,Standard,LOYAL20,20,215.91,172.73,4,4.8
O000643,C01810,2025-06-18,delivered,Card,Standard,NONE,0,199.72,199.72,6,4.2
O000644,C01113,2025-12-12,delivered,PayPal,Standard,SPORT15,15,190.21,161.68,5,5.0
O000645,C00664,2025-01-02,delivered,Apple Pay,Express,SPORT15,15,868.1,737.88,1,4.2
O000646,C00494,2025-04-27,delivered,Card,Standard,WEEKEND10,10,739.8,665.82,3,4.9
O000647,C01375,2025-12-04,delivered,Card,Standard,WELCOME10,10,161.91,145.72,5,4.3
O000648,C01391,2025-11-08,delivered,Apple Pay,Standard,NONE,0,858.28,858.28,5,4.6
O000649,C00445,2025-07-04,delivered,Cash,Standard,SPORT15,15,125.91,107.02,4,4.6
O000650,C00716,2025-04-17,delivered,Card,Express,WEEKEND10,10,219.9,197.91,1,5.0
O000651,C01808,2025-11-22,delivered,PayPal,Express,SPORT15,15,629.6,535.16,3,4.2
O000652,C01139,2025-07-12,delivered,Card,Express,WELCOME10,10,204.9,184.41,3,5.0
O000653,C00289,2025-09-07,delivered,Card,Standard,WEEKEND10,10,565.97,509.37,3,4.6
O000654,C00040,2025-03-31,cancelled,Cash,Standard,NONE,0,409.7,409.7,,
O000655,C01678,2025-07-03,delivered,Card,Express,LOYAL20,20,256.32,205.06,2,4.8
O000656,C00832,2025-10-17,delivered,Apple Pay,Standard,NONE,0,104.3,104.3,1,5.0
O000657,C00420,2025-01-02,delivered,Card,Standard,NONE,0,623.95,623.95,3,4.1
O000658,C01354,2025-07-22,delivered,Card,Express,NONE,0,289.8,289.8,1,4.9
O000659,C01415,2025-01-23,cancelled,Card,Standard,NONE,0,34.9,34.9,,
O000660,C01017,2025-10-17,delivered,Card,Express,NONE,0,137.8,137.8,1,4.6
O000661,C00345,2025-12-09,delivered,PayPal,Standard,NONE,0,339.21,339.21,4,3.7
O000662,C01243,2025-11-16,delivered,Card,Standard,WEEKEND10,10,349.8,314.82,5,4.3
O000663,C01758,2025-12-27,delivered,Apple Pay,Express,NONE,0,735.54,735.54,1,4.4
O000664,C00781,2025-02-22,delivered,Card,Standard,SPORT15,15,277.72,236.06,1,5.0
O000665,C00817,2025-08-19,delivered,Apple Pay,Standard,NONE,0,569.7,569.7,4,3.8
O000666,C00688,2025-12-02,delivered,PayPal,Pickup,NONE,0,85.32,85.32,4,5.0
O000667,C00410,2025-04-30,delivered,Card,Standard,WEEKEND10,10,369.9,332.91,3,5.0
O000668,C01166,2025-08-15,delivered,Card,Standard,LOYAL20,20,215.31,172.25,2,4.4
O000669,C00303,2025-12-07,delivered,PayPal,Standard,LOYAL20,20,69.9,55.92,4,3.8
O000670,C00667,2025-06-06,delivered,Apple Pay,Express,WEEKEND10,10,898.03,808.23,3,4.4
O000671,C00868,2025-05-17,returned,Card,Standard,SPORT15,15,324.9,276.16,5,1.9
O000672,C01797,2025-12-17,delivered,Card,Standard,WELCOME10,10,280.15,252.13,4,4.9
O000673,C00729,2025-05-23,delivered,Card,Standard,WEEKEND10,10,159.9,143.91,4,5.0
O000674,C01386,2025-04-20,delivered,PayPal,Standard,WEEKEND10,10,404.73,364.26,6,4.6
O000675,C01779,2025-04-16,delivered,Card,Express,SPORT15,15,739.5,628.57,4,4.0
O000676,C00660,2025-07-13,delivered,Card,Express,NONE,0,267.71,267.71,4,5.0
O000677,C01885,2025-03-28,delivered,Card,Express,LOYAL20,20,151.91,121.53,6,5.0
O000678,C00245,2025-09-11,delivered,Card,Standard,NONE,0,497.06,497.06,5,3.7
O000679,C01060,2025-08-12,delivered,Card,Standard,SPORT15,15,346.65,294.65,5,4.2
O000680,C00442,2025-12-22,delivered,Card,Standard,NONE,0,427.23,427.23,3,4.5
O000681,C00215,2025-09-08,delivered,PayPal,Standard,NONE,0,62.91,62.91,5,5.0
O000682,C01001,2025-10-26,delivered,Card,Standard,NONE,0,699.6,699.6,4,4.6
O000683,C00586,2025-05-14,delivered,PayPal,Pickup,WEEKEND10,10,174.9,157.41,2,4.3
O000684,C00818,2025-07-12,delivered,Card,Standard,NONE,0,849.6,849.6,4,5.0
O000685,C01190,2025-10-05,delivered,Apple Pay,Standard,SPORT15,15,309.7,263.25,6,5.0
O000686,C00657,2025-11-20,delivered,PayPal,Express,NONE,0,832.52,832.52,2,3.9
O000687,C00636,2025-11-10,delivered,PayPal,Pickup,LOYAL20,20,54.9,43.92,3,4.0
O000688,C01904,2025-04-04,delivered,Card,Express,NONE,0,79.8,79.8,1,3.7
O000689,C01648,2025-06-26,delivered,Card,Standard,WEEKEND10,10,666.21,599.59,4,4.4
O000690,C00161,2025-04-12,delivered,Apple Pay,Standard,NONE,0,69.9,69.9,6,4.9
O000691,C00459,2025-11-01,delivered,Apple Pay,Standard,WELCOME10,10,283.41,255.07,4,4.2
O000692,C01451,2025-07-30,delivered,Cash,Standard,WELCOME10,10,594.6,535.14,5,4.2
O000693,C01449,2025-01-22,delivered,Cash,Standard,WEEKEND10,10,1154.7,1039.23,4,4.2
O000694,C00337,2025-11-28,delivered,Card,Standard,WELCOME10,10,114.8,103.32,2,5.0
O000695,C00988,2025-06-17,delivered,PayPal,Standard,SPORT15,15,119.7,101.75,4,5.0
O000696,C01139,2025-07-01,delivered,Apple Pay,Standard,NONE,0,84.9,84.9,4,4.0
O000697,C00537,2025-11-16,delivered,Apple Pay,Standard,NONE,0,274.9,274.9,3,4.1
O000698,C01215,2025-11-13,delivered,Card,Express,NONE,0,759.6,759.6,3,4.8
O000699,C01048,2025-03-14,delivered,Card,Standard,WEEKEND10,10,89.9,80.91,5,4.5
O000700,C00310,2025-12-07,delivered,Apple Pay,Standard,NONE,0,167.7,167.7,3,3.5
O000701,C00814,2025-09-22,delivered,PayPal,Pickup,NONE,0,244.72,244.72,3,5.0
O000702,C00841,2025-07-22,delivered,Apple Pay,Standard,NONE,0,549.8,549.8,6,5.0
O000703,C00417,2025-08-06,delivered,Cash,Pickup,NONE,0,147.16,147.16,2,3.4
O000704,C01376,2025-01-26,delivered,Cash,Standard,SPORT15,15,251.31,213.61,4,5.0
O000705,C01170,2025-04-12,delivered,Card,Standard,NONE,0,37.9,37.9,6,4.0
O000706,C00019,2025-01-23,delivered,Cash,Express,SPORT15,15,215.91,183.52,1,4.6
O000707,C00147,2025-02-21,delivered,PayPal,Express,NONE,0,69.9,69.9,1,4.2
O000708,C01135,2025-09-01,delivered,Card,Express,NONE,0,418.47,418.47,2,4.0
O000709,C01948,2025-04-07,delivered,Card,Standard,WEEKEND10,10,359.72,323.75,4,4.3
O000710,C00771,2025-09-14,delivered,Card,Express,SPORT15,15,479.7,407.75,3,3.1
O000711,C01158,2025-12-07,delivered,Cash,Standard,SPORT15,15,842.86,716.43,4,3.8
O000712,C01693,2025-02-19,delivered,Card,Standard,NONE,0,834.6,834.6,6,5.0
O000713,C01407,2025-11-28,delivered,Card,Standard,NONE,0,1033.71,1033.71,5,3.2
O000714,C01313,2025-06-23,delivered,Apple Pay,Standard,NONE,0,71.16,71.16,3,3.9
O000715,C00443,2025-05-24,delivered,Card,Standard,WEEKEND10,10,217.06,195.35,6,3.9
O000716,C00381,2025-08-06,delivered,Apple Pay,Standard,NONE,0,121.32,121.32,5,4.2
O000717,C01775,2025-09-27,delivered,Card,Standard,WEEKEND10,10,34.9,31.41,5,4.4
O000718,C01962,2025-11-22,delivered,PayPal,Pickup,SPORT15,15,369.9,314.41,2,3.9
O000719,C01705,2025-09-13,delivered,Card,Standard,SPORT15,15,264.63,224.94,3,4.0
O000720,C01919,2025-06-06,delivered,Card,Standard,WELCOME10,10,375.71,338.14,5,5.0
O000721,C01715,2025-03-25,delivered,Apple Pay,Standard,NONE,0,224.8,224.8,6,4.3
O000722,C01485,2025-12-18,delivered,Card,Standard,NONE,0,139.9,139.9,4,4.0
O000723,C01013,2025-11-22,delivered,Card,Express,NONE,0,1369.1,1369.1,2,5.0
O000724,C01114,2025-06-29,cancelled,Card,Standard,WELCOME10,10,684.11,615.7,,
O000725,C00481,2025-08-26,delivered,Card,Express,SPORT15,15,465.62,395.78,2,4.7
O000726,C01669,2025-05-22,delivered,Cash,Standard,WELCOME10,10,370.81,333.73,2,4.6
O000727,C00472,2025-01-20,delivered,Card,Standard,NONE,0,717.63,717.63,2,4.5
O000728,C00006,2025-09-07,delivered,Card,Standard,WEEKEND10,10,139.8,125.82,1,5.0
O000729,C00421,2025-08-04,delivered,Card,Standard,NONE,0,350.81,350.81,5,4.5
O000730,C01729,2025-05-01,cancelled,Card,Express,NONE,0,445.81,445.81,,
O000731,C01544,2025-02-03,cancelled,Card,Standard,NONE,0,166.16,166.16,,
O000732,C01252,2025-10-13,delivered,PayPal,Standard,NONE,0,294.4,294.4,5,4.0
O000733,C00478,2025-11-02,delivered,Card,Standard,NONE,0,1183.76,1183.76,4,4.5
O000734,C00760,2025-10-16,delivered,Card,Express,NONE,0,349.9,349.9,2,4.3
O000735,C00970,2025-01-10,delivered,PayPal,Standard,NONE,0,1395.81,1395.81,2,3.6
O000736,C01325,2025-05-18,delivered,PayPal,Standard,SPORT15,15,284.31,241.66,3,4.1
O000737,C00406,2025-06-19,delivered,PayPal,Standard,NONE,0,522.3,522.3,6,4.0
O000738,C00498,2025-07-31,delivered,PayPal,Standard,SPORT15,15,969.85,824.37,6,4.1
O000739,C00086,2025-12-19,delivered,Apple Pay,Standard,NONE,0,512.2,512.2,4,4.8
O000740,C01910,2025-12-25,delivered,Cash,Standard,NONE,0,34.9,34.9,3,4.0
O000741,C01567,2025-07-03,delivered,Card,Standard,NONE,0,154.6,154.6,5,4.7
O000742,C00048,2025-03-14,delivered,Card,Standard,NONE,0,194.9,194.9,3,4.5
O000743,C00344,2025-01-31,delivered,Card,Standard,WEEKEND10,10,219.9,197.91,2,3.9
O000744,C01111,2025-12-27,delivered,Card,Express,SPORT15,15,1214.63,1032.44,1,4.4
O000745,C00365,2025-09-17,delivered,Card,Standard,NONE,0,860.85,860.85,6,4.4
O000746,C00497,2025-06-18,delivered,Card,Standard,NONE,0,624.81,624.81,4,4.2
O000747,C00602,2025-12-30,delivered,Card,Standard,NONE,0,197.91,197.91,4,5.0
O000748,C00940,2025-10-31,delivered,Cash,Standard,WEEKEND10,10,134.9,121.41,4,4.5
O000749,C00611,2025-09-28,delivered,Card,Express,SPORT15,15,549.7,467.25,2,4.6
O000750,C00534,2025-07-29,delivered,Cash,Express,NONE,0,204.9,204.9,2,4.5
O000751,C00985,2025-07-23,delivered,PayPal,Express,LOYAL20,20,309.9,247.92,1,4.0
O000752,C00873,2025-06-06,cancelled,Card,Standard,NONE,0,797.71,797.71,,
O000753,C00593,2025-05-22,delivered,PayPal,Standard,SPORT15,15,49.9,42.41,3,4.1
O000754,C01837,2025-06-10,delivered,Apple Pay,Express,NONE,0,374.7,374.7,2,4.0
O000755,C00980,2025-06-21,delivered,Card,Standard,NONE,0,113.81,113.81,4,5.0
O000756,C01993,2025-09-23,delivered,Apple Pay,Standard,NONE,0,219.9,219.9,3,3.7
O000757,C00745,2025-07-25,delivered,Card,Standard,NONE,0,350.82,350.82,5,4.0
O000758,C00176,2025-08-25,delivered,Card,Standard,WELCOME10,10,1109.7,998.73,6,5.0
O000759,C01179,2025-12-15,delivered,Card,Standard,NONE,0,664.22,664.22,5,3.8
O000760,C01188,2025-02-14,delivered,Card,Standard,LOYAL20,20,739.8,591.84,5,4.9
O000761,C00011,2025-10-10,delivered,Apple Pay,Standard,WEEKEND10,10,449.36,404.42,4,3.7
O000762,C00767,2025-01-13,delivered,PayPal,Pickup,WELCOME10,10,519.7,467.73,3,4.2
O000763,C01440,2025-01-14,delivered,PayPal,Standard,LOYAL20,20,514.3,411.44,5,3.4
O000764,C01087,2025-11-21,delivered,Card,Standard,WEEKEND10,10,274.81,247.33,2,4.3
O000765,C00093,2025-12-19,delivered,PayPal,Standard,NONE,0,1208.75,1208.75,5,4.1
O000766,C01722,2025-05-07,delivered,Apple Pay,Standard,NONE,0,139.8,139.8,5,4.1
O000767,C01311,2025-08-12,delivered,Apple Pay,Pickup,SPORT15,15,484.72,412.01,1,5.0
O000768,C01437,2025-02-16,delivered,Card,Standard,WEEKEND10,10,439.6,395.64,3,5.0
O000769,C01497,2025-06-23,delivered,Card,Express,NONE,0,39.8,39.8,2,5.0
O000770,C01185,2025-11-25,delivered,Card,Standard,NONE,0,174.9,174.9,4,4.3
O000771,C00194,2025-12-03,delivered,Card,Standard,WEEKEND10,10,735.51,661.96,3,3.8
O000772,C00609,2025-08-15,delivered,Card,Standard,LOYAL20,20,370.32,296.26,5,4.6
O000773,C01442,2025-05-05,delivered,Card,Express,NONE,0,463.23,463.23,1,4.9
O000774,C01708,2025-10-29,delivered,PayPal,Standard,NONE,0,451.31,451.31,3,4.7
O000775,C00435,2025-10-19,delivered,Card,Pickup,NONE,0,309.9,309.9,2,3.7
O000776,C00209,2025-03-29,delivered,Card,Express,NONE,0,322.82,322.82,1,5.0
O000777,C01177,2025-06-14,delivered,Card,Standard,SPORT15,15,948.71,806.4,8,4.5
O000778,C00638,2025-09-05,delivered,Apple Pay,Standard,WEEKEND10,10,189.82,170.84,3,5.0
O000779,C01285,2025-09-24,delivered,Card,Standard,WELCOME10,10,69.9,62.91,5,4.4
O000780,C01327,2025-11-02,delivered,Cash,Standard,WEEKEND10,10,384.9,346.41,2,4.9
O000781,C00988,2025-07-15,delivered,Cash,Express,NONE,0,355.05,355.05,2,4.3
O000782,C01961,2025-01-19,delivered,Card,Standard,NONE,0,292.41,292.41,3,4.2
O000783,C00733,2025-07-22,delivered,Card,Standard,NONE,0,399.6,399.6,3,3.8
O000784,C00846,2025-11-06,delivered,Card,Express,NONE,0,1039.95,1039.95,2,4.9
O000785,C01407,2025-08-06,delivered,Card,Standard,NONE,0,161.41,161.41,5,4.9
O000786,C01427,2025-11-18,delivered,Card,Standard,NONE,0,99.8,99.8,6,4.3
O000787,C00122,2025-12-27,delivered,Card,Standard,NONE,0,291.21,291.21,1,4.7
O000788,C00379,2025-01-22,cancelled,Card,Standard,NONE,0,647.21,647.21,,
O000789,C00265,2025-09-29,delivered,PayPal,Standard,NONE,0,271.62,271.62,4,4.1
O000790,C01031,2025-11-14,delivered,Card,Standard,SPORT15,15,452.85,384.92,5,4.1
O000791,C01817,2025-09-23,delivered,PayPal,Standard,NONE,0,85.41,85.41,4,4.1
O000792,C00773,2025-12-09,delivered,Apple Pay,Standard,LOYAL20,20,39.9,31.92,5,4.0
O000793,C01808,2025-12-16,delivered,Card,Standard,WEEKEND10,10,355.95,320.36,3,4.4
O000794,C00709,2025-12-16,delivered,Card,Standard,NONE,0,523.62,523.62,4,4.7
O000795,C00303,2025-05-05,returned,Card,Standard,LOYAL20,20,712.3,569.84,4,2.1
O000796,C00753,2025-06-14,delivered,Card,Standard,NONE,0,424.8,424.8,4,5.0
O000797,C00494,2025-04-02,cancelled,PayPal,Express,NONE,0,468.81,468.81,,
O000798,C00870,2025-12-24,delivered,Cash,Standard,SPORT15,15,609.6,518.16,5,4.1
O000799,C00407,2025-12-20,delivered,Card,Standard,LOYAL20,20,603.55,482.84,6,4.1
O000800,C00288,2025-02-06,delivered,PayPal,Standard,WEEKEND10,10,143.91,129.52,5,4.5
O000801,C00282,2025-09-12,delivered,Apple Pay,Standard,NONE,0,539.05,539.05,5,3.8
O000802,C00313,2025-07-19,delivered,Card,Standard,NONE,0,69.9,69.9,6,4.5
O000803,C00524,2025-09-19,delivered,Card,Standard,SPORT15,15,614.6,522.41,4,3.4
O000804,C00359,2025-12-05,delivered,Card,Standard,NONE,0,989.6,989.6,6,3.9
O000805,C00830,2025-03-13,delivered,Card,Standard,NONE,0,314.9,314.9,4,4.6
O000806,C01691,2025-03-11,delivered,Card,Standard,WEEKEND10,10,130.41,117.37,4,4.1
O000807,C01906,2025-09-01,returned,Card,Express,LOYAL20,20,974.7,779.76,4,3.5
O000808,C01147,2025-10-07,delivered,Card,Pickup,NONE,0,197.91,197.91,3,4.8
O000809,C00869,2025-10-11,delivered,Apple Pay,Standard,NONE,0,139.41,139.41,6,4.2
O000810,C00102,2025-04-18,delivered,Card,Standard,NONE,0,309.8,309.8,4,4.6
O000811,C01690,2025-12-20,delivered,Apple Pay,Express,NONE,0,749.6,749.6,2,4.2
O000812,C00343,2025-03-25,delivered,Card,Standard,NONE,0,19.9,19.9,1,4.3
O000813,C01579,2025-04-20,delivered,Apple Pay,Express,SPORT15,15,438.71,372.9,3,4.1
O000814,C01737,2025-12-25,delivered,Cash,Express,LOYAL20,20,492.02,393.62,1,4.8
O000815,C01356,2025-02-13,delivered,Cash,Standard,NONE,0,260.81,260.81,7,3.6
O000816,C00831,2025-10-10,delivered,Card,Express,WEEKEND10,10,806.11,725.5,2,4.9
O000817,C00004,2025-08-31,delivered,Apple Pay,Standard,WEEKEND10,10,289.8,260.82,4,3.4
O000818,C01126,2025-05-21,cancelled,Cash,Standard,SPORT15,15,858.28,729.54,,
O000819,C00653,2025-03-14,cancelled,Card,Standard,NONE,0,314.7,314.7,,
O000820,C00171,2025-10-01,delivered,Cash,Standard,NONE,0,169.9,169.9,4,4.8
O000821,C00237,2025-08-10,delivered,Card,Standard,NONE,0,189.9,189.9,5,4.9
O000822,C00077,2025-02-13,delivered,Apple Pay,Express,WEEKEND10,10,436.63,392.97,2,4.2
O000823,C01518,2025-09-03,delivered,Card,Express,WELCOME10,10,99.9,89.91,3,4.5
O000824,C01260,2025-05-23,returned,Cash,Pickup,WELCOME10,10,1244.6,1120.14,6,2.9
O000825,C00008,2025-12-23,delivered,Card,Express,NONE,0,169.8,169.8,4,3.9
O000826,C00635,2025-10-08,delivered,Card,Standard,NONE,0,346.41,346.41,4,5.0
O000827,C00572,2025-05-12,delivered,PayPal,Express,WEEKEND10,10,426.2,383.58,2,4.2
O000828,C00817,2025-03-02,delivered,PayPal,Express,NONE,0,69.8,69.8,4,4.3
O000829,C00070,2025-11-19,delivered,Cash,Express,NONE,0,1562.51,1562.51,2,5.0
O000830,C00087,2025-07-05,delivered,Card,Standard,WELCOME10,10,899.04,809.14,4,4.4
O000831,C00307,2025-05-13,delivered,Apple Pay,Standard,LOYAL20,20,139.9,111.92,4,4.9
O000832,C01345,2025-04-03,delivered,Card,Standard,NONE,0,626.21,626.21,4,4.7
O000833,C00258,2025-11-08,delivered,Cash,Standard,NONE,0,99.9,99.9,9,3.9
O000834,C01253,2025-09-14,delivered,Card,Standard,LOYAL20,20,233.82,187.06,4,4.6
O000835,C01367,2025-02-18,delivered,Card,Express,NONE,0,504.7,504.7,3,4.8
O000836,C01899,2025-01-30,delivered,Card,Pickup,NONE,0,414.8,414.8,1,3.7
O000837,C01335,2025-06-25,delivered,Card,Standard,NONE,0,310.81,310.81,4,4.8
O000838,C00566,2025-06-22,delivered,Card,Standard,WELCOME10,10,949.6,854.64,6,4.4
O000839,C00003,2025-01-05,delivered,Card,Express,NONE,0,132.82,132.82,3,4.6
O000840,C01828,2025-04-06,delivered,Card,Express,NONE,0,703.45,703.45,1,4.1
O000841,C01780,2025-07-31,delivered,Apple Pay,Standard,NONE,0,159.8,159.8,5,4.1
O000842,C00943,2025-10-23,cancelled,Apple Pay,Express,NONE,0,932.91,932.91,,
O000843,C00957,2025-07-30,delivered,Card,Express,NONE,0,251.65,251.65,1,4.4
O000844,C01630,2025-08-01,delivered,Apple Pay,Standard,NONE,0,674.12,674.12,5,3.1
O000845,C01012,2025-01-02,delivered,Card,Express,LOYAL20,20,194.9,155.92,1,4.5
O000846,C00938,2025-11-24,delivered,PayPal,Standard,NONE,0,739.01,739.01,3,5.0
O000847,C00072,2025-10-16,delivered,Card,Pickup,WEEKEND10,10,188.81,169.93,2,4.3
O000848,C01960,2025-03-16,cancelled,Card,Pickup,NONE,0,346.41,346.41,,
O000849,C00067,2025-03-20,delivered,Apple Pay,Standard,NONE,0,186.81,186.81,3,4.2
O000850,C01309,2025-02-28,delivered,PayPal,Pickup,WELCOME10,10,104.8,94.32,4,4.6
O000851,C00492,2025-10-17,delivered,PayPal,Standard,NONE,0,69.9,69.9,5,3.9
O000852,C00583,2025-03-04,cancelled,Cash,Standard,SPORT15,15,144.9,123.17,,
O000853,C00973,2025-11-08,delivered,Card,Standard,SPORT15,15,372.2,316.37,4,4.6
O000854,C01016,2025-05-23,delivered,Card,Standard,NONE,0,719.7,719.7,3,4.0
O000855,C00135,2025-12-15,delivered,PayPal,Express,WELCOME10,10,151.91,136.72,2,4.1
O000856,C00099,2025-10-25,delivered,Card,Express,NONE,0,453.31,453.31,3,3.8
O000857,C01070,2025-11-04,delivered,Card,Express,WELCOME10,10,363.21,326.89,4,4.0
O000858,C01533,2025-08-03,delivered,Apple Pay,Standard,WELCOME10,10,84.9,76.41,2,4.0
O000859,C01415,2025-07-13,delivered,PayPal,Pickup,NONE,0,1114.6,1114.6,3,4.1
O000860,C00960,2025-08-26,delivered,Card,Standard,SPORT15,15,1044.6,887.91,3,4.9
O000861,C01509,2025-11-24,cancelled,Cash,Standard,WEEKEND10,10,592.2,532.98,,
O000862,C00957,2025-02-02,delivered,Card,Pickup,NONE,0,254.8,254.8,1,5.0
O000863,C00649,2025-05-04,delivered,Card,Pickup,WELCOME10,10,323.31,290.98,1,4.1
O000864,C01773,2025-06-03,delivered,Card,Pickup,NONE,0,256.4,256.4,3,4.0
O000865,C00800,2025-10-22,delivered,Apple Pay,Pickup,SPORT15,15,161.41,137.2,2,4.5
O000866,C01021,2025-08-15,delivered,Card,Standard,SPORT15,15,427.06,363.0,5,3.6
O000867,C01393,2025-07-11,returned,Card,Standard,NONE,0,164.81,164.81,5,3.1
O000868,C01069,2025-10-16,delivered,Apple Pay,Standard,LOYAL20,20,917.11,733.69,3,4.3
O000869,C01218,2025-11-13,delivered,Card,Standard,WEEKEND10,10,356.06,320.45,4,4.6
O000870,C00954,2025-08-10,delivered,Apple Pay,Express,NONE,0,374.9,374.9,1,5.0
O000871,C00816,2025-08-19,cancelled,Card,Standard,NONE,0,278.31,278.31,,
O000872,C00899,2025-08-22,delivered,Cash,Standard,NONE,0,139.9,139.9,5,4.3
O000873,C00613,2025-02-05,delivered,Card,Express,NONE,0,866.13,866.13,4,4.9
O000874,C00585,2025-08-05,delivered,Card,Standard,SPORT15,15,574.55,488.37,5,4.9
O000875,C01794,2025-01-16,delivered,Apple Pay,Pickup,NONE,0,139.9,139.9,3,4.5
O000876,C01707,2025-12-03,delivered,Card,Standard,WEEKEND10,10,139.41,125.47,2,3.3
O000877,C01582,2025-11-20,delivered,PayPal,Pickup,WELCOME10,10,1161.63,1045.47,2,4.6
O000878,C00257,2025-01-26,delivered,Card,Express,NONE,0,274.9,274.9,3,4.3
O000879,C01297,2025-03-25,delivered,PayPal,Standard,NONE,0,502.4,502.4,4,5.0
O000880,C01535,2025-08-15,delivered,PayPal,Pickup,WELCOME10,10,1320.11,1188.1,2,4.7
O000881,C01727,2025-06-21,delivered,Card,Standard,NONE,0,699.6,699.6,5,3.7
O000882,C01221,2025-08-29,delivered,Card,Express,NONE,0,212.31,212.31,5,4.4
O000883,C00932,2025-03-28,delivered,Cash,Pickup,NONE,0,1067.51,1067.51,1,4.0
O000884,C01378,2025-08-07,delivered,Card,Standard,NONE,0,117.3,117.3,3,3.6
O000885,C00097,2025-09-18,delivered,Card,Standard,NONE,0,351.45,351.45,4,3.9
O000886,C01156,2025-12-17,delivered,Card,Express,WEEKEND10,10,619.8,557.82,2,4.8
O000887,C01788,2025-12-14,delivered,Cash,Pickup,NONE,0,69.9,69.9,3,4.4
O000888,C01067,2025-07-22,delivered,Card,Pickup,NONE,0,995.27,995.27,1,4.8
O000889,C00840,2025-05-30,delivered,PayPal,Standard,NONE,0,174.9,174.9,3,4.6
O000890,C00445,2025-11-22,delivered,PayPal,Standard,WEEKEND10,10,239.9,215.91,2,4.2
O000891,C01454,2025-05-12,cancelled,Card,Standard,NONE,0,1391.52,1391.52,,
O000892,C01487,2025-02-03,delivered,Card,Express,NONE,0,274.9,274.9,5,4.9
O000893,C00657,2025-12-25,delivered,PayPal,Standard,WELCOME10,10,134.9,121.41,5,4.3
O000894,C01421,2025-12-07,cancelled,Apple Pay,Standard,WELCOME10,10,844.62,760.16,,
O000895,C01701,2025-02-03,delivered,Card,Standard,NONE,0,764.5,764.5,4,4.2
O000896,C00407,2025-04-10,delivered,Card,Express,NONE,0,134.9,134.9,3,4.5
O000897,C01854,2025-11-25,delivered,Card,Express,SPORT15,15,328.63,279.34,2,4.9
O000898,C00919,2025-09-20,delivered,Card,Express,NONE,0,349.7,349.7,3,5.0
O000899,C00721,2025-05-08,cancelled,Card,Standard,NONE,0,219.8,219.8,,
O000900,C01021,2025-01-27,delivered,Card,Standard,LOYAL20,20,99.8,79.84,7,4.5
O000901,C00278,2025-07-04,delivered,Card,Pickup,NONE,0,309.96,309.96,3,3.6
O000902,C00341,2025-04-25,delivered,PayPal,Standard,WELCOME10,10,44.9,40.41,1,4.2
O000903,C00474,2025-03-11,delivered,Apple Pay,Standard,SPORT15,15,309.8,263.33,7,4.6
O000904,C00251,2025-09-08,delivered,Card,Standard,NONE,0,511.21,511.21,5,3.9
O000905,C00974,2025-12-08,delivered,Card,Standard,NONE,0,404.7,404.7,5,4.0
O000906,C01481,2025-10-30,delivered,Card,Standard,LOYAL20,20,144.8,115.84,5,4.6
O000907,C01615,2025-10-13,delivered,PayPal,Standard,SPORT15,15,312.63,265.74,6,3.7
O000908,C01433,2025-11-04,delivered,PayPal,Pickup,NONE,0,598.83,598.83,4,5.0
O000909,C00571,2025-04-26,delivered,Card,Standard,SPORT15,15,417.31,354.71,3,4.7
O000910,C00103,2025-11-12,delivered,Card,Express,WELCOME10,10,539.8,485.82,3,4.2
O000911,C01335,2025-09-24,delivered,Card,Standard,NONE,0,458.73,458.73,4,5.0
O000912,C01739,2025-02-04,delivered,Card,Pickup,NONE,0,335.31,335.31,1,5.0
O000913,C01682,2025-09-21,delivered,Card,Standard,NONE,0,137.66,137.66,5,5.0
O000914,C01590,2025-08-05,delivered,Card,Standard,WEEKEND10,10,378.47,340.62,3,4.4
O000915,C00325,2025-10-07,delivered,Card,Express,NONE,0,868.1,868.1,5,4.2
O000916,C01687,2025-08-16,delivered,Cash,Standard,NONE,0,275.32,275.32,3,5.0
O000917,C00702,2025-08-03,cancelled,PayPal,Standard,NONE,0,276.81,276.81,,
O000918,C00358,2025-12-05,delivered,Card,Standard,SPORT15,15,139.8,118.83,5,3.5
O000919,C00745,2025-11-01,delivered,Card,Standard,NONE,0,515.71,515.71,5,4.7
O000920,C01129,2025-06-23,delivered,Card,Standard,NONE,0,52.15,52.15,3,3.9
O000921,C00796,2025-07-05,delivered,Apple Pay,Standard,NONE,0,332.4,332.4,7,4.3
O000922,C00682,2025-12-02,delivered,Card,Standard,LOYAL20,20,719.6,575.68,4,5.0
O000923,C00797,2025-11-30,delivered,Card,Pickup,SPORT15,15,144.9,123.17,2,3.3
O000924,C00570,2025-12-26,delivered,Card,Standard,NONE,0,209.31,209.31,5,4.0
O000925,C01915,2025-01-18,delivered,Card,Standard,NONE,0,557.55,557.55,4,5.0
O000926,C01433,2025-12-09,delivered,PayPal,Standard,NONE,0,19.9,19.9,6,4.8
O000927,C01165,2025-02-02,delivered,Card,Standard,WEEKEND10,10,837.87,754.08,5,4.3
O000928,C01745,2025-04-30,delivered,PayPal,Standard,NONE,0,274.9,274.9,5,4.8
O000929,C01871,2025-01-03,delivered,Card,Express,WEEKEND10,10,468.95,422.06,1,4.8
O000930,C00725,2025-11-22,delivered,PayPal,Express,SPORT15,15,104.3,88.66,2,4.4
O000931,C01219,2025-09-06,delivered,Cash,Standard,NONE,0,339.6,339.6,3,4.2
O000932,C01552,2025-04-10,delivered,Card,Standard,NONE,0,144.71,144.71,6,4.3
O000933,C01584,2025-02-15,delivered,Card,Express,NONE,0,194.66,194.66,3,5.0
O000934,C00618,2025-06-07,delivered,Apple Pay,Standard,WELCOME10,10,974.75,877.27,1,4.1
O000935,C00319,2025-02-15,delivered,Apple Pay,Standard,NONE,0,362.3,362.3,4,3.7
O000936,C00587,2025-08-15,delivered,Card,Standard,NONE,0,367.52,367.52,5,3.6
O000937,C01936,2025-06-06,delivered,Apple Pay,Standard,NONE,0,62.91,62.91,3,3.4
O000938,C01109,2025-03-16,delivered,Card,Standard,WELCOME10,10,125.56,113.0,4,4.6
O000939,C00376,2025-12-30,delivered,Card,Pickup,NONE,0,422.82,422.82,1,4.5
O000940,C01398,2025-10-30,cancelled,PayPal,Express,SPORT15,15,692.82,588.9,,
O000941,C00361,2025-08-03,delivered,Card,Standard,LOYAL20,20,674.71,539.77,3,5.0
O000942,C01087,2025-01-10,delivered,Card,Standard,NONE,0,632.72,632.72,3,4.5
O000943,C01077,2025-05-21,delivered,PayPal,Pickup,WEEKEND10,10,699.7,629.73,2,4.1
O000944,C00980,2025-03-08,delivered,PayPal,Express,NONE,0,19.9,19.9,2,3.5
O000945,C00447,2025-08-12,delivered,Card,Pickup,WEEKEND10,10,194.66,175.19,4,4.1
O000946,C01571,2025-10-30,delivered,Cash,Express,SPORT15,15,680.95,578.81,3,4.4
O000947,C01815,2025-11-22,delivered,Card,Pickup,WEEKEND10,10,619.8,557.82,3,4.9
O000948,C01817,2025-08-13,delivered,Card,Express,NONE,0,157.41,157.41,2,4.8
O000949,C00101,2025-07-23,delivered,Card,Express,NONE,0,289.96,289.96,3,4.8
O000950,C01361,2025-12-03,delivered,Card,Standard,LOYAL20,20,387.61,310.09,4,4.4
O000951,C01262,2025-02-03,delivered,Card,Standard,NONE,0,39.9,39.9,6,4.4
O000952,C00776,2025-12-15,delivered,Card,Standard,SPORT15,15,219.9,186.91,3,4.7
O000953,C00548,2025-01-23,delivered,PayPal,Standard,NONE,0,521.02,521.02,2,3.9
O000954,C00229,2025-04-08,delivered,Card,Standard,NONE,0,480.71,480.71,3,4.0
O000955,C00862,2025-04-10,delivered,Apple Pay,Express,LOYAL20,20,729.8,583.84,2,4.6
O000956,C01740,2025-06-15,delivered,Card,Standard,SPORT15,15,574.56,488.38,5,4.0
O000957,C01534,2025-12-19,delivered,Card,Express,WELCOME10,10,1007.78,907.0,1,4.8
O000958,C00631,2025-07-30,delivered,Card,Standard,NONE,0,84.9,84.9,4,3.6
O000959,C00973,2025-01-03,delivered,Card,Standard,NONE,0,99.9,99.9,4,4.6
O000960,C00367,2025-02-13,delivered,Card,Standard,NONE,0,1223.35,1223.35,6,4.1
O000961,C00802,2025-11-22,returned,Apple Pay,Pickup,WEEKEND10,10,214.8,193.32,4,4.2
O000962,C01296,2025-02-17,delivered,Card,Express,LOYAL20,20,79.8,63.84,3,4.2
O000963,C01383,2025-06-28,delivered,Apple Pay,Standard,WELCOME10,10,139.8,125.82,4,4.4
O000964,C01782,2025-02-02,delivered,PayPal,Standard,LOYAL20,20,674.82,539.86,4,4.6
O000965,C00678,2025-04-15,delivered,Card,Standard,NONE,0,509.04,509.04,6,4.4
O000966,C01826,2025-09-14,delivered,Cash,Standard,LOYAL20,20,125.91,100.73,6,3.5
O000967,C01850,2025-03-05,delivered,Card,Standard,NONE,0,39.9,39.9,3,4.9
O000968,C01278,2025-06-26,delivered,Card,Standard,NONE,0,889.5,889.5,5,4.5
O000969,C00618,2025-10-18,delivered,PayPal,Standard,WEEKEND10,10,169.9,152.91,3,4.3
O000970,C00125,2025-01-21,delivered,Card,Express,WELCOME10,10,204.9,184.41,1,3.2
O000971,C00703,2025-10-06,delivered,PayPal,Express,NONE,0,378.81,378.81,4,4.1
O000972,C00723,2025-07-10,delivered,PayPal,Pickup,WELCOME10,10,134.8,121.32,1,4.7
O000973,C00428,2025-04-11,delivered,Card,Standard,NONE,0,439.8,439.8,7,3.7
O000974,C00180,2025-04-23,delivered,Card,Express,NONE,0,364.9,364.9,4,4.5
O000975,C01541,2025-02-04,delivered,PayPal,Standard,NONE,0,334.8,334.8,3,4.5
O000976,C01756,2025-10-12,delivered,Cash,Standard,WEEKEND10,10,368.81,331.93,5,4.6
O000977,C00962,2025-05-15,delivered,PayPal,Express,SPORT15,15,239.8,203.83,4,4.2
O000978,C00370,2025-07-12,delivered,PayPal,Standard,SPORT15,15,314.9,267.66,4,4.2
O000979,C00933,2025-01-31,delivered,Card,Express,NONE,0,603.05,603.05,1,4.2
O000980,C00832,2025-12-03,delivered,Card,Standard,LOYAL20,20,19.9,15.92,4,3.9
O000981,C00480,2025-07-28,delivered,Card,Standard,WEEKEND10,10,850.14,765.13,5,3.8
O000982,C00701,2025-11-30,delivered,Card,Standard,SPORT15,15,392.96,334.02,4,4.6
O000983,C01138,2025-08-18,delivered,Apple Pay,Standard,NONE,0,344.7,344.7,2,4.1
O000984,C01021,2025-11-27,delivered,Card,Standard,WELCOME10,10,157.41,141.67,3,3.9
O000985,C00034,2025-05-15,delivered,Card,Standard,NONE,0,149.8,149.8,5,4.5
O000986,C00806,2025-12-28,delivered,Card,Standard,NONE,0,304.8,304.8,2,4.9
O000987,C00881,2025-04-18,returned,Card,Pickup,NONE,0,411.12,411.12,5,3.2
O000988,C00940,2025-03-30,delivered,Apple Pay,Standard,WEEKEND10,10,829.96,746.96,5,3.2
O000989,C00275,2025-07-06,delivered,Card,Standard,WEEKEND10,10,267.31,240.58,3,4.8
O000990,C01449,2025-08-25,delivered,Card,Standard,NONE,0,747.22,747.22,6,4.2
O000991,C01319,2025-06-16,delivered,Card,Pickup,WEEKEND10,10,256.4,230.76,1,4.1
O000992,C00271,2025-03-03,delivered,Card,Express,SPORT15,15,469.8,399.33,1,4.6
O000993,C00104,2025-08-01,delivered,Card,Standard,WEEKEND10,10,497.21,447.49,6,3.8
O000994,C01310,2025-01-03,delivered,PayPal,Standard,WELCOME10,10,584.82,526.34,5,5.0
O000995,C00663,2025-09-02,delivered,Card,Standard,NONE,0,557.82,557.82,4,4.8
O000996,C00295,2025-05-06,delivered,Cash,Express,WEEKEND10,10,239.9,215.91,4,5.0
O000997,C00446,2025-05-17,delivered,Card,Pickup,NONE,0,1189.6,1189.6,1,4.6
O000998,C00471,2025-08-04,delivered,PayPal,Standard,NONE,0,85.41,85.41,5,4.7
O000999,C01360,2025-07-26,delivered,PayPal,Standard,WELCOME10,10,137.66,123.89,5,4.2
O001000,C01019,2025-07-04,returned,PayPal,Standard,NONE,0,197.91,197.91,4,2.7
O001001,C01906,2025-10-12,delivered,Card,Pickup,NONE,0,332.91,332.91,3,4.0
O001002,C00136,2025-08-02,delivered,Cash,Standard,NONE,0,339.8,339.8,6,3.6
O001003,C00673,2025-08-27,delivered,PayPal,Standard,NONE,0,335.61,335.61,6,4.1
O001004,C01489,2025-01-28,cancelled,Card,Express,NONE,0,685.96,685.96,,
O001005,C01233,2025-08-21,delivered,Apple Pay,Standard,NONE,0,239.9,239.9,5,4.7
O001006,C00216,2025-08-20,delivered,Apple Pay,Express,SPORT15,15,66.41,56.45,1,4.5
O001007,C00687,2025-09-11,delivered,Card,Standard,NONE,0,839.7,839.7,4,4.1
O001008,C00535,2025-10-14,returned,Card,Standard,NONE,0,369.9,369.9,5,4.6
O001009,C01242,2025-12-19,delivered,PayPal,Standard,NONE,0,260.82,260.82,4,4.4
O001010,C00718,2025-03-26,delivered,Cash,Standard,NONE,0,807.12,807.12,6,5.0
O001011,C00670,2025-12-08,delivered,PayPal,Standard,SPORT15,15,40.41,34.35,3,5.0
O001012,C01460,2025-06-20,delivered,PayPal,Standard,WELCOME10,10,580.62,522.56,4,3.7
O001013,C00441,2025-06-17,delivered,Cash,Standard,SPORT15,15,529.8,450.33,3,4.7
O001014,C01978,2025-02-02,delivered,Apple Pay,Standard,NONE,0,67.41,67.41,2,4.9
O001015,C01197,2025-04-08,delivered,Card,Standard,SPORT15,15,459.6,390.66,4,5.0
O001016,C01403,2025-01-03,delivered,Card,Express,NONE,0,319.8,319.8,2,4.7
O001017,C00499,2025-11-07,delivered,Card,Express,LOYAL20,20,365.65,292.52,2,4.5
O001018,C00869,2025-01-30,delivered,Card,Standard,NONE,0,214.8,214.8,5,4.1
O001019,C01965,2025-12-25,delivered,Apple Pay,Express,SPORT15,15,89.9,76.42,2,3.6
O001020,C01040,2025-04-17,delivered,Card,Standard,NONE,0,312.81,312.81,2,4.8
O001021,C01578,2025-09-21,delivered,PayPal,Standard,WEEKEND10,10,39.9,35.91,4,4.9
O001022,C00642,2025-07-30,cancelled,PayPal,Standard,NONE,0,374.9,374.9,,
O001023,C01485,2025-12-01,delivered,Apple Pay,Standard,NONE,0,415.71,415.71,6,4.5
O001024,C01966,2025-05-09,delivered,Card,Standard,NONE,0,1151.62,1151.62,2,4.4
O001025,C00317,2025-11-23,delivered,Card,Standard,SPORT15,15,209.7,178.24,6,5.0
O001026,C00254,2025-03-18,delivered,Apple Pay,Express,NONE,0,399.8,399.8,1,5.0
O001027,C00521,2025-10-03,delivered,Card,Pickup,WELCOME10,10,204.9,184.41,1,4.8
O001028,C01893,2025-01-29,delivered,Card,Standard,WEEKEND10,10,200.81,180.73,4,4.0
O001029,C01002,2025-02-27,delivered,Card,Standard,NONE,0,314.9,314.9,6,4.6
O001030,C01820,2025-10-03,delivered,Apple Pay,Standard,NONE,0,877.61,877.61,5,4.6
O001031,C00925,2025-06-09,delivered,Card,Standard,NONE,0,719.7,719.7,4,5.0
O001032,C00643,2025-03-15,delivered,Cash,Pickup,SPORT15,15,289.7,246.24,1,3.7
O001033,C00108,2025-12-13,delivered,Card,Standard,NONE,0,39.9,39.9,6,4.6
O001034,C01509,2025-08-08,delivered,Card,Standard,WEEKEND10,10,99.9,89.91,3,4.0
O001035,C00900,2025-05-12,delivered,Cash,Express,WEEKEND10,10,222.81,200.53,1,5.0
O001036,C01399,2025-05-12,delivered,Card,Standard,NONE,0,71.31,71.31,3,3.9
O001037,C01690,2025-10-09,delivered,Card,Pickup,NONE,0,524.7,524.7,5,3.9
O001038,C00793,2025-01-27,delivered,Card,Express,NONE,0,582.56,582.56,3,4.7
O001039,C01695,2025-08-23,delivered,Apple Pay,Standard,NONE,0,374.9,374.9,3,4.0
O001040,C01665,2025-08-25,delivered,PayPal,Standard,NONE,0,475.46,475.46,3,4.3
O001041,C00388,2025-08-22,returned,Cash,Standard,NONE,0,185.16,185.16,7,4.4
O001042,C00120,2025-02-23,delivered,Card,Standard,SPORT15,15,641.21,545.03,4,5.0
O001043,C00500,2025-12-27,delivered,Cash,Standard,WEEKEND10,10,389.8,350.82,4,3.5
O001044,C01607,2025-02-08,delivered,Card,Standard,NONE,0,175.41,175.41,6,3.7
O001045,C00495,2025-01-27,delivered,Card,Express,NONE,0,447.81,447.81,1,4.6
O001046,C00375,2025-07-08,delivered,Card,Standard,SPORT15,15,258.8,219.98,4,4.3
O001047,C00546,2025-01-15,delivered,Card,Standard,NONE,0,891.21,891.21,6,4.0
O001048,C00436,2025-08-19,delivered,PayPal,Pickup,WEEKEND10,10,589.8,530.82,1,4.7
O001049,C01170,2025-02-13,delivered,Card,Standard,WELCOME10,10,269.8,242.82,5,4.1
O001050,C00225,2025-04-16,delivered,Apple Pay,Pickup,NONE,0,69.8,69.8,1,4.5
O001051,C01669,2025-05-26,delivered,Card,Standard,NONE,0,821.14,821.14,6,4.0
O001052,C00007,2025-11-18,delivered,PayPal,Standard,SPORT15,15,39.9,33.91,4,4.8
O001053,C01183,2025-08-02,delivered,PayPal,Standard,NONE,0,629.8,629.8,7,4.0
O001054,C00546,2025-10-03,delivered,Card,Standard,NONE,0,152.91,152.91,5,5.0
O001055,C00361,2025-04-26,delivered,Card,Standard,SPORT15,15,944.95,803.21,5,4.3
O001056,C00323,2025-12-20,delivered,Card,Express,WEEKEND10,10,236.31,212.68,2,4.3
O001057,C01564,2025-11-30,delivered,Cash,Standard,WEEKEND10,10,354.8,319.32,4,5.0
O001058,C01018,2025-06-22,delivered,Card,Standard,NONE,0,649.8,649.8,4,4.9
O001059,C01079,2025-09-02,delivered,Card,Standard,NONE,0,351.4,351.4,5,4.1
O001060,C00357,2025-09-04,delivered,Card,Standard,WEEKEND10,10,424.8,382.32,5,3.8
O001061,C01545,2025-11-13,delivered,Card,Standard,NONE,0,142.71,142.71,5,4.5
O001062,C01187,2025-05-28,delivered,Card,Standard,SPORT15,15,17.91,15.22,5,4.8
O001063,C00172,2025-04-08,delivered,,Pickup,WEEKEND10,10,570.52,513.47,2,4.4
O001064,C00273,2025-07-27,delivered,Card,Standard,SPORT15,15,89.91,76.42,3,4.3
O001065,C01700,2025-02-09,delivered,Apple Pay,Pickup,NONE,0,110.31,110.31,1,4.6
O001066,C01256,2025-09-25,cancelled,Card,Express,SPORT15,15,164.81,140.09,,
O001067,C00572,2025-03-25,delivered,Cash,Standard,NONE,0,54.9,54.9,1,4.3
O001068,C00830,2025-05-10,delivered,Card,Standard,NONE,0,199.8,199.8,3,3.8
O001069,C01350,2025-11-29,delivered,Cash,Standard,NONE,0,884.5,884.5,4,4.0
O001070,C01808,2025-08-14,delivered,PayPal,Standard,NONE,0,454.22,454.22,3,4.7
O001071,C00361,2025-05-01,delivered,Apple Pay,Express,NONE,0,99.9,99.9,5,4.6
O001072,C01875,2025-06-27,delivered,Card,Express,WELCOME10,10,84.9,76.41,3,4.9
O001073,C00374,2025-03-16,cancelled,Card,Pickup,SPORT15,15,182.81,155.39,,
O001074,C00551,2025-12-12,delivered,Card,Standard,SPORT15,15,775.71,659.35,6,4.2
O001075,C01993,2025-10-22,delivered,Card,Standard,NONE,0,243.97,243.97,6,4.2
O001076,C00108,2025-11-15,delivered,Card,Standard,NONE,0,154.9,154.9,2,5.0
O001077,C00337,2025-11-17,delivered,PayPal,Standard,NONE,0,130.41,130.41,3,4.9
O001078,C00175,2025-09-18,delivered,Cash,Standard,SPORT15,15,426.31,362.36,4,5.0
O001079,C00659,2025-07-04,delivered,Card,Standard,NONE,0,143.91,143.91,5,4.4
O001080,C00911,2025-03-19,returned,Apple Pay,Pickup,NONE,0,350.05,350.05,4,3.9
O001081,C01064,2025-06-29,delivered,Apple Pay,Express,NONE,0,201.22,201.22,6,4.0
O001082,C00393,2025-08-28,delivered,Card,Standard,NONE,0,241.98,241.98,5,4.4
O001083,C01085,2025-10-25,delivered,Card,Express,NONE,0,134.9,134.9,1,4.9
O001084,C01710,2025-04-21,delivered,Apple Pay,Express,NONE,0,505.53,505.53,1,3.8
O001085,C01379,2025-12-17,cancelled,Apple Pay,Standard,NONE,0,161.41,161.41,,
O001086,C01824,2025-10-25,delivered,PayPal,Express,NONE,0,378.55,378.55,2,5.0
O001087,C01078,2025-07-22,delivered,Cash,Standard,NONE,0,239.9,239.9,2,4.3
O001088,C00509,2025-09-29,delivered,Card,Standard,NONE,0,179.9,179.9,2,4.2
O001089,C01418,2025-12-13,delivered,Card,Express,SPORT15,15,166.16,141.24,3,3.6
O001090,C00262,2025-11-28,delivered,Apple Pay,Standard,SPORT15,15,1029.6,875.16,5,3.6
O001091,C00659,2025-10-11,delivered,Card,Standard,NONE,0,53.73,53.73,5,4.6
O001092,C00899,2025-09-13,delivered,Card,Standard,NONE,0,283.41,283.41,5,4.6
O001093,C01119,2025-04-09,delivered,Apple Pay,Standard,NONE,0,524.8,524.8,4,5.0
O001094,C01528,2025-09-28,delivered,Card,Express,SPORT15,15,215.91,183.52,2,3.6
O001095,C00659,2025-04-29,cancelled,PayPal,Standard,NONE,0,407.46,407.46,,
O001096,C01874,2025-06-15,delivered,Card,Standard,SPORT15,15,386.31,328.36,4,4.7
O001097,C01764,2025-07-22,delivered,Card,Pickup,NONE,0,669.05,669.05,2,3.5
O001098,C00413,2025-10-15,delivered,PayPal,Standard,LOYAL20,20,369.8,295.84,6,4.3
O001099,C00539,2025-06-12,delivered,Card,Standard,NONE,0,217.81,217.81,2,5.0
O001100,C01617,2025-01-29,delivered,Card,Standard,WEEKEND10,10,1528.91,1376.02,5,3.2
O001101,C01910,2025-12-23,delivered,PayPal,Express,NONE,0,349.8,349.8,3,4.1
O001102,C01363,2025-11-05,delivered,Cash,Standard,SPORT15,15,515.85,438.47,4,4.5
O001103,C01408,2025-12-12,delivered,Card,Standard,NONE,0,161.32,161.32,6,3.9
O001104,C01548,2025-09-15,delivered,Card,Standard,NONE,0,1060.36,1060.36,2,4.8
O001105,C00448,2025-09-01,delivered,Apple Pay,Express,NONE,0,1086.62,1086.62,2,4.3
O001106,C01594,2025-08-19,delivered,Card,Standard,NONE,0,246.31,246.31,4,4.6
O001107,C01045,2025-08-24,delivered,Card,Express,SPORT15,15,817.61,694.97,1,4.0
O001108,C01458,2025-09-27,delivered,Card,Standard,WELCOME10,10,508.31,457.48,6,4.2
O001109,C01927,2025-06-19,delivered,Card,Standard,WEEKEND10,10,35.91,32.32,5,3.6
O001110,C01095,2025-05-29,delivered,PayPal,Standard,SPORT15,15,49.41,42.0,4,4.1
O001111,C01971,2025-07-22,delivered,Apple Pay,Standard,WELCOME10,10,864.6,778.14,4,4.3
O001112,C01549,2025-11-16,delivered,Card,Express,SPORT15,15,555.81,472.44,1,5.0
O001113,C01412,2025-06-27,delivered,Card,Standard,NONE,0,841.11,841.11,3,4.5
O001114,C00705,2025-12-27,delivered,Card,Standard,WEEKEND10,10,555.21,499.69,5,4.8
O001115,C01712,2025-08-01,delivered,Card,Standard,WELCOME10,10,71.16,64.04,4,4.1
O001116,C00413,2025-05-10,delivered,Card,Standard,NONE,0,1804.4,1804.4,4,4.2
O001117,C01236,2025-04-18,delivered,Card,Standard,NONE,0,718.22,718.22,3,4.4
O001118,C00108,2025-09-09,delivered,Apple Pay,Express,WELCOME10,10,291.55,262.4,4,5.0
O001119,C00746,2025-07-23,delivered,Card,Standard,NONE,0,280.72,280.72,4,4.6
O001120,C01542,2025-01-02,delivered,Card,Standard,WELCOME10,10,49.41,44.47,4,3.7
O001121,C01181,2025-12-28,delivered,Card,Pickup,WEEKEND10,10,449.8,404.82,2,4.2
O001122,C01667,2025-06-16,delivered,PayPal,Standard,NONE,0,335.02,335.02,5,4.4
O001123,C00044,2025-09-02,delivered,Card,Standard,NONE,0,359.7,359.7,3,4.2
O001124,C00715,2025-06-03,delivered,Card,Standard,WEEKEND10,10,39.9,35.91,2,4.5
O001125,C01096,2025-11-09,delivered,Cash,Standard,NONE,0,824.7,824.7,2,5.0
O001126,C01651,2025-12-23,delivered,Card,Standard,NONE,0,1145.13,1145.13,5,3.6
O001127,C00277,2025-06-28,delivered,PayPal,Standard,WEEKEND10,10,69.9,62.91,4,4.2
O001128,C01837,2025-04-24,cancelled,Apple Pay,Standard,SPORT15,15,114.8,97.58,,
O001129,C00578,2025-04-27,delivered,PayPal,Standard,NONE,0,299.15,299.15,4,4.0
O001130,C00263,2025-12-02,delivered,Card,Standard,NONE,0,274.9,274.9,6,4.9
O001131,C00187,2025-05-25,delivered,Card,Standard,WELCOME10,10,424.73,382.26,3,4.8
O001132,C00430,2025-04-18,delivered,Card,Pickup,SPORT15,15,1155.53,982.2,1,4.6
O001133,C01230,2025-11-26,delivered,Card,Standard,NONE,0,544.8,544.8,4,4.3
O001134,C01612,2025-12-06,cancelled,PayPal,Express,SPORT15,15,89.91,76.42,,
O001135,C00535,2025-11-28,delivered,PayPal,Standard,NONE,0,577.5,577.5,3,3.9
O001136,C01576,2025-02-12,delivered,Card,Standard,WELCOME10,10,278.91,251.02,4,5.0
O001137,C01481,2025-08-28,delivered,Apple Pay,Express,NONE,0,651.21,651.21,1,3.5
O001138,C01754,2025-06-16,delivered,Card,Standard,LOYAL20,20,553.31,442.65,3,4.8
O001139,C01398,2025-08-09,delivered,Card,Standard,NONE,0,264.9,264.9,5,4.3
O001140,C00122,2025-10-25,cancelled,Card,Pickup,WELCOME10,10,314.9,283.41,,
O001141,C01872,2025-12-20,delivered,Card,Standard,SPORT15,15,609.7,518.25,5,4.7
O001142,C01945,2025-03-28,delivered,PayPal,Standard,NONE,0,292.41,292.41,4,3.7
O001143,C01231,2025-04-07,delivered,Cash,Pickup,NONE,0,877.98,877.98,1,5.0
O001144,C00745,2025-06-17,delivered,PayPal,Standard,SPORT15,15,785.1,667.34,6,4.2
O001145,C01326,2025-05-03,delivered,PayPal,Pickup,NONE,0,62.91,62.91,1,5.0
O001146,C01356,2025-06-15,delivered,PayPal,Standard,NONE,0,182.06,182.06,5,3.8
O001147,C00578,2025-07-31,delivered,Card,Standard,SPORT15,15,529.2,449.82,6,4.4
O001148,C01268,2025-04-29,delivered,Apple Pay,Standard,NONE,0,405.11,405.11,5,3.9
O001149,C01087,2025-01-04,delivered,Card,Standard,WEEKEND10,10,269.9,242.91,5,4.3
O001150,C00639,2025-06-01,delivered,Card,Standard,NONE,0,299.15,299.15,5,4.4
O001151,C00422,2025-04-20,delivered,PayPal,Express,LOYAL20,20,1144.5,915.6,2,4.6
O001152,C01650,2025-11-04,delivered,Card,Standard,SPORT15,15,314.9,267.66,4,4.1
O001153,C01015,2025-12-12,delivered,Card,Standard,WELCOME10,10,314.8,283.32,5,3.4
O001154,C01920,2025-09-06,delivered,Card,Standard,NONE,0,274.9,274.9,4,4.1
O001155,C01597,2025-09-13,returned,Card,Standard,SPORT15,15,142.21,120.88,4,3.6
O001156,C01493,2025-12-30,delivered,Apple Pay,Pickup,NONE,0,984.6,984.6,1,4.2
O001157,C00036,2025-08-26,delivered,Card,Standard,NONE,0,66.41,66.41,6,3.5
O001158,C01284,2025-06-27,delivered,Card,Standard,NONE,0,346.65,346.65,5,4.1
O001159,C01827,2025-06-26,delivered,Card,Standard,NONE,0,17.91,17.91,6,4.9
O001160,C01483,2025-03-21,delivered,Cash,Standard,NONE,0,409.35,409.35,5,4.2
O001161,C01823,2025-06-09,delivered,Card,Express,NONE,0,364.81,364.81,3,4.5
O001162,C00077,2025-12-30,delivered,Card,Express,WELCOME10,10,224.8,202.32,1,4.5
O001163,C01645,2025-07-22,delivered,Cash,Standard,WEEKEND10,10,586.55,527.89,4,4.6
O001164,C00427,2025-03-02,delivered,Card,Standard,LOYAL20,20,525.6,420.48,5,4.2
O001165,C01538,2025-11-14,cancelled,Card,Standard,WELCOME10,10,1294.4,1164.96,,
O001166,C00885,2025-12-05,delivered,Card,Pickup,WEEKEND10,10,179.82,161.84,2,4.2
O001167,C01690,2025-04-28,cancelled,Card,Standard,WELCOME10,10,215.91,194.32,,
O001168,C01934,2025-06-20,delivered,Card,Standard,LOYAL20,20,204.9,163.92,5,4.4
O001169,C00776,2025-01-15,delivered,Card,Standard,WELCOME10,10,375.62,338.06,5,3.9
O001170,C01391,2025-09-07,delivered,Card,Express,NONE,0,144.9,144.9,1,5.0
O001171,C01902,2025-09-12,delivered,Apple Pay,Standard,LOYAL20,20,134.9,107.92,5,5.0
O001172,C00891,2025-04-12,delivered,Card,Standard,NONE,0,117.81,117.81,3,4.1
O001173,C00141,2025-11-22,delivered,Card,Standard,NONE,0,413.72,413.72,6,3.7
O001174,C01510,2025-08-23,delivered,Card,Standard,LOYAL20,20,39.9,31.92,5,4.5
O001175,C00025,2025-11-16,delivered,PayPal,Standard,NONE,0,782.26,782.26,4,4.5
O001176,C01629,2025-07-11,delivered,Cash,Standard,NONE,0,650.95,650.95,5,3.9
O001177,C00544,2025-11-21,delivered,Card,Express,WELCOME10,10,274.9,247.41,4,5.0
O001178,C00213,2025-10-31,delivered,Apple Pay,Standard,NONE,0,89.9,89.9,3,5.0
O001179,C01734,2025-01-13,cancelled,Cash,Express,WEEKEND10,10,646.05,581.44,,
O001180,C01991,2025-09-14,delivered,PayPal,Standard,NONE,0,524.7,524.7,3,4.5
O001181,C00057,2025-03-27,delivered,Card,Standard,WEEKEND10,10,170.82,153.74,6,3.7
O001182,C00343,2025-08-22,cancelled,PayPal,Standard,SPORT15,15,686.21,583.28,,
O001183,C01799,2025-04-19,delivered,Cash,Express,NONE,0,278.91,278.91,2,4.8
O001184,C01217,2025-08-29,returned,Apple Pay,Standard,NONE,0,714.7,714.7,4,4.1
O001185,C01956,2025-09-27,delivered,Cash,Standard,SPORT15,15,603.22,512.74,4,4.6
O001186,C00391,2025-03-07,delivered,Card,Express,NONE,0,478.95,478.95,2,4.1
O001187,C01830,2025-08-10,delivered,Card,Standard,NONE,0,35.91,35.91,3,4.5
O001188,C00985,2025-11-10,delivered,PayPal,Express,NONE,0,1444.68,1444.68,4,5.0
O001189,C00060,2025-12-19,delivered,Card,Standard,NONE,0,451.31,451.31,3,4.3
O001190,C00070,2025-03-14,delivered,Apple Pay,Express,NONE,0,688.71,688.71,3,4.9
O001191,C01054,2025-09-25,delivered,Card,Standard,NONE,0,517.06,517.06,1,3.8
O001192,C00050,2025-11-01,delivered,Card,Standard,NONE,0,274.9,274.9,5,5.0
O001193,C00892,2025-02-07,delivered,Apple Pay,Standard,LOYAL20,20,258.31,206.65,3,4.4
O001194,C00469,2025-07-04,delivered,Card,Standard,NONE,0,1102.03,1102.03,3,4.1
O001195,C00171,2025-11-22,delivered,Card,Standard,NONE,0,242.82,242.82,7,3.8
O001196,C00392,2025-04-19,returned,Card,Pickup,LOYAL20,20,139.9,111.92,5,3.8
O001197,C01772,2025-10-01,delivered,Cash,Standard,WEEKEND10,10,923.53,831.18,5,4.6
O001198,C00101,2025-12-03,delivered,Card,Pickup,NONE,0,272.23,272.23,4,4.9
O001199,C00348,2025-03-19,delivered,Card,Express,SPORT15,15,503.3,427.81,3,4.4
O001200,C01422,2025-12-07,delivered,Card,Express,WELCOME10,10,149.8,134.82,2,4.5
O001201,C00858,2025-12-31,delivered,Card,Standard,NONE,0,134.9,134.9,4,5.0
O001202,C01679,2025-10-19,delivered,Card,Standard,NONE,0,529.8,529.8,5,4.0
O001203,C00969,2025-06-27,delivered,Card,Standard,NONE,0,590.71,590.71,4,5.0
O001204,C00947,2025-06-15,delivered,Card,Standard,NONE,0,634.12,634.12,4,5.0
O001205,C00432,2025-06-22,delivered,PayPal,Pickup,NONE,0,384.9,384.9,1,4.2
O001206,C01132,2025-12-23,returned,Apple Pay,Standard,SPORT15,15,368.31,313.06,6,2.9
O001207,C00415,2025-11-21,delivered,Card,Standard,WEEKEND10,10,278.91,251.02,3,5.0
O001208,C00365,2025-06-29,delivered,Card,Standard,WELCOME10,10,264.9,238.41,6,3.5
O001209,C00779,2025-07-31,delivered,Apple Pay,Standard,NONE,0,337.41,337.41,4,4.2
O001210,C00093,2025-03-26,returned,Card,Pickup,WELCOME10,10,526.97,474.27,4,2.1
O001211,C01057,2025-03-07,delivered,Apple Pay,Pickup,NONE,0,929.7,929.7,1,4.5
O001212,C01344,2025-11-08,delivered,PayPal,Standard,NONE,0,1039.5,1039.5,4,4.7
O001213,C01306,2025-12-04,delivered,Card,Standard,NONE,0,526.13,526.13,7,4.3
O001214,C01013,2025-08-07,delivered,Apple Pay,Standard,WELCOME10,10,219.9,197.91,5,4.4
O001215,C00013,2025-11-14,delivered,PayPal,Standard,NONE,0,31.41,31.41,3,3.9
O001216,C00688,2025-10-18,delivered,PayPal,Standard,LOYAL20,20,479.7,383.76,7,3.7
O001217,C01017,2025-07-04,returned,Card,Standard,NONE,0,139.7,139.7,4,3.1
O001218,C01785,2025-12-26,delivered,Card,Express,NONE,0,154.9,154.9,2,5.0
O001219,C00013,2025-01-24,delivered,Card,Express,WEEKEND10,10,294.9,265.41,1,4.4
O001220,C00775,2025-07-30,delivered,Card,Express,SPORT15,15,365.65,310.8,5,4.8
O001221,C00001,2025-12-19,delivered,Apple Pay,Standard,SPORT15,15,332.4,282.54,5,4.2
O001222,C00809,2025-12-23,delivered,Card,Standard,NONE,0,197.91,197.91,5,5.0
O001223,C01591,2025-12-14,delivered,Card,Standard,WELCOME10,10,526.11,473.5,3,3.8
O001224,C01811,2025-06-25,delivered,Card,Standard,NONE,0,80.66,80.66,5,4.4
O001225,C00588,2025-11-15,delivered,Cash,Standard,WEEKEND10,10,191.31,172.18,4,3.8
O001226,C00862,2025-02-23,delivered,Card,Standard,LOYAL20,20,434.8,347.84,5,4.6
O001227,C00889,2025-05-26,delivered,Cash,Express,NONE,0,404.41,404.41,1,3.9
O001228,C00814,2025-10-14,delivered,Card,Express,SPORT15,15,476.3,404.86,2,3.3
O001229,C01105,2025-09-22,delivered,Cash,Standard,WELCOME10,10,959.6,863.64,3,3.9
O001230,C01160,2025-12-27,delivered,Apple Pay,Standard,NONE,0,454.7,454.7,4,4.7
O001231,C01954,2025-10-14,delivered,PayPal,Pickup,NONE,0,314.9,314.9,1,4.3
O001232,C01106,2025-10-19,delivered,Apple Pay,Standard,WELCOME10,10,539.8,485.82,4,4.7
O001233,C01618,2025-02-22,delivered,Card,Pickup,NONE,0,161.91,161.91,3,4.9
O001234,C01282,2025-03-28,delivered,Apple Pay,Standard,NONE,0,472.71,472.71,5,4.5
O001235,C01731,2025-03-24,delivered,Card,Standard,NONE,0,883.2,883.2,3,4.6
O001236,C01634,2025-09-17,returned,Card,Express,NONE,0,82.56,82.56,3,3.1
O001237,C01779,2025-11-24,delivered,Card,Standard,NONE,0,386.81,386.81,3,3.9
O001238,C01635,2025-11-21,delivered,Card,Standard,LOYAL20,20,427.21,341.77,4,4.3
O001239,C01666,2025-12-19,delivered,Card,Express,WELCOME10,10,604.8,544.32,1,5.0
O001240,C01281,2025-11-07,delivered,Card,Express,WEEKEND10,10,309.8,278.82,2,4.5
O001241,C00146,2025-10-08,delivered,Card,Standard,NONE,0,554.7,554.7,4,4.3
O001242,C00703,2025-07-25,delivered,PayPal,Standard,SPORT15,15,921.63,783.39,6,3.6
O001243,C00963,2025-03-20,delivered,Apple Pay,Standard,SPORT15,15,204.9,174.16,3,4.6
O001244,C01594,2025-12-04,delivered,Card,Express,LOYAL20,20,264.56,211.65,3,3.9
O001245,C01706,2025-08-15,delivered,Card,Express,NONE,0,472.14,472.14,4,3.9
O001246,C00507,2025-12-08,delivered,Cash,Standard,NONE,0,294.9,294.9,5,3.7
O001247,C00741,2025-02-02,delivered,Cash,Standard,SPORT15,15,85.41,72.6,4,4.3
O001248,C00584,2025-11-07,delivered,Card,Standard,NONE,0,439.8,439.8,5,4.1
O001249,C01912,2025-02-17,delivered,Card,Standard,LOYAL20,20,588.8,471.04,2,4.5
O001250,C01193,2025-09-29,delivered,Card,Standard,SPORT15,15,197.91,168.22,7,3.9
O001251,C00779,2025-10-28,delivered,Card,Standard,NONE,0,49.9,49.9,5,5.0
O001252,C01640,2025-12-06,delivered,Apple Pay,Standard,NONE,0,742.61,742.61,5,3.9
O001253,C01077,2025-09-10,returned,Card,Express,WEEKEND10,10,294.8,265.32,9,3.6
O001254,C00786,2025-10-28,delivered,PayPal,Standard,LOYAL20,20,594.5,475.6,6,4.2
O001255,C01737,2025-05-30,delivered,Cash,Standard,WELCOME10,10,143.82,129.44,6,4.4
O001256,C00331,2025-09-08,delivered,Cash,Standard,NONE,0,84.9,84.9,3,4.4
O001257,C01906,2025-02-11,delivered,PayPal,Standard,WEEKEND10,10,80.66,72.59,3,4.0
O001258,C01464,2025-11-23,returned,Card,Standard,NONE,0,392.62,392.62,6,4.1
O001259,C00319,2025-11-26,delivered,PayPal,Standard,WELCOME10,10,89.82,80.84,4,4.6
O001260,C00516,2025-10-29,delivered,Card,Standard,NONE,0,886.71,886.71,3,4.9
O001261,C00351,2025-11-17,delivered,PayPal,Express,NONE,0,624.8,624.8,5,4.2
O001262,C00788,2025-11-01,delivered,Card,Standard,NONE,0,769.8,769.8,5,4.6
O001263,C01997,2025-12-16,delivered,Card,Standard,NONE,0,407.76,407.76,7,3.3
O001264,C00546,2025-01-02,delivered,Card,Standard,NONE,0,1699.5,1699.5,6,4.1
O001265,C01138,2025-02-17,returned,Apple Pay,Standard,NONE,0,465.56,465.56,5,1.9
O001266,C00458,2025-07-10,returned,PayPal,Express,NONE,0,62.91,62.91,4,2.7
O001267,C01327,2025-12-01,delivered,Cash,Standard,NONE,0,592.21,592.21,6,4.5
O001268,C00161,2025-05-06,delivered,Card,Standard,NONE,0,1179.6,1179.6,5,4.5
O001269,C01713,2025-12-05,delivered,Apple Pay,Standard,NONE,0,679.12,679.12,6,4.5
O001270,C00047,2025-11-16,returned,Cash,Standard,NONE,0,339.78,339.78,3,2.6
O001271,C00757,2025-06-24,delivered,PayPal,Standard,NONE,0,66.41,66.41,5,3.9
O001272,C01247,2025-11-04,returned,Card,Standard,WELCOME10,10,213.81,192.43,4,3.7
O001273,C01737,2025-01-03,delivered,Card,Pickup,WEEKEND10,10,789.1,710.19,1,4.3
O001274,C00084,2025-05-15,delivered,Card,Express,NONE,0,97.81,97.81,1,3.7
O001275,C00314,2025-10-08,delivered,Card,Standard,SPORT15,15,701.96,596.67,3,4.0
O001276,C01849,2025-12-01,cancelled,Card,Standard,NONE,0,62.91,62.91,,
O001277,C01217,2025-11-27,delivered,Cash,Pickup,NONE,0,779.5,779.5,1,4.1
O001278,C01945,2025-12-10,delivered,Apple Pay,Standard,NONE,0,309.8,309.8,7,5.0
O001279,C01457,2025-10-19,delivered,Card,Pickup,NONE,0,216.31,216.31,2,3.9
O001280,C01482,2025-01-09,delivered,Card,Express,NONE,0,134.9,134.9,2,4.6
O001281,C00634,2025-09-27,delivered,Card,Standard,NONE,0,1464.76,1464.76,4,4.3
O001282,C01897,2025-10-24,delivered,Card,Standard,NONE,0,384.7,384.7,5,5.0
O001283,C01868,2025-01-03,delivered,PayPal,Standard,SPORT15,15,879.72,747.76,5,4.2
O001284,C00672,2025-04-03,cancelled,Cash,Standard,NONE,0,820.71,820.71,,
O001285,C00577,2025-12-12,delivered,PayPal,Standard,NONE,0,278.91,278.91,8,4.8
O001286,C01488,2025-07-23,delivered,Card,Express,WEEKEND10,10,1034.5,931.05,4,4.3
O001287,C00340,2025-03-12,delivered,Cash,Standard,NONE,0,474.7,474.7,4,4.4
O001288,C01886,2025-09-25,cancelled,Apple Pay,Express,LOYAL20,20,283.41,226.73,,
O001289,C01677,2025-09-21,delivered,Card,Standard,LOYAL20,20,444.7,355.76,4,3.6
O001290,C01220,2025-08-11,delivered,Card,Express,NONE,0,461.21,461.21,1,3.9
O001291,C01463,2025-11-29,cancelled,PayPal,Standard,NONE,0,274.9,274.9,,
O001292,C00082,2025-09-06,delivered,Card,Standard,SPORT15,15,517.06,439.5,5,4.7
O001293,C00619,2025-08-19,delivered,Card,Standard,NONE,0,549.8,549.8,2,4.6
O001294,C01392,2025-12-13,delivered,Card,Standard,NONE,0,377.81,377.81,4,5.0
O001295,C00056,2025-11-29,delivered,Card,Standard,NONE,0,535.47,535.47,4,4.5
O001296,C00207,2025-01-16,delivered,Card,Pickup,NONE,0,239.9,239.9,4,4.5
O001297,C00975,2025-08-30,delivered,Card,Standard,NONE,0,1047.52,1047.52,6,2.9
O001298,C00373,2025-10-18,delivered,Card,Pickup,SPORT15,15,328.41,279.15,2,3.9
O001299,C01089,2025-07-31,delivered,Card,Standard,NONE,0,1168.15,1168.15,6,4.8
O001300,C00739,2025-10-05,delivered,Apple Pay,Standard,SPORT15,15,531.03,451.38,6,5.0
O001301,C01459,2025-01-26,delivered,Card,Standard,NONE,0,303.8,303.8,3,4.6
O001302,C01246,2025-06-23,delivered,Apple Pay,Standard,WEEKEND10,10,739.8,665.82,3,4.1
O001303,C01203,2025-12-06,cancelled,Card,Express,NONE,0,79.8,79.8,,
O001304,C00167,2025-06-10,delivered,Card,Standard,NONE,0,187.82,187.82,4,5.0
O001305,C01161,2025-10-10,delivered,Card,Express,NONE,0,314.9,314.9,1,4.0
O001306,C00805,2025-03-18,delivered,Card,Standard,WEEKEND10,10,610.2,549.18,4,5.0
O001307,C00462,2025-02-17,delivered,Card,Standard,SPORT15,15,54.9,46.66,3,4.7
O001308,C00609,2025-12-15,delivered,Apple Pay,Express,WELCOME10,10,279.8,251.82,2,4.1
O001309,C00027,2025-03-04,delivered,PayPal,Standard,NONE,0,358.82,358.82,4,4.0
O001310,C01313,2025-10-07,delivered,Card,Standard,LOYAL20,20,320.54,256.43,3,4.6
O001311,C01062,2025-02-11,delivered,PayPal,Standard,WEEKEND10,10,1069.4,962.46,4,3.9
O001312,C01973,2025-05-20,delivered,Cash,Standard,LOYAL20,20,294.9,235.92,4,4.4
O001313,C01383,2025-11-13,delivered,Card,Express,WEEKEND10,10,332.31,299.08,3,4.5
O001314,C01767,2025-02-16,delivered,PayPal,Standard,NONE,0,939.97,939.97,5,5.0
O001315,C00167,2025-09-04,delivered,Cash,Express,NONE,0,260.31,260.31,4,4.7
O001316,C00197,2025-02-08,delivered,Cash,Pickup,NONE,0,314.8,314.8,2,4.1
O001317,C01784,2025-09-29,delivered,Card,Express,LOYAL20,20,705.23,564.18,1,4.3
O001318,C01621,2025-12-25,delivered,Card,Standard,LOYAL20,20,314.9,251.92,3,4.5
O001319,C01401,2025-12-07,delivered,Apple Pay,Pickup,SPORT15,15,149.8,127.33,3,3.5
O001320,C01024,2025-07-14,delivered,Card,Express,WEEKEND10,10,294.9,265.41,1,4.5
O001321,C00630,2025-10-01,delivered,Card,Express,SPORT15,15,94.8,80.58,1,4.3
O001322,C01099,2025-04-30,delivered,Card,Standard,NONE,0,404.13,404.13,3,5.0
O001323,C00224,2025-09-03,delivered,PayPal,Standard,NONE,0,152.31,152.31,6,4.0
O001324,C00756,2025-03-24,returned,Card,Standard,NONE,0,728.62,728.62,6,2.2
O001325,C01343,2025-10-19,delivered,PayPal,Standard,NONE,0,749.7,749.7,5,4.5
O001326,C01081,2025-11-24,delivered,Apple Pay,Pickup,NONE,0,35.91,35.91,1,4.5
O001327,C01986,2025-05-05,delivered,Card,Standard,SPORT15,15,283.81,241.24,5,4.9
O001328,C01799,2025-02-09,delivered,Cash,Standard,WELCOME10,10,458.31,412.48,3,4.1
O001329,C00269,2025-06-16,delivered,PayPal,Standard,NONE,0,198.06,198.06,6,3.8
O001330,C00739,2025-11-29,delivered,Apple Pay,Standard,WEEKEND10,10,890.91,801.82,6,4.5
O001331,C00363,2025-11-05,cancelled,Cash,Standard,NONE,0,44.9,44.9,,
O001332,C01656,2025-11-23,delivered,PayPal,Standard,NONE,0,274.9,274.9,4,4.1
O001333,C01983,2025-08-27,delivered,Apple Pay,Standard,NONE,0,343.47,343.47,7,4.2
O001334,C00963,2025-08-23,delivered,Card,Standard,WEEKEND10,10,371.82,334.64,6,3.5
O001335,C01154,2025-12-08,delivered,Card,Standard,NONE,0,539.05,539.05,3,4.4
O001336,C01041,2025-08-22,delivered,Card,Express,SPORT15,15,468.45,398.18,3,4.0
O001337,C01598,2025-11-22,delivered,Apple Pay,Express,WELCOME10,10,887.28,798.55,1,4.4
O001338,C00861,2025-01-13,cancelled,PayPal,Standard,SPORT15,15,749.8,637.33,,
O001339,C01543,2025-10-16,delivered,Apple Pay,Standard,WELCOME10,10,441.95,397.75,4,4.6
O001340,C01803,2025-08-25,delivered,Apple Pay,Standard,NONE,0,79.9,79.9,5,4.9
O001341,C00985,2025-12-30,delivered,Apple Pay,Standard,SPORT15,15,1057.26,898.67,4,4.6
O001342,C01629,2025-11-30,delivered,Card,Express,NONE,0,159.9,159.9,3,4.2
O001343,C00813,2025-12-16,delivered,Cash,Standard,LOYAL20,20,672.26,537.81,5,3.4
O001344,C00764,2025-01-23,delivered,Cash,Standard,NONE,0,637.71,637.71,7,3.9
O001345,C00939,2025-05-28,delivered,Card,Express,SPORT15,15,114.8,97.58,1,4.7
O001346,C01046,2025-10-03,delivered,PayPal,Standard,NONE,0,249.72,249.72,5,4.6
O001347,C01580,2025-11-20,delivered,Cash,Pickup,NONE,0,483.81,483.81,3,4.5
O001348,C00224,2025-01-04,delivered,Card,Standard,WEEKEND10,10,134.9,121.41,6,5.0
O001349,C01503,2025-12-02,delivered,Card,Standard,NONE,0,689.7,689.7,4,5.0
O001350,C01601,2025-07-23,delivered,Card,Express,WELCOME10,10,84.8,76.32,1,4.8
O001351,C01861,2025-08-19,delivered,Card,Standard,NONE,0,99.9,99.9,2,4.4
O001352,C00492,2025-01-17,delivered,Apple Pay,Standard,NONE,0,80.66,80.66,6,4.6
O001353,C01844,2025-12-31,delivered,Cash,Standard,WELCOME10,10,107.82,97.04,4,5.0
O001354,C00203,2025-03-27,delivered,Card,Standard,WEEKEND10,10,349.7,314.73,4,4.0
O001355,C01580,2025-10-23,delivered,PayPal,Express,WEEKEND10,10,911.26,820.13,2,5.0
O001356,C01250,2025-12-02,delivered,Apple Pay,Express,NONE,0,726.2,726.2,4,4.8
O001357,C01491,2025-07-02,delivered,PayPal,Express,NONE,0,711.11,711.11,1,4.5
O001358,C00309,2025-10-15,delivered,Card,Standard,NONE,0,522.3,522.3,4,4.6
O001359,C00721,2025-06-21,delivered,Apple Pay,Pickup,WELCOME10,10,395.31,355.78,2,4.8
O001360,C00013,2025-03-02,delivered,Apple Pay,Standard,WEEKEND10,10,667.31,600.58,5,3.8
O001361,C00248,2025-07-24,delivered,Cash,Standard,NONE,0,365.65,365.65,4,3.4
O001362,C00814,2025-06-14,delivered,Apple Pay,Pickup,WEEKEND10,10,199.32,179.39,1,4.1
O001363,C00655,2025-07-29,delivered,Card,Express,LOYAL20,20,209.8,167.84,1,4.2
O001364,C00166,2025-11-27,delivered,PayPal,Express,NONE,0,694.7,694.7,4,4.2
O001365,C00124,2025-11-14,delivered,Card,Pickup,WELCOME10,10,154.9,139.41,3,4.6
O001366,C00927,2025-05-07,delivered,Card,Standard,SPORT15,15,66.41,56.45,3,4.8
O001367,C01489,2025-03-23,delivered,Card,Pickup,NONE,0,699.7,699.7,3,5.0
O001368,C00653,2025-05-25,delivered,Cash,Express,NONE,0,220.71,220.71,1,4.4
O001369,C01198,2025-05-09,delivered,Card,Standard,LOYAL20,20,999.5,799.6,6,4.4
O001370,C00120,2025-11-18,returned,Apple Pay,Standard,WEEKEND10,10,522.3,470.07,5,3.4
O001371,C00154,2025-02-19,delivered,Cash,Standard,NONE,0,357.81,357.81,4,4.1
O001372,C01819,2025-06-06,delivered,Card,Standard,NONE,0,47.4,47.4,5,4.2
O001373,C00247,2025-09-24,delivered,Card,Express,NONE,0,269.9,269.9,2,4.8
O001374,C01989,2025-08-03,delivered,Card,Standard,NONE,0,770.32,770.32,4,4.0
O001375,C00796,2025-05-12,delivered,Card,Standard,WEEKEND10,10,469.8,422.82,5,4.5
O001376,C00488,2025-12-16,delivered,Card,Standard,LOYAL20,20,239.8,191.84,4,5.0
O001377,C01936,2025-10-03,delivered,PayPal,Standard,NONE,0,239.8,239.8,3,4.2
O001378,C01619,2025-09-17,delivered,Card,Express,NONE,0,404.12,404.12,3,5.0
O001379,C00555,2025-05-15,cancelled,Card,Express,NONE,0,309.7,309.7,,
O001380,C00956,2025-01-26,delivered,Card,Standard,NONE,0,319.8,319.8,4,4.6
O001381,C01754,2025-09-02,delivered,Cash,Standard,SPORT15,15,666.11,566.19,4,4.7
O001382,C00226,2025-10-10,returned,Cash,Standard,NONE,0,649.6,649.6,5,3.1
O001383,C01630,2025-06-08,delivered,Apple Pay,Standard,NONE,0,476.82,476.82,4,4.4
O001384,C01316,2025-05-26,delivered,Card,Standard,SPORT15,15,256.4,217.94,3,4.1
O001385,C00763,2025-12-17,delivered,Cash,Pickup,NONE,0,258.47,258.47,3,4.1
O001386,C00678,2025-06-18,delivered,PayPal,Standard,NONE,0,189.8,189.8,1,5.0
O001387,C01901,2025-11-02,delivered,PayPal,Standard,NONE,0,460.62,460.62,6,3.6
O001388,C00244,2025-02-18,delivered,Card,Standard,NONE,0,609.7,609.7,4,4.0
O001389,C01005,2025-11-18,delivered,Card,Standard,NONE,0,1109.4,1109.4,4,4.1
O001390,C00305,2025-05-30,delivered,Card,Standard,WEEKEND10,10,344.8,310.32,5,3.8
O001391,C01619,2025-11-20,delivered,Card,Standard,SPORT15,15,685.21,582.43,7,4.0
O001392,C01656,2025-10-09,delivered,Card,Express,SPORT15,15,665.61,565.77,1,4.9
O001393,C00040,2025-01-28,delivered,Card,Pickup,NONE,0,420.31,420.31,1,3.6
O001394,C00946,2025-08-13,delivered,PayPal,Standard,SPORT15,15,389.8,331.33,4,4.4
O001395,C00312,2025-05-28,delivered,Card,Standard,NONE,0,1068.6,1068.6,3,4.8
O001396,C00348,2025-12-19,delivered,Card,Pickup,WEEKEND10,10,484.14,435.73,1,5.0
O001397,C00648,2025-07-19,delivered,Card,Standard,NONE,0,179.9,179.9,2,4.9
O001398,C01278,2025-05-28,delivered,Apple Pay,Standard,NONE,0,245.31,245.31,5,3.8
O001399,C01800,2025-09-26,delivered,PayPal,Express,LOYAL20,20,144.9,115.92,2,4.3
O001400,C00304,2025-11-01,delivered,Cash,Standard,WELCOME10,10,749.7,674.73,4,3.8
O001401,C00967,2025-03-26,delivered,PayPal,Standard,WEEKEND10,10,117.55,105.8,7,4.7
O001402,C01231,2025-10-04,delivered,Cash,Standard,SPORT15,15,1337.5,1136.88,4,4.6
O001403,C01856,2025-11-08,delivered,Apple Pay,Standard,WEEKEND10,10,1441.66,1297.49,1,4.5
O001404,C00587,2025-07-09,delivered,Card,Standard,NONE,0,514.36,514.36,4,4.3
O001405,C01715,2025-01-04,delivered,PayPal,Standard,WEEKEND10,10,244.8,220.32,4,3.9
O001406,C01402,2025-08-23,delivered,Card,Standard,NONE,0,377.3,377.3,6,4.6
O001407,C01566,2025-06-12,delivered,Card,Standard,NONE,0,356.15,356.15,4,4.2
O001408,C00260,2025-04-24,delivered,Apple Pay,Standard,WEEKEND10,10,409.8,368.82,4,4.1
O001409,C00037,2025-03-04,delivered,Card,Pickup,NONE,0,219.9,219.9,2,4.8
O001410,C00222,2025-03-04,delivered,Card,Standard,WEEKEND10,10,754.7,679.23,5,5.0
O001411,C00915,2025-05-30,delivered,Card,Standard,NONE,0,301.73,301.73,5,4.8
O001412,C01108,2025-03-01,delivered,Card,Express,NONE,0,432.71,432.71,3,4.7
O001413,C01834,2025-03-14,delivered,Apple Pay,Express,LOYAL20,20,624.7,499.76,1,3.9
O001414,C01195,2025-04-08,delivered,PayPal,Standard,NONE,0,94.7,94.7,5,4.9
O001415,C00285,2025-06-14,delivered,PayPal,Standard,NONE,0,509.7,509.7,5,4.4
O001416,C00744,2025-05-03,delivered,Card,Standard,NONE,0,962.96,962.96,5,4.1
O001417,C01891,2025-12-25,delivered,Apple Pay,Standard,WELCOME10,10,349.9,314.91,5,3.9
O001418,C01050,2025-08-05,delivered,Card,Standard,WELCOME10,10,598.3,538.47,2,4.6
O001419,C01439,2025-04-02,delivered,Card,Express,WEEKEND10,10,388.97,350.07,3,4.9
O001420,C00147,2025-04-23,delivered,PayPal,Express,LOYAL20,20,219.9,175.92,3,4.5
O001421,C00060,2025-12-09,delivered,Card,Standard,NONE,0,1099.51,1099.51,4,4.6
O001422,C01129,2025-06-20,delivered,PayPal,Standard,WEEKEND10,10,309.8,278.82,5,4.3
O001423,C01633,2025-10-13,delivered,Apple Pay,Standard,SPORT15,15,292.41,248.55,7,4.4
O001424,C00625,2025-02-22,delivered,Cash,Express,NONE,0,267.62,267.62,4,4.7
O001425,C00250,2025-05-10,delivered,Card,Standard,NONE,0,80.91,80.91,4,3.6
O001426,C00095,2025-11-29,delivered,PayPal,Standard,NONE,0,334.05,334.05,6,3.7
O001427,C01516,2025-08-23,delivered,Card,Standard,WELCOME10,10,80.66,72.59,3,4.7
O001428,C00162,2025-03-03,delivered,Card,Standard,NONE,0,807.53,807.53,4,4.3
O001429,C01663,2025-10-28,delivered,Card,Standard,LOYAL20,20,105.72,84.58,4,4.8
O001430,C01251,2025-06-03,delivered,Card,Standard,LOYAL20,20,74.9,59.92,3,4.9
O001431,C00056,2025-02-07,delivered,Card,Standard,WELCOME10,10,346.41,311.77,4,4.2
O001432,C00105,2025-09-05,delivered,Cash,Standard,SPORT15,15,194.8,165.58,3,4.8
O001433,C00629,2025-10-30,delivered,PayPal,Express,SPORT15,15,540.72,459.61,1,4.7
O001434,C01846,2025-03-25,delivered,Card,Pickup,NONE,0,738.0,738.0,3,4.6
O001435,C01880,2025-06-13,delivered,PayPal,Standard,WELCOME10,10,337.06,303.35,2,4.2
O001436,C00216,2025-04-01,delivered,Card,Standard,SPORT15,15,99.9,84.92,5,4.1
O001437,C00148,2025-08-21,delivered,PayPal,Standard,WELCOME10,10,54.9,49.41,5,4.5
O001438,C00410,2025-05-16,delivered,Card,Standard,NONE,0,299.15,299.15,4,3.8
O001439,C00058,2025-11-24,delivered,Apple Pay,Express,NONE,0,446.31,446.31,1,4.4
O001440,C00574,2025-06-11,returned,,Standard,NONE,0,308.65,308.65,3,2.8
O001441,C01408,2025-11-24,cancelled,Card,Standard,WEEKEND10,10,227.05,204.35,,
O001442,C01053,2025-11-08,delivered,Cash,Pickup,LOYAL20,20,499.3,399.44,2,4.2
O001443,C01661,2025-06-21,cancelled,Card,Standard,NONE,0,334.8,334.8,,
O001444,C00429,2025-07-05,delivered,Apple Pay,Express,WEEKEND10,10,379.8,341.82,1,4.4
O001445,C00916,2025-07-19,delivered,PayPal,Standard,NONE,0,161.41,161.41,5,4.0
O001446,C00278,2025-10-03,delivered,Card,Standard,NONE,0,34.9,34.9,5,4.3
O001447,C00798,2025-09-30,delivered,Card,Pickup,WEEKEND10,10,144.9,130.41,1,3.6
O001448,C00069,2025-05-30,delivered,PayPal,Standard,NONE,0,385.96,385.96,2,4.1
O001449,C01795,2025-08-27,delivered,Card,Standard,NONE,0,799.6,799.6,2,4.7
O001450,C01213,2025-09-01,delivered,PayPal,Standard,WEEKEND10,10,835.85,752.26,2,4.9
O001451,C00102,2025-11-15,delivered,Card,Express,NONE,0,134.9,134.9,1,5.0
O001452,C00912,2025-09-29,delivered,Apple Pay,Standard,WELCOME10,10,399.7,359.73,3,4.3
O001453,C01069,2025-08-10,delivered,Apple Pay,Standard,NONE,0,144.9,144.9,2,3.9
O001454,C00269,2025-09-10,delivered,Card,Standard,WELCOME10,10,69.9,62.91,1,4.9
O001455,C00621,2025-12-01,delivered,Card,Standard,NONE,0,18.9,18.9,2,4.3
O001456,C00775,2025-11-29,delivered,Card,Express,WELCOME10,10,44.9,40.41,2,5.0
O001457,C01031,2025-03-13,delivered,Card,Standard,NONE,0,71.16,71.16,5,4.6
O001458,C01685,2025-06-28,delivered,Card,Standard,WELCOME10,10,634.62,571.16,2,4.4
O001459,C01716,2025-03-08,delivered,Apple Pay,Standard,SPORT15,15,539.7,458.75,3,4.8
O001460,C01907,2025-10-28,delivered,Card,Standard,WEEKEND10,10,197.91,178.12,2,3.9
O001461,C00184,2025-07-26,delivered,Card,Express,NONE,0,384.9,384.9,4,4.3
O001462,C00268,2025-07-13,delivered,Card,Standard,NONE,0,639.7,639.7,4,4.7
O001463,C00010,2025-08-28,delivered,Apple Pay,Standard,NONE,0,314.9,314.9,4,4.4
O001464,C00202,2025-10-30,delivered,Card,Standard,NONE,0,274.9,274.9,4,3.6
O001465,C01504,2025-09-28,delivered,PayPal,Standard,NONE,0,890.44,890.44,4,4.3
O001466,C00066,2025-04-04,delivered,PayPal,Standard,WELCOME10,10,855.85,770.26,2,4.3
O001467,C00873,2025-10-27,returned,Card,Pickup,WELCOME10,10,204.72,184.25,6,3.8
O001468,C00617,2025-08-26,delivered,Card,Standard,NONE,0,566.82,566.82,6,4.1
O001469,C01273,2025-02-15,delivered,Card,Standard,SPORT15,15,499.7,424.75,4,4.0
O001470,C00450,2025-01-06,delivered,Apple Pay,Standard,SPORT15,15,62.82,53.4,5,3.9
O001471,C00687,2025-05-09,delivered,Card,Pickup,WELCOME10,10,622.7,560.43,2,4.1
O001472,C01180,2025-05-03,delivered,Card,Standard,NONE,0,349.9,349.9,4,4.3
O001473,C00486,2025-06-23,delivered,Card,Pickup,SPORT15,15,385.06,327.3,3,5.0
O001474,C01160,2025-05-20,delivered,Card,Standard,SPORT15,15,261.15,221.98,4,4.6
O001475,C01106,2025-11-18,delivered,Apple Pay,Standard,NONE,0,1119.6,1119.6,3,4.2
O001476,C00244,2025-12-27,delivered,Card,Express,NONE,0,289.8,289.8,1,4.3
O001477,C00473,2025-07-18,delivered,Card,Standard,NONE,0,457.04,457.04,1,4.2
O001478,C00911,2025-07-01,delivered,PayPal,Express,NONE,0,584.8,584.8,3,5.0
O001479,C00616,2025-01-18,cancelled,PayPal,Standard,NONE,0,374.8,374.8,,
O001480,C01123,2025-07-12,delivered,Card,Standard,NONE,0,74.8,74.8,6,3.8
O001481,C00612,2025-11-18,delivered,Card,Express,NONE,0,618.35,618.35,2,4.0
O001482,C00964,2025-05-17,delivered,Card,Standard,NONE,0,39.9,39.9,3,2.8
O001483,C01190,2025-06-19,delivered,PayPal,Standard,WEEKEND10,10,166.16,149.54,3,4.6
O001484,C00943,2025-10-08,delivered,Apple Pay,Standard,NONE,0,309.9,309.9,4,4.0
O001485,C01494,2025-01-26,delivered,Cash,Pickup,NONE,0,314.9,314.9,6,4.5
O001486,C00533,2025-11-08,delivered,Card,Express,NONE,0,283.41,283.41,1,4.2
O001487,C01941,2025-08-24,delivered,PayPal,Standard,NONE,0,814.6,814.6,5,5.0
O001488,C01027,2025-10-01,delivered,PayPal,Standard,NONE,0,619.8,619.8,4,4.8
O001489,C00428,2025-10-20,delivered,Card,Pickup,WEEKEND10,10,734.12,660.71,2,3.8
O001490,C01874,2025-04-14,delivered,PayPal,Express,WEEKEND10,10,149.8,134.82,3,4.7
O001491,C01091,2025-06-20,delivered,PayPal,Standard,WEEKEND10,10,89.9,80.91,4,4.5
O001492,C01676,2025-02-03,delivered,Card,Standard,SPORT15,15,335.31,285.01,3,4.5
O001493,C01077,2025-12-26,delivered,Card,Express,NONE,0,284.6,284.6,4,4.5
O001494,C00283,2025-11-23,delivered,PayPal,Standard,NONE,0,504.8,504.8,2,4.7
O001495,C01243,2025-04-11,delivered,PayPal,Express,WELCOME10,10,557.31,501.58,2,5.0
O001496,C01349,2025-08-21,delivered,Card,Standard,NONE,0,417.82,417.82,5,5.0
O001497,C00404,2025-12-17,delivered,PayPal,Standard,NONE,0,733.23,733.23,4,5.0
O001498,C01651,2025-06-20,delivered,Card,Standard,SPORT15,15,336.06,285.65,4,4.8
O001499,C00778,2025-12-08,delivered,Card,Standard,LOYAL20,20,139.8,111.84,3,4.2
O001500,C00681,2025-12-28,delivered,Cash,Standard,NONE,0,569.72,569.72,5,4.4
O001501,C01505,2025-03-17,delivered,Card,Standard,NONE,0,369.9,369.9,4,4.2
O001502,C01747,2025-03-30,delivered,Card,Pickup,NONE,0,34.9,34.9,1,4.9
O001503,C00317,2025-11-04,delivered,Apple Pay,Standard,NONE,0,292.81,292.81,4,5.0
O001504,C00691,2025-12-24,delivered,Card,Standard,WELCOME10,10,199.8,179.82,3,5.0
O001505,C01650,2025-11-11,delivered,Cash,Express,NONE,0,413.82,413.82,3,5.0
O001506,C01291,2025-11-03,delivered,Card,Standard,NONE,0,522.31,522.31,5,4.1
O001507,C01380,2025-02-11,delivered,Card,Standard,WELCOME10,10,691.87,622.68,7,4.2
O001508,C00348,2025-04-16,returned,Card,Standard,WEEKEND10,10,454.7,409.23,6,3.0
O001509,C01922,2025-11-16,delivered,Card,Standard,SPORT15,15,393.8,334.73,3,5.0
O001510,C00284,2025-02-07,delivered,Card,Pickup,SPORT15,15,439.7,373.75,1,4.5
O001511,C00286,2025-05-08,delivered,Apple Pay,Standard,LOYAL20,20,749.7,599.76,5,4.5
O001512,C00556,2025-02-22,delivered,Cash,Standard,NONE,0,933.2,933.2,7,3.5
O001513,C00573,2025-04-13,returned,Cash,Express,NONE,0,439.8,439.8,7,2.7
O001514,C01220,2025-08-24,delivered,Card,Express,SPORT15,15,807.52,686.39,2,3.9
O001515,C00882,2025-12-07,delivered,Card,Standard,NONE,0,232.7,232.7,3,4.3
O001516,C00797,2025-12-02,delivered,Apple Pay,Standard,NONE,0,529.8,529.8,5,4.5
O001517,C01500,2025-04-02,delivered,Card,Standard,SPORT15,15,390.95,332.31,5,4.5
O001518,C00295,2025-01-17,delivered,PayPal,Express,NONE,0,353.81,353.81,4,4.7
O001519,C00400,2025-10-04,delivered,Card,Express,WEEKEND10,10,874.5,787.05,1,5.0
O001520,C01582,2025-06-20,cancelled,Apple Pay,Pickup,WELCOME10,10,866.13,779.52,,
O001521,C01704,2025-02-09,delivered,PayPal,Standard,NONE,0,560.3,560.3,3,4.6
O001522,C01261,2025-11-06,delivered,Card,Pickup,WEEKEND10,10,37.9,34.11,1,4.1
O001523,C00557,2025-06-14,delivered,Cash,Standard,NONE,0,296.31,296.31,5,5.0
O001524,C01913,2025-11-06,delivered,Cash,Express,NONE,0,886.17,886.17,1,4.3
O001525,C01007,2025-10-25,delivered,Card,Standard,WEEKEND10,10,576.1,518.49,4,4.9
O001526,C00653,2025-04-19,delivered,Card,Standard,LOYAL20,20,409.8,327.84,3,5.0
O001527,C01029,2025-07-11,returned,Apple Pay,Standard,WEEKEND10,10,304.8,274.32,7,3.0
O001528,C01300,2025-06-21,delivered,Card,Standard,SPORT15,15,541.71,460.45,4,5.0
O001529,C01925,2025-06-05,delivered,Apple Pay,Standard,NONE,0,944.73,944.73,5,4.7
O001530,C00955,2025-09-18,delivered,Cash,Standard,LOYAL20,20,54.9,43.92,5,4.5
O001531,C00206,2025-12-12,delivered,Apple Pay,Standard,SPORT15,15,188.73,160.42,6,4.4
O001532,C01416,2025-07-23,delivered,Card,Express,NONE,0,1038.52,1038.52,1,5.0
O001533,C00907,2025-04-19,delivered,Apple Pay,Express,NONE,0,924.7,924.7,1,4.4
O001534,C00767,2025-04-11,delivered,Card,Standard,NONE,0,347.71,347.71,3,4.4
O001535,C00006,2025-12-04,delivered,PayPal,Standard,NONE,0,346.31,346.31,4,4.3
O001536,C01941,2025-09-21,delivered,Card,Standard,NONE,0,189.9,189.9,3,5.0
O001537,C01991,2025-08-08,delivered,Card,Express,WELCOME10,10,924.6,832.14,1,4.3
O001538,C01483,2025-04-10,delivered,Card,Pickup,NONE,0,283.41,283.41,2,3.7
O001539,C00073,2025-05-22,delivered,Card,Standard,NONE,0,634.6,634.6,6,3.2
O001540,C00929,2025-07-22,delivered,PayPal,Express,NONE,0,369.9,369.9,3,3.7
O001541,C00958,2025-04-27,delivered,Cash,Standard,NONE,0,62.91,62.91,5,4.3
O001542,C01648,2025-10-17,delivered,Card,Standard,NONE,0,419.8,419.8,6,3.8
O001543,C01314,2025-07-29,delivered,Cash,Express,NONE,0,391.21,391.21,1,5.0
O001544,C01820,2025-05-18,delivered,Cash,Standard,NONE,0,984.11,984.11,4,4.0
O001545,C00832,2025-05-31,delivered,Card,Standard,NONE,0,475.62,475.62,4,4.2
O001546,C01699,2025-09-15,delivered,PayPal,Express,WELCOME10,10,144.9,130.41,1,4.8
O001547,C00082,2025-02-08,delivered,PayPal,Standard,NONE,0,689.5,689.5,5,3.8
O001548,C01473,2025-09-10,delivered,Card,Standard,NONE,0,814.5,814.5,1,4.2
O001549,C00383,2025-12-07,delivered,Card,Standard,WELCOME10,10,451.31,406.18,7,3.1
O001550,C00846,2025-10-08,delivered,PayPal,Express,WEEKEND10,10,439.7,395.73,2,4.9
O001551,C01564,2025-02-25,delivered,PayPal,Standard,WEEKEND10,10,174.31,156.88,3,4.4
O001552,C00825,2025-01-15,delivered,Card,Standard,WELCOME10,10,241.98,217.78,6,4.1
O001553,C00267,2025-08-12,returned,Cash,Pickup,SPORT15,15,510.22,433.69,6,3.2
O001554,C01259,2025-10-30,delivered,Card,Standard,NONE,0,39.9,39.9,4,3.7
O001555,C00876,2025-07-21,delivered,Apple Pay,Standard,LOYAL20,20,390.71,312.57,6,4.1
O001556,C00015,2025-12-12,delivered,Apple Pay,Standard,WEEKEND10,10,269.31,242.38,4,5.0
O001557,C01800,2025-12-24,delivered,Card,Standard,LOYAL20,20,424.8,339.84,4,4.3
O001558,C01750,2025-02-15,delivered,Cash,Express,NONE,0,255.06,255.06,2,5.0
O001559,C01797,2025-03-18,delivered,Card,Standard,SPORT15,15,179.8,152.83,4,3.9
O001560,C01984,2025-02-12,delivered,Card,Standard,NONE,0,239.9,239.9,3,4.6
O001561,C00241,2025-03-16,delivered,Card,Express,WEEKEND10,10,346.65,311.99,3,3.8
O001562,C01085,2025-12-19,delivered,Apple Pay,Standard,WEEKEND10,10,137.21,123.49,3,4.9
O001563,C00576,2025-11-23,delivered,PayPal,Standard,NONE,0,314.9,314.9,5,5.0
O001564,C01062,2025-04-12,cancelled,PayPal,Standard,SPORT15,15,286.21,243.28,,
O001565,C00753,2025-09-13,delivered,Card,Express,NONE,0,680.01,680.01,2,3.8
O001566,C00957,2025-02-02,delivered,Apple Pay,Standard,NONE,0,204.31,204.31,4,4.5
O001567,C01130,2025-06-14,delivered,Apple Pay,Standard,NONE,0,84.9,84.9,5,3.6
O001568,C00920,2025-11-19,returned,Card,Standard,NONE,0,167.81,167.81,6,3.3
O001569,C01055,2025-12-19,delivered,Cash,Standard,WELCOME10,10,364.9,328.41,3,4.0
O001570,C00443,2025-11-26,delivered,PayPal,Standard,WEEKEND10,10,627.81,565.03,6,4.0
O001571,C00254,2025-12-04,delivered,PayPal,Express,NONE,0,380.46,380.46,3,5.0
O001572,C00107,2025-07-24,delivered,Card,Standard,NONE,0,504.6,504.6,6,5.0
O001573,C00908,2025-05-08,delivered,Card,Standard,WEEKEND10,10,369.9,332.91,5,4.2
O001574,C00584,2025-09-17,cancelled,Cash,Standard,NONE,0,74.9,74.9,,
O001575,C01591,2025-04-06,delivered,Card,Standard,WELCOME10,10,314.62,283.16,4,3.8
O001576,C01232,2025-09-30,delivered,Card,Standard,NONE,0,208.91,208.91,5,3.5
O001577,C00338,2025-08-16,delivered,Apple Pay,Standard,LOYAL20,20,234.8,187.84,3,3.7
O001578,C00423,2025-11-25,delivered,Card,Standard,NONE,0,775.6,775.6,4,4.6
O001579,C00433,2025-12-07,delivered,PayPal,Express,NONE,0,569.62,569.62,2,4.5
O001580,C01062,2025-03-20,delivered,PayPal,Standard,NONE,0,314.9,314.9,6,4.3
O001581,C01628,2025-01-21,delivered,Card,Standard,WELCOME10,10,787.95,709.16,5,5.0
O001582,C01745,2025-02-10,delivered,Card,Standard,NONE,0,219.9,219.9,5,4.1
O001583,C01556,2025-12-29,cancelled,Card,Express,NONE,0,516.71,516.71,,
O001584,C01555,2025-10-12,delivered,Card,Standard,WELCOME10,10,189.8,170.82,3,4.4
O001585,C01804,2025-08-06,delivered,Cash,Standard,SPORT15,15,169.9,144.41,5,4.0
O001586,C00865,2025-04-06,delivered,PayPal,Standard,NONE,0,629.6,629.6,5,4.5
O001587,C01541,2025-07-25,delivered,Card,Pickup,WEEKEND10,10,357.55,321.8,1,4.6
O001588,C00127,2025-07-05,delivered,Card,Standard,SPORT15,15,204.9,174.16,5,3.8
O001589,C00465,2025-06-06,delivered,Card,Standard,WELCOME10,10,89.8,80.82,6,4.9
O001590,C00973,2025-01-10,delivered,Card,Express,LOYAL20,20,589.6,471.68,2,4.1
O001591,C01406,2025-09-25,delivered,PayPal,Standard,WEEKEND10,10,309.9,278.91,4,5.0
O001592,C00022,2025-12-24,delivered,Card,Pickup,SPORT15,15,359.76,305.8,1,4.8
O001593,C00280,2025-12-18,delivered,PayPal,Standard,NONE,0,749.7,749.7,5,4.3
O001594,C00091,2025-07-20,delivered,Apple Pay,Express,NONE,0,348.06,348.06,4,5.0
O001595,C01485,2025-09-28,delivered,Cash,Standard,NONE,0,958.0,958.0,3,4.7
O001596,C00668,2025-06-10,delivered,Apple Pay,Standard,NONE,0,579.8,579.8,3,4.5
O001597,C01976,2025-09-05,delivered,Card,Pickup,WELCOME10,10,960.42,864.38,3,3.4
O001598,C00919,2025-09-27,delivered,Apple Pay,Standard,SPORT15,15,121.41,103.2,5,4.2
O001599,C01352,2025-06-06,delivered,Card,Standard,NONE,0,169.9,169.9,5,3.6
O001600,C00392,2025-11-29,delivered,PayPal,Standard,NONE,0,326.21,326.21,4,4.3
O001601,C00130,2025-01-23,delivered,Card,Standard,SPORT15,15,1149.6,977.16,3,4.1
O001602,C00165,2025-12-03,delivered,Apple Pay,Standard,SPORT15,15,305.82,259.95,6,4.5
O001603,C00381,2025-07-17,delivered,Card,Standard,NONE,0,166.16,166.16,2,4.6
O001604,C00088,2025-03-05,delivered,Card,Standard,SPORT15,15,80.66,68.56,3,4.5
O001605,C00208,2025-07-22,delivered,Card,Standard,NONE,0,164.7,164.7,6,4.5
O001606,C00536,2025-05-09,delivered,PayPal,Express,WEEKEND10,10,789.7,710.73,2,3.6
O001607,C01956,2025-01-15,delivered,Apple Pay,Express,NONE,0,1068.45,1068.45,2,4.7
O001608,C00146,2025-01-20,delivered,Card,Standard,NONE,0,328.41,328.41,5,4.9
O001609,C01467,2025-07-14,delivered,Apple Pay,Standard,SPORT15,15,379.7,322.75,3,5.0
O001610,C01982,2025-02-11,returned,Apple Pay,Express,WEEKEND10,10,315.31,283.78,2,3.1
O001611,C00417,2025-08-23,delivered,Cash,Standard,WEEKEND10,10,52.15,46.94,4,5.0
O001612,C01605,2025-03-30,delivered,Apple Pay,Pickup,NONE,0,679.71,679.71,1,5.0
O001613,C01177,2025-10-29,delivered,Card,Express,SPORT15,15,209.7,178.24,1,4.4
O001614,C01660,2025-03-29,delivered,Card,Express,NONE,0,447.72,447.72,4,3.5
O001615,C00309,2025-03-02,delivered,Card,Pickup,NONE,0,169.9,169.9,4,5.0
O001616,C00683,2025-08-21,delivered,Apple Pay,Standard,NONE,0,89.91,89.91,2,5.0
O001617,C00109,2025-08-07,cancelled,Card,Standard,NONE,0,52.15,52.15,,
O001618,C01499,2025-07-22,delivered,Card,Standard,NONE,0,433.11,433.11,3,5.0
O001619,C01237,2025-08-08,delivered,PayPal,Standard,NONE,0,66.41,66.41,5,3.9
O001620,C01053,2025-10-07,delivered,Card,Express,WEEKEND10,10,139.8,125.82,1,4.7
O001621,C00172,2025-08-15,delivered,Card,Pickup,NONE,0,577.71,577.71,3,4.6
O001622,C00497,2025-03-14,delivered,Card,Standard,NONE,0,291.06,291.06,5,4.4
O001623,C01664,2025-11-17,delivered,Card,Express,SPORT15,15,1144.5,972.82,1,4.0
O001624,C01520,2025-02-03,delivered,Card,Standard,NONE,0,364.8,364.8,3,3.6
O001625,C00521,2025-01-15,delivered,Apple Pay,Standard,NONE,0,69.9,69.9,4,3.9
O001626,C01517,2025-03-12,delivered,Card,Standard,NONE,0,566.82,566.82,4,4.5
O001627,C00756,2025-12-29,delivered,PayPal,Standard,SPORT15,15,132.81,112.89,2,4.2
O001628,C00331,2025-02-21,delivered,Cash,Standard,LOYAL20,20,154.9,123.92,3,3.9
O001629,C00478,2025-10-16,delivered,Card,Standard,NONE,0,804.5,804.5,6,4.4
O001630,C01014,2025-03-25,delivered,Card,Express,WELCOME10,10,384.9,346.41,2,5.0
O001631,C01029,2025-11-28,delivered,Card,Express,NONE,0,309.9,309.9,2,4.1
O001632,C00109,2025-12-22,delivered,Apple Pay,Standard,NONE,0,629.8,629.8,5,4.5
O001633,C00216,2025-05-29,delivered,Card,Standard,NONE,0,219.9,219.9,5,4.2
O001634,C00392,2025-05-09,delivered,Card,Standard,NONE,0,239.9,239.9,4,4.0
O001635,C01567,2025-06-20,delivered,Apple Pay,Standard,NONE,0,762.87,762.87,2,5.0
O001636,C00190,2025-04-18,delivered,Card,Standard,WELCOME10,10,578.17,520.35,5,3.9
O001637,C00606,2025-09-29,cancelled,Card,Standard,NONE,0,89.91,89.91,,
O001638,C00533,2025-11-10,delivered,Apple Pay,Standard,WEEKEND10,10,629.7,566.73,3,4.6
O001639,C00341,2025-03-29,delivered,Apple Pay,Standard,NONE,0,89.91,89.91,5,3.7
O001640,C01441,2025-06-18,delivered,Apple Pay,Standard,SPORT15,15,166.16,141.24,3,4.6
O001641,C01932,2025-11-13,delivered,PayPal,Standard,WELCOME10,10,139.8,125.82,5,4.8
O001642,C00912,2025-02-15,delivered,Card,Pickup,WEEKEND10,10,1460.9,1314.81,2,3.7
O001643,C00316,2025-08-10,delivered,Card,Standard,LOYAL20,20,274.9,219.92,6,4.5
O001644,C00284,2025-10-15,delivered,Card,Standard,NONE,0,69.9,69.9,4,4.9
O001645,C00452,2025-06-03,delivered,Card,Pickup,WELCOME10,10,69.9,62.91,1,5.0
O001646,C01281,2025-06-25,delivered,PayPal,Express,NONE,0,99.8,99.8,3,5.0
O001647,C00694,2025-06-09,delivered,Card,Standard,NONE,0,314.91,314.91,3,4.6
O001648,C01309,2025-02-11,delivered,Card,Standard,NONE,0,267.81,267.81,5,4.8
O001649,C01713,2025-09-18,delivered,Apple Pay,Pickup,WELCOME10,10,172.81,155.53,2,4.9
O001650,C00677,2025-09-28,delivered,Card,Standard,WELCOME10,10,699.7,629.73,5,4.7
O001651,C01739,2025-03-05,delivered,Card,Standard,NONE,0,494.82,494.82,4,5.0
O001652,C00014,2025-03-03,delivered,Card,Express,NONE,0,512.71,512.71,1,4.6
O001653,C00691,2025-08-13,delivered,Card,Standard,LOYAL20,20,1218.02,974.42,5,5.0
O001654,C01380,2025-05-03,delivered,Cash,Express,NONE,0,1007.72,1007.72,1,4.6
O001655,C01139,2025-09-11,delivered,PayPal,Pickup,NONE,0,414.8,414.8,2,5.0
O001656,C01624,2025-02-14,returned,Card,Standard,LOYAL20,20,204.9,163.92,5,3.1
O001657,C00885,2025-12-26,delivered,Apple Pay,Standard,NONE,0,395.82,395.82,2,4.1
O001658,C00039,2025-11-04,delivered,Card,Standard,NONE,0,125.91,125.91,5,4.3
O001659,C00343,2025-04-28,delivered,Card,Standard,WELCOME10,10,52.15,46.94,5,4.6
O001660,C00756,2025-04-13,delivered,Apple Pay,Standard,NONE,0,974.5,974.5,4,3.5
O001661,C01329,2025-02-27,cancelled,Cash,Standard,NONE,0,144.6,144.6,,
O001662,C01171,2025-01-09,delivered,Card,Pickup,NONE,0,574.56,574.56,1,4.1
O001663,C01552,2025-10-08,delivered,Apple Pay,Standard,NONE,0,484.7,484.7,5,5.0
O001664,C00826,2025-09-13,returned,Apple Pay,Express,NONE,0,280.81,280.81,7,2.2
O001665,C00816,2025-05-05,delivered,Apple Pay,Express,SPORT15,15,961.28,817.09,2,4.5
O001666,C01417,2025-08-20,delivered,Card,Standard,WEEKEND10,10,629.82,566.84,3,3.8
O001667,C01517,2025-01-09,delivered,Card,Express,NONE,0,44.91,44.91,3,4.5
O001668,C01081,2025-05-28,delivered,PayPal,Pickup,NONE,0,324.9,324.9,4,4.3
O001669,C00314,2025-09-11,delivered,Card,Standard,NONE,0,79.9,79.9,6,4.1
O001670,C00853,2025-02-02,delivered,Card,Standard,WELCOME10,10,152.7,137.43,3,5.0
O001671,C00187,2025-05-18,cancelled,Apple Pay,Standard,NONE,0,380.13,380.13,,
O001672,C00085,2025-05-08,delivered,Card,Standard,WELCOME10,10,99.9,89.91,3,4.1
O001673,C00768,2025-04-09,delivered,Card,Standard,NONE,0,151.91,151.91,5,4.5
O001674,C01719,2025-11-30,delivered,PayPal,Standard,WELCOME10,10,443.72,399.35,6,3.9
O001675,C00233,2025-08-04,delivered,Card,Express,NONE,0,49.9,49.9,4,5.0
O001676,C00738,2025-06-25,delivered,PayPal,Standard,SPORT15,15,259.8,220.83,6,4.5
O001677,C01881,2025-10-19,delivered,Apple Pay,Express,WELCOME10,10,769.23,692.31,1,4.8
O001678,C00939,2025-09-20,delivered,Card,Standard,NONE,0,459.06,459.06,7,4.9
O001679,C01797,2025-08-30,delivered,PayPal,Standard,NONE,0,477.81,477.81,3,4.3
O001680,C00907,2025-01-28,delivered,Cash,Standard,SPORT15,15,180.56,153.48,6,4.6
O001681,C00989,2025-01-25,delivered,Card,Standard,SPORT15,15,510.71,434.1,3,5.0
O001682,C00603,2025-06-06,cancelled,Card,Standard,WELCOME10,10,69.9,62.91,,
O001683,C01478,2025-11-26,delivered,Card,Standard,NONE,0,247.41,247.41,2,5.0
O001684,C00247,2025-07-15,delivered,Card,Standard,WEEKEND10,10,1453.85,1308.46,5,4.0
O001685,C00626,2025-07-22,delivered,Apple Pay,Standard,WELCOME10,10,564.7,508.23,4,4.8
O001686,C01341,2025-07-01,delivered,Card,Standard,NONE,0,671.11,671.11,5,4.4
O001687,C01444,2025-11-09,delivered,Card,Standard,WELCOME10,10,867.87,781.08,3,3.9
O001688,C00275,2025-02-28,delivered,Card,Standard,WELCOME10,10,793.95,714.56,3,4.2
O001689,C00484,2025-11-22,delivered,Card,Express,WELCOME10,10,69.9,62.91,2,4.4
O001690,C01601,2025-08-05,delivered,Card,Standard,NONE,0,66.41,66.41,6,3.5
O001691,C01121,2025-08-19,delivered,Card,Standard,NONE,0,364.72,364.72,3,4.2
O001692,C01481,2025-02-01,delivered,Card,Standard,WELCOME10,10,345.31,310.78,3,4.9
O001693,C00902,2025-05-31,delivered,Cash,Standard,SPORT15,15,578.11,491.39,4,2.7
O001694,C01239,2025-08-23,delivered,Card,Standard,SPORT15,15,414.31,352.16,4,4.6
O001695,C00621,2025-08-15,delivered,Card,Standard,NONE,0,154.9,154.9,5,3.3
O001696,C00449,2025-11-24,delivered,Card,Standard,WEEKEND10,10,169.9,152.91,6,3.7
O001697,C00112,2025-01-22,delivered,Cash,Express,NONE,0,204.8,204.8,1,4.4
O001698,C00084,2025-09-06,delivered,Card,Standard,NONE,0,80.66,80.66,5,4.6
O001699,C00750,2025-06-15,delivered,Card,Express,NONE,0,99.9,99.9,1,4.2
O001700,C00645,2025-10-31,delivered,Card,Standard,NONE,0,17.91,17.91,5,4.6
O001701,C00142,2025-05-27,delivered,PayPal,Express,NONE,0,189.8,189.8,2,4.0
O001702,C00506,2025-06-18,delivered,Card,Standard,NONE,0,250.31,250.31,6,5.0
O001703,C01885,2025-03-13,delivered,PayPal,Standard,LOYAL20,20,266.21,212.97,3,4.3
O001704,C00276,2025-10-31,delivered,PayPal,Standard,LOYAL20,20,325.05,260.04,6,4.2
O001705,C01423,2025-12-27,delivered,Card,Standard,WEEKEND10,10,137.66,123.89,4,5.0
O001706,C01523,2025-12-23,delivered,PayPal,Standard,NONE,0,706.21,706.21,3,4.8
O001707,C01671,2025-04-11,delivered,PayPal,Pickup,WELCOME10,10,384.9,346.41,1,5.0
O001708,C01904,2025-07-21,delivered,Apple Pay,Standard,NONE,0,644.7,644.7,5,4.1
O001709,C01002,2025-09-01,delivered,PayPal,Express,LOYAL20,20,185.16,148.13,2,3.5
O001710,C00506,2025-04-17,cancelled,Apple Pay,Express,NONE,0,577.45,577.45,,
O001711,C01800,2025-09-09,delivered,PayPal,Standard,NONE,0,1006.2,1006.2,3,4.1
O001712,C00684,2025-09-23,delivered,PayPal,Standard,NONE,0,884.96,884.96,4,4.9
O001713,C00954,2025-11-20,delivered,Card,Standard,SPORT15,15,704.63,598.94,5,4.5
O001714,C01545,2025-05-21,delivered,Card,Standard,WEEKEND10,10,134.82,121.34,3,5.0
O001715,C00087,2025-04-20,delivered,Card,Standard,NONE,0,1119.6,1119.6,4,4.0
O001716,C00296,2025-04-12,delivered,Card,Standard,WELCOME10,10,125.82,113.24,1,4.4
O001717,C00213,2025-11-21,delivered,Apple Pay,Standard,LOYAL20,20,770.21,616.17,4,3.3
O001718,C00501,2025-09-29,delivered,Cash,Standard,NONE,0,435.72,435.72,2,5.0
O001719,C00813,2025-12-11,delivered,Card,Express,NONE,0,684.7,684.7,6,4.5
O001720,C01130,2025-03-14,delivered,PayPal,Standard,NONE,0,422.72,422.72,5,5.0
O001721,C00607,2025-02-26,delivered,Card,Pickup,LOYAL20,20,693.52,554.82,1,5.0
O001722,C01250,2025-06-29,delivered,Card,Standard,WELCOME10,10,346.41,311.77,5,3.6
O001723,C00817,2025-07-08,delivered,Card,Standard,LOYAL20,20,309.9,247.92,4,5.0
O001724,C01999,2025-12-20,delivered,Card,Standard,WEEKEND10,10,132.82,119.54,6,3.9
O001725,C01193,2025-06-09,delivered,Card,Pickup,WEEKEND10,10,69.9,62.91,1,4.4
O001726,C00624,2025-11-17,delivered,Apple Pay,Standard,WEEKEND10,10,157.41,141.67,3,4.6
O001727,C01031,2025-11-13,delivered,Card,Standard,NONE,0,242.81,242.81,4,5.0
O001728,C00799,2025-05-16,delivered,Card,Standard,NONE,0,283.41,283.41,6,4.2
O001729,C00448,2025-02-26,delivered,Card,Express,NONE,0,829.7,829.7,2,4.9
O001730,C00441,2025-09-10,delivered,Card,Standard,NONE,0,790.21,790.21,4,4.2
O001731,C01169,2025-06-16,delivered,Card,Pickup,NONE,0,610.62,610.62,3,4.6
O001732,C01735,2025-09-28,delivered,Apple Pay,Standard,NONE,0,491.3,491.3,8,3.0
O001733,C00807,2025-03-25,delivered,PayPal,Express,NONE,0,69.9,69.9,4,4.6
O001734,C00345,2025-03-11,delivered,Card,Standard,SPORT15,15,502.81,427.39,6,4.5
O001735,C01888,2025-08-06,delivered,Card,Standard,NONE,0,821.91,821.91,3,4.6
O001736,C00962,2025-01-15,delivered,Cash,Standard,NONE,0,462.72,462.72,4,4.9
O001737,C00314,2025-12-27,cancelled,Card,Express,SPORT15,15,309.9,263.41,,
O001738,C01513,2025-06-29,delivered,Card,Standard,NONE,0,341.82,341.82,2,4.7
O001739,C01956,2025-10-07,delivered,Card,Standard,SPORT15,15,274.9,233.66,6,4.6
O001740,C00472,2025-05-13,delivered,PayPal,Standard,NONE,0,156.32,156.32,4,5.0
O001741,C01976,2025-04-14,delivered,PayPal,Standard,WELCOME10,10,139.9,125.91,4,4.8
O001742,C00441,2025-06-29,delivered,Card,Standard,WEEKEND10,10,643.2,578.88,3,4.0
O001743,C00769,2025-01-10,delivered,Card,Express,WEEKEND10,10,584.8,526.32,2,4.3
O001744,C00960,2025-06-20,delivered,Card,Pickup,NONE,0,179.9,179.9,1,5.0
O001745,C00814,2025-07-01,delivered,Card,Pickup,NONE,0,1779.4,1779.4,7,3.8
O001746,C01578,2025-03-10,delivered,Card,Standard,LOYAL20,20,569.8,455.84,5,4.5
O001747,C01690,2025-03-25,delivered,Card,Standard,NONE,0,76.41,76.41,2,5.0
O001748,C01016,2025-01-01,delivered,Card,Pickup,NONE,0,170.91,170.91,3,5.0
O001749,C00909,2025-03-24,delivered,Card,Pickup,NONE,0,283.41,283.41,3,4.5
O001750,C00069,2025-05-09,delivered,Card,Pickup,NONE,0,680.55,680.55,1,4.0
O001751,C00882,2025-08-04,delivered,Card,Standard,NONE,0,124.81,124.81,3,4.6
O001752,C01054,2025-04-21,delivered,PayPal,Express,SPORT15,15,742.21,630.88,1,5.0
O001753,C00765,2025-11-17,delivered,Card,Standard,NONE,0,295.61,295.61,2,4.9
O001754,C01271,2025-02-25,delivered,Cash,Standard,WELCOME10,10,299.15,269.24,3,3.8
O001755,C00006,2025-11-16,delivered,Card,Standard,NONE,0,39.9,39.9,6,4.3
O001756,C01135,2025-06-12,delivered,PayPal,Express,NONE,0,269.9,269.9,2,5.0
O001757,C00278,2025-11-21,delivered,PayPal,Standard,NONE,0,125.91,125.91,6,4.1
O001758,C01934,2025-01-13,returned,Card,Standard,NONE,0,280.15,280.15,6,4.9
O001759,C00541,2025-09-15,delivered,Card,Express,SPORT15,15,99.9,84.92,1,4.4
O001760,C01666,2025-08-02,delivered,PayPal,Standard,WEEKEND10,10,455.82,410.24,4,4.1
O001761,C00886,2025-12-12,delivered,Card,Standard,NONE,0,424.82,424.82,4,4.5
O001762,C01058,2025-12-08,delivered,Apple Pay,Standard,WEEKEND10,10,636.21,572.59,2,4.5
O001763,C01671,2025-02-27,delivered,Card,Standard,NONE,0,76.41,76.41,4,3.8
O001764,C01149,2025-06-02,delivered,Cash,Standard,NONE,0,76.41,76.41,7,3.4
O001765,C01946,2025-11-17,delivered,Apple Pay,Standard,NONE,0,144.9,144.9,6,4.1
O001766,C01727,2025-10-31,delivered,Card,Express,WEEKEND10,10,374.9,337.41,4,4.4
O001767,C00832,2025-02-03,delivered,Card,Standard,LOYAL20,20,446.1,356.88,3,3.7
O001768,C01446,2025-12-29,delivered,PayPal,Standard,SPORT15,15,149.5,127.08,6,4.0
O001769,C00080,2025-05-20,delivered,PayPal,Pickup,NONE,0,788.11,788.11,2,4.5
O001770,C01484,2025-12-04,delivered,Cash,Standard,NONE,0,534.12,534.12,4,4.9
O001771,C01631,2025-03-21,delivered,Card,Standard,NONE,0,219.8,219.8,6,3.8
O001772,C00172,2025-06-08,delivered,Card,Standard,NONE,0,459.7,459.7,1,4.7
O001773,C00759,2025-11-27,delivered,Apple Pay,Standard,NONE,0,247.41,247.41,4,5.0
O001774,C00864,2025-04-29,delivered,Card,Standard,WEEKEND10,10,277.96,250.16,6,4.4
O001775,C01984,2025-09-25,delivered,PayPal,Standard,WEEKEND10,10,527.97,475.17,4,3.6
O001776,C00952,2025-07-04,delivered,Card,Standard,SPORT15,15,337.23,286.65,5,4.5
O001777,C00191,2025-04-08,delivered,Apple Pay,Standard,NONE,0,174.9,174.9,6,4.7
O001778,C00941,2025-12-02,delivered,Card,Pickup,NONE,0,421.3,421.3,3,3.5
O001779,C01836,2025-04-03,delivered,Card,Standard,NONE,0,514.7,514.7,5,3.6
O001780,C01358,2025-12-23,delivered,Cash,Standard,NONE,0,346.41,346.41,4,4.9
O001781,C01614,2025-02-11,delivered,Card,Standard,NONE,0,247.41,247.41,2,4.2
O001782,C00577,2025-09-29,delivered,Card,Standard,SPORT15,15,655.21,556.93,4,4.4
O001783,C00372,2025-05-03,delivered,Card,Express,WEEKEND10,10,512.21,460.99,5,3.9
O001784,C01547,2025-08-11,delivered,PayPal,Standard,NONE,0,413.62,413.62,6,4.8
O001785,C01036,2025-09-20,delivered,Card,Express,WELCOME10,10,239.81,215.83,1,4.0
O001786,C00282,2025-09-16,delivered,Cash,Standard,WEEKEND10,10,592.88,533.59,5,4.4
O001787,C00927,2025-09-14,delivered,Card,Express,NONE,0,271.31,271.31,2,4.4
O001788,C01694,2025-12-24,delivered,Card,Express,NONE,0,292.41,292.41,2,4.8
O001789,C00006,2025-10-18,delivered,Card,Standard,LOYAL20,20,211.62,169.3,4,5.0
O001790,C00700,2025-11-22,delivered,Card,Standard,NONE,0,107.82,107.82,3,5.0
O001791,C01803,2025-07-31,delivered,Apple Pay,Standard,SPORT15,15,749.8,637.33,3,4.2
O001792,C00478,2025-04-11,delivered,PayPal,Standard,NONE,0,31.41,31.41,2,4.0
O001793,C00521,2025-08-07,delivered,Card,Standard,NONE,0,528.96,528.96,2,4.1
O001794,C01963,2025-04-03,delivered,Apple Pay,Standard,WELCOME10,10,339.31,305.38,4,4.0
O001795,C00899,2025-09-16,delivered,PayPal,Express,WELCOME10,10,786.01,707.41,1,4.0
O001796,C01600,2025-04-25,delivered,PayPal,Standard,WEEKEND10,10,615.22,553.7,5,3.6
O001797,C00323,2025-08-17,delivered,Card,Standard,NONE,0,294.7,294.7,6,3.9
O001798,C01912,2025-12-05,delivered,PayPal,Standard,SPORT15,15,857.7,729.05,5,4.5
O001799,C00446,2025-07-12,delivered,Card,Standard,NONE,0,144.9,144.9,5,4.3
O001800,C00146,2025-06-02,delivered,Card,Standard,NONE,0,319.8,319.8,3,5.0
O001801,C01071,2025-08-20,delivered,Card,Standard,WEEKEND10,10,154.9,139.41,5,4.3
O001802,C00031,2025-07-19,delivered,Card,Standard,NONE,0,324.9,324.9,4,3.2
O001803,C00205,2025-07-19,delivered,Apple Pay,Standard,WEEKEND10,10,514.21,462.79,7,4.8
O001804,C00169,2025-11-30,delivered,Cash,Standard,NONE,0,237.81,237.81,3,4.9
O001805,C00803,2025-04-10,delivered,Card,Pickup,NONE,0,652.71,652.71,3,5.0
O001806,C00928,2025-07-16,delivered,Cash,Standard,NONE,0,1802.41,1802.41,3,3.9
O001807,C00400,2025-06-01,delivered,PayPal,Standard,NONE,0,94.81,94.81,3,4.3
O001808,C01465,2025-10-20,delivered,Card,Standard,NONE,0,69.9,69.9,4,4.4
O001809,C00201,2025-11-15,delivered,Card,Standard,NONE,0,114.7,114.7,4,4.7
O001810,C01289,2025-11-29,delivered,Card,Standard,NONE,0,103.05,103.05,4,3.6
O001811,C00157,2025-09-25,delivered,PayPal,Standard,NONE,0,33.15,33.15,4,4.0
O001812,C01515,2025-01-23,delivered,Card,Standard,NONE,0,485.82,485.82,3,3.9
O001813,C01098,2025-05-03,delivered,Card,Standard,NONE,0,76.41,76.41,3,4.5
O001814,C00737,2025-03-07,delivered,Card,Standard,NONE,0,574.6,574.6,4,3.8
O001815,C00429,2025-08-15,delivered,PayPal,Standard,NONE,0,283.41,283.41,2,4.8
O001816,C01296,2025-01-23,delivered,Card,Standard,WEEKEND10,10,80.91,72.82,3,4.2
O001817,C01073,2025-03-20,delivered,Card,Standard,SPORT15,15,675.22,573.94,5,4.0
O001818,C01152,2025-01-30,delivered,Card,Standard,NONE,0,79.9,79.9,3,4.5
O001819,C00838,2025-05-25,delivered,PayPal,Standard,NONE,0,17.91,17.91,5,5.0
O001820,C01053,2025-11-13,delivered,Cash,Express,NONE,0,763.61,763.61,3,4.9
O001821,C00507,2025-01-14,delivered,Card,Express,NONE,0,197.91,197.91,2,4.4
O001822,C00632,2025-04-15,delivered,PayPal,Standard,NONE,0,769.5,769.5,6,3.6
O001823,C00395,2025-09-13,delivered,Card,Standard,LOYAL20,20,255.14,204.11,6,4.4
O001824,C01420,2025-02-07,delivered,Card,Express,SPORT15,15,1328.61,1129.32,4,4.0
O001825,C00919,2025-11-14,delivered,Card,Pickup,NONE,0,294.22,294.22,5,5.0
O001826,C01245,2025-01-28,delivered,PayPal,Standard,NONE,0,332.81,332.81,6,4.2
O001827,C01805,2025-01-17,delivered,Card,Standard,WELCOME10,10,99.9,89.91,4,4.3
O001828,C00744,2025-03-08,delivered,PayPal,Standard,NONE,0,1670.9,1670.9,7,3.7
O001829,C01548,2025-10-25,delivered,Card,Pickup,WELCOME10,10,206.73,186.06,2,4.8
O001830,C00508,2025-11-10,delivered,Apple Pay,Express,NONE,0,143.91,143.91,1,4.1
O001831,C00191,2025-05-26,delivered,Cash,Standard,SPORT15,15,132.91,112.97,3,4.3
O001832,C00477,2025-11-19,delivered,Card,Standard,SPORT15,15,62.91,53.47,6,4.0
O001833,C00746,2025-07-10,delivered,Apple Pay,Standard,NONE,0,264.9,264.9,6,4.0
O001834,C00194,2025-08-17,delivered,Card,Standard,SPORT15,15,74.9,63.67,4,4.7
O001835,C01223,2025-10-16,delivered,Apple Pay,Standard,NONE,0,1426.03,1426.03,3,4.4
O001836,C01088,2025-04-21,cancelled,Card,Standard,NONE,0,439.8,439.8,,
O001837,C00466,2025-02-03,delivered,Card,Standard,SPORT15,15,74.9,63.67,5,4.3
O001838,C01317,2025-09-08,delivered,PayPal,Standard,NONE,0,1144.11,1144.11,7,4.3
O001839,C01769,2025-04-23,delivered,Apple Pay,Express,SPORT15,15,529.7,450.25,2,5.0
O001840,C00136,2025-09-30,delivered,Card,Standard,NONE,0,314.9,314.9,3,4.6
O001841,C00964,2025-06-04,delivered,Cash,Standard,SPORT15,15,137.66,117.01,5,4.5
O001842,C00148,2025-07-12,delivered,PayPal,Standard,NONE,0,37.9,37.9,6,3.8
O001843,C00849,2025-07-11,delivered,Apple Pay,Standard,WELCOME10,10,1032.02,928.82,2,5.0
O001844,C00372,2025-04-22,delivered,PayPal,Standard,NONE,0,579.6,579.6,6,4.6
O001845,C01109,2025-05-07,cancelled,Apple Pay,Standard,NONE,0,1175.65,1175.65,,
O001846,C01630,2025-12-07,delivered,Card,Standard,WELCOME10,10,294.9,265.41,3,4.0
O001847,C00358,2025-08-01,delivered,Card,Pickup,NONE,0,1152.1,1152.1,4,4.9
O001848,C01673,2025-03-31,delivered,Card,Standard,WEEKEND10,10,264.9,238.41,7,4.3
O001849,C01941,2025-12-03,cancelled,Card,Express,WEEKEND10,10,1309.3,1178.37,,
O001850,C01637,2025-12-19,delivered,Card,Express,NONE,0,269.8,269.8,1,4.8
O001851,C01793,2025-11-15,delivered,Card,Standard,NONE,0,189.8,189.8,6,4.6
O001852,C01752,2025-07-27,delivered,Card,Standard,NONE,0,588.64,588.64,6,4.3
O001853,C00162,2025-12-27,delivered,Cash,Standard,NONE,0,1610.83,1610.83,4,4.3
O001854,C00385,2025-11-04,returned,Apple Pay,Standard,NONE,0,283.8,283.8,4,2.9
O001855,C01745,2025-05-07,delivered,Card,Standard,NONE,0,685.46,685.46,4,5.0
O001856,C01805,2025-04-13,delivered,Cash,Standard,NONE,0,137.31,137.31,5,3.3
O001857,C00031,2025-11-26,delivered,Card,Express,WELCOME10,10,74.9,67.41,4,4.2
O001858,C00880,2025-02-23,delivered,Apple Pay,Standard,NONE,0,659.7,659.7,4,4.2
O001859,C01484,2025-10-03,returned,Card,Pickup,NONE,0,19.9,19.9,4,3.1
O001860,C00610,2025-10-29,delivered,PayPal,Standard,WELCOME10,10,404.6,364.14,3,5.0
O001861,C00460,2025-01-22,delivered,Card,Express,SPORT15,15,369.9,314.41,1,4.5
O001862,C00417,2025-09-09,delivered,Card,Standard,LOYAL20,20,166.16,132.93,6,3.3
O001863,C01459,2025-11-05,delivered,Card,Standard,SPORT15,15,439.8,373.83,3,5.0
O001864,C01062,2025-07-26,delivered,Card,Express,WELCOME10,10,280.31,252.28,4,4.7
O001865,C01027,2025-04-02,delivered,Apple Pay,Standard,SPORT15,15,44.91,38.17,5,4.8
O001866,C00165,2025-12-12,delivered,Cash,Express,SPORT15,15,522.3,443.95,1,3.7
O001867,C00536,2025-06-13,delivered,Card,Standard,SPORT15,15,130.41,110.85,4,4.1
O001868,C01001,2025-12-16,delivered,Apple Pay,Standard,NONE,0,777.88,777.88,3,4.3
O001869,C01814,2025-05-07,delivered,Card,Express,NONE,0,299.15,299.15,4,3.8
O001870,C00512,2025-12-30,returned,Card,Standard,NONE,0,467.31,467.31,3,2.3
O001871,C01999,2025-05-22,delivered,PayPal,Standard,WEEKEND10,10,427.32,384.59,3,4.4
O001872,C00412,2025-11-02,delivered,Apple Pay,Standard,WELCOME10,10,476.82,429.14,3,5.0
O001873,C00180,2025-01-15,delivered,PayPal,Express,WELCOME10,10,274.9,247.41,3,4.2
O001874,C00280,2025-05-31,delivered,Card,Standard,NONE,0,1039.6,1039.6,4,5.0
O001875,C01269,2025-10-06,returned,Apple Pay,Standard,WELCOME10,10,1468.63,1321.77,3,3.5
O001876,C00046,2025-07-31,delivered,Card,Standard,WELCOME10,10,749.8,674.82,5,3.4
O001877,C01825,2025-05-02,delivered,Card,Standard,WEEKEND10,10,194.9,175.41,4,4.8
O001878,C00723,2025-03-31,delivered,Apple Pay,Standard,NONE,0,614.6,614.6,4,4.5
O001879,C00887,2025-11-04,cancelled,Card,Standard,WELCOME10,10,294.4,264.96,,
O001880,C00925,2025-12-21,delivered,Card,Standard,NONE,0,627.31,627.31,4,4.5
O001881,C01296,2025-02-17,delivered,Card,Pickup,LOYAL20,20,1040.91,832.73,1,3.9
O001882,C01668,2025-12-22,delivered,Card,Standard,WEEKEND10,10,62.91,56.62,5,5.0
O001883,C00779,2025-04-09,delivered,Card,Express,NONE,0,684.5,684.5,2,4.7
O001884,C00045,2025-06-10,delivered,Cash,Express,NONE,0,377.71,377.71,1,4.4
O001885,C01513,2025-11-25,delivered,Card,Standard,NONE,0,247.41,247.41,4,4.4
O001886,C01948,2025-11-19,returned,Apple Pay,Express,SPORT15,15,346.41,294.45,6,2.9
O001887,C01173,2025-05-15,delivered,Cash,Standard,NONE,0,981.36,981.36,2,4.5
O001888,C00887,2025-05-04,delivered,Card,Pickup,SPORT15,15,219.9,186.91,3,4.6
O001889,C01309,2025-08-30,delivered,Card,Standard,SPORT15,15,565.32,480.52,2,4.3
O001890,C00311,2025-05-15,delivered,Card,Standard,WELCOME10,10,1289.5,1160.55,5,4.2
O001891,C00255,2025-08-22,delivered,Card,Standard,WELCOME10,10,477.56,429.8,2,3.7
O001892,C01126,2025-06-13,returned,Cash,Standard,NONE,0,132.82,132.82,2,1.9
O001893,C01032,2025-07-31,delivered,Card,Standard,NONE,0,431.11,431.11,4,4.4
O001894,C01719,2025-12-21,delivered,Card,Express,NONE,0,1060.12,1060.12,1,3.9
O001895,C01261,2025-12-28,delivered,Cash,Express,NONE,0,984.02,984.02,3,4.7
O001896,C00897,2025-09-07,returned,Cash,Standard,NONE,0,276.96,276.96,4,4.0
O001897,C01149,2025-11-25,returned,Card,Standard,NONE,0,314.61,314.61,4,2.7
O001898,C01468,2025-12-04,delivered,Card,Express,NONE,0,324.9,324.9,3,4.5
O001899,C00272,2025-11-21,delivered,PayPal,Standard,NONE,0,622.71,622.71,6,4.3
O001900,C00611,2025-06-01,delivered,Card,Standard,WELCOME10,10,1093.87,984.48,5,3.7
O001901,C00987,2025-01-18,delivered,Card,Standard,WEEKEND10,10,179.9,161.91,3,4.9
O001902,C00045,2025-09-19,delivered,Card,Express,NONE,0,595.38,595.38,2,4.1
O001903,C01174,2025-09-20,delivered,Cash,Standard,NONE,0,161.32,161.32,3,4.8
O001904,C00141,2025-09-12,delivered,Card,Standard,LOYAL20,20,194.8,155.84,4,4.1
O001905,C00101,2025-06-09,delivered,Apple Pay,Standard,NONE,0,374.9,374.9,6,4.7
O001906,C00327,2025-10-17,delivered,PayPal,Standard,NONE,0,377.73,377.73,3,4.9
O001907,C00139,2025-12-08,delivered,Card,Standard,SPORT15,15,189.9,161.41,4,4.5
O001908,C00097,2025-06-24,delivered,Card,Express,SPORT15,15,39.9,33.91,4,3.8
O001909,C01547,2025-05-11,delivered,Cash,Standard,NONE,0,1322.61,1322.61,5,4.5
O001910,C00646,2025-03-08,delivered,PayPal,Standard,NONE,0,83.31,83.31,4,4.3
O001911,C01678,2025-06-13,delivered,Card,Standard,NONE,0,380.31,380.31,2,4.6
O001912,C01516,2025-09-17,delivered,PayPal,Standard,NONE,0,315.81,315.81,4,4.1
O001913,C01663,2025-12-26,delivered,Card,Standard,NONE,0,431.82,431.82,3,3.5
O001914,C00429,2025-08-23,delivered,Apple Pay,Standard,NONE,0,577.26,577.26,4,3.7
O001915,C01122,2025-08-30,delivered,Cash,Standard,SPORT15,15,416.21,353.78,5,3.7
O001916,C00790,2025-12-28,delivered,Card,Standard,NONE,0,400.72,400.72,3,4.6
O001917,C01223,2025-01-12,cancelled,PayPal,Express,WEEKEND10,10,314.9,283.41,,
O001918,C01244,2025-06-20,delivered,Card,Express,NONE,0,446.64,446.64,1,4.6
O001919,C01029,2025-02-24,delivered,Apple Pay,Standard,SPORT15,15,44.9,38.16,3,3.5
O001920,C00111,2025-11-07,delivered,Card,Standard,WEEKEND10,10,296.89,267.2,6,3.8
O001921,C01276,2025-09-10,delivered,Apple Pay,Express,LOYAL20,20,298.81,239.05,3,4.4
O001922,C00286,2025-06-13,delivered,PayPal,Standard,LOYAL20,20,828.95,663.16,4,4.9
O001923,C00980,2025-11-01,delivered,Card,Standard,SPORT15,15,599.8,509.83,3,4.0
O001924,C01857,2025-09-23,delivered,PayPal,Standard,WEEKEND10,10,49.9,44.91,6,4.0
O001925,C01725,2025-12-16,delivered,Card,Express,NONE,0,283.41,283.41,4,3.8
O001926,C01112,2025-08-10,delivered,Apple Pay,Standard,NONE,0,490.31,490.31,5,4.7
O001927,C01767,2025-09-04,delivered,Card,Standard,NONE,0,139.8,139.8,5,5.0
O001928,C00999,2025-08-30,delivered,Cash,Standard,NONE,0,364.8,364.8,3,4.5
O001929,C01580,2025-09-05,delivered,Cash,Standard,NONE,0,279.8,279.8,6,4.0
O001930,C00279,2025-09-24,cancelled,Card,Express,LOYAL20,20,209.61,167.69,,
O001931,C00345,2025-09-20,delivered,Card,Standard,NONE,0,1005.12,1005.12,5,4.5
O001932,C01579,2025-08-08,delivered,Card,Standard,WELCOME10,10,782.64,704.38,4,4.9
O001933,C01871,2025-01-23,delivered,Cash,Standard,NONE,0,389.71,389.71,3,4.7
O001934,C01631,2025-09-16,delivered,Card,Standard,NONE,0,499.6,499.6,6,4.5
O001935,C00836,2025-07-30,delivered,Cash,Standard,WEEKEND10,10,355.62,320.06,5,3.5
O001936,C01827,2025-04-07,delivered,Apple Pay,Standard,SPORT15,15,409.8,348.33,4,4.6
O001937,C00795,2025-03-31,delivered,PayPal,Standard,NONE,0,557.82,557.82,4,4.9
O001938,C00682,2025-02-24,delivered,PayPal,Standard,WELCOME10,10,139.8,125.82,4,4.5
O001939,C00761,2025-05-25,delivered,Card,Pickup,WEEKEND10,10,154.9,139.41,1,5.0
O001940,C00957,2025-02-16,delivered,Card,Standard,WELCOME10,10,567.21,510.49,6,4.6
O001941,C00217,2025-03-12,delivered,Card,Standard,WEEKEND10,10,409.8,368.82,4,4.2
O001942,C01883,2025-05-30,delivered,Card,Standard,NONE,0,758.12,758.12,5,4.4
O001943,C00486,2025-11-16,delivered,Cash,Pickup,LOYAL20,20,204.9,163.92,1,5.0
O001944,C00408,2025-05-16,delivered,Card,Express,NONE,0,294.4,294.4,1,4.0
O001945,C01881,2025-06-09,returned,Apple Pay,Standard,NONE,0,114.8,114.8,3,2.8
O001946,C01889,2025-03-31,delivered,Card,Standard,NONE,0,676.3,676.3,4,4.6
O001947,C00074,2025-07-05,delivered,Card,Standard,NONE,0,719.6,719.6,2,4.5
O001948,C00865,2025-07-23,delivered,Apple Pay,Standard,WEEKEND10,10,643.03,578.73,2,3.2
O001949,C01355,2025-04-09,delivered,Card,Pickup,NONE,0,619.21,619.21,1,4.8
O001950,C00442,2025-02-24,delivered,Card,Pickup,NONE,0,69.8,69.8,5,4.0
O001951,C01618,2025-06-08,delivered,Card,Pickup,WELCOME10,10,49.9,44.91,3,5.0
O001952,C00568,2025-03-24,delivered,Card,Standard,NONE,0,1280.91,1280.91,3,3.9
O001953,C01199,2025-11-27,delivered,Card,Standard,LOYAL20,20,878.63,702.9,4,4.6
O001954,C00939,2025-03-28,delivered,Apple Pay,Standard,NONE,0,459.8,459.8,7,4.6
O001955,C00866,2025-12-21,delivered,PayPal,Express,WEEKEND10,10,274.72,247.25,4,3.9
O001956,C00987,2025-08-07,delivered,Card,Pickup,NONE,0,79.9,79.9,4,4.3
O001957,C01275,2025-10-08,delivered,PayPal,Standard,SPORT15,15,349.6,297.16,6,4.8
O001958,C01325,2025-09-01,delivered,Card,Pickup,WEEKEND10,10,310.31,279.28,2,4.9
O001959,C01492,2025-09-06,delivered,Card,Standard,SPORT15,15,796.22,676.79,6,3.9
O001960,C01054,2025-09-21,delivered,PayPal,Standard,NONE,0,159.9,159.9,2,4.1
O001961,C01892,2025-07-19,delivered,Apple Pay,Standard,SPORT15,15,364.9,310.16,4,4.0
O001962,C00224,2025-12-14,delivered,Card,Standard,NONE,0,959.5,959.5,3,4.3
O001963,C01501,2025-05-17,delivered,Card,Standard,NONE,0,354.72,354.72,6,4.2
O001964,C01393,2025-03-16,delivered,Card,Standard,NONE,0,407.3,407.3,5,4.6
O001965,C01034,2025-01-02,delivered,Cash,Standard,NONE,0,229.23,229.23,6,4.5
O001966,C00311,2025-07-01,delivered,Card,Express,NONE,0,104.8,104.8,1,4.3
O001967,C01398,2025-05-12,delivered,Apple Pay,Standard,WELCOME10,10,132.82,119.54,3,4.9
O001968,C01663,2025-04-09,delivered,Card,Standard,NONE,0,18.9,18.9,4,4.3
O001969,C00945,2025-10-08,delivered,Card,Express,WELCOME10,10,189.9,170.91,1,3.4
O001970,C01051,2025-06-29,delivered,PayPal,Express,SPORT15,15,278.91,237.07,1,4.3
O001971,C01290,2025-01-14,delivered,Apple Pay,Standard,WELCOME10,10,189.9,170.91,3,3.9
O001972,C01792,2025-10-16,delivered,Card,Standard,WELCOME10,10,964.6,868.14,3,4.4
O001973,C00448,2025-04-11,delivered,Apple Pay,Pickup,NONE,0,124.8,124.8,1,3.5
O001974,C00729,2025-08-12,delivered,Card,Standard,NONE,0,39.9,39.9,3,4.3
O001975,C00079,2025-12-30,delivered,Card,Express,WELCOME10,10,929.6,836.64,2,4.9
O001976,C01789,2025-11-27,delivered,Card,Express,LOYAL20,20,1487.52,1190.02,3,4.2
O001977,C01934,2025-05-24,delivered,PayPal,Standard,LOYAL20,20,389.32,311.46,2,4.5
O001978,C01885,2025-08-28,delivered,Card,Express,NONE,0,549.8,549.8,3,4.6
O001979,C00787,2025-07-22,delivered,Card,Pickup,SPORT15,15,144.9,123.17,1,4.2
O001980,C00050,2025-03-23,delivered,Card,Express,NONE,0,242.91,242.91,2,4.2
O001981,C00133,2025-08-19,delivered,Card,Pickup,WELCOME10,10,619.8,557.82,1,4.2
O001982,C00199,2025-08-21,delivered,PayPal,Express,NONE,0,382.31,382.31,2,4.7
O001983,C00353,2025-07-19,delivered,Card,Pickup,NONE,0,364.9,364.9,3,3.8
O001984,C01369,2025-04-10,delivered,Card,Standard,NONE,0,84.9,84.9,4,4.5
O001985,C00601,2025-08-25,delivered,Card,Express,NONE,0,1047.91,1047.91,1,4.1
O001986,C01778,2025-10-06,delivered,Card,Express,NONE,0,626.01,626.01,3,5.0
O001987,C01020,2025-10-01,delivered,Card,Express,SPORT15,15,305.32,259.52,1,4.4
O001988,C01252,2025-05-24,delivered,PayPal,Standard,SPORT15,15,144.9,123.17,3,4.9
O001989,C01206,2025-04-18,delivered,PayPal,Standard,NONE,0,264.32,264.32,3,3.8
O001990,C01090,2025-09-18,delivered,Card,Standard,LOYAL20,20,170.91,136.73,4,5.0
O001991,C00961,2025-08-28,delivered,Apple Pay,Standard,NONE,0,219.9,219.9,1,5.0
O001992,C01957,2025-03-08,delivered,Card,Standard,NONE,0,399.8,399.8,6,4.0
O001993,C00138,2025-04-04,delivered,PayPal,Standard,NONE,0,39.9,39.9,5,4.5
O001994,C01880,2025-04-23,delivered,Card,Pickup,NONE,0,185.16,185.16,1,4.6
O001995,C00695,2025-11-17,delivered,Card,Standard,NONE,0,365.65,365.65,4,4.4
O001996,C00726,2025-09-10,delivered,Card,Standard,WELCOME10,10,69.9,62.91,3,3.7
O001997,C01767,2025-08-27,delivered,Card,Standard,NONE,0,174.8,174.8,4,5.0
O001998,C01269,2025-03-09,delivered,Card,Standard,SPORT15,15,349.9,297.41,6,3.1
O001999,C01864,2025-04-17,delivered,Card,Standard,WELCOME10,10,705.95,635.36,6,4.3
O002000,C01357,2025-09-18,delivered,Cash,Express,NONE,0,390.81,390.81,1,5.0
O002001,C01190,2025-01-17,delivered,PayPal,Standard,NONE,0,721.31,721.31,4,4.1
O002002,C00910,2025-03-01,delivered,Cash,Pickup,LOYAL20,20,292.41,233.93,2,4.7
O002003,C00028,2025-04-21,delivered,Card,Pickup,WEEKEND10,10,797.61,717.85,3,3.6
O002004,C01340,2025-12-09,delivered,Apple Pay,Standard,NONE,0,341.72,341.72,4,3.9
O002005,C00834,2025-04-17,delivered,Card,Standard,NONE,0,963.61,963.61,5,4.8
O002006,C01274,2025-07-12,delivered,Apple Pay,Standard,NONE,0,309.9,309.9,3,4.5
O002007,C01978,2025-11-23,delivered,Card,Express,NONE,0,294.4,294.4,6,3.9
O002008,C00842,2025-05-01,delivered,PayPal,Standard,NONE,0,425.72,425.72,5,4.1
O002009,C01631,2025-12-01,delivered,Card,Standard,NONE,0,314.9,314.9,4,4.5
O002010,C01862,2025-05-08,delivered,PayPal,Pickup,NONE,0,149.8,149.8,3,4.0
O002011,C01458,2025-07-27,delivered,Card,Standard,NONE,0,662.1,662.1,5,3.8
O002012,C01696,2025-12-20,delivered,Card,Standard,NONE,0,998.52,998.52,3,4.8
O002013,C00686,2025-12-19,returned,Card,Standard,WELCOME10,10,137.66,123.89,6,3.6
O002014,C01846,2025-10-13,delivered,PayPal,Pickup,WEEKEND10,10,197.91,178.12,4,5.0
O002015,C01817,2025-01-06,delivered,Apple Pay,Standard,WEEKEND10,10,109.8,98.82,6,4.7
O002016,C00544,2025-09-03,cancelled,Card,Standard,NONE,0,444.7,444.7,,
O002017,C01289,2025-08-19,delivered,Card,Standard,NONE,0,345.06,345.06,4,4.9
O002018,C00153,2025-10-06,delivered,Cash,Standard,NONE,0,1256.0,1256.0,5,4.4
O002019,C00558,2025-07-02,delivered,Card,Standard,NONE,0,344.7,344.7,2,4.6
O002020,C00109,2025-04-12,delivered,Card,Standard,NONE,0,79.9,79.9,4,4.5
O002021,C01432,2025-08-02,delivered,Card,Standard,SPORT15,15,474.7,403.5,4,5.0
O002022,C00891,2025-12-29,delivered,Card,Standard,NONE,0,762.37,762.37,3,3.8
O002023,C00997,2025-04-26,delivered,Card,Standard,WELCOME10,10,439.8,395.82,4,5.0
O002024,C01221,2025-10-03,delivered,Card,Express,NONE,0,180.41,180.41,1,5.0
O002025,C00690,2025-03-10,delivered,Card,Pickup,NONE,0,219.9,219.9,3,3.8
O002026,C01689,2025-04-09,delivered,Card,Standard,NONE,0,139.9,139.9,3,4.8
O002027,C00708,2025-05-05,delivered,Cash,Standard,WELCOME10,10,154.9,139.41,4,3.8
O002028,C00078,2025-08-23,delivered,Card,Standard,SPORT15,15,49.9,42.41,4,3.8
O002029,C01510,2025-02-21,delivered,Apple Pay,Standard,LOYAL20,20,62.91,50.33,4,4.8
O002030,C01777,2025-08-08,delivered,Card,Standard,NONE,0,556.63,556.63,5,3.7
O002031,C01201,2025-10-01,delivered,Apple Pay,Standard,NONE,0,436.22,436.22,4,4.1
O002032,C01402,2025-12-03,delivered,PayPal,Standard,NONE,0,44.91,44.91,3,4.5
O002033,C00597,2025-05-04,delivered,Card,Standard,WELCOME10,10,305.81,275.23,1,4.8
O002034,C00465,2025-01-16,delivered,Card,Standard,WEEKEND10,10,76.41,68.77,3,4.5
O002035,C01028,2025-12-31,delivered,Card,Express,SPORT15,15,714.8,607.58,1,4.8
O002036,C00062,2025-05-13,delivered,Card,Standard,WEEKEND10,10,387.31,348.58,4,4.2
O002037,C01790,2025-11-19,delivered,Apple Pay,Standard,NONE,0,384.9,384.9,6,4.4
O002038,C01716,2025-09-24,cancelled,Card,Standard,NONE,0,154.9,154.9,,
O002039,C00971,2025-07-22,delivered,Card,Express,SPORT15,15,137.66,117.01,2,4.3
O002040,C00431,2025-12-28,delivered,Card,Express,NONE,0,322.3,322.3,4,4.5
O002041,C01199,2025-07-17,returned,Card,Standard,WEEKEND10,10,274.9,247.41,3,2.3
O002042,C00251,2025-08-17,delivered,Apple Pay,Express,WEEKEND10,10,1210.55,1089.49,1,3.9
O002043,C00358,2025-02-02,delivered,PayPal,Standard,NONE,0,74.9,74.9,5,4.2
O002044,C00762,2025-08-05,delivered,Card,Pickup,NONE,0,346.41,346.41,3,4.7
O002045,C00565,2025-06-30,delivered,Cash,Pickup,NONE,0,267.81,267.81,1,4.1
O002046,C01782,2025-02-21,delivered,PayPal,Express,LOYAL20,20,864.87,691.9,1,4.5
O002047,C01443,2025-08-09,delivered,Card,Standard,SPORT15,15,49.9,42.41,6,4.6
O002048,C01299,2025-12-15,delivered,Card,Express,NONE,0,189.81,189.81,1,4.0
O002049,C01488,2025-06-27,delivered,Card,Standard,WEEKEND10,10,214.71,193.24,7,4.4
O002050,C00976,2025-08-17,delivered,PayPal,Standard,WEEKEND10,10,794.7,715.23,5,5.0
O002051,C00685,2025-09-07,delivered,Card,Standard,LOYAL20,20,227.31,181.85,6,4.5
O002052,C00231,2025-12-10,delivered,Card,Express,LOYAL20,20,1204.5,963.6,1,4.2
O002053,C00218,2025-03-17,delivered,Apple Pay,Standard,SPORT15,15,154.8,131.58,6,3.7
O002054,C00285,2025-12-28,delivered,Card,Standard,NONE,0,328.31,328.31,3,4.5
O002055,C01126,2025-11-16,delivered,PayPal,Express,NONE,0,447.31,447.31,2,3.5
O002056,C01217,2025-06-08,delivered,Card,Pickup,NONE,0,988.45,988.45,4,4.4
O002057,C00265,2025-06-08,delivered,Card,Standard,WELCOME10,10,565.28,508.75,5,4.2
O002058,C00897,2025-03-07,delivered,Card,Pickup,NONE,0,227.91,227.91,1,4.5
O002059,C00976,2025-09-28,delivered,Card,Standard,NONE,0,449.31,449.31,4,4.9
O002060,C00628,2025-11-27,delivered,Card,Standard,WEEKEND10,10,257.81,232.03,6,3.7
O002061,C00331,2025-09-18,delivered,Card,Standard,NONE,0,124.7,124.7,3,4.8
O002062,C01043,2025-11-27,delivered,Card,Express,NONE,0,591.35,591.35,4,4.8
O002063,C01557,2025-12-22,delivered,Apple Pay,Standard,LOYAL20,20,397.71,318.17,3,4.9
O002064,C00190,2025-12-04,delivered,Card,Pickup,NONE,0,175.31,175.31,3,3.9
O002065,C00998,2025-06-30,delivered,Card,Standard,SPORT15,15,503.3,427.81,4,4.4
O002066,C00380,2025-06-27,delivered,Card,Standard,WELCOME10,10,327.56,294.8,4,4.0
O002067,C00764,2025-02-24,delivered,Apple Pay,Pickup,SPORT15,15,69.9,59.42,3,4.0
O002068,C00728,2025-05-26,delivered,Card,Standard,WELCOME10,10,386.82,348.14,3,4.6
O002069,C00076,2025-07-09,cancelled,Card,Standard,LOYAL20,20,194.7,155.76,,
O002070,C00205,2025-11-15,delivered,Cash,Standard,NONE,0,549.8,549.8,3,4.9
O002071,C00674,2025-06-16,delivered,Card,Standard,WEEKEND10,10,424.8,382.32,3,3.8
O002072,C00382,2025-11-17,delivered,,Express,WEEKEND10,10,219.9,197.91,2,4.1
O002073,C00967,2025-02-25,delivered,Card,Express,NONE,0,306.05,306.05,3,4.6
O002074,C01544,2025-05-26,delivered,PayPal,Standard,NONE,0,69.9,69.9,4,4.0
O002075,C00983,2025-07-01,delivered,PayPal,Standard,NONE,0,76.41,76.41,5,4.3
O002076,C00128,2025-11-18,delivered,Card,Standard,WELCOME10,10,409.8,368.82,6,3.9
O002077,C01608,2025-10-16,delivered,Card,Standard,SPORT15,15,515.21,437.93,3,4.9
O002078,C00532,2025-04-13,delivered,Card,Standard,SPORT15,15,346.32,294.37,5,5.0
O002079,C01774,2025-09-26,delivered,PayPal,Standard,NONE,0,179.9,179.9,1,4.8
O002080,C01134,2025-11-29,delivered,Apple Pay,Pickup,WEEKEND10,10,438.21,394.39,1,5.0
O002081,C01785,2025-12-03,delivered,Card,Standard,NONE,0,122.05,122.05,4,4.7
O002082,C01611,2025-12-03,delivered,Card,Standard,WELCOME10,10,439.7,395.73,5,4.7
O002083,C01357,2025-07-10,delivered,Card,Standard,SPORT15,15,169.9,144.41,2,4.1
O002084,C01153,2025-06-06,delivered,Card,Standard,NONE,0,604.3,604.3,4,3.4
O002085,C01759,2025-01-03,delivered,Card,Standard,NONE,0,634.8,634.8,2,5.0
O002086,C01416,2025-04-07,delivered,Apple Pay,Pickup,NONE,0,1280.52,1280.52,3,4.5
O002087,C00285,2025-04-15,delivered,Apple Pay,Standard,NONE,0,179.9,179.9,4,4.5
O002088,C00169,2025-02-14,delivered,PayPal,Standard,NONE,0,197.91,197.91,4,3.9
O002089,C01962,2025-09-18,cancelled,Card,Standard,NONE,0,251.73,251.73,,
O002090,C01770,2025-02-13,delivered,Cash,Express,NONE,0,518.71,518.71,1,4.1
O002091,C00576,2025-11-25,delivered,PayPal,Pickup,NONE,0,1034.62,1034.62,1,4.1
O002092,C01748,2025-11-08,delivered,Apple Pay,Standard,LOYAL20,20,431.81,345.45,5,3.6
O002093,C00034,2025-06-11,delivered,PayPal,Standard,NONE,0,324.9,324.9,4,4.6
O002094,C00627,2025-11-24,delivered,Card,Standard,NONE,0,219.9,219.9,4,4.1
O002095,C01983,2025-08-04,delivered,Card,Standard,LOYAL20,20,362.3,289.84,2,5.0
O002096,C01629,2025-01-03,delivered,Card,Standard,NONE,0,292.41,292.41,5,4.2
O002097,C01038,2025-03-29,delivered,Apple Pay,Standard,NONE,0,589.23,589.23,4,4.6
O002098,C00492,2025-02-22,delivered,PayPal,Pickup,SPORT15,15,549.8,467.33,4,4.9
O002099,C00973,2025-12-29,delivered,Cash,Express,NONE,0,1039.95,1039.95,1,3.2
O002100,C00142,2025-11-05,delivered,Card,Standard,WEEKEND10,10,369.9,332.91,3,4.6
O002101,C01978,2025-11-11,delivered,Card,Standard,WELCOME10,10,34.9,31.41,4,4.3
O002102,C01346,2025-11-23,delivered,Card,Standard,NONE,0,712.3,712.3,4,4.4
O002103,C01456,2025-04-12,delivered,PayPal,Pickup,LOYAL20,20,94.91,75.93,4,4.4
O002104,C01853,2025-12-07,delivered,Card,Standard,SPORT15,15,132.82,112.9,5,4.2
O002105,C00388,2025-02-10,delivered,PayPal,Standard,LOYAL20,20,69.8,55.84,5,4.6
O002106,C00464,2025-12-20,delivered,Cash,Standard,NONE,0,396.31,396.31,5,3.9
O002107,C01577,2025-08-27,cancelled,Card,Standard,NONE,0,197.91,197.91,,
O002108,C01917,2025-10-15,delivered,Apple Pay,Standard,NONE,0,265.81,265.81,7,4.3
O002109,C00975,2025-12-04,delivered,Card,Express,SPORT15,15,374.9,318.66,4,4.1
O002110,C00549,2025-01-05,delivered,PayPal,Express,NONE,0,247.41,247.41,3,4.3
O002111,C00391,2025-11-20,cancelled,Card,Standard,NONE,0,507.21,507.21,,
O002112,C01804,2025-11-03,delivered,Cash,Express,SPORT15,15,389.2,330.82,4,3.6
O002113,C01310,2025-11-08,delivered,Card,Standard,NONE,0,732.61,732.61,3,4.6
O002114,C01902,2025-09-10,delivered,Card,Standard,NONE,0,598.3,598.3,3,4.7
O002115,C00851,2025-12-08,delivered,PayPal,Standard,SPORT15,15,568.95,483.61,4,5.0
O002116,C00391,2025-04-14,delivered,Card,Standard,WELCOME10,10,170.91,153.82,7,3.8
O002117,C01889,2025-04-21,delivered,Card,Standard,NONE,0,19.9,19.9,2,5.0
O002118,C00266,2025-09-28,delivered,Card,Pickup,WELCOME10,10,256.32,230.69,1,4.9
O002119,C01331,2025-03-07,cancelled,Apple Pay,Pickup,NONE,0,1109.7,1109.7,,
O002120,C01930,2025-11-06,delivered,Card,Pickup,SPORT15,15,128.16,108.94,3,5.0
O002121,C01121,2025-10-19,delivered,Card,Pickup,SPORT15,15,417.82,355.15,1,5.0
O002122,C00032,2025-02-21,delivered,Card,Standard,WELCOME10,10,239.9,215.91,6,4.2
O002123,C00517,2025-12-27,cancelled,Card,Express,SPORT15,15,274.8,233.58,,
O002124,C01695,2025-10-18,delivered,PayPal,Standard,NONE,0,664.6,664.6,5,4.3
O002125,C01984,2025-12-03,delivered,Card,Standard,WEEKEND10,10,563.95,507.56,4,4.4
O002126,C00877,2025-10-12,delivered,Card,Standard,NONE,0,359.7,359.7,3,4.7
O002127,C00331,2025-04-06,delivered,Card,Standard,NONE,0,472.28,472.28,5,5.0
O002128,C00095,2025-08-24,delivered,Card,Standard,SPORT15,15,341.82,290.55,3,3.6
O002129,C01027,2025-02-07,delivered,Apple Pay,Standard,NONE,0,80.66,80.66,5,4.4
O002130,C00594,2025-03-02,delivered,PayPal,Standard,LOYAL20,20,432.31,345.85,6,3.6
O002131,C01767,2025-05-14,cancelled,Card,Standard,WEEKEND10,10,71.91,64.72,,
O002132,C00255,2025-08-23,delivered,Apple Pay,Standard,NONE,0,904.7,904.7,4,4.8
O002133,C01152,2025-06-21,delivered,Card,Standard,SPORT15,15,674.61,573.42,5,5.0
O002134,C00297,2025-11-26,delivered,Card,Express,SPORT15,15,604.71,514.0,2,5.0
O002135,C01260,2025-09-17,delivered,Card,Standard,NONE,0,154.9,154.9,3,4.6
O002136,C00326,2025-01-12,delivered,PayPal,Express,LOYAL20,20,264.9,211.92,1,4.6
O002137,C00209,2025-02-07,returned,Apple Pay,Pickup,NONE,0,132.91,132.91,6,4.1
O002138,C01293,2025-10-20,delivered,Card,Express,NONE,0,314.9,314.9,3,4.5
O002139,C01453,2025-03-08,delivered,Card,Standard,NONE,0,1249.6,1249.6,4,4.6
O002140,C01079,2025-03-26,delivered,PayPal,Express,SPORT15,15,274.8,233.58,4,5.0
O002141,C01092,2025-01-16,delivered,Cash,Standard,WEEKEND10,10,305.82,275.24,3,5.0
O002142,C00507,2025-06-10,delivered,Card,Standard,NONE,0,915.89,915.89,4,5.0
O002143,C00551,2025-11-08,cancelled,Apple Pay,Standard,WELCOME10,10,694.97,625.47,,
O002144,C01624,2025-06-21,delivered,Card,Pickup,NONE,0,194.9,194.9,1,4.8
O002145,C00580,2025-02-16,delivered,Card,Pickup,SPORT15,15,66.41,56.45,3,4.5
O002146,C00647,2025-09-10,cancelled,Card,Standard,NONE,0,242.91,242.91,,
O002147,C01780,2025-10-12,delivered,Card,Standard,LOYAL20,20,179.8,143.84,4,5.0
O002148,C01551,2025-06-27,delivered,Card,Standard,NONE,0,274.9,274.9,5,5.0
O002149,C00004,2025-08-12,delivered,Card,Express,NONE,0,249.7,249.7,3,4.6
O002150,C00473,2025-01-28,delivered,Card,Standard,SPORT15,15,132.91,112.97,4,4.5
O002151,C01325,2025-11-14,delivered,Card,Standard,NONE,0,206.21,206.21,6,4.7
O002152,C01742,2025-05-05,delivered,Card,Standard,WELCOME10,10,37.9,34.11,3,4.1
O002153,C00922,2025-09-30,delivered,PayPal,Express,WEEKEND10,10,522.3,470.07,2,4.6
O002154,C01164,2025-06-08,cancelled,Card,Standard,NONE,0,109.8,109.8,,
O002155,C01077,2025-05-13,delivered,Card,Pickup,WEEKEND10,10,294.4,264.96,3,4.7
O002156,C01377,2025-12-23,cancelled,Apple Pay,Standard,SPORT15,15,158.8,134.98,,
O002157,C01195,2025-06-04,cancelled,Cash,Standard,SPORT15,15,502.81,427.39,,
O002158,C01696,2025-03-31,delivered,Apple Pay,Standard,NONE,0,229.8,229.8,5,4.2
O002159,C01269,2025-12-15,delivered,PayPal,Standard,SPORT15,15,339.96,288.97,6,4.0
O002160,C01244,2025-05-18,delivered,Card,Standard,NONE,0,202.32,202.32,6,4.2
O002161,C01871,2025-07-04,delivered,Card,Standard,NONE,0,737.01,737.01,1,3.6
O002162,C00528,2025-02-21,delivered,Card,Standard,WEEKEND10,10,382.71,344.44,4,4.2
O002163,C01065,2025-12-25,delivered,Apple Pay,Standard,WEEKEND10,10,659.7,593.73,5,4.2
O002164,C00046,2025-06-18,delivered,PayPal,Express,WEEKEND10,10,1334.4,1200.96,1,5.0
O002165,C01284,2025-12-18,delivered,PayPal,Standard,SPORT15,15,265.41,225.6,4,4.8
O002166,C00241,2025-09-09,cancelled,Card,Standard,WEEKEND10,10,238.41,214.57,,
O002167,C01580,2025-12-22,delivered,Card,Standard,SPORT15,15,79.9,67.92,5,4.7
O002168,C00920,2025-04-21,delivered,Card,Standard,NONE,0,1189.02,1189.02,6,4.6
O002169,C01554,2025-08-21,delivered,Card,Standard,NONE,0,677.62,677.62,4,4.7
O002170,C01469,2025-08-12,delivered,PayPal,Standard,NONE,0,979.6,979.6,4,4.6
O002171,C00831,2025-01-27,delivered,PayPal,Standard,NONE,0,508.32,508.32,5,3.4
O002172,C00865,2025-07-31,delivered,Card,Standard,NONE,0,354.7,354.7,4,4.1
O002173,C01754,2025-10-27,delivered,Card,Standard,SPORT15,15,204.31,173.66,3,4.5
O002174,C00547,2025-05-08,delivered,Cash,Standard,NONE,0,149.8,149.8,2,4.5
O002175,C00835,2025-02-27,delivered,PayPal,Pickup,WELCOME10,10,396.05,356.44,2,4.4
O002176,C01443,2025-03-21,delivered,Apple Pay,Standard,WELCOME10,10,249.81,224.83,3,4.7
O002177,C00296,2025-03-28,delivered,Apple Pay,Standard,WELCOME10,10,294.8,265.32,7,4.0
O002178,C01608,2025-09-07,delivered,Card,Pickup,NONE,0,394.7,394.7,2,4.5
O002179,C01067,2025-04-07,delivered,Card,Standard,WELCOME10,10,167.21,150.49,3,5.0
O002180,C00204,2025-04-19,delivered,Card,Standard,NONE,0,460.96,460.96,4,4.3
O002181,C01447,2025-07-07,delivered,PayPal,Express,NONE,0,197.72,197.72,3,4.3
O002182,C01586,2025-10-17,delivered,Card,Express,NONE,0,245.21,245.21,2,4.4
O002183,C01775,2025-01-12,returned,PayPal,Standard,WEEKEND10,10,144.9,130.41,6,3.2
O002184,C01520,2025-12-31,delivered,PayPal,Standard,WELCOME10,10,696.21,626.59,5,4.6
O002185,C00496,2025-08-10,delivered,Card,Express,SPORT15,15,246.21,209.28,2,4.5
O002186,C00376,2025-09-07,delivered,Card,Express,WELCOME10,10,419.6,377.64,2,4.5
O002187,C00367,2025-11-13,returned,PayPal,Express,SPORT15,15,654.5,556.32,5,3.4
O002188,C00376,2025-02-23,delivered,Apple Pay,Standard,WEEKEND10,10,170.91,153.82,5,4.5
O002189,C00101,2025-05-20,delivered,Card,Standard,SPORT15,15,166.31,141.36,4,4.1
O002190,C01064,2025-03-16,delivered,Card,Standard,WELCOME10,10,69.9,62.91,3,4.1
O002191,C00503,2025-05-01,delivered,PayPal,Express,LOYAL20,20,1190.82,952.66,4,4.9
O002192,C00692,2025-05-25,delivered,Cash,Standard,LOYAL20,20,84.9,67.92,2,3.9
O002193,C00784,2025-07-03,delivered,Card,Standard,NONE,0,74.9,74.9,2,4.9
O002194,C01381,2025-06-30,delivered,Card,Standard,SPORT15,15,44.9,38.16,4,4.6
O002195,C01248,2025-12-14,delivered,Apple Pay,Pickup,NONE,0,368.81,368.81,1,3.7
O002196,C01091,2025-10-16,delivered,PayPal,Standard,NONE,0,294.4,294.4,5,4.3
O002197,C01164,2025-03-04,delivered,PayPal,Standard,LOYAL20,20,79.9,63.92,4,4.1
O002198,C00308,2025-10-31,delivered,Card,Express,WEEKEND10,10,161.41,145.27,4,4.4
O002199,C00512,2025-09-10,delivered,Card,Standard,NONE,0,327.71,327.71,6,3.8
O002200,C00035,2025-10-06,delivered,PayPal,Standard,NONE,0,170.91,170.91,5,4.2
O002201,C01706,2025-05-14,delivered,Cash,Standard,NONE,0,204.7,204.7,4,4.8
O002202,C01673,2025-04-30,delivered,Card,Express,WELCOME10,10,413.64,372.28,4,4.2
O002203,C01297,2025-02-03,delivered,Apple Pay,Pickup,NONE,0,344.8,344.8,2,4.6
O002204,C01393,2025-03-27,delivered,Card,Standard,SPORT15,15,564.21,479.58,6,3.9
O002205,C01257,2025-01-16,delivered,Card,Standard,NONE,0,1573.0,1573.0,4,4.2
O002206,C01175,2025-07-29,delivered,Card,Standard,NONE,0,1339.4,1339.4,5,4.2
O002207,C00476,2025-01-26,delivered,Apple Pay,Standard,WELCOME10,10,895.23,805.71,4,3.8
O002208,C01890,2025-11-02,delivered,Card,Standard,WELCOME10,10,481.45,433.31,7,4.5
O002209,C00679,2025-12-29,cancelled,Card,Pickup,WELCOME10,10,39.9,35.91,,
O002210,C00183,2025-04-19,delivered,Apple Pay,Standard,NONE,0,468.57,468.57,5,3.5
O002211,C00076,2025-06-08,delivered,Cash,Standard,LOYAL20,20,797.52,638.02,6,4.8
O002212,C00726,2025-10-15,delivered,Apple Pay,Standard,WEEKEND10,10,419.8,377.82,4,3.3
O002213,C00361,2025-03-18,delivered,Card,Standard,WEEKEND10,10,39.8,35.82,6,3.9
O002214,C00451,2025-11-11,delivered,Cash,Standard,NONE,0,156.21,156.21,2,5.0
O002215,C01346,2025-05-23,delivered,Card,Express,NONE,0,432.71,432.71,1,4.5
O002216,C01769,2025-04-29,delivered,PayPal,Standard,NONE,0,49.9,49.9,4,4.6
O002217,C00658,2025-05-23,delivered,PayPal,Standard,NONE,0,824.7,824.7,6,3.4
O002218,C01882,2025-06-29,delivered,Apple Pay,Standard,SPORT15,15,219.9,186.91,4,3.9
O002219,C00581,2025-09-01,delivered,Card,Standard,NONE,0,314.9,314.9,3,4.2
O002220,C00576,2025-05-30,delivered,Apple Pay,Standard,NONE,0,477.63,477.63,3,4.1
O002221,C01909,2025-11-01,delivered,Card,Standard,WELCOME10,10,139.9,125.91,4,4.3
O002222,C01873,2025-06-05,delivered,Card,Standard,NONE,0,607.2,607.2,5,5.0
O002223,C01383,2025-04-26,delivered,Card,Standard,NONE,0,247.41,247.41,5,4.0
O002224,C00385,2025-02-27,delivered,Card,Standard,NONE,0,99.8,99.8,4,3.9
O002225,C01292,2025-06-28,delivered,Card,Standard,SPORT15,15,283.41,240.9,5,4.3
O002226,C01781,2025-06-19,delivered,Card,Pickup,WELCOME10,10,925.01,832.51,3,4.3
O002227,C00239,2025-12-02,delivered,Card,Standard,NONE,0,600.96,600.96,4,5.0
O002228,C01905,2025-09-10,delivered,Cash,Standard,SPORT15,15,538.63,457.84,3,3.7
O002229,C00046,2025-12-12,cancelled,Cash,Standard,WELCOME10,10,334.8,301.32,,
O002230,C01267,2025-12-30,delivered,Cash,Express,WEEKEND10,10,539.8,485.82,2,4.3
O002231,C00250,2025-07-05,cancelled,Card,Standard,SPORT15,15,212.71,180.8,,
O002232,C01676,2025-01-06,delivered,PayPal,Pickup,LOYAL20,20,305.82,244.66,3,5.0
O002233,C00494,2025-11-21,delivered,Apple Pay,Standard,NONE,0,79.9,79.9,5,4.2
O002234,C01281,2025-08-11,delivered,Card,Express,NONE,0,114.8,114.8,2,5.0
O002235,C01312,2025-04-14,cancelled,PayPal,Standard,NONE,0,950.52,950.52,,
O002236,C01041,2025-11-11,delivered,Card,Standard,NONE,0,84.9,84.9,3,4.4
O002237,C00465,2025-08-09,delivered,Card,Standard,NONE,0,339.8,339.8,3,4.7
O002238,C01181,2025-07-31,delivered,Card,Express,WELCOME10,10,79.8,71.82,3,4.9
O002239,C00493,2025-06-27,delivered,Card,Standard,WEEKEND10,10,481.05,432.94,2,4.4
O002240,C01954,2025-10-29,delivered,Card,Standard,LOYAL20,20,299.15,239.32,2,4.1
O002241,C00254,2025-11-21,delivered,Card,Standard,NONE,0,239.9,239.9,3,4.3
O002242,C01444,2025-12-11,delivered,Cash,Standard,LOYAL20,20,309.7,247.76,4,4.9
O002243,C01889,2025-05-13,delivered,Card,Express,NONE,0,69.9,69.9,4,4.4
O002244,C00764,2025-06-30,delivered,Card,Standard,WEEKEND10,10,247.41,222.67,4,5.0
O002245,C00579,2025-10-05,delivered,Card,Standard,NONE,0,639.8,639.8,6,3.7
O002246,C00419,2025-09-14,delivered,Card,Express,NONE,0,588.8,588.8,3,4.6
O002247,C00187,2025-01-03,cancelled,Card,Standard,NONE,0,19.9,19.9,,
O002248,C01689,2025-02-10,delivered,Card,Standard,NONE,0,349.9,349.9,3,3.9
O002249,C00644,2025-12-19,delivered,PayPal,Standard,NONE,0,349.21,349.21,2,4.3
O002250,C00566,2025-02-02,delivered,Card,Standard,WELCOME10,10,637.71,573.94,5,3.9
O002251,C00490,2025-07-03,delivered,PayPal,Standard,WEEKEND10,10,274.9,247.41,6,3.8
O002252,C01350,2025-12-10,delivered,Apple Pay,Express,WELCOME10,10,84.9,76.41,1,4.1
O002253,C01633,2025-02-11,delivered,Cash,Standard,WEEKEND10,10,559.8,503.82,5,4.2
O002254,C01088,2025-08-19,delivered,Card,Standard,NONE,0,751.98,751.98,4,4.6
O002255,C01669,2025-05-29,delivered,PayPal,Standard,WELCOME10,10,625.27,562.74,3,4.0
O002256,C00438,2025-07-18,delivered,Card,Standard,NONE,0,299.15,299.15,2,4.5
O002257,C01762,2025-08-02,delivered,Card,Pickup,NONE,0,763.2,763.2,1,4.5
O002258,C01893,2025-12-11,cancelled,PayPal,Standard,NONE,0,401.72,401.72,,
O002259,C00385,2025-05-03,delivered,PayPal,Standard,NONE,0,130.41,130.41,6,3.6
O002260,C01035,2025-04-01,delivered,Apple Pay,Standard,NONE,0,621.55,621.55,3,5.0
O002261,C00831,2025-09-25,delivered,PayPal,Express,SPORT15,15,332.4,282.54,2,4.1
O002262,C01730,2025-08-07,returned,Card,Standard,NONE,0,1223.91,1223.91,4,2.9
O002263,C01873,2025-08-02,delivered,Apple Pay,Standard,NONE,0,417.82,417.82,4,4.2
O002264,C01221,2025-07-29,delivered,Card,Standard,NONE,0,274.9,274.9,4,4.3
O002265,C00611,2025-06-19,delivered,PayPal,Express,NONE,0,815.63,815.63,1,4.3
O002266,C01271,2025-03-18,delivered,Card,Standard,NONE,0,256.31,256.31,4,4.5
O002267,C01736,2025-10-02,delivered,Apple Pay,Standard,SPORT15,15,247.81,210.64,1,4.4
O002268,C01294,2025-09-06,delivered,Card,Standard,SPORT15,15,35.82,30.45,5,4.9
O002269,C00163,2025-08-29,delivered,Cash,Standard,SPORT15,15,184.8,157.08,4,5.0
O002270,C00868,2025-11-27,delivered,PayPal,Standard,NONE,0,1263.1,1263.1,5,4.9
O002271,C00045,2025-10-21,delivered,Cash,Standard,NONE,0,557.31,557.31,7,3.5
O002272,C01027,2025-10-21,delivered,PayPal,Standard,WEEKEND10,10,755.21,679.69,5,4.4
O002273,C01726,2025-10-15,delivered,Card,Standard,NONE,0,37.9,37.9,4,4.0
O002274,C01445,2025-10-29,delivered,Card,Standard,NONE,0,342.3,342.3,4,4.5
O002275,C01914,2025-05-10,delivered,Card,Standard,SPORT15,15,314.3,267.16,5,4.2
O002276,C01041,2025-05-24,delivered,Cash,Standard,WEEKEND10,10,624.72,562.25,4,4.9
O002277,C00171,2025-03-21,delivered,Card,Standard,WEEKEND10,10,79.9,71.91,4,4.4
O002278,C00850,2025-02-07,delivered,PayPal,Standard,NONE,0,603.31,603.31,4,4.1
O002279,C01524,2025-02-12,delivered,Card,Standard,WELCOME10,10,1014.7,913.23,3,4.2
O002280,C01495,2025-10-11,delivered,PayPal,Express,SPORT15,15,137.66,117.01,2,4.2
O002281,C01846,2025-08-02,delivered,Card,Standard,NONE,0,309.8,309.8,5,4.2
O002282,C00431,2025-11-03,delivered,PayPal,Standard,WEEKEND10,10,274.9,247.41,5,4.0
O002283,C00313,2025-02-06,delivered,Card,Standard,SPORT15,15,834.13,709.01,4,5.0
O002284,C00483,2025-02-08,delivered,Card,Express,LOYAL20,20,102.3,81.84,3,4.1
O002285,C00700,2025-02-11,delivered,Card,Standard,NONE,0,254.8,254.8,4,4.2
O002286,C01803,2025-09-02,delivered,Card,Standard,WEEKEND10,10,125.91,113.32,5,4.1
O002287,C01077,2025-01-14,delivered,Card,Standard,LOYAL20,20,309.8,247.84,5,4.3
O002288,C00051,2025-03-10,delivered,Card,Standard,WEEKEND10,10,274.9,247.41,4,4.5
O002289,C00885,2025-06-27,delivered,Card,Express,NONE,0,323.73,323.73,3,3.5
O002290,C01043,2025-07-01,delivered,PayPal,Standard,SPORT15,15,999.6,849.66,4,4.4
O002291,C00596,2025-04-16,delivered,Apple Pay,Standard,NONE,0,358.21,358.21,4,4.6
O002292,C00580,2025-11-16,delivered,Card,Pickup,NONE,0,346.41,346.41,2,4.9
O002293,C01161,2025-02-05,delivered,Apple Pay,Standard,NONE,0,739.8,739.8,4,4.1
O002294,C00553,2025-06-01,cancelled,Card,Standard,LOYAL20,20,1583.5,1266.8,,
O002295,C00335,2025-11-22,delivered,Card,Standard,WEEKEND10,10,870.02,783.02,6,3.9
O002296,C01875,2025-12-31,returned,Card,Pickup,NONE,0,69.9,69.9,4,3.5
O002297,C00877,2025-11-17,delivered,Card,Standard,WEEKEND10,10,432.3,389.07,4,5.0
O002298,C01644,2025-03-10,delivered,Card,Standard,NONE,0,328.81,328.81,4,5.0
O002299,C01197,2025-01-20,delivered,Card,Standard,NONE,0,374.9,374.9,3,4.9
O002300,C00332,2025-04-02,delivered,Card,Standard,SPORT15,15,590.62,502.03,4,4.8
O002301,C00195,2025-10-05,delivered,Card,Express,WEEKEND10,10,409.7,368.73,3,4.2
O002302,C00932,2025-07-29,delivered,PayPal,Standard,SPORT15,15,128.16,108.94,5,4.8
O002303,C00403,2025-05-25,delivered,Card,Pickup,WEEKEND10,10,239.8,215.82,2,5.0
O002304,C01864,2025-05-14,delivered,Card,Standard,SPORT15,15,389.8,331.33,6,4.8
O002305,C01641,2025-04-03,delivered,PayPal,Standard,WEEKEND10,10,178.07,160.26,4,4.0
O002306,C00796,2025-07-31,delivered,PayPal,Standard,SPORT15,15,247.41,210.3,3,4.4
O002307,C01417,2025-01-05,delivered,Cash,Standard,WELCOME10,10,159.9,143.91,4,3.4
O002308,C01600,2025-10-01,delivered,Cash,Express,SPORT15,15,755.2,641.92,1,3.9
O002309,C00733,2025-07-16,delivered,Apple Pay,Standard,WEEKEND10,10,313.23,281.91,2,5.0
O002310,C01936,2025-06-22,cancelled,Card,Express,WEEKEND10,10,154.9,139.41,,
O002311,C01186,2025-01-21,delivered,Cash,Standard,WELCOME10,10,197.91,178.12,3,4.2
O002312,C00783,2025-01-22,delivered,PayPal,Standard,NONE,0,154.8,154.8,2,4.6
O002313,C00898,2025-07-04,delivered,PayPal,Standard,LOYAL20,20,500.21,400.17,5,3.0
O002314,C00792,2025-11-25,delivered,PayPal,Pickup,SPORT15,15,227.91,193.72,1,4.5
O002315,C01933,2025-12-13,delivered,Apple Pay,Standard,LOYAL20,20,992.62,794.1,7,4.5
O002316,C01493,2025-04-16,delivered,Card,Standard,WELCOME10,10,227.91,205.12,5,4.5
O002317,C00298,2025-06-22,delivered,Card,Standard,SPORT15,15,539.8,458.83,5,3.9
O002318,C00079,2025-05-08,cancelled,Card,Standard,NONE,0,374.9,374.9,,
O002319,C01611,2025-09-25,delivered,Apple Pay,Standard,WEEKEND10,10,564.7,508.23,4,3.6
O002320,C00509,2025-12-16,delivered,Apple Pay,Standard,WEEKEND10,10,169.8,152.82,4,3.8
O002321,C00517,2025-08-26,returned,Card,Standard,NONE,0,845.88,845.88,5,2.5
O002322,C01783,2025-06-18,delivered,Card,Standard,WEEKEND10,10,530.95,477.86,6,5.0
O002323,C00494,2025-10-20,delivered,Card,Standard,NONE,0,269.8,269.8,5,5.0
O002324,C00296,2025-12-26,delivered,Card,Express,NONE,0,125.91,125.91,1,4.2
O002325,C01724,2025-08-16,cancelled,Cash,Standard,NONE,0,493.57,493.57,,
O002326,C01514,2025-03-21,cancelled,Apple Pay,Express,LOYAL20,20,143.91,115.13,,
O002327,C00480,2025-12-21,delivered,PayPal,Standard,NONE,0,864.7,864.7,3,4.1
O002328,C00973,2025-11-20,delivered,Card,Standard,NONE,0,458.73,458.73,2,4.7
O002329,C00141,2025-11-30,delivered,Apple Pay,Standard,WEEKEND10,10,170.91,153.82,5,4.2
O002330,C01198,2025-12-26,delivered,Card,Standard,WEEKEND10,10,76.41,68.77,2,3.4
O002331,C00200,2025-05-01,delivered,PayPal,Express,WELCOME10,10,854.62,769.16,2,3.9
O002332,C00697,2025-12-04,delivered,Card,Standard,NONE,0,426.72,426.72,2,4.3
O002333,C00637,2025-05-09,delivered,PayPal,Standard,NONE,0,939.7,939.7,5,4.2
O002334,C00639,2025-12-03,delivered,Card,Standard,NONE,0,364.9,364.9,4,5.0
O002335,C01181,2025-04-03,delivered,Card,Standard,WELCOME10,10,241.31,217.18,4,5.0
O002336,C00435,2025-10-16,delivered,Card,Standard,WEEKEND10,10,132.82,119.54,5,4.6
O002337,C01704,2025-07-29,delivered,Cash,Standard,WELCOME10,10,219.9,197.91,5,4.0
O002338,C00892,2025-09-27,delivered,Card,Standard,NONE,0,783.45,783.45,3,4.6
O002339,C00085,2025-08-13,delivered,Card,Standard,SPORT15,15,49.9,42.41,4,4.2
O002340,C00912,2025-09-03,delivered,Apple Pay,Express,WELCOME10,10,208.91,188.02,1,4.6
O002341,C01021,2025-12-07,delivered,Apple Pay,Standard,NONE,0,594.62,594.62,5,4.4
O002342,C01694,2025-11-08,delivered,Card,Standard,NONE,0,367.71,367.71,4,4.5
O002343,C00670,2025-09-02,delivered,PayPal,Standard,NONE,0,197.91,197.91,4,3.9
O002344,C01400,2025-06-17,delivered,Card,Standard,NONE,0,219.9,219.9,4,4.4
O002345,C00118,2025-03-18,delivered,Card,Standard,WEEKEND10,10,384.31,345.88,4,4.5
O002346,C01172,2025-08-05,delivered,Apple Pay,Standard,NONE,0,194.9,194.9,5,4.2
O002347,C00879,2025-10-23,delivered,PayPal,Standard,WEEKEND10,10,349.9,314.91,6,3.7
O002348,C01810,2025-06-07,delivered,PayPal,Express,NONE,0,414.31,414.31,3,5.0
O002349,C01588,2025-08-28,delivered,Apple Pay,Standard,NONE,0,31.41,31.41,5,4.6
O002350,C00882,2025-06-23,delivered,Card,Standard,SPORT15,15,113.81,96.74,4,4.4
O002351,C01885,2025-07-05,delivered,Card,Standard,SPORT15,15,554.6,471.41,4,4.3
O002352,C01928,2025-06-22,delivered,Card,Pickup,WEEKEND10,10,106.82,96.14,4,4.2
O002353,C01231,2025-05-27,delivered,Card,Standard,NONE,0,669.7,669.7,4,4.0
O002354,C00793,2025-02-13,delivered,Apple Pay,Standard,WELCOME10,10,274.9,247.41,4,3.5
O002355,C00545,2025-10-31,delivered,PayPal,Standard,NONE,0,185.16,185.16,4,4.2
O002356,C01375,2025-06-07,returned,Card,Standard,WEEKEND10,10,426.3,383.67,4,2.6
O002357,C00007,2025-02-19,cancelled,Apple Pay,Standard,LOYAL20,20,62.91,50.33,,
O002358,C00110,2025-08-31,delivered,Cash,Standard,NONE,0,815.1,815.1,5,4.6
O002359,C01760,2025-10-25,delivered,Card,Standard,NONE,0,319.7,319.7,5,3.5
O002360,C01403,2025-04-04,delivered,PayPal,Standard,WELCOME10,10,144.9,130.41,5,4.5
O002361,C01634,2025-10-08,delivered,Card,Standard,NONE,0,69.9,69.9,4,4.2
O002362,C01166,2025-12-22,delivered,Card,Standard,NONE,0,1024.0,1024.0,3,4.2
O002363,C01548,2025-12-10,delivered,Card,Standard,WEEKEND10,10,71.16,64.04,2,4.3
O002364,C01490,2025-06-18,delivered,Card,Standard,NONE,0,204.8,204.8,3,5.0
O002365,C01903,2025-12-25,delivered,Card,Standard,NONE,0,279.21,279.21,5,3.6
O002366,C00157,2025-05-13,delivered,Card,Express,NONE,0,37.9,37.9,1,5.0
O002367,C00425,2025-04-27,delivered,Cash,Standard,NONE,0,396.31,396.31,5,4.4
O002368,C00135,2025-10-14,delivered,PayPal,Standard,NONE,0,579.7,579.7,6,3.8
O002369,C01983,2025-11-20,delivered,Card,Pickup,NONE,0,204.9,204.9,3,4.2
O002370,C01558,2025-09-28,delivered,Card,Standard,NONE,0,71.16,71.16,5,4.3
O002371,C01234,2025-09-25,delivered,Card,Standard,NONE,0,512.8,512.8,4,4.3
O002372,C00344,2025-12-06,delivered,Card,Express,NONE,0,653.52,653.52,3,5.0
O002373,C00801,2025-10-17,delivered,Card,Standard,NONE,0,66.41,66.41,3,4.7
O002374,C00123,2025-01-22,delivered,Apple Pay,Standard,WELCOME10,10,944.7,850.23,3,4.8
O002375,C00322,2025-11-25,delivered,Card,Standard,NONE,0,76.41,76.41,4,4.7
O002376,C00200,2025-09-10,delivered,Card,Standard,SPORT15,15,469.8,399.33,4,3.8
O002377,C00312,2025-09-12,delivered,Cash,Standard,WELCOME10,10,314.82,283.34,2,4.9
O002378,C00025,2025-06-19,delivered,Card,Express,WELCOME10,10,549.8,494.82,1,4.1
O002379,C00671,2025-11-10,delivered,Card,Express,NONE,0,329.8,329.8,3,4.1
O002380,C00235,2025-09-15,returned,PayPal,Standard,NONE,0,278.91,278.91,6,4.7
O002381,C00302,2025-09-09,delivered,Card,Standard,NONE,0,404.5,404.5,5,3.5
O002382,C01966,2025-12-22,delivered,Apple Pay,Pickup,SPORT15,15,644.7,548.0,3,4.3
O002383,C00854,2025-12-22,delivered,Card,Pickup,NONE,0,274.9,274.9,2,5.0
O002384,C01348,2025-03-14,delivered,Apple Pay,Express,NONE,0,323.31,323.31,4,3.6
O002385,C01991,2025-10-13,delivered,Card,Standard,NONE,0,128.16,128.16,4,4.6
O002386,C00394,2025-04-19,delivered,PayPal,Express,WELCOME10,10,934.7,841.23,1,5.0
O002387,C01686,2025-02-25,delivered,Cash,Standard,NONE,0,592.71,592.71,3,5.0
O002388,C00958,2025-01-05,delivered,Card,Standard,NONE,0,265.82,265.82,4,3.9
O002389,C01347,2025-03-01,delivered,Card,Pickup,WELCOME10,10,219.9,197.91,2,4.2
O002390,C01241,2025-04-27,delivered,Card,Standard,NONE,0,616.21,616.21,4,3.8
O002391,C00452,2025-06-22,delivered,Card,Express,NONE,0,299.6,299.6,1,4.8
O002392,C00131,2025-01-03,delivered,PayPal,Standard,WELCOME10,10,250.82,225.74,3,4.5
O002393,C01335,2025-12-15,cancelled,Apple Pay,Standard,NONE,0,37.9,37.9,,
O002394,C00954,2025-02-11,delivered,Apple Pay,Standard,NONE,0,409.8,409.8,4,4.0
O002395,C00838,2025-03-24,delivered,PayPal,Standard,SPORT15,15,201.81,171.54,3,3.3
O002396,C00026,2025-08-07,delivered,Cash,Standard,WEEKEND10,10,480.21,432.19,2,4.3
O002397,C00994,2025-08-02,delivered,PayPal,Standard,SPORT15,15,754.8,641.58,6,4.0
O002398,C01604,2025-12-16,delivered,Card,Express,NONE,0,554.31,554.31,2,5.0
O002399,C00803,2025-12-28,delivered,PayPal,Express,SPORT15,15,144.9,123.17,1,3.8
O002400,C00053,2025-05-11,delivered,PayPal,Standard,WEEKEND10,10,156.45,140.81,3,5.0
O002401,C01015,2025-06-27,delivered,PayPal,Standard,NONE,0,69.9,69.9,5,4.7
O002402,C00573,2025-03-10,delivered,Card,Standard,LOYAL20,20,438.95,351.16,5,3.6
O002403,C01606,2025-05-17,delivered,PayPal,Standard,WELCOME10,10,648.21,583.39,3,4.8
O002404,C00369,2025-09-24,delivered,PayPal,Standard,WEEKEND10,10,314.9,283.41,8,4.2
O002405,C01482,2025-02-14,delivered,Card,Pickup,NONE,0,139.41,139.41,1,4.8
O002406,C01604,2025-05-27,delivered,Cash,Standard,NONE,0,607.61,607.61,4,3.6
O002407,C01775,2025-07-26,delivered,Card,Standard,NONE,0,243.32,243.32,8,4.3
O002408,C01241,2025-07-21,delivered,Card,Express,WELCOME10,10,1099.4,989.46,3,4.6
O002409,C01512,2025-10-31,delivered,Card,Standard,NONE,0,582.01,582.01,3,3.6
O002410,C01775,2025-01-30,delivered,PayPal,Pickup,NONE,0,359.31,359.31,2,4.7
O002411,C00165,2025-12-21,delivered,Card,Standard,NONE,0,314.9,314.9,4,4.8
O002412,C00563,2025-09-20,delivered,Card,Standard,WEEKEND10,10,134.9,121.41,6,3.8
O002413,C00848,2025-08-06,returned,PayPal,Standard,WELCOME10,10,848.61,763.75,6,2.7
O002414,C00890,2025-10-08,returned,Card,Standard,NONE,0,204.8,204.8,3,2.9
O002415,C01821,2025-12-30,delivered,PayPal,Standard,NONE,0,132.91,132.91,7,4.1
O002416,C01542,2025-11-21,delivered,PayPal,Standard,NONE,0,154.9,154.9,8,3.8
O002417,C01460,2025-01-09,delivered,Card,Standard,NONE,0,154.9,154.9,2,4.9
O002418,C01858,2025-10-03,delivered,Apple Pay,Standard,NONE,0,1085.61,1085.61,4,5.0
O002419,C01102,2025-03-04,delivered,Cash,Express,NONE,0,189.9,189.9,4,4.4
O002420,C00108,2025-02-05,delivered,Apple Pay,Pickup,LOYAL20,20,549.02,439.22,1,4.8
O002421,C00898,2025-05-04,delivered,Card,Standard,NONE,0,219.9,219.9,2,4.5
O002422,C01058,2025-02-15,delivered,Card,Standard,SPORT15,15,144.9,123.17,5,4.2
O002423,C00835,2025-04-09,returned,PayPal,Express,NONE,0,89.8,89.8,5,4.1
O002424,C00035,2025-03-30,delivered,Card,Pickup,WELCOME10,10,668.71,601.84,1,4.3
O002425,C01185,2025-03-31,delivered,Apple Pay,Standard,SPORT15,15,64.8,55.08,3,4.4
O002426,C00899,2025-03-13,delivered,PayPal,Express,WELCOME10,10,324.9,292.41,1,5.0
O002427,C01763,2025-04-02,delivered,Card,Standard,SPORT15,15,900.71,765.6,2,4.2
O002428,C01980,2025-04-02,delivered,Card,Standard,NONE,0,749.8,749.8,4,5.0
O002429,C01510,2025-10-13,delivered,Card,Pickup,SPORT15,15,405.46,344.64,3,4.1
O002430,C01480,2025-05-19,delivered,Card,Pickup,WEEKEND10,10,455.51,409.96,1,5.0
O002431,C00937,2025-09-27,delivered,Card,Standard,SPORT15,15,774.6,658.41,5,4.5
O002432,C01711,2025-12-24,delivered,Card,Standard,SPORT15,15,479.05,407.19,4,4.4
O002433,C01057,2025-06-07,delivered,Card,Pickup,WELCOME10,10,328.41,295.57,1,3.2
O002434,C00565,2025-07-03,delivered,Cash,Standard,NONE,0,629.8,629.8,5,5.0
O002435,C00348,2025-01-27,cancelled,Card,Standard,NONE,0,184.41,184.41,,
O002436,C01258,2025-06-19,delivered,Cash,Standard,LOYAL20,20,34.9,27.92,4,5.0
O002437,C01737,2025-05-08,delivered,Card,Standard,NONE,0,207.31,207.31,5,4.5
O002438,C00661,2025-06-04,delivered,Card,Express,SPORT15,15,89.8,76.33,1,4.8
O002439,C01259,2025-10-27,returned,PayPal,Express,NONE,0,474.62,474.62,5,4.7
O002440,C01484,2025-11-19,delivered,Card,Standard,WELCOME10,10,125.82,113.24,1,4.8
O002441,C01799,2025-06-03,delivered,Apple Pay,Standard,NONE,0,428.56,428.56,4,4.3
O002442,C00570,2025-06-23,delivered,Card,Pickup,WEEKEND10,10,294.9,265.41,4,5.0
O002443,C00768,2025-10-03,delivered,Card,Standard,LOYAL20,20,204.8,163.84,6,4.5
O002444,C00554,2025-11-20,delivered,Card,Standard,NONE,0,814.6,814.6,8,4.2
O002445,C00412,2025-07-10,delivered,PayPal,Standard,NONE,0,492.21,492.21,9,3.3
O002446,C01354,2025-01-28,delivered,Apple Pay,Standard,NONE,0,359.6,359.6,5,4.6
O002447,C01343,2025-06-20,delivered,PayPal,Standard,NONE,0,220.81,220.81,4,4.7
O002448,C01052,2025-05-20,delivered,PayPal,Express,NONE,0,455.21,455.21,2,4.2
O002449,C01624,2025-03-23,delivered,Cash,Standard,WELCOME10,10,369.71,332.74,5,4.7
O002450,C01763,2025-06-15,delivered,Apple Pay,Standard,NONE,0,1157.0,1157.0,7,3.4
O002451,C00402,2025-05-23,cancelled,Card,Standard,NONE,0,74.9,74.9,,
O002452,C01995,2025-09-22,delivered,Apple Pay,Pickup,NONE,0,319.7,319.7,1,4.3
O002453,C00759,2025-08-04,delivered,Apple Pay,Standard,NONE,0,597.61,597.61,3,4.3
O002454,C00775,2025-02-09,cancelled,Cash,Standard,NONE,0,404.31,404.31,,
O002455,C00943,2025-02-06,delivered,Cash,Express,NONE,0,370.32,370.32,3,4.2
O002456,C00778,2025-05-26,delivered,Card,Standard,NONE,0,84.9,84.9,4,4.0
O002457,C00290,2025-04-24,delivered,Card,Standard,WEEKEND10,10,308.81,277.93,5,3.8
O002458,C00835,2025-01-02,delivered,PayPal,Standard,WEEKEND10,10,179.8,161.82,3,3.9
O002459,C00120,2025-12-06,cancelled,PayPal,Express,SPORT15,15,604.1,513.49,,
O002460,C00143,2025-05-28,delivered,PayPal,Standard,NONE,0,557.82,557.82,5,4.7
O002461,C00261,2025-10-21,delivered,Card,Standard,NONE,0,169.9,169.9,3,4.5
O002462,C01969,2025-05-06,delivered,Card,Standard,SPORT15,15,105.81,89.94,5,4.1
O002463,C01369,2025-12-04,delivered,Apple Pay,Express,NONE,0,467.61,467.61,1,4.3
O002464,C00830,2025-07-22,delivered,Card,Express,NONE,0,653.22,653.22,2,5.0
O002465,C00808,2025-02-16,delivered,PayPal,Express,NONE,0,265.82,265.82,2,4.4
O002466,C00958,2025-10-03,delivered,Card,Express,SPORT15,15,344.3,292.66,2,2.9
O002467,C00350,2025-07-28,delivered,Card,Standard,NONE,0,1135.61,1135.61,2,4.2
O002468,C01703,2025-03-30,delivered,Card,Standard,WEEKEND10,10,850.71,765.64,3,4.2
O002469,C00348,2025-12-07,delivered,PayPal,Standard,NONE,0,132.82,132.82,7,3.2
O002470,C01885,2025-11-21,delivered,Cash,Standard,NONE,0,639.13,639.13,6,5.0
O002471,C01002,2025-05-05,delivered,PayPal,Standard,NONE,0,128.16,128.16,5,4.3
O002472,C00583,2025-03-05,delivered,PayPal,Standard,WELCOME10,10,624.6,562.14,4,4.8
O002473,C01261,2025-05-15,delivered,Card,Pickup,NONE,0,1171.31,1171.31,2,5.0
O002474,C00391,2025-03-08,delivered,Card,Standard,NONE,0,137.05,137.05,4,5.0
O002475,C00929,2025-06-04,delivered,PayPal,Standard,WELCOME10,10,42.65,38.38,4,4.7
O002476,C01501,2025-08-01,delivered,Card,Standard,NONE,0,147.16,147.16,7,4.4
O002477,C01213,2025-04-30,delivered,Card,Pickup,WELCOME10,10,292.41,263.17,1,5.0
O002478,C00915,2025-11-10,delivered,Card,Express,NONE,0,254.7,254.7,2,3.9
O002479,C01526,2025-07-10,delivered,Card,Standard,LOYAL20,20,44.9,35.92,3,4.1
O002480,C01601,2025-06-16,delivered,Card,Standard,WEEKEND10,10,869.7,782.73,4,4.9
O002481,C00260,2025-10-28,delivered,Cash,Standard,NONE,0,454.8,454.8,4,5.0
O002482,C01402,2025-01-16,delivered,Apple Pay,Standard,NONE,0,565.71,565.71,3,4.4
O002483,C01878,2025-11-08,delivered,Card,Standard,WELCOME10,10,369.9,332.91,5,4.0
O002484,C01949,2025-06-15,delivered,PayPal,Express,NONE,0,54.9,54.9,1,5.0
O002485,C00416,2025-05-01,cancelled,Card,Pickup,NONE,0,40.41,40.41,,
O002486,C00428,2025-05-27,delivered,Card,Standard,NONE,0,767.11,767.11,6,3.8
O002487,C01594,2025-08-27,delivered,PayPal,Express,NONE,0,664.71,664.71,1,4.8
O002488,C01035,2025-12-07,delivered,Card,Standard,NONE,0,34.9,34.9,4,4.4
O002489,C01330,2025-11-05,delivered,Card,Standard,NONE,0,1221.79,1221.79,4,4.1
O002490,C00565,2025-10-09,delivered,PayPal,Express,NONE,0,1418.43,1418.43,1,4.4
O002491,C00422,2025-08-09,delivered,PayPal,Standard,NONE,0,205.31,205.31,7,4.2
O002492,C01244,2025-04-28,delivered,Card,Pickup,NONE,0,519.8,519.8,1,4.0
O002493,C01441,2025-12-11,delivered,PayPal,Standard,WELCOME10,10,144.9,130.41,3,3.1
O002494,C01784,2025-09-15,delivered,Card,Standard,WEEKEND10,10,609.11,548.2,4,3.7
O002495,C01880,2025-10-22,delivered,Card,Standard,NONE,0,509.7,509.7,1,4.5
O002496,C01037,2025-10-02,delivered,Cash,Standard,WEEKEND10,10,139.9,125.91,4,3.9
O002497,C00779,2025-10-01,delivered,Card,Standard,NONE,0,74.06,74.06,5,4.3
O002498,C01440,2025-11-17,delivered,Card,Standard,LOYAL20,20,314.9,251.92,5,5.0
O002499,C00745,2025-06-17,delivered,Card,Pickup,WELCOME10,10,71.91,64.72,2,4.4
O002500,C01731,2025-06-08,delivered,Card,Standard,NONE,0,404.7,404.7,3,5.0
O002501,C01225,2025-10-24,delivered,Apple Pay,Express,NONE,0,323.73,323.73,1,4.2
O002502,C00852,2025-06-25,delivered,Apple Pay,Express,NONE,0,582.72,582.72,3,3.8
O002503,C01899,2025-06-23,delivered,Card,Express,WELCOME10,10,426.21,383.59,1,4.0
O002504,C00705,2025-06-29,delivered,Card,Standard,WELCOME10,10,620.36,558.32,5,4.4
O002505,C00662,2025-10-09,delivered,Cash,Standard,WEEKEND10,10,80.82,72.74,5,4.0
O002506,C00411,2025-01-23,delivered,Apple Pay,Standard,NONE,0,746.52,746.52,5,4.0
O002507,C01282,2025-12-31,delivered,Card,Express,NONE,0,341.31,341.31,1,4.1
O002508,C00854,2025-11-14,delivered,Apple Pay,Pickup,NONE,0,69.9,69.9,4,5.0
O002509,C00923,2025-06-06,delivered,PayPal,Standard,NONE,0,69.9,69.9,6,4.7
O002510,C00931,2025-12-26,delivered,Card,Standard,NONE,0,864.03,864.03,6,4.1
O002511,C00399,2025-01-11,cancelled,Card,Standard,NONE,0,66.41,66.41,,
O002512,C01676,2025-09-20,delivered,Cash,Express,NONE,0,109.8,109.8,1,3.6
O002513,C00292,2025-01-04,delivered,PayPal,Express,SPORT15,15,371.31,315.61,4,4.4
O002514,C01213,2025-09-02,delivered,Card,Pickup,WEEKEND10,10,657.36,591.62,5,5.0
O002515,C00635,2025-04-26,delivered,Card,Express,SPORT15,15,891.53,757.8,3,3.5
O002516,C00244,2025-02-10,delivered,Card,Express,WEEKEND10,10,71.91,64.72,5,3.7
O002517,C00041,2025-01-03,delivered,PayPal,Pickup,NONE,0,439.8,439.8,3,4.3
O002518,C01279,2025-06-03,delivered,Card,Standard,NONE,0,66.3,66.3,5,4.4
O002519,C00932,2025-08-13,delivered,Card,Standard,SPORT15,15,766.01,651.11,3,4.5
O002520,C00416,2025-06-04,delivered,Card,Standard,SPORT15,15,161.32,137.12,1,5.0
O002521,C01890,2025-11-27,delivered,Apple Pay,Standard,SPORT15,15,464.7,395.0,4,5.0
O002522,C00587,2025-05-01,delivered,PayPal,Standard,SPORT15,15,299.15,254.28,4,4.2
O002523,C01346,2025-04-02,delivered,Card,Pickup,SPORT15,15,309.8,263.33,1,4.9
O002524,C00886,2025-10-13,cancelled,Apple Pay,Standard,NONE,0,652.71,652.71,,
O002525,C00306,2025-06-05,delivered,PayPal,Standard,NONE,0,439.7,439.7,5,3.7
O002526,C00549,2025-09-27,delivered,Card,Standard,LOYAL20,20,674.82,539.86,6,5.0
O002527,C00409,2025-07-02,delivered,PayPal,Standard,WELCOME10,10,454.8,409.32,4,4.2
O002528,C00059,2025-03-09,delivered,Card,Express,NONE,0,337.55,337.55,1,3.9
O002529,C00342,2025-03-26,delivered,Card,Standard,NONE,0,79.9,79.9,3,3.8
O002530,C01248,2025-11-29,delivered,PayPal,Standard,SPORT15,15,244.6,207.91,4,5.0
O002531,C01818,2025-11-23,delivered,Apple Pay,Standard,WELCOME10,10,631.47,568.32,2,4.3
O002532,C01717,2025-12-04,delivered,Cash,Standard,NONE,0,124.31,124.31,2,4.9
O002533,C00450,2025-08-14,delivered,PayPal,Express,SPORT15,15,494.8,420.58,1,3.9
O002534,C00746,2025-10-15,delivered,PayPal,Standard,WELCOME10,10,99.9,89.91,3,5.0
O002535,C01411,2025-09-01,delivered,PayPal,Pickup,SPORT15,15,1662.9,1413.47,1,5.0
O002536,C00361,2025-11-12,delivered,PayPal,Pickup,WEEKEND10,10,74.9,67.41,2,4.3
O002537,C00751,2025-01-16,delivered,PayPal,Standard,SPORT15,15,340.46,289.39,6,4.4
O002538,C01277,2025-10-08,delivered,Cash,Standard,WELCOME10,10,149.7,134.73,2,4.3
O002539,C00338,2025-12-06,delivered,Card,Standard,NONE,0,314.9,314.9,3,4.3
O002540,C01253,2025-12-10,cancelled,Card,Standard,WEEKEND10,10,719.7,647.73,,
O002541,C00370,2025-12-12,delivered,Card,Standard,SPORT15,15,379.7,322.75,7,4.4
O002542,C01636,2025-06-21,delivered,Card,Express,WELCOME10,10,84.9,76.41,3,4.7
O002543,C00212,2025-06-11,delivered,Apple Pay,Express,WEEKEND10,10,130.32,117.29,2,4.5
O002544,C01864,2025-09-28,delivered,Card,Standard,NONE,0,1093.63,1093.63,6,4.1
O002545,C00333,2025-10-01,delivered,Cash,Standard,LOYAL20,20,380.85,304.68,3,5.0
O002546,C01857,2025-10-26,cancelled,Card,Standard,NONE,0,635.22,635.22,,
O002547,C01502,2025-11-13,delivered,Card,Express,NONE,0,189.72,189.72,3,4.5
O002548,C01098,2025-05-26,delivered,Card,Express,WELCOME10,10,1089.25,980.33,3,4.0
O002549,C00213,2025-12-08,delivered,Card,Standard,NONE,0,407.73,407.73,2,4.8
O002550,C00124,2025-06-24,delivered,Card,Standard,NONE,0,444.05,444.05,5,4.0
O002551,C01555,2025-12-08,delivered,Cash,Pickup,WELCOME10,10,1181.91,1063.72,4,4.3
O002552,C00293,2025-11-26,delivered,Card,Standard,NONE,0,39.8,39.8,2,3.6
O002553,C00313,2025-05-17,delivered,Card,Standard,NONE,0,698.46,698.46,5,3.9
O002554,C01305,2025-06-03,delivered,Card,Standard,WELCOME10,10,454.7,409.23,4,3.8
O002555,C00428,2025-06-21,returned,PayPal,Standard,NONE,0,134.8,134.8,6,1.9
O002556,C01912,2025-05-24,delivered,Card,Standard,NONE,0,413.04,413.04,3,4.3
O002557,C01157,2025-12-15,delivered,Card,Express,NONE,0,242.71,242.71,2,4.3
O002558,C01652,2025-12-23,delivered,Card,Express,SPORT15,15,827.72,703.56,4,4.7
O002559,C01547,2025-02-08,delivered,PayPal,Express,NONE,0,516.22,516.22,3,4.6
O002560,C01520,2025-04-17,delivered,Card,Standard,SPORT15,15,444.8,378.08,3,4.5
O002561,C01583,2025-06-03,delivered,Apple Pay,Standard,NONE,0,939.54,939.54,5,4.2
O002562,C00601,2025-07-31,delivered,Card,Express,WELCOME10,10,350.05,315.05,1,4.4
O002563,C01696,2025-12-07,delivered,Card,Standard,NONE,0,54.9,54.9,3,3.7
O002564,C01650,2025-07-02,delivered,PayPal,Express,LOYAL20,20,40.41,32.33,1,3.5
O002565,C00220,2025-10-01,delivered,Card,Standard,NONE,0,42.65,42.65,5,3.7
O002566,C01518,2025-04-24,delivered,PayPal,Pickup,NONE,0,69.9,69.9,1,4.6
O002567,C00489,2025-10-22,delivered,PayPal,Standard,NONE,0,588.71,588.71,4,5.0
O002568,C01176,2025-05-14,delivered,Card,Standard,NONE,0,169.81,169.81,8,3.8
O002569,C01210,2025-08-27,delivered,Card,Standard,NONE,0,1283.01,1283.01,5,3.7
O002570,C00636,2025-12-07,cancelled,PayPal,Standard,SPORT15,15,279.8,237.83,,
O002571,C00991,2025-10-10,delivered,Cash,Standard,LOYAL20,20,314.9,251.92,5,4.6
O002572,C00892,2025-03-25,delivered,Apple Pay,Standard,SPORT15,15,328.41,279.15,4,4.8
O002573,C00661,2025-07-19,delivered,Cash,Pickup,WEEKEND10,10,69.9,62.91,2,4.8
O002574,C00665,2025-04-17,delivered,Card,Express,SPORT15,15,204.8,174.08,1,4.2
O002575,C00283,2025-06-22,delivered,PayPal,Standard,NONE,0,971.91,971.91,5,5.0
O002576,C01253,2025-07-28,delivered,Card,Standard,LOYAL20,20,479.8,383.84,4,4.5
O002577,C00741,2025-06-28,delivered,Card,Standard,WELCOME10,10,39.9,35.91,5,5.0
O002578,C00977,2025-07-30,delivered,Card,Standard,LOYAL20,20,354.8,283.84,7,3.8
O002579,C00431,2025-04-04,delivered,Card,Standard,SPORT15,15,314.9,267.66,3,4.6
O002580,C01673,2025-06-27,delivered,Card,Express,WEEKEND10,10,296.31,266.68,2,4.0
O002581,C00470,2025-09-23,returned,Apple Pay,Standard,NONE,0,1349.37,1349.37,3,3.4
O002582,C01603,2025-04-01,delivered,Card,Standard,SPORT15,15,39.9,33.91,6,4.0
O002583,C01097,2025-05-07,delivered,Cash,Standard,NONE,0,329.7,329.7,6,4.0
O002584,C01177,2025-10-30,delivered,Card,Standard,SPORT15,15,481.2,409.02,4,4.7
O002585,C00675,2025-10-01,delivered,Apple Pay,Express,NONE,0,49.41,49.41,4,5.0
O002586,C01529,2025-01-29,delivered,Card,Express,NONE,0,384.9,384.9,3,3.6
O002587,C01251,2025-08-04,delivered,Cash,Express,SPORT15,15,84.9,72.17,3,5.0
O002588,C01395,2025-12-20,delivered,PayPal,Standard,LOYAL20,20,395.01,316.01,7,3.6
O002589,C01074,2025-04-08,delivered,Card,Standard,WELCOME10,10,362.81,326.53,3,4.6
O002590,C01440,2025-08-23,cancelled,PayPal,Express,LOYAL20,20,428.31,342.65,,
O002591,C00756,2025-08-18,delivered,Card,Pickup,NONE,0,624.03,624.03,2,3.9
O002592,C01329,2025-12-31,delivered,Card,Standard,WEEKEND10,10,159.8,143.82,4,4.0
O002593,C00108,2025-09-21,delivered,PayPal,Express,WEEKEND10,10,367.32,330.59,3,3.8
O002594,C00921,2025-10-21,delivered,PayPal,Standard,NONE,0,627.47,627.47,7,3.5
O002595,C01670,2025-12-04,delivered,Card,Pickup,WEEKEND10,10,121.06,108.95,1,4.3
O002596,C00378,2025-09-11,delivered,Apple Pay,Standard,NONE,0,487.54,487.54,4,4.3
O002597,C00642,2025-10-09,delivered,Card,Standard,NONE,0,249.8,249.8,5,4.1
O002598,C01163,2025-10-29,delivered,Apple Pay,Standard,NONE,0,134.9,134.9,6,4.3
O002599,C01055,2025-07-31,delivered,Card,Standard,NONE,0,531.8,531.8,4,4.2
O002600,C00248,2025-09-04,delivered,Card,Standard,NONE,0,34.9,34.9,5,3.4
O002601,C00009,2025-09-15,delivered,Card,Standard,LOYAL20,20,84.9,67.92,5,4.7
O002602,C00540,2025-11-17,delivered,Card,Standard,NONE,0,121.41,121.41,3,4.5
O002603,C00276,2025-11-21,delivered,Card,Standard,LOYAL20,20,1000.28,800.22,3,4.1
O002604,C01077,2025-07-26,delivered,Apple Pay,Express,WEEKEND10,10,292.41,263.17,2,4.3
O002605,C01119,2025-07-17,delivered,Card,Standard,LOYAL20,20,67.41,53.93,6,4.5
O002606,C01790,2025-09-01,delivered,PayPal,Standard,NONE,0,47.4,47.4,6,4.6
O002607,C00789,2025-01-13,delivered,Card,Standard,WEEKEND10,10,525.72,473.15,4,5.0
O002608,C00101,2025-06-07,delivered,PayPal,Pickup,SPORT15,15,34.9,29.66,1,3.8
O002609,C01587,2025-04-24,delivered,Card,Standard,NONE,0,319.31,319.31,1,4.5
O002610,C01323,2025-12-22,delivered,Card,Pickup,SPORT15,15,144.9,123.17,1,3.4
O002611,C01402,2025-01-21,delivered,Cash,Standard,NONE,0,215.82,215.82,2,3.9
O002612,C01312,2025-10-09,delivered,Card,Standard,NONE,0,161.82,161.82,3,4.1
O002613,C00886,2025-09-14,delivered,Cash,Standard,WEEKEND10,10,99.8,89.82,5,3.9
O002614,C01275,2025-02-04,delivered,Card,Standard,SPORT15,15,365.56,310.73,7,4.2
O002615,C00716,2025-05-26,cancelled,Card,Express,SPORT15,15,339.8,288.83,,
O002616,C01485,2025-04-16,delivered,PayPal,Standard,NONE,0,499.5,499.5,4,4.7
O002617,C00864,2025-06-01,delivered,Apple Pay,Standard,WEEKEND10,10,344.8,310.32,4,3.9
O002618,C01586,2025-02-11,delivered,Card,Standard,NONE,0,790.77,790.77,4,4.4
O002619,C00112,2025-05-17,delivered,Cash,Pickup,WELCOME10,10,462.06,415.85,3,4.3
O002620,C01067,2025-05-15,delivered,Card,Standard,WEEKEND10,10,577.21,519.49,5,4.7
O002621,C01355,2025-02-01,delivered,PayPal,Express,LOYAL20,20,402.72,322.18,3,4.3
O002622,C01975,2025-06-09,delivered,Cash,Pickup,NONE,0,463.32,463.32,1,4.3
O002623,C00553,2025-07-28,delivered,PayPal,Standard,LOYAL20,20,308.65,246.92,5,5.0
O002624,C01252,2025-07-22,delivered,Card,Express,NONE,0,964.6,964.6,1,4.2
O002625,C00941,2025-03-29,cancelled,Apple Pay,Express,NONE,0,494.8,494.8,,
O002626,C01920,2025-10-29,delivered,Cash,Standard,NONE,0,649.8,649.8,3,5.0
O002627,C01320,2025-12-12,delivered,Card,Express,NONE,0,1022.02,1022.02,2,5.0
O002628,C00610,2025-09-21,delivered,PayPal,Standard,WEEKEND10,10,849.6,764.64,4,5.0
O002629,C00966,2025-06-02,delivered,Card,Standard,NONE,0,496.01,496.01,6,3.8
O002630,C00520,2025-08-29,delivered,Card,Pickup,WEEKEND10,10,836.73,753.06,2,4.9
O002631,C01661,2025-01-07,delivered,Apple Pay,Pickup,NONE,0,882.71,882.71,3,4.0
O002632,C01550,2025-04-23,delivered,Card,Standard,NONE,0,37.9,37.9,2,4.1
O002633,C01981,2025-07-05,delivered,Card,Standard,WEEKEND10,10,473.95,426.56,5,3.9
O002634,C01906,2025-06-05,delivered,Card,Pickup,LOYAL20,20,245.71,196.57,1,5.0
O002635,C00229,2025-02-05,delivered,Card,Standard,NONE,0,49.9,49.9,5,4.9
O002636,C00027,2025-06-14,delivered,Card,Express,WEEKEND10,10,49.9,44.91,1,4.5
O002637,C01445,2025-10-06,delivered,Card,Express,NONE,0,269.9,269.9,3,4.2
O002638,C00010,2025-12-20,cancelled,Card,Express,NONE,0,224.73,224.73,,
O002639,C00135,2025-07-04,cancelled,Card,Express,NONE,0,197.82,197.82,,
O002640,C00821,2025-11-11,delivered,Card,Express,NONE,0,198.72,198.72,1,5.0
O002641,C01936,2025-11-08,cancelled,Card,Standard,NONE,0,1186.91,1186.91,,
O002642,C00093,2025-01-11,delivered,Card,Standard,NONE,0,170.72,170.72,5,4.6
O002643,C00437,2025-12-17,delivered,Card,Express,NONE,0,222.86,222.86,3,4.3
O002644,C01914,2025-11-01,returned,Card,Pickup,NONE,0,810.95,810.95,4,3.9
O002645,C01245,2025-06-05,delivered,PayPal,Express,NONE,0,629.21,629.21,3,4.4
O002646,C00893,2025-12-18,delivered,Cash,Standard,NONE,0,349.9,349.9,4,4.6
O002647,C01816,2025-12-10,returned,Card,Standard,NONE,0,188.73,188.73,1,3.6
O002648,C01069,2025-12-27,delivered,Cash,Standard,NONE,0,39.9,39.9,2,4.5
O002649,C01830,2025-10-18,delivered,PayPal,Standard,WELCOME10,10,294.9,265.41,3,3.7
O002650,C00077,2025-11-29,delivered,Card,Pickup,NONE,0,581.51,581.51,2,4.3
O002651,C00934,2025-12-28,delivered,Card,Standard,NONE,0,475.62,475.62,4,4.4
O002652,C01077,2025-01-11,delivered,Card,Pickup,WEEKEND10,10,778.04,700.24,1,4.2
O002653,C00127,2025-07-03,delivered,Card,Standard,WELCOME10,10,239.9,215.91,6,4.8
O002654,C01299,2025-09-15,delivered,Card,Standard,WEEKEND10,10,274.32,246.89,5,4.7
O002655,C00280,2025-03-11,delivered,Card,Pickup,NONE,0,298.7,298.7,2,4.6
O002656,C01254,2025-02-06,delivered,Card,Pickup,NONE,0,802.51,802.51,2,5.0
O002657,C01771,2025-07-06,delivered,Apple Pay,Express,NONE,0,144.9,144.9,4,3.2
O002658,C01001,2025-04-04,delivered,Card,Express,NONE,0,69.9,69.9,1,3.9
O002659,C00764,2025-10-28,delivered,Card,Standard,NONE,0,327.61,327.61,4,5.0
O002660,C00561,2025-06-23,delivered,Apple Pay,Standard,SPORT15,15,401.31,341.11,6,4.1
O002661,C01370,2025-12-21,delivered,Apple Pay,Pickup,NONE,0,407.81,407.81,1,4.6
O002662,C01318,2025-01-28,delivered,Card,Standard,WELCOME10,10,282.25,254.03,2,4.6
O002663,C01274,2025-05-09,delivered,Card,Standard,WELCOME10,10,474.63,427.17,6,4.4
O002664,C00954,2025-09-03,delivered,Card,Standard,NONE,0,34.9,34.9,3,5.0
O002665,C01530,2025-08-28,delivered,Card,Standard,NONE,0,152.82,152.82,4,4.5
O002666,C01519,2025-05-15,cancelled,Apple Pay,Standard,SPORT15,15,484.8,412.08,,
O002667,C00533,2025-11-12,delivered,Card,Pickup,WEEKEND10,10,274.8,247.32,1,4.4
O002668,C01568,2025-10-07,delivered,Apple Pay,Standard,WELCOME10,10,227.91,205.12,4,4.1
O002669,C01694,2025-06-21,delivered,Card,Standard,NONE,0,658.28,658.28,3,4.2
O002670,C00640,2025-06-23,delivered,Card,Standard,NONE,0,712.11,712.11,7,3.8
O002671,C01305,2025-05-22,delivered,Apple Pay,Standard,NONE,0,85.41,85.41,4,4.1
O002672,C00439,2025-11-01,delivered,Card,Express,WELCOME10,10,251.14,226.03,1,3.8
O002673,C00222,2025-10-25,delivered,Card,Standard,NONE,0,39.9,39.9,4,4.3
O002674,C01395,2025-07-12,delivered,Apple Pay,Express,NONE,0,634.8,634.8,1,4.5
O002675,C01759,2025-10-27,delivered,Cash,Standard,WELCOME10,10,67.41,60.67,4,5.0
O002676,C00040,2025-04-05,delivered,Card,Standard,LOYAL20,20,99.9,79.92,6,4.4
O002677,C00839,2025-05-08,delivered,Cash,Standard,NONE,0,99.9,99.9,4,4.0
O002678,C01912,2025-04-06,delivered,Card,Standard,SPORT15,15,584.7,497.0,4,3.7
O002679,C01806,2025-02-18,delivered,PayPal,Standard,WELCOME10,10,44.9,40.41,6,4.1
O002680,C01931,2025-11-12,delivered,Card,Express,WEEKEND10,10,99.9,89.91,2,4.3
O002681,C00560,2025-12-27,cancelled,Cash,Standard,WEEKEND10,10,322.54,290.29,,
O002682,C01529,2025-03-06,delivered,Card,Standard,NONE,0,129.8,129.8,4,4.7
O002683,C00802,2025-12-25,delivered,Card,Standard,SPORT15,15,651.05,553.39,4,5.0
O002684,C00197,2025-07-10,delivered,Card,Standard,NONE,0,342.72,342.72,2,4.4
O002685,C01924,2025-06-24,delivered,Card,Standard,NONE,0,669.46,669.46,3,4.3
O002686,C01214,2025-06-15,delivered,Card,Express,NONE,0,239.8,239.8,2,3.3
O002687,C00319,2025-11-01,delivered,Card,Standard,NONE,0,594.8,594.8,5,4.5
O002688,C00174,2025-05-28,delivered,Card,Standard,WELCOME10,10,535.62,482.06,5,3.8
O002689,C01874,2025-12-01,delivered,Card,Standard,NONE,0,1001.78,1001.78,4,5.0
O002690,C01908,2025-12-24,delivered,Apple Pay,Standard,NONE,0,1161.9,1161.9,6,3.8
O002691,C01199,2025-03-27,cancelled,Card,Standard,NONE,0,399.61,399.61,,
O002692,C01985,2025-07-14,delivered,Card,Express,NONE,0,79.9,79.9,3,4.5
O002693,C01472,2025-11-23,delivered,,Express,WELCOME10,10,727.71,654.94,1,4.3
O002694,C01087,2025-10-18,delivered,PayPal,Standard,WELCOME10,10,309.9,278.91,5,4.7
O002695,C01851,2025-07-10,delivered,Card,Express,WELCOME10,10,219.9,197.91,2,5.0
O002696,C01669,2025-08-19,delivered,Card,Standard,NONE,0,224.8,224.8,5,4.6
O002697,C01298,2025-12-22,delivered,Cash,Standard,NONE,0,84.9,84.9,3,4.6
O002698,C00862,2025-05-09,delivered,Card,Express,NONE,0,170.91,170.91,1,5.0
O002699,C00298,2025-11-24,delivered,Card,Pickup,NONE,0,1436.52,1436.52,1,4.7
O002700,C00878,2025-04-10,delivered,Card,Pickup,WEEKEND10,10,285.63,257.07,1,5.0
O002701,C00849,2025-05-17,delivered,Apple Pay,Standard,NONE,0,604.22,604.22,3,5.0
O002702,C01806,2025-12-05,delivered,Cash,Express,NONE,0,69.9,69.9,2,5.0
O002703,C01066,2025-12-19,cancelled,Cash,Standard,NONE,0,174.9,174.9,,
O002704,C01934,2025-05-13,delivered,PayPal,Pickup,WEEKEND10,10,149.8,134.82,2,4.2
O002705,C01362,2025-11-03,delivered,Card,Standard,WELCOME10,10,409.8,368.82,6,5.0
O002706,C01871,2025-07-26,delivered,Card,Standard,SPORT15,15,69.9,59.42,4,5.0
O002707,C00541,2025-07-16,delivered,Card,Standard,NONE,0,69.9,69.9,7,3.5
O002708,C01442,2025-06-13,delivered,PayPal,Express,SPORT15,15,441.71,375.45,3,4.6
O002709,C00877,2025-03-11,delivered,Card,Standard,SPORT15,15,184.41,156.75,4,4.0
O002710,C01657,2025-04-07,delivered,Apple Pay,Express,NONE,0,269.9,269.9,3,4.8
O002711,C00935,2025-08-19,cancelled,Apple Pay,Pickup,WEEKEND10,10,636.55,572.89,,
O002712,C01573,2025-04-29,delivered,PayPal,Standard,NONE,0,357.81,357.81,4,4.7
O002713,C01281,2025-11-05,delivered,Card,Standard,NONE,0,154.8,154.8,2,4.8
O002714,C01600,2025-02-28,delivered,Apple Pay,Pickup,NONE,0,809.7,809.7,2,4.7
O002715,C00941,2025-09-19,delivered,Cash,Pickup,SPORT15,15,861.72,732.46,3,5.0
O002716,C01402,2025-08-11,delivered,Card,Standard,WEEKEND10,10,464.8,418.32,4,5.0
O002717,C01078,2025-11-17,delivered,Apple Pay,Pickup,WEEKEND10,10,416.32,374.69,1,3.8
O002718,C00671,2025-02-09,delivered,Card,Express,WEEKEND10,10,369.9,332.91,1,4.2
O002719,C00794,2025-10-13,delivered,PayPal,Express,LOYAL20,20,119.8,95.84,2,4.2
O002720,C01859,2025-10-15,delivered,PayPal,Pickup,NONE,0,1409.6,1409.6,1,4.8
O002721,C00236,2025-02-25,delivered,Card,Standard,NONE,0,161.31,161.31,4,4.7
O002722,C01093,2025-06-15,cancelled,Card,Standard,NONE,0,204.9,204.9,,
O002723,C00966,2025-07-01,returned,Card,Standard,NONE,0,1179.6,1179.6,4,2.5
O002724,C00971,2025-09-01,delivered,Card,Express,SPORT15,15,443.88,377.3,3,4.7
O002725,C00353,2025-08-08,cancelled,PayPal,Standard,LOYAL20,20,194.9,155.92,,
O002726,C01685,2025-02-22,delivered,Card,Express,NONE,0,208.91,208.91,1,3.1
O002727,C00160,2025-11-19,delivered,Card,Express,WELCOME10,10,364.7,328.23,1,4.1
O002728,C00141,2025-03-29,delivered,Apple Pay,Standard,SPORT15,15,616.62,524.13,5,5.0
O002729,C01226,2025-06-06,delivered,Card,Standard,NONE,0,232.81,232.81,4,5.0
O002730,C00404,2025-07-26,delivered,Card,Standard,WELCOME10,10,152.91,137.62,4,4.4
O002731,C01398,2025-02-15,delivered,Cash,Express,SPORT15,15,389.7,331.25,2,5.0
O002732,C01659,2025-12-19,returned,Card,Pickup,NONE,0,188.72,188.72,4,3.2
O002733,C00180,2025-05-02,delivered,Cash,Standard,NONE,0,562.31,562.31,3,4.2
O002734,C00247,2025-07-15,delivered,Card,Standard,LOYAL20,20,794.6,635.68,4,4.5
O002735,C01218,2025-04-20,delivered,Card,Standard,WEEKEND10,10,294.9,265.41,4,5.0
O002736,C01189,2025-01-07,delivered,PayPal,Standard,WELCOME10,10,199.8,179.82,4,4.5
O002737,C01175,2025-01-26,delivered,Card,Standard,SPORT15,15,314.9,267.66,3,4.3
O002738,C00537,2025-12-04,delivered,Card,Standard,NONE,0,309.31,309.31,3,4.0
O002739,C01565,2025-03-04,delivered,Cash,Standard,SPORT15,15,1109.7,943.25,3,5.0
O002740,C01835,2025-04-17,delivered,PayPal,Standard,WELCOME10,10,642.71,578.44,5,4.4
O002741,C01377,2025-01-07,delivered,Card,Standard,NONE,0,237.07,237.07,5,5.0
O002742,C01914,2025-07-25,cancelled,Card,Express,WEEKEND10,10,217.7,195.93,,
O002743,C01151,2025-07-05,delivered,Card,Standard,NONE,0,256.22,256.22,6,4.2
O002744,C00106,2025-11-10,delivered,Card,Standard,NONE,0,856.87,856.87,3,4.7
O002745,C01742,2025-04-18,delivered,Card,Standard,LOYAL20,20,456.21,364.97,4,4.6
O002746,C01081,2025-10-08,delivered,Card,Standard,LOYAL20,20,308.65,246.92,6,3.9
O002747,C01476,2025-07-27,delivered,Card,Express,NONE,0,39.9,39.9,2,3.8
O002748,C00647,2025-02-25,delivered,Apple Pay,Standard,NONE,0,494.05,494.05,4,5.0
O002749,C00266,2025-12-16,delivered,PayPal,Standard,SPORT15,15,278.91,237.07,4,4.3
O002750,C00463,2025-09-15,delivered,Card,Standard,LOYAL20,20,764.38,611.5,4,3.4
O002751,C00586,2025-09-12,cancelled,Apple Pay,Standard,WELCOME10,10,144.8,130.32,,
O002752,C01395,2025-04-17,cancelled,Card,Pickup,NONE,0,274.9,274.9,,
O002753,C01857,2025-12-11,delivered,Card,Standard,NONE,0,151.91,151.91,3,4.9
O002754,C01607,2025-11-03,delivered,Card,Express,NONE,0,139.8,139.8,2,4.5
O002755,C01708,2025-02-16,delivered,Cash,Express,WELCOME10,10,256.23,230.61,1,4.7
O002756,C01157,2025-10-15,delivered,Card,Standard,WELCOME10,10,169.9,152.91,2,4.1
O002757,C01623,2025-10-14,delivered,Card,Express,WELCOME10,10,62.91,56.62,1,5.0
O002758,C01265,2025-03-31,delivered,Card,Pickup,NONE,0,294.4,294.4,2,5.0
O002759,C00695,2025-07-26,delivered,Card,Express,WELCOME10,10,292.41,263.17,1,4.8
O002760,C00370,2025-07-01,returned,Card,Standard,WELCOME10,10,594.72,535.25,6,3.8
O002761,C00934,2025-12-17,delivered,Card,Standard,WEEKEND10,10,674.5,607.05,5,4.9
O002762,C01679,2025-07-11,delivered,Card,Standard,NONE,0,353.13,353.13,5,4.9
O002763,C01336,2025-02-18,delivered,Card,Express,NONE,0,464.8,464.8,1,5.0
O002764,C01507,2025-04-08,delivered,Card,Standard,SPORT15,15,365.65,310.8,5,4.2
O002765,C00034,2025-07-16,delivered,Cash,Pickup,NONE,0,729.51,729.51,1,5.0
O002766,C00869,2025-03-30,delivered,PayPal,Pickup,NONE,0,66.41,66.41,2,4.5
O002767,C01281,2025-01-25,delivered,PayPal,Express,NONE,0,309.6,309.6,1,3.6
O002768,C01868,2025-06-02,delivered,PayPal,Standard,NONE,0,829.7,829.7,5,5.0
O002769,C01127,2025-12-14,delivered,Card,Express,SPORT15,15,170.82,145.2,2,4.0
O002770,C00450,2025-01-11,delivered,Card,Standard,LOYAL20,20,1154.7,923.76,3,4.3
O002771,C00565,2025-01-07,delivered,Apple Pay,Standard,NONE,0,824.7,824.7,6,4.3
O002772,C01664,2025-10-12,delivered,PayPal,Pickup,LOYAL20,20,195.81,156.65,4,4.0
O002773,C01363,2025-07-30,delivered,Cash,Standard,LOYAL20,20,222.62,178.1,4,4.9
O002774,C01351,2025-10-21,delivered,Card,Standard,NONE,0,1532.34,1532.34,5,5.0
O002775,C00359,2025-08-15,cancelled,Card,Standard,NONE,0,591.89,591.89,,
O002776,C01540,2025-02-03,cancelled,Card,Standard,NONE,0,522.63,522.63,,
O002777,C01853,2025-11-01,delivered,Apple Pay,Standard,NONE,0,779.02,779.02,5,3.8
O002778,C01410,2025-07-22,delivered,Card,Standard,SPORT15,15,348.05,295.84,3,4.6
O002779,C01101,2025-01-22,delivered,Card,Standard,NONE,0,89.9,89.9,6,3.6
O002780,C01018,2025-08-13,returned,Card,Standard,WEEKEND10,10,39.9,35.91,4,2.2
O002781,C01741,2025-07-13,delivered,Card,Standard,NONE,0,84.9,84.9,2,4.4
O002782,C01446,2025-07-09,delivered,Card,Standard,WEEKEND10,10,314.9,283.41,5,3.9
O002783,C01839,2025-05-22,delivered,Card,Express,NONE,0,974.61,974.61,1,4.0
O002784,C01475,2025-01-21,delivered,Card,Standard,NONE,0,509.61,509.61,5,5.0
O002785,C00537,2025-05-08,delivered,Card,Standard,NONE,0,144.9,144.9,3,4.2
O002786,C00416,2025-06-04,returned,Card,Standard,WEEKEND10,10,267.81,241.03,7,2.8
O002787,C00048,2025-01-18,delivered,Card,Standard,SPORT15,15,1087.85,924.67,3,3.7
O002788,C00823,2025-08-28,delivered,Card,Standard,NONE,0,69.9,69.9,5,4.2
O002789,C00613,2025-03-10,delivered,Card,Standard,NONE,0,444.6,444.6,5,4.6
O002790,C00966,2025-07-04,delivered,Card,Standard,SPORT15,15,655.91,557.52,4,4.6
O002791,C00494,2025-12-30,delivered,Card,Express,NONE,0,380.32,380.32,3,3.7
O002792,C01764,2025-05-14,delivered,Card,Express,SPORT15,15,181.95,154.66,4,4.5
O002793,C01657,2025-10-14,delivered,PayPal,Standard,WEEKEND10,10,151.82,136.64,5,4.3
O002794,C00320,2025-09-16,delivered,Card,Pickup,NONE,0,1003.41,1003.41,1,3.8
O002795,C01667,2025-02-21,delivered,Card,Express,NONE,0,194.9,194.9,1,4.1
O002796,C01444,2025-09-09,delivered,Card,Express,LOYAL20,20,562.11,449.69,2,4.2
O002797,C01512,2025-03-13,delivered,Card,Pickup,WELCOME10,10,294.9,265.41,1,4.1
O002798,C01371,2025-02-15,delivered,Cash,Standard,WELCOME10,10,429.8,386.82,4,4.2
O002799,C00033,2025-11-19,delivered,Card,Pickup,NONE,0,529.8,529.8,3,3.8
O002800,C00432,2025-06-16,delivered,Apple Pay,Standard,SPORT15,15,856.6,728.11,2,4.9
O002801,C00025,2025-07-23,delivered,Card,Standard,SPORT15,15,346.57,294.58,5,4.9
O002802,C00626,2025-07-10,delivered,Card,Standard,NONE,0,353.01,353.01,5,2.5
O002803,C00295,2025-01-27,delivered,Card,Standard,NONE,0,434.6,434.6,4,4.1
O002804,C01123,2025-07-06,cancelled,Apple Pay,Standard,NONE,0,219.9,219.9,,
O002805,C01639,2025-02-01,delivered,Cash,Express,WEEKEND10,10,39.8,35.82,2,4.3
O002806,C01005,2025-07-04,delivered,Card,Standard,SPORT15,15,107.8,91.63,6,3.3
O002807,C00993,2025-05-05,delivered,PayPal,Pickup,NONE,0,134.9,134.9,1,4.3
O002808,C01439,2025-07-04,delivered,Card,Standard,WEEKEND10,10,175.41,157.87,4,4.0
O002809,C01382,2025-04-08,delivered,PayPal,Standard,NONE,0,434.8,434.8,5,4.6
O002810,C00985,2025-06-07,delivered,Card,Standard,WEEKEND10,10,436.21,392.59,5,3.7
O002811,C01482,2025-06-12,delivered,Card,Standard,NONE,0,938.1,938.1,6,4.5
O002812,C01993,2025-09-22,delivered,Card,Pickup,LOYAL20,20,174.9,139.92,2,3.6
O002813,C00012,2025-11-05,cancelled,Cash,Pickup,NONE,0,537.41,537.41,,
O002814,C00647,2025-12-24,delivered,Cash,Standard,WEEKEND10,10,630.11,567.1,5,3.8
O002815,C00197,2025-10-09,delivered,Card,Standard,WEEKEND10,10,764.21,687.79,5,4.1
O002816,C00919,2025-10-29,delivered,Card,Express,NONE,0,904.4,904.4,2,5.0
O002817,C00327,2025-10-20,delivered,Card,Express,NONE,0,185.16,185.16,1,4.1
O002818,C01253,2025-08-18,delivered,Apple Pay,Standard,LOYAL20,20,31.41,25.13,4,4.2
O002819,C00123,2025-01-08,delivered,Card,Standard,WEEKEND10,10,570.95,513.86,5,3.6
O002820,C01187,2025-04-24,delivered,Card,Standard,NONE,0,76.41,76.41,5,4.3
O002821,C00323,2025-06-06,delivered,Card,Standard,NONE,0,219.7,219.7,1,4.1
O002822,C01244,2025-02-07,delivered,Card,Standard,NONE,0,52.15,52.15,4,5.0
O002823,C00974,2025-04-02,delivered,Apple Pay,Standard,LOYAL20,20,69.9,55.92,5,4.3
O002824,C00371,2025-02-15,delivered,PayPal,Standard,LOYAL20,20,149.7,119.76,6,3.8
O002825,C00769,2025-03-24,delivered,Card,Express,NONE,0,39.9,39.9,3,4.5
O002826,C00177,2025-12-19,delivered,Card,Standard,NONE,0,449.8,449.8,5,3.6
O002827,C00287,2025-08-13,delivered,Cash,Standard,WELCOME10,10,770.96,693.86,5,4.4
O002828,C00859,2025-12-15,cancelled,PayPal,Standard,NONE,0,202.23,202.23,,
O002829,C01282,2025-01-13,delivered,Card,Express,NONE,0,215.91,215.91,3,4.5
O002830,C00400,2025-07-01,delivered,PayPal,Pickup,NONE,0,149.8,149.8,2,5.0
O002831,C00039,2025-11-22,delivered,Card,Pickup,NONE,0,554.06,554.06,1,4.8
O002832,C01187,2025-07-20,delivered,PayPal,Standard,WEEKEND10,10,296.21,266.59,5,4.0
O002833,C01924,2025-09-17,delivered,PayPal,Standard,WELCOME10,10,399.7,359.73,4,4.6
O002834,C01348,2025-11-14,delivered,Card,Standard,NONE,0,480.72,480.72,3,4.7
O002835,C00336,2025-08-19,delivered,Card,Standard,NONE,0,680.61,680.61,2,4.8
O002836,C01657,2025-11-26,delivered,Card,Express,WEEKEND10,10,219.9,197.91,1,4.8
O002837,C00918,2025-08-28,cancelled,Card,Standard,WELCOME10,10,136.31,122.68,,
O002838,C00693,2025-01-18,delivered,Card,Standard,WELCOME10,10,589.23,530.31,3,4.6
O002839,C01050,2025-01-12,delivered,Card,Express,NONE,0,204.9,204.9,2,4.8
O002840,C01653,2025-04-15,delivered,Card,Standard,NONE,0,1049.7,1049.7,4,4.1
O002841,C01031,2025-01-01,delivered,Card,Standard,NONE,0,842.85,842.85,6,3.7
O002842,C01867,2025-11-16,delivered,Card,Pickup,NONE,0,329.7,329.7,2,4.1
O002843,C01714,2025-08-02,delivered,Card,Standard,NONE,0,714.6,714.6,3,3.7
O002844,C00858,2025-12-12,delivered,Card,Standard,NONE,0,764.85,764.85,6,4.2
O002845,C00884,2025-07-06,delivered,Card,Standard,NONE,0,237.56,237.56,4,4.0
O002846,C01394,2025-02-18,delivered,PayPal,Standard,WELCOME10,10,881.2,793.08,3,4.9
O002847,C01375,2025-02-20,delivered,Card,Standard,NONE,0,261.15,261.15,4,3.5
O002848,C00533,2025-07-16,delivered,Apple Pay,Standard,NONE,0,274.9,274.9,4,3.7
O002849,C01479,2025-07-27,delivered,PayPal,Pickup,NONE,0,682.71,682.71,2,4.2
O002850,C00334,2025-01-28,delivered,Card,Express,NONE,0,349.8,349.8,3,4.3
O002851,C01909,2025-10-17,delivered,Card,Pickup,NONE,0,69.9,69.9,2,4.0
O002852,C01205,2025-01-23,delivered,Card,Standard,NONE,0,514.5,514.5,4,3.7
O002853,C00622,2025-07-30,delivered,PayPal,Pickup,NONE,0,1109.6,1109.6,2,3.9
O002854,C00888,2025-07-03,delivered,PayPal,Standard,NONE,0,479.85,479.85,6,4.7
O002855,C01862,2025-02-04,delivered,Card,Standard,SPORT15,15,294.4,250.24,2,4.3
O002856,C00134,2025-12-29,delivered,Card,Standard,SPORT15,15,1052.1,894.28,2,5.0
O002857,C01190,2025-12-07,delivered,Apple Pay,Pickup,WELCOME10,10,780.4,702.36,2,4.3
O002858,C01676,2025-11-16,delivered,Card,Standard,NONE,0,109.8,109.8,5,4.2
O002859,C01705,2025-01-11,delivered,Card,Standard,WEEKEND10,10,693.3,623.97,5,4.2
O002860,C01050,2025-09-07,delivered,Card,Standard,SPORT15,15,69.9,59.42,3,4.0
O002861,C00275,2025-10-14,delivered,Card,Standard,NONE,0,1554.4,1554.4,3,4.0
O002862,C01258,2025-06-08,delivered,Card,Pickup,WEEKEND10,10,785.05,706.54,2,3.9
O002863,C00017,2025-12-23,delivered,Card,Standard,NONE,0,132.82,132.82,5,4.7
O002864,C00160,2025-08-18,delivered,Card,Standard,NONE,0,429.48,429.48,3,4.1
O002865,C01550,2025-04-06,delivered,Card,Standard,SPORT15,15,518.71,440.9,5,4.3
O002866,C01728,2025-10-31,delivered,Apple Pay,Express,SPORT15,15,219.9,186.91,1,3.6
O002867,C01391,2025-05-21,cancelled,Cash,Express,WELCOME10,10,165.56,149.0,,
O002868,C00705,2025-10-12,delivered,Card,Standard,WEEKEND10,10,33.15,29.84,5,4.8
O002869,C00071,2025-05-15,delivered,Card,Standard,WELCOME10,10,79.9,71.91,3,4.2
O002870,C00843,2025-11-07,delivered,Apple Pay,Standard,WELCOME10,10,579.8,521.82,5,3.8
O002871,C00620,2025-04-05,delivered,Card,Pickup,WELCOME10,10,49.9,44.91,4,4.4
O002872,C01205,2025-02-10,delivered,Card,Standard,WELCOME10,10,66.41,59.77,5,4.9
O002873,C01849,2025-12-11,delivered,Card,Pickup,SPORT15,15,79.9,67.92,1,4.5
O002874,C00753,2025-06-17,delivered,Card,Standard,NONE,0,400.26,400.26,6,4.5
O002875,C01911,2025-10-16,delivered,Card,Standard,NONE,0,299.15,299.15,5,4.6
O002876,C01705,2025-01-05,delivered,Apple Pay,Standard,SPORT15,15,94.91,80.67,7,4.0
O002877,C01695,2025-10-26,delivered,PayPal,Standard,NONE,0,249.6,249.6,5,4.9
O002878,C00445,2025-06-18,delivered,PayPal,Standard,NONE,0,161.71,161.71,3,4.6
O002879,C01741,2025-09-11,delivered,Card,Standard,NONE,0,94.91,94.91,5,4.3
O002880,C00752,2025-10-22,delivered,Card,Standard,WEEKEND10,10,274.8,247.32,3,4.1
O002881,C00105,2025-03-09,delivered,Card,Standard,NONE,0,219.9,219.9,4,5.0
O002882,C01333,2025-03-17,delivered,Card,Standard,WELCOME10,10,348.71,313.84,3,4.0
O002883,C00396,2025-04-19,delivered,Cash,Standard,NONE,0,499.8,499.8,3,4.4
O002884,C00112,2025-04-01,delivered,Card,Express,NONE,0,484.8,484.8,3,4.4
O002885,C01755,2025-02-01,delivered,Card,Standard,SPORT15,15,256.4,217.94,4,4.1
O002886,C01116,2025-12-02,delivered,Apple Pay,Standard,NONE,0,729.6,729.6,4,5.0
O002887,C00604,2025-05-27,delivered,Card,Standard,NONE,0,269.9,269.9,5,4.6
O002888,C01737,2025-03-09,cancelled,Card,Standard,WELCOME10,10,675.62,608.06,,
O002889,C00121,2025-03-18,delivered,Card,Standard,NONE,0,349.9,349.9,3,4.8
O002890,C01391,2025-08-02,delivered,Card,Standard,NONE,0,219.9,219.9,4,4.4
O002891,C01801,2025-05-24,delivered,Apple Pay,Express,SPORT15,15,62.91,53.47,1,4.5
O002892,C00983,2025-09-09,delivered,Cash,Standard,NONE,0,139.9,139.9,5,4.1
O002893,C00799,2025-09-12,delivered,Card,Standard,WEEKEND10,10,109.8,98.82,5,3.4
O002894,C01572,2025-05-26,cancelled,PayPal,Standard,NONE,0,795.12,795.12,,
O002895,C00969,2025-08-23,delivered,Card,Standard,WEEKEND10,10,147.16,132.44,4,4.9
O002896,C00625,2025-01-10,delivered,PayPal,Standard,NONE,0,139.13,139.13,5,4.6
O002897,C00279,2025-06-08,delivered,Card,Standard,SPORT15,15,39.9,33.91,4,4.2
O002898,C01225,2025-05-26,delivered,PayPal,Standard,NONE,0,796.52,796.52,3,4.7
O002899,C00044,2025-10-29,delivered,Card,Standard,NONE,0,724.6,724.6,5,4.6
O002900,C00946,2025-05-30,delivered,Card,Standard,NONE,0,419.7,419.7,5,5.0
O002901,C01511,2025-02-14,delivered,Card,Standard,NONE,0,99.8,99.8,3,4.1
O002902,C00062,2025-05-22,delivered,Card,Standard,NONE,0,139.8,139.8,4,4.4
O002903,C01326,2025-08-02,delivered,Card,Standard,NONE,0,350.07,350.07,6,5.0
O002904,C00659,2025-04-29,cancelled,Card,Express,LOYAL20,20,239.9,191.92,,
O002905,C00983,2025-12-19,delivered,Card,Standard,NONE,0,199.6,199.6,4,3.9
O002906,C00872,2025-11-26,delivered,Card,Standard,SPORT15,15,314.9,267.66,3,3.6
O002907,C01501,2025-12-29,delivered,Apple Pay,Standard,WELCOME10,10,67.41,60.67,5,4.4
O002908,C01564,2025-03-02,delivered,Card,Express,NONE,0,134.9,134.9,1,5.0
O002909,C00337,2025-10-18,delivered,Card,Pickup,NONE,0,1464.2,1464.2,1,3.8
O002910,C00876,2025-08-08,delivered,Cash,Standard,LOYAL20,20,74.9,59.92,2,4.8
O002911,C01977,2025-07-17,delivered,PayPal,Standard,NONE,0,1372.9,1372.9,1,4.3
O002912,C00659,2025-06-23,delivered,Cash,Standard,WELCOME10,10,345.72,311.15,4,4.3
O002913,C01151,2025-01-18,delivered,PayPal,Pickup,NONE,0,274.9,274.9,2,4.2
O002914,C00992,2025-07-17,delivered,Card,Standard,WEEKEND10,10,629.7,566.73,4,4.3
O002915,C01409,2025-07-23,delivered,PayPal,Standard,LOYAL20,20,130.41,104.33,5,4.2
O002916,C01209,2025-10-12,delivered,Card,Pickup,WELCOME10,10,269.9,242.91,2,4.5
O002917,C01802,2025-03-18,delivered,Card,Pickup,NONE,0,736.51,736.51,1,4.4
O002918,C01047,2025-05-14,delivered,Card,Express,SPORT15,15,274.9,233.66,2,5.0
O002919,C01336,2025-12-04,delivered,Card,Standard,WELCOME10,10,74.8,67.32,6,4.2
O002920,C00977,2025-11-13,delivered,Cash,Standard,NONE,0,364.9,364.9,2,4.1
O002921,C01231,2025-09-15,delivered,Card,Standard,NONE,0,1022.61,1022.61,4,4.8
O002922,C00326,2025-11-11,delivered,Card,Standard,NONE,0,989.5,989.5,4,4.4
O002923,C00573,2025-12-17,delivered,Apple Pay,Standard,WELCOME10,10,166.07,149.46,4,4.3
O002924,C01292,2025-06-11,delivered,PayPal,Standard,LOYAL20,20,564.7,451.76,2,4.5
O002925,C00748,2025-01-29,delivered,Card,Standard,NONE,0,332.91,332.91,3,3.8
O002926,C01097,2025-07-10,delivered,PayPal,Pickup,WELCOME10,10,269.7,242.73,4,4.2
O002927,C01181,2025-05-23,delivered,Card,Standard,SPORT15,15,69.9,59.42,5,4.9
O002928,C00426,2025-09-25,delivered,Apple Pay,Standard,WELCOME10,10,69.9,62.91,2,4.5
O002929,C00446,2025-11-25,cancelled,Card,Standard,NONE,0,19.9,19.9,,
O002930,C00698,2025-08-10,delivered,Card,Express,SPORT15,15,531.05,451.39,1,4.9
O002931,C00172,2025-05-24,delivered,Card,Standard,NONE,0,44.9,44.9,4,4.8
O002932,C00116,2025-01-08,delivered,Card,Standard,NONE,0,329.8,329.8,5,4.7
O002933,C01661,2025-04-11,delivered,Card,Standard,WELCOME10,10,107.82,97.04,2,3.9
O002934,C00491,2025-08-11,delivered,Card,Standard,LOYAL20,20,734.5,587.6,5,4.2
O002935,C00235,2025-05-04,delivered,Cash,Standard,WELCOME10,10,962.1,865.89,5,3.9
O002936,C00388,2025-03-12,delivered,PayPal,Standard,NONE,0,261.15,261.15,5,5.0
O002937,C01950,2025-06-26,delivered,Apple Pay,Standard,WEEKEND10,10,44.9,40.41,5,4.2
O002938,C00982,2025-12-20,delivered,Card,Express,WELCOME10,10,212.31,191.08,1,4.1
O002939,C01354,2025-04-23,delivered,PayPal,Standard,SPORT15,15,210.31,178.76,5,5.0
O002940,C00493,2025-04-19,delivered,Card,Standard,NONE,0,139.9,139.9,4,4.7
O002941,C00488,2025-04-01,delivered,Card,Standard,NONE,0,349.9,349.9,5,4.0
O002942,C00149,2025-03-29,delivered,Card,Express,WEEKEND10,10,537.21,483.49,1,4.3
O002943,C01975,2025-07-22,delivered,Card,Standard,NONE,0,52.15,52.15,6,4.5
O002944,C01333,2025-09-05,delivered,PayPal,Standard,NONE,0,62.91,62.91,5,4.2
O002945,C00804,2025-02-18,delivered,Apple Pay,Express,WEEKEND10,10,1171.05,1053.94,1,5.0
O002946,C01672,2025-05-28,delivered,Card,Standard,NONE,0,332.91,332.91,6,4.2
O002947,C00481,2025-01-11,delivered,Card,Express,SPORT15,15,49.9,42.41,1,4.1
O002948,C01141,2025-09-18,delivered,Card,Pickup,WEEKEND10,10,274.9,247.41,2,4.8
O002949,C00241,2025-01-02,delivered,Cash,Standard,WELCOME10,10,62.91,56.62,5,4.8
O002950,C01095,2025-06-27,delivered,Cash,Standard,WEEKEND10,10,154.8,139.32,4,4.2
O002951,C01612,2025-05-25,delivered,PayPal,Standard,NONE,0,154.9,154.9,4,3.7
O002952,C00765,2025-09-20,delivered,Cash,Standard,SPORT15,15,437.81,372.14,6,5.0
O002953,C00381,2025-11-28,delivered,Cash,Standard,SPORT15,15,479.8,407.83,5,5.0
O002954,C01539,2025-11-01,delivered,PayPal,Standard,NONE,0,54.9,54.9,4,4.4
O002955,C01895,2025-02-13,returned,Card,Standard,NONE,0,742.72,742.72,2,4.4
O002956,C01158,2025-06-08,delivered,Apple Pay,Standard,NONE,0,1219.5,1219.5,6,4.4
O002957,C01577,2025-05-15,delivered,Card,Standard,NONE,0,109.72,109.72,6,4.9
O002958,C00711,2025-12-16,delivered,Card,Standard,NONE,0,533.61,533.61,5,4.0
O002959,C01911,2025-07-27,delivered,PayPal,Standard,NONE,0,570.72,570.72,4,3.7
O002960,C00797,2025-04-29,delivered,Card,Standard,SPORT15,15,282.81,240.39,3,4.6
O002961,C01270,2025-01-24,delivered,Card,Standard,NONE,0,346.65,346.65,4,4.8
O002962,C01812,2025-12-10,delivered,Card,Standard,SPORT15,15,291.06,247.4,5,4.1
O002963,C00591,2025-08-20,delivered,Cash,Express,NONE,0,469.8,469.8,2,3.5
O002964,C00701,2025-01-03,delivered,Card,Standard,NONE,0,831.87,831.87,3,4.5
O002965,C01006,2025-11-17,delivered,Apple Pay,Standard,LOYAL20,20,265.82,212.66,4,5.0
O002966,C01810,2025-09-16,delivered,Card,Express,NONE,0,809.7,809.7,3,4.5
O002967,C01679,2025-10-29,delivered,PayPal,Express,NONE,0,433.06,433.06,5,4.7
O002968,C00303,2025-04-05,delivered,Card,Standard,NONE,0,175.71,175.71,3,4.4
O002969,C01169,2025-01-21,delivered,Card,Standard,NONE,0,650.22,650.22,4,4.2
O002970,C01638,2025-12-20,delivered,Card,Standard,SPORT15,15,602.81,512.39,3,4.2
O002971,C01175,2025-10-24,delivered,Cash,Standard,SPORT15,15,1100.52,935.44,4,4.4
O002972,C00202,2025-02-02,delivered,Card,Standard,NONE,0,188.7,188.7,5,4.5
O002973,C00759,2025-03-07,delivered,Card,Standard,WELCOME10,10,219.9,197.91,5,4.4
O002974,C00036,2025-09-25,delivered,Card,Pickup,NONE,0,712.46,712.46,2,4.3
O002975,C00447,2025-03-14,delivered,Card,Standard,NONE,0,702.78,702.78,6,4.1
O002976,C01833,2025-12-29,delivered,Apple Pay,Express,NONE,0,350.82,350.82,1,4.6
O002977,C01810,2025-07-27,delivered,PayPal,Express,NONE,0,769.21,769.21,1,4.6
O002978,C01009,2025-06-14,returned,Card,Standard,LOYAL20,20,278.81,223.05,4,2.6
O002979,C00762,2025-02-03,delivered,Cash,Express,LOYAL20,20,54.9,43.92,3,3.9
O002980,C01064,2025-07-11,delivered,Card,Standard,NONE,0,122.3,122.3,4,4.3
O002981,C01162,2025-03-09,delivered,PayPal,Express,LOYAL20,20,278.81,223.05,2,4.0
O002982,C00495,2025-04-25,delivered,Card,Standard,SPORT15,15,569.3,483.9,4,4.8
O002983,C01224,2025-01-06,delivered,PayPal,Standard,NONE,0,315.81,315.81,4,4.1
O002984,C01894,2025-05-18,delivered,Apple Pay,Standard,WELCOME10,10,449.7,404.73,3,5.0
O002985,C00244,2025-05-26,delivered,Card,Pickup,LOYAL20,20,89.91,71.93,2,4.7
O002986,C00913,2025-10-27,delivered,PayPal,Standard,NONE,0,436.32,436.32,6,3.6
O002987,C01257,2025-02-24,delivered,,Standard,NONE,0,1188.55,1188.55,5,3.3
O002988,C01691,2025-02-25,delivered,Card,Standard,NONE,0,699.8,699.8,3,4.8
O002989,C00741,2025-11-16,delivered,Card,Standard,NONE,0,62.91,62.91,5,4.7
O002990,C01109,2025-04-13,returned,Card,Standard,SPORT15,15,99.9,84.92,5,3.5
O002991,C01929,2025-11-20,delivered,Card,Standard,NONE,0,259.8,259.8,3,5.0
O002992,C00423,2025-02-05,delivered,Card,Express,SPORT15,15,992.92,843.98,2,4.4
O002993,C01974,2025-10-02,delivered,PayPal,Standard,NONE,0,656.72,656.72,6,3.6
O002994,C01520,2025-02-15,cancelled,Card,Standard,WELCOME10,10,69.9,62.91,,
O002995,C01749,2025-05-11,delivered,Card,Standard,NONE,0,472.81,472.81,4,5.0
O002996,C01005,2025-04-15,delivered,Apple Pay,Express,NONE,0,759.88,759.88,1,4.2
O002997,C00966,2025-09-03,delivered,Card,Pickup,WEEKEND10,10,317.71,285.94,1,4.5
O002998,C01535,2025-02-13,delivered,Apple Pay,Standard,LOYAL20,20,652.36,521.89,4,4.7
O002999,C01525,2025-04-29,delivered,Card,Pickup,NONE,0,837.11,837.11,1,4.0
O003000,C01902,2025-06-30,delivered,Card,Express,WEEKEND10,10,459.7,413.73,4,3.5
O003001,C00038,2025-12-18,delivered,Card,Express,NONE,0,159.8,159.8,1,4.4
O003002,C00641,2025-03-05,delivered,Apple Pay,Standard,NONE,0,1028.28,1028.28,4,4.7
O003003,C01497,2025-09-28,delivered,Apple Pay,Standard,WELCOME10,10,1094.37,984.93,5,3.7
O003004,C01670,2025-12-12,delivered,PayPal,Pickup,NONE,0,99.9,99.9,4,4.5
O003005,C01515,2025-10-31,delivered,Card,Standard,WELCOME10,10,474.71,427.24,4,4.9
O003006,C01673,2025-12-24,delivered,Apple Pay,Express,WELCOME10,10,199.8,179.82,2,3.8
O003007,C01626,2025-01-14,delivered,Card,Express,NONE,0,719.7,719.7,3,3.6
O003008,C00319,2025-12-11,delivered,Card,Standard,NONE,0,327.62,327.62,5,4.5
O003009,C00610,2025-08-06,delivered,Card,Express,NONE,0,361.05,361.05,1,5.0
O003010,C00903,2025-01-26,delivered,Card,Standard,SPORT15,15,454.81,386.59,4,4.5
O003011,C01978,2025-01-31,delivered,Card,Standard,SPORT15,15,275.31,234.01,5,4.0
O003012,C00749,2025-12-20,returned,Card,Standard,SPORT15,15,1108.01,941.81,3,2.0
O003013,C00130,2025-03-24,delivered,Card,Standard,NONE,0,194.8,194.8,4,4.0
O003014,C01533,2025-09-02,delivered,Cash,Standard,SPORT15,15,80.66,68.56,4,5.0
O003015,C01949,2025-01-07,delivered,Card,Standard,SPORT15,15,150.31,127.76,5,4.7
O003016,C00787,2025-10-21,delivered,Card,Express,WEEKEND10,10,817.44,735.7,2,4.7
O003017,C00071,2025-10-05,delivered,PayPal,Pickup,NONE,0,597.36,597.36,1,4.8
O003018,C00995,2025-04-20,delivered,Card,Standard,NONE,0,154.8,154.8,4,5.0
O003019,C01299,2025-05-20,delivered,Card,Express,WELCOME10,10,699.6,629.64,2,4.2
O003020,C01702,2025-06-10,delivered,Apple Pay,Express,SPORT15,15,314.9,267.66,3,4.4
O003021,C01993,2025-12-03,delivered,Apple Pay,Express,NONE,0,269.9,269.9,1,3.9
O003022,C00897,2025-01-07,delivered,Card,Express,WEEKEND10,10,339.6,305.64,3,4.5
O003023,C01205,2025-02-08,cancelled,Cash,Standard,NONE,0,219.9,219.9,,
O003024,C01524,2025-08-04,delivered,Card,Standard,WELCOME10,10,425.82,383.24,4,4.6
O003025,C01401,2025-07-02,delivered,Card,Pickup,NONE,0,42.65,42.65,3,4.6
O003026,C01039,2025-05-31,delivered,Card,Pickup,NONE,0,139.41,139.41,1,5.0
O003027,C01955,2025-11-04,delivered,Card,Standard,WELCOME10,10,208.91,188.02,3,3.8
O003028,C01120,2025-09-06,delivered,Apple Pay,Standard,NONE,0,139.8,139.8,6,5.0
O003029,C00609,2025-08-12,delivered,Card,Standard,WEEKEND10,10,469.61,422.65,5,4.6
O003030,C01814,2025-08-27,delivered,Card,Standard,NONE,0,219.9,219.9,6,4.2
O003031,C00303,2025-08-28,delivered,Cash,Express,WEEKEND10,10,250.56,225.5,1,4.4
O003032,C00306,2025-12-07,delivered,Card,Standard,NONE,0,274.8,274.8,4,4.4
O003033,C00813,2025-12-17,delivered,Card,Standard,WELCOME10,10,684.8,616.32,5,4.3
O003034,C01358,2025-07-27,delivered,Card,Standard,NONE,0,299.7,299.7,4,4.2
O003035,C01115,2025-02-19,delivered,PayPal,Standard,WELCOME10,10,384.9,346.41,2,4.1
O003036,C01280,2025-11-29,delivered,Card,Standard,NONE,0,451.06,451.06,4,5.0
O003037,C00594,2025-09-15,delivered,PayPal,Standard,NONE,0,769.7,769.7,3,3.0
O003038,C00526,2025-09-30,delivered,Cash,Standard,SPORT15,15,1001.62,851.38,5,4.4
O003039,C00869,2025-10-08,delivered,PayPal,Standard,NONE,0,69.9,69.9,6,4.3
O003040,C01148,2025-05-03,delivered,PayPal,Express,NONE,0,410.95,410.95,1,4.2
O003041,C00154,2025-11-16,delivered,PayPal,Standard,NONE,0,1234.6,1234.6,4,4.3
O003042,C01621,2025-03-15,delivered,Apple Pay,Standard,NONE,0,734.7,734.7,6,4.3
O003043,C00141,2025-06-08,delivered,Card,Standard,NONE,0,251.65,251.65,7,4.0
O003044,C01455,2025-09-14,delivered,Cash,Pickup,SPORT15,15,558.03,474.33,1,5.0
O003045,C00711,2025-12-14,delivered,Cash,Express,NONE,0,82.8,82.8,1,4.3
O003046,C01907,2025-06-21,delivered,PayPal,Standard,NONE,0,1226.26,1226.26,7,4.5
O003047,C01981,2025-10-06,delivered,Apple Pay,Standard,NONE,0,265.41,265.41,2,4.2
O003048,C00926,2025-08-22,delivered,Card,Express,NONE,0,722.87,722.87,1,4.0
O003049,C00723,2025-01-07,delivered,Card,Pickup,WEEKEND10,10,274.8,247.32,4,5.0
O003050,C00956,2025-12-31,delivered,Card,Standard,NONE,0,1144.5,1144.5,3,4.7
O003051,C00351,2025-06-27,delivered,Card,Standard,NONE,0,85.41,85.41,4,4.9
O003052,C01348,2025-08-12,delivered,Card,Standard,WEEKEND10,10,264.9,238.41,4,4.3
O003053,C00684,2025-04-19,delivered,PayPal,Standard,NONE,0,431.05,431.05,4,5.0
O003054,C00526,2025-03-24,delivered,Card,Standard,NONE,0,463.32,463.32,3,4.6
O003055,C00631,2025-11-16,delivered,PayPal,Standard,NONE,0,469.8,469.8,2,4.1
O003056,C01443,2025-07-26,delivered,Apple Pay,Standard,SPORT15,15,157.82,134.15,2,4.2
O003057,C01618,2025-08-26,delivered,PayPal,Express,WELCOME10,10,303.82,273.44,4,4.3
O003058,C00539,2025-02-01,delivered,Card,Standard,WEEKEND10,10,474.7,427.23,5,5.0
O003059,C01479,2025-12-23,delivered,Cash,Pickup,NONE,0,69.9,69.9,4,4.8
O003060,C01189,2025-01-10,delivered,Card,Standard,WELCOME10,10,169.9,152.91,5,4.1
O003061,C01648,2025-11-01,delivered,Card,Express,NONE,0,649.8,649.8,1,4.8
O003062,C00422,2025-07-08,delivered,Card,Standard,WELCOME10,10,385.96,347.36,3,4.6
O003063,C01368,2025-07-03,delivered,Card,Standard,LOYAL20,20,69.9,55.92,5,4.3
O003064,C01288,2025-03-07,delivered,Card,Standard,NONE,0,509.8,509.8,3,4.3
O003065,C00037,2025-06-23,delivered,Apple Pay,Express,NONE,0,184.23,184.23,1,4.0
O003066,C00615,2025-06-06,delivered,Card,Express,SPORT15,15,125.82,106.95,3,5.0
O003067,C01228,2025-08-08,delivered,Cash,Express,NONE,0,539.71,539.71,2,4.7
O003068,C00930,2025-04-30,delivered,Card,Express,NONE,0,489.7,489.7,1,5.0
O003069,C01196,2025-11-04,delivered,PayPal,Standard,SPORT15,15,84.9,72.17,4,4.7
O003070,C00773,2025-01-16,delivered,PayPal,Pickup,NONE,0,239.9,239.9,1,4.7
O003071,C01075,2025-11-15,delivered,Card,Standard,SPORT15,15,234.81,199.59,5,5.0
O003072,C00232,2025-12-02,delivered,Cash,Standard,NONE,0,416.72,416.72,4,4.6
O003073,C01311,2025-11-05,delivered,Card,Express,NONE,0,521.97,521.97,1,3.8
O003074,C01954,2025-12-22,delivered,PayPal,Standard,LOYAL20,20,268.71,214.97,5,4.0
O003075,C01338,2025-10-17,delivered,Cash,Express,LOYAL20,20,256.4,205.12,1,4.0
O003076,C01337,2025-02-21,delivered,Card,Standard,NONE,0,399.8,399.8,3,3.3
O003077,C01054,2025-12-27,delivered,PayPal,Standard,SPORT15,15,1112.55,945.67,3,4.6
O003078,C00300,2025-01-12,delivered,Card,Pickup,WEEKEND10,10,254.8,229.32,1,4.9
O003079,C00403,2025-02-25,delivered,Cash,Standard,WELCOME10,10,485.11,436.6,4,4.6
O003080,C01651,2025-08-03,delivered,Apple Pay,Standard,WEEKEND10,10,39.8,35.82,6,4.4
O003081,C00947,2025-06-28,delivered,Apple Pay,Standard,NONE,0,822.7,822.7,4,3.5
O003082,C01471,2025-11-30,cancelled,Card,Standard,NONE,0,274.9,274.9,,
O003083,C01226,2025-09-10,delivered,Apple Pay,Pickup,SPORT15,15,229.21,194.83,4,4.8
O003084,C00544,2025-03-31,delivered,Card,Standard,NONE,0,410.96,410.96,4,4.8
O003085,C01568,2025-11-11,delivered,Card,Pickup,NONE,0,474.8,474.8,2,4.8
O003086,C00216,2025-12-17,delivered,Card,Pickup,WEEKEND10,10,384.9,346.41,2,4.7
O003087,C01240,2025-11-12,cancelled,Apple Pay,Standard,NONE,0,633.72,633.72,,
O003088,C00004,2025-05-17,delivered,Card,Standard,SPORT15,15,458.31,389.56,5,4.7
O003089,C01332,2025-09-05,delivered,Cash,Pickup,NONE,0,247.41,247.41,3,4.5
O003090,C00648,2025-09-06,cancelled,Card,Standard,SPORT15,15,324.9,276.16,,
O003091,C00617,2025-02-15,delivered,Card,Standard,WEEKEND10,10,130.41,117.37,6,4.0
O003092,C00951,2025-10-01,delivered,Card,Standard,NONE,0,94.91,94.91,6,3.6
O003093,C01750,2025-06-12,delivered,Card,Standard,NONE,0,264.9,264.9,2,5.0
O003094,C00617,2025-10-29,delivered,Cash,Standard,NONE,0,227.82,227.82,3,4.7
O003095,C00176,2025-05-04,delivered,Card,Express,NONE,0,936.27,936.27,2,3.8
O003096,C01533,2025-02-27,delivered,Card,Express,NONE,0,71.16,71.16,3,4.4
O003097,C01817,2025-08-30,delivered,Cash,Pickup,WEEKEND10,10,401.31,361.18,2,4.4
O003098,C01009,2025-10-25,delivered,Cash,Express,WEEKEND10,10,1059.6,953.64,1,5.0
O003099,C01645,2025-03-25,delivered,Card,Standard,NONE,0,489.13,489.13,3,4.4
O003100,C01738,2025-03-04,delivered,Card,Express,SPORT15,15,219.9,186.91,1,5.0
O003101,C01573,2025-02-10,delivered,,Express,NONE,0,512.73,512.73,3,5.0
O003102,C00020,2025-03-28,delivered,Apple Pay,Standard,NONE,0,745.47,745.47,5,3.9
O003103,C00266,2025-08-21,delivered,Cash,Express,NONE,0,399.8,399.8,1,4.8
O003104,C00944,2025-01-17,delivered,Card,Standard,WELCOME10,10,661.32,595.19,2,3.6
O003105,C00693,2025-07-26,delivered,PayPal,Standard,WELCOME10,10,269.9,242.91,5,4.7
O003106,C01357,2025-06-02,delivered,Cash,Standard,NONE,0,692.11,692.11,2,4.5
O003107,C01497,2025-07-27,delivered,Card,Express,SPORT15,15,409.8,348.33,4,4.7
O003108,C01805,2025-07-08,delivered,Cash,Standard,NONE,0,621.61,621.61,1,3.8
O003109,C00829,2025-11-13,delivered,Cash,Standard,WELCOME10,10,655.2,589.68,4,4.8
O003110,C00310,2025-05-01,delivered,Card,Standard,NONE,0,219.9,219.9,5,4.6
O003111,C01151,2025-09-14,delivered,PayPal,Standard,WEEKEND10,10,522.3,470.07,3,4.1
O003112,C00807,2025-10-30,delivered,Card,Standard,NONE,0,264.9,264.9,5,4.0
O003113,C00347,2025-12-23,delivered,Cash,Express,SPORT15,15,951.2,808.52,1,5.0
O003114,C01409,2025-03-26,delivered,PayPal,Standard,SPORT15,15,644.8,548.08,4,3.6
O003115,C00359,2025-04-30,delivered,Card,Standard,WELCOME10,10,195.81,176.23,5,5.0
O003116,C00685,2025-06-26,delivered,Card,Standard,LOYAL20,20,525.0,420.0,3,5.0
O003117,C01712,2025-03-10,delivered,Card,Standard,WEEKEND10,10,1007.0,906.3,4,3.9
O003118,C01394,2025-06-23,cancelled,Card,Standard,SPORT15,15,288.71,245.4,,
O003119,C00548,2025-09-01,delivered,Card,Standard,NONE,0,466.36,466.36,6,4.2
O003120,C00044,2025-12-20,delivered,Card,Express,WEEKEND10,10,350.31,315.28,2,4.7
O003121,C01506,2025-09-16,delivered,PayPal,Pickup,WEEKEND10,10,634.5,571.05,2,4.3
O003122,C00359,2025-12-23,delivered,Apple Pay,Standard,NONE,0,1319.55,1319.55,4,4.6
O003123,C01470,2025-10-23,delivered,Apple Pay,Standard,NONE,0,354.21,354.21,5,4.1
O003124,C01840,2025-05-13,delivered,Card,Standard,SPORT15,15,54.9,46.66,5,3.7
O003125,C01378,2025-05-20,delivered,Card,Express,WEEKEND10,10,314.82,283.34,2,4.0
O003126,C01076,2025-07-14,delivered,Cash,Pickup,NONE,0,524.21,524.21,1,4.7
O003127,C00619,2025-07-01,delivered,Card,Standard,SPORT15,15,132.81,112.89,3,4.8
O003128,C01902,2025-01-06,delivered,Apple Pay,Standard,WELCOME10,10,263.48,237.13,4,4.9
O003129,C00856,2025-11-29,delivered,Card,Express,WEEKEND10,10,80.81,72.73,3,4.6
O003130,C00987,2025-02-09,delivered,PayPal,Standard,NONE,0,434.96,434.96,2,4.6
O003131,C01213,2025-04-07,delivered,PayPal,Standard,NONE,0,134.9,134.9,6,4.0
O003132,C01615,2025-12-26,cancelled,Apple Pay,Standard,SPORT15,15,179.8,152.83,,
O003133,C01910,2025-12-09,delivered,Card,Standard,NONE,0,632.86,632.86,4,4.3
O003134,C01958,2025-03-14,delivered,PayPal,Pickup,LOYAL20,20,384.9,307.92,2,4.8
O003135,C00698,2025-09-18,delivered,Card,Standard,NONE,0,180.41,180.41,4,4.1
O003136,C01220,2025-01-24,delivered,Card,Standard,WELCOME10,10,454.71,409.24,5,4.6
O003137,C00701,2025-11-24,delivered,Card,Standard,SPORT15,15,1154.7,981.5,5,4.1
O003138,C01222,2025-11-01,delivered,Card,Standard,NONE,0,296.31,296.31,2,5.0
O003139,C00043,2025-06-04,delivered,PayPal,Express,NONE,0,1187.61,1187.61,2,5.0
O003140,C01293,2025-06-14,delivered,Card,Standard,NONE,0,107.73,107.73,5,4.9
O003141,C00653,2025-03-01,delivered,Card,Standard,NONE,0,439.8,439.8,4,4.7
O003142,C00832,2025-11-05,delivered,Card,Pickup,NONE,0,309.6,309.6,1,4.8
O003143,C01501,2025-12-26,delivered,Card,Standard,NONE,0,294.4,294.4,4,4.0
O003144,C00741,2025-08-28,delivered,Card,Standard,WELCOME10,10,1025.88,923.29,5,4.3
O003145,C01950,2025-01-03,delivered,Apple Pay,Standard,NONE,0,434.21,434.21,3,4.8
O003146,C00939,2025-10-12,delivered,Cash,Pickup,WEEKEND10,10,87.81,79.03,1,5.0
O003147,C01344,2025-03-27,delivered,Card,Standard,SPORT15,15,180.41,153.35,4,4.6
O003148,C00108,2025-08-02,cancelled,Apple Pay,Express,LOYAL20,20,399.8,319.84,,
O003149,C00517,2025-05-31,delivered,Card,Standard,NONE,0,179.9,179.9,4,4.9
O003150,C01198,2025-10-12,delivered,Card,Standard,SPORT15,15,692.71,588.8,6,4.7
O003151,C01517,2025-05-26,delivered,Card,Pickup,WEEKEND10,10,400.62,360.56,2,5.0
O003152,C01868,2025-12-02,delivered,Cash,Standard,NONE,0,809.7,809.7,4,4.2
O003153,C01989,2025-06-19,delivered,Card,Express,NONE,0,762.62,762.62,2,4.9
O003154,C00476,2025-07-20,delivered,Card,Standard,NONE,0,492.35,492.35,3,4.0
O003155,C01596,2025-03-24,delivered,Card,Standard,SPORT15,15,89.9,76.42,2,4.7
O003156,C00432,2025-12-11,delivered,Card,Standard,SPORT15,15,170.91,145.27,5,4.9
O003157,C01459,2025-08-01,delivered,Card,Standard,NONE,0,274.9,274.9,4,5.0
O003158,C01094,2025-12-14,delivered,Card,Express,NONE,0,435.72,435.72,3,4.5
O003159,C01363,2025-07-08,delivered,Card,Express,SPORT15,15,249.7,212.24,2,4.8
O003160,C01361,2025-05-21,delivered,Apple Pay,Standard,NONE,0,208.91,208.91,3,5.0
O003161,C00268,2025-08-28,delivered,Card,Standard,NONE,0,769.7,769.7,5,5.0
O003162,C00983,2025-06-25,delivered,Cash,Express,NONE,0,254.5,254.5,2,5.0
O003163,C00485,2025-05-18,delivered,Card,Pickup,NONE,0,634.2,634.2,1,4.3
O003164,C01278,2025-12-27,delivered,PayPal,Standard,WELCOME10,10,789.7,710.73,6,5.0
O003165,C01024,2025-06-19,delivered,Card,Express,NONE,0,147.16,147.16,1,4.2
O003166,C01987,2025-05-26,delivered,Apple Pay,Standard,NONE,0,309.9,309.9,5,4.5
O003167,C00947,2025-08-13,delivered,Card,Standard,WEEKEND10,10,161.91,145.72,7,3.8
O003168,C01429,2025-08-11,delivered,Apple Pay,Standard,NONE,0,627.2,627.2,4,4.3
O003169,C01109,2025-01-18,delivered,Card,Standard,NONE,0,454.72,454.72,5,5.0
O003170,C01972,2025-06-11,delivered,Cash,Pickup,WELCOME10,10,598.3,538.47,2,3.3
O003171,C01640,2025-04-06,delivered,Cash,Standard,NONE,0,137.66,137.66,5,4.6
O003172,C01292,2025-03-31,delivered,PayPal,Express,NONE,0,160.81,160.81,2,5.0
O003173,C01969,2025-06-19,delivered,PayPal,Standard,WELCOME10,10,494.64,445.18,5,4.4
O003174,C01579,2025-01-19,delivered,Card,Express,NONE,0,662.21,662.21,1,3.9
O003175,C00064,2025-07-02,delivered,Card,Standard,NONE,0,49.9,49.9,4,4.9
O003176,C01072,2025-01-22,delivered,Card,Express,SPORT15,15,512.31,435.46,3,5.0
O003177,C00003,2025-03-12,returned,Card,Express,WELCOME10,10,466.51,419.86,3,4.2
O003178,C00177,2025-01-17,delivered,Card,Pickup,NONE,0,39.9,39.9,3,4.2
O003179,C01157,2025-11-28,cancelled,Card,Standard,NONE,0,679.21,679.21,,
O003180,C01288,2025-10-04,delivered,Card,Standard,NONE,0,625.62,625.62,1,4.9
O003181,C00921,2025-03-26,delivered,Card,Express,NONE,0,1156.54,1156.54,2,3.8
O003182,C01097,2025-09-02,delivered,Card,Standard,NONE,0,224.8,224.8,4,4.8
O003183,C00966,2025-04-26,delivered,Card,Standard,SPORT15,15,200.31,170.26,4,3.8
O003184,C01745,2025-09-25,delivered,Card,Standard,NONE,0,380.71,380.71,3,5.0
O003185,C01140,2025-06-16,delivered,Card,Standard,SPORT15,15,159.9,135.91,2,4.5
O003186,C00006,2025-02-08,delivered,Apple Pay,Pickup,NONE,0,311.35,311.35,3,4.9
O003187,C00736,2025-01-29,delivered,Card,Standard,NONE,0,488.96,488.96,6,3.6
O003188,C00842,2025-12-30,delivered,Card,Standard,NONE,0,315.21,315.21,4,4.2
O003189,C00875,2025-10-07,delivered,Card,Standard,WEEKEND10,10,356.15,320.53,3,3.9
O003190,C00987,2025-06-18,delivered,Card,Standard,WEEKEND10,10,137.66,123.89,1,4.5
O003191,C01831,2025-09-27,delivered,Card,Pickup,WELCOME10,10,35.91,32.32,3,4.9
O003192,C01053,2025-11-10,delivered,Card,Pickup,LOYAL20,20,39.9,31.92,3,4.9
O003193,C01785,2025-12-06,delivered,PayPal,Pickup,NONE,0,873.63,873.63,1,4.9
O003194,C00447,2025-12-01,delivered,Apple Pay,Standard,NONE,0,369.9,369.9,4,4.7
O003195,C01146,2025-12-12,delivered,Card,Standard,WEEKEND10,10,69.9,62.91,5,4.3
O003196,C00124,2025-11-12,delivered,Apple Pay,Standard,NONE,0,67.41,67.41,7,5.0
O003197,C00168,2025-10-03,delivered,Card,Standard,NONE,0,147.16,147.16,4,3.5
O003198,C00232,2025-02-10,delivered,Card,Standard,NONE,0,215.82,215.82,5,4.2
O003199,C00992,2025-12-13,delivered,Card,Pickup,WELCOME10,10,134.9,121.41,1,4.6
O003200,C00709,2025-12-24,delivered,Cash,Standard,NONE,0,74.9,74.9,2,3.9
O003201,C01294,2025-04-14,delivered,Card,Standard,NONE,0,822.72,822.72,3,4.7
O003202,C00451,2025-03-12,delivered,Card,Pickup,NONE,0,704.12,704.12,1,4.2
O003203,C01601,2025-12-19,delivered,PayPal,Standard,NONE,0,614.7,614.7,4,4.5
O003204,C00095,2025-06-28,delivered,PayPal,Standard,NONE,0,414.81,414.81,6,3.6
O003205,C00082,2025-10-18,delivered,PayPal,Standard,NONE,0,459.8,459.8,3,4.9
O003206,C01011,2025-03-07,delivered,Card,Express,LOYAL20,20,354.57,283.66,2,5.0
O003207,C01095,2025-01-27,delivered,Card,Express,NONE,0,636.53,636.53,1,4.5
O003208,C00092,2025-11-10,delivered,Apple Pay,Standard,NONE,0,264.8,264.8,6,4.8
O003209,C01400,2025-03-11,delivered,Cash,Pickup,WEEKEND10,10,560.3,504.27,2,4.2
O003210,C01985,2025-09-01,delivered,Card,Standard,NONE,0,79.9,79.9,7,4.5
O003211,C00018,2025-12-13,delivered,Card,Standard,LOYAL20,20,174.9,139.92,4,3.9
O003212,C00886,2025-04-21,delivered,PayPal,Standard,WEEKEND10,10,374.9,337.41,1,4.4
O003213,C01259,2025-05-15,delivered,Cash,Pickup,NONE,0,327.56,327.56,2,3.6
O003214,C00856,2025-05-23,delivered,Apple Pay,Standard,NONE,0,911.62,911.62,4,3.8
O003215,C01976,2025-03-27,delivered,Card,Standard,NONE,0,40.41,40.41,4,4.9
O003216,C01055,2025-10-23,delivered,Card,Standard,WEEKEND10,10,284.6,256.14,5,4.2
O003217,C01346,2025-12-01,delivered,Card,Pickup,WEEKEND10,10,729.8,656.82,1,5.0
O003218,C01113,2025-03-17,delivered,Cash,Standard,SPORT15,15,364.9,310.16,7,4.7
O003219,C01610,2025-02-24,delivered,Card,Standard,WELCOME10,10,354.8,319.32,4,4.6
O003220,C00856,2025-09-09,delivered,Cash,Standard,NONE,0,322.82,322.82,2,3.6
O003221,C01692,2025-01-09,delivered,PayPal,Express,NONE,0,139.9,139.9,2,4.3
O003222,C01813,2025-06-19,delivered,Card,Standard,NONE,0,577.72,577.72,4,4.4
O003223,C00362,2025-03-18,delivered,Card,Pickup,WEEKEND10,10,159.9,143.91,1,4.4
O003224,C00903,2025-11-18,delivered,Cash,Express,LOYAL20,20,729.38,583.5,3,5.0
O003225,C00697,2025-09-15,delivered,Card,Standard,NONE,0,599.7,599.7,7,4.1
O003226,C01250,2025-08-21,delivered,Card,Pickup,WELCOME10,10,187.21,168.49,3,4.2
O003227,C00743,2025-11-21,delivered,Apple Pay,Express,NONE,0,351.4,351.4,2,4.6
O003228,C00209,2025-01-07,delivered,PayPal,Standard,NONE,0,644.7,644.7,3,4.1
O003229,C00610,2025-06-10,delivered,Card,Standard,NONE,0,639.6,639.6,5,4.5
O003230,C00132,2025-11-19,delivered,Card,Standard,NONE,0,54.9,54.9,5,4.6
O003231,C01105,2025-02-02,delivered,Apple Pay,Standard,SPORT15,15,185.16,157.39,4,4.6
O003232,C01263,2025-09-16,delivered,Card,Express,WELCOME10,10,384.9,346.41,2,4.3
O003233,C01283,2025-07-04,delivered,Card,Pickup,LOYAL20,20,766.21,612.97,3,3.6
O003234,C00866,2025-09-13,delivered,PayPal,Standard,WELCOME10,10,19.9,17.91,6,4.3
O003235,C00061,2025-07-06,delivered,Apple Pay,Standard,NONE,0,69.9,69.9,6,3.0
O003236,C01953,2025-02-13,delivered,Cash,Pickup,WELCOME10,10,128.16,115.34,2,4.3
O003237,C01579,2025-08-11,delivered,Card,Standard,NONE,0,184.8,184.8,5,4.4
O003238,C00423,2025-09-01,delivered,Cash,Standard,WEEKEND10,10,62.91,56.62,1,4.5
O003239,C00438,2025-05-29,delivered,Card,Standard,SPORT15,15,309.8,263.33,4,3.7
O003240,C01826,2025-06-20,delivered,Cash,Standard,SPORT15,15,364.9,310.16,4,4.5
O003241,C01178,2025-12-19,delivered,Card,Express,NONE,0,829.6,829.6,1,4.8
O003242,C01990,2025-09-17,cancelled,Card,Pickup,NONE,0,236.06,236.06,,
O003243,C00072,2025-11-20,delivered,PayPal,Standard,NONE,0,194.66,194.66,7,3.9
O003244,C01052,2025-11-19,delivered,Card,Express,WELCOME10,10,224.7,202.23,3,4.8
O003245,C01639,2025-10-21,delivered,Cash,Standard,WEEKEND10,10,370.32,333.29,5,4.3
O003246,C01307,2025-11-24,delivered,Card,Standard,SPORT15,15,34.9,29.66,4,4.2
O003247,C01165,2025-10-07,delivered,PayPal,Express,NONE,0,477.31,477.31,3,4.8
O003248,C00064,2025-03-12,delivered,Card,Pickup,NONE,0,237.86,237.86,3,4.4
O003249,C00255,2025-04-05,delivered,Card,Standard,NONE,0,308.65,308.65,4,4.1
O003250,C00265,2025-12-16,delivered,PayPal,Express,NONE,0,180.41,180.41,3,5.0
O003251,C00172,2025-09-12,delivered,Card,Standard,NONE,0,170.91,170.91,3,3.7
O003252,C00118,2025-11-10,delivered,Card,Express,NONE,0,84.9,84.9,2,4.1
O003253,C01429,2025-05-21,delivered,Card,Pickup,NONE,0,183.63,183.63,3,5.0
O003254,C00203,2025-07-31,delivered,Card,Standard,NONE,0,619.7,619.7,7,4.1
O003255,C00294,2025-09-13,delivered,Cash,Express,WELCOME10,10,349.8,314.82,2,4.7
O003256,C00867,2025-09-17,delivered,PayPal,Standard,NONE,0,328.41,328.41,3,4.3
O003257,C01948,2025-04-14,delivered,Card,Express,NONE,0,469.8,469.8,2,4.9
O003258,C01680,2025-01-16,delivered,Apple Pay,Standard,NONE,0,35.91,35.91,3,4.9
O003259,C00381,2025-10-15,cancelled,Card,Standard,NONE,0,501.01,501.01,,
O003260,C01331,2025-07-23,delivered,Apple Pay,Standard,NONE,0,512.31,512.31,4,3.7
O003261,C01617,2025-10-26,delivered,Card,Standard,NONE,0,440.31,440.31,4,3.7
O003262,C01367,2025-12-25,delivered,PayPal,Standard,WEEKEND10,10,80.66,72.59,4,4.2
O003263,C01375,2025-06-09,delivered,Card,Standard,NONE,0,460.48,460.48,5,3.2
O003264,C01458,2025-07-08,delivered,PayPal,Express,NONE,0,84.9,84.9,2,3.4
O003265,C00993,2025-07-01,delivered,Cash,Pickup,NONE,0,66.41,66.41,3,3.9
O003266,C01558,2025-02-07,delivered,Card,Standard,SPORT15,15,802.53,682.15,5,4.6
O003267,C00886,2025-12-01,delivered,Card,Standard,NONE,0,352.72,352.72,2,4.0
O003268,C01358,2025-10-18,delivered,Card,Standard,NONE,0,44.9,44.9,4,5.0
O003269,C01808,2025-11-27,delivered,Card,Express,NONE,0,257.71,257.71,3,4.4
O003270,C00211,2025-02-10,delivered,PayPal,Express,NONE,0,553.52,553.52,1,3.8
O003271,C01540,2025-02-09,delivered,,Standard,NONE,0,294.4,294.4,3,4.1
O003272,C01995,2025-06-26,delivered,Card,Standard,LOYAL20,20,44.9,35.92,4,4.3
O003273,C01051,2025-01-30,cancelled,Card,Pickup,SPORT15,15,429.6,365.16,,
O003274,C00080,2025-04-30,delivered,Apple Pay,Standard,NONE,0,139.8,139.8,4,4.4
O003275,C00904,2025-11-03,delivered,Card,Express,LOYAL20,20,166.16,132.93,2,5.0
O003276,C01081,2025-02-26,delivered,PayPal,Standard,WELCOME10,10,1640.91,1476.82,3,4.0
O003277,C01026,2025-12-22,cancelled,PayPal,Standard,NONE,0,629.8,629.8,,
O003278,C01117,2025-12-06,delivered,Apple Pay,Pickup,SPORT15,15,283.41,240.9,1,4.3
O003279,C01643,2025-02-13,delivered,Card,Pickup,NONE,0,839.7,839.7,2,4.9
O003280,C01926,2025-06-13,delivered,PayPal,Standard,NONE,0,414.8,414.8,4,4.8
O003281,C00743,2025-05-11,delivered,PayPal,Standard,NONE,0,196.81,196.81,6,4.1
O003282,C01522,2025-08-13,delivered,PayPal,Standard,NONE,0,453.81,453.81,5,4.8
O003283,C00492,2025-09-16,delivered,Card,Express,NONE,0,197.91,197.91,3,5.0
O003284,C01861,2025-10-28,delivered,Apple Pay,Standard,LOYAL20,20,423.57,338.86,3,4.5
O003285,C01251,2025-02-10,delivered,Card,Express,LOYAL20,20,125.56,100.45,1,4.9
O003286,C01044,2025-11-29,delivered,Cash,Express,LOYAL20,20,94.91,75.93,3,5.0
O003287,C01949,2025-09-25,delivered,Cash,Standard,WEEKEND10,10,189.6,170.64,4,4.9
O003288,C00559,2025-12-29,delivered,Card,Standard,NONE,0,79.8,79.8,3,3.9
O003289,C01094,2025-11-02,delivered,PayPal,Standard,WELCOME10,10,196.21,176.59,4,4.6
O003290,C01827,2025-09-08,delivered,Card,Standard,LOYAL20,20,222.21,177.77,5,5.0
O003291,C01823,2025-08-06,returned,Apple Pay,Standard,SPORT15,15,967.86,822.68,4,2.7
O003292,C00711,2025-06-20,cancelled,PayPal,Express,NONE,0,147.57,147.57,,
O003293,C00685,2025-03-12,delivered,Card,Standard,NONE,0,684.5,684.5,4,4.1
O003294,C00062,2025-09-18,delivered,Card,Standard,NONE,0,290.21,290.21,4,5.0
O003295,C00405,2025-04-19,delivered,Card,Express,WELCOME10,10,475.71,428.14,3,4.2
O003296,C00975,2025-06-13,delivered,PayPal,Standard,WEEKEND10,10,378.71,340.84,3,4.4
O003297,C00769,2025-12-23,delivered,Apple Pay,Express,SPORT15,15,1232.01,1047.21,3,4.3
O003298,C00764,2025-03-15,delivered,Card,Standard,WELCOME10,10,723.2,650.88,5,4.2
O003299,C01682,2025-12-12,delivered,Card,Standard,NONE,0,1036.86,1036.86,3,4.6
O003300,C00245,2025-03-31,delivered,Card,Express,NONE,0,724.96,724.96,3,4.6
O003301,C00035,2025-04-20,delivered,PayPal,Standard,NONE,0,71.16,71.16,4,3.9
O003302,C00554,2025-11-22,delivered,Card,Standard,NONE,0,629.6,629.6,3,5.0
O003303,C01671,2025-12-16,delivered,Card,Standard,NONE,0,49.9,49.9,7,4.2
O003304,C00696,2025-08-05,delivered,Card,Standard,LOYAL20,20,319.43,255.54,2,3.9
O003305,C00817,2025-07-10,delivered,Card,Standard,NONE,0,225.81,225.81,3,4.1
O003306,C00859,2025-06-25,delivered,PayPal,Standard,SPORT15,15,797.61,677.97,1,4.4
O003307,C01080,2025-12-10,delivered,PayPal,Standard,NONE,0,1454.0,1454.0,5,5.0
O003308,C00525,2025-07-24,delivered,Card,Standard,NONE,0,539.7,539.7,6,4.2
O003309,C00340,2025-09-02,delivered,Card,Standard,WELCOME10,10,69.9,62.91,3,4.3
O003310,C01626,2025-07-05,delivered,Card,Pickup,NONE,0,224.81,224.81,2,5.0
O003311,C01143,2025-07-21,delivered,Card,Express,WELCOME10,10,79.8,71.82,4,4.5
O003312,C00668,2025-03-21,delivered,Card,Standard,NONE,0,927.21,927.21,6,4.4
O003313,C00515,2025-03-27,delivered,Card,Standard,NONE,0,242.91,242.91,4,4.4
O003314,C00212,2025-04-02,delivered,Card,Pickup,NONE,0,555.21,555.21,2,4.8
O003315,C01876,2025-10-25,delivered,Card,Standard,WELCOME10,10,1174.27,1056.84,5,4.5
O003316,C00535,2025-10-04,delivered,Card,Pickup,SPORT15,15,294.9,250.66,3,5.0
O003317,C00730,2025-12-17,delivered,Cash,Express,LOYAL20,20,507.3,405.84,3,4.4
O003318,C01763,2025-04-29,cancelled,Card,Standard,WELCOME10,10,658.7,592.83,,
O003319,C00819,2025-05-26,delivered,PayPal,Standard,SPORT15,15,49.41,42.0,5,4.3
O003320,C00940,2025-02-06,delivered,Card,Standard,NONE,0,474.63,474.63,3,4.9
O003321,C01154,2025-09-19,delivered,Apple Pay,Standard,WELCOME10,10,269.9,242.91,6,4.1
O003322,C01716,2025-11-19,delivered,Card,Pickup,NONE,0,633.11,633.11,1,4.2
O003323,C00360,2025-12-19,delivered,PayPal,Standard,WEEKEND10,10,49.9,44.91,3,3.4
O003324,C01152,2025-08-27,delivered,PayPal,Pickup,NONE,0,179.9,179.9,2,4.8
O003325,C00935,2025-05-10,delivered,PayPal,Standard,SPORT15,15,667.46,567.34,5,4.5
O003326,C00641,2025-02-03,delivered,Card,Standard,NONE,0,670.85,670.85,2,4.4
O003327,C01933,2025-11-05,returned,Card,Standard,NONE,0,982.77,982.77,4,2.5
O003328,C01416,2025-06-26,delivered,PayPal,Standard,WEEKEND10,10,139.9,125.91,5,4.4
O003329,C01445,2025-10-03,delivered,Card,Pickup,NONE,0,54.9,54.9,1,4.2
O003330,C01056,2025-07-10,delivered,Card,Standard,LOYAL20,20,346.65,277.32,3,4.9
O003331,C01968,2025-01-17,delivered,Card,Standard,NONE,0,368.73,368.73,4,3.9
O003332,C01632,2025-01-03,delivered,Apple Pay,Standard,NONE,0,413.22,413.22,3,4.4
O003333,C00021,2025-12-19,delivered,Card,Standard,NONE,0,394.7,394.7,3,4.4
O003334,C01138,2025-10-26,delivered,Apple Pay,Express,WELCOME10,10,272.96,245.66,1,4.8
O003335,C00608,2025-05-23,delivered,PayPal,Express,WELCOME10,10,532.71,479.44,2,4.2
O003336,C00044,2025-09-02,returned,Card,Express,LOYAL20,20,350.81,280.65,4,2.1
O003337,C01579,2025-03-23,delivered,Card,Pickup,LOYAL20,20,67.41,53.93,3,4.5
O003338,C01338,2025-01-02,delivered,Card,Standard,WELCOME10,10,84.9,76.41,3,4.1
O003339,C00464,2025-07-16,delivered,Card,Standard,WEEKEND10,10,349.9,314.91,5,3.9
O003340,C00521,2025-12-08,delivered,Card,Standard,NONE,0,1355.26,1355.26,5,4.1
O003341,C00629,2025-03-28,delivered,Card,Standard,NONE,0,52.15,52.15,5,3.5
O003342,C00602,2025-10-05,delivered,Card,Pickup,NONE,0,279.91,279.91,4,4.0
O003343,C01921,2025-10-22,delivered,Card,Standard,WELCOME10,10,755.35,679.82,3,4.9
O003344,C01385,2025-04-03,cancelled,Card,Standard,NONE,0,80.66,80.66,,
O003345,C01757,2025-09-27,delivered,Card,Express,NONE,0,646.72,646.72,1,4.4
O003346,C00051,2025-09-12,delivered,Apple Pay,Express,WELCOME10,10,693.3,623.97,1,4.6
O003347,C00205,2025-03-19,delivered,Cash,Standard,NONE,0,154.9,154.9,5,4.8
O003348,C01229,2025-07-19,delivered,Card,Pickup,WEEKEND10,10,494.7,445.23,1,4.7
O003349,C01988,2025-11-26,delivered,Card,Express,NONE,0,229.81,229.81,2,4.4
O003350,C00868,2025-11-10,delivered,Card,Standard,LOYAL20,20,379.8,303.84,7,4.2
O003351,C01958,2025-11-20,delivered,Card,Standard,NONE,0,349.9,349.9,4,4.0
O003352,C00414,2025-10-19,delivered,PayPal,Standard,NONE,0,318.07,318.07,2,4.2
O003353,C00319,2025-07-04,delivered,Cash,Standard,SPORT15,15,283.41,240.9,3,4.0
O003354,C00165,2025-08-27,delivered,Card,Express,NONE,0,479.87,479.87,2,4.3
O003355,C01573,2025-07-19,delivered,PayPal,Standard,NONE,0,629.8,629.8,4,4.5
O003356,C00411,2025-12-27,delivered,Card,Standard,WELCOME10,10,1570.06,1413.05,3,4.1
O003357,C01695,2025-06-05,delivered,Card,Standard,WELCOME10,10,686.21,617.59,5,3.7
O003358,C00856,2025-11-04,delivered,Apple Pay,Pickup,WEEKEND10,10,974.5,877.05,5,3.5
O003359,C00597,2025-03-16,delivered,Card,Standard,WEEKEND10,10,637.72,573.95,4,4.8
O003360,C00840,2025-08-18,delivered,Card,Express,NONE,0,999.7,999.7,1,4.7
O003361,C01619,2025-12-30,delivered,Card,Standard,WELCOME10,10,229.8,206.82,3,3.8
O003362,C00291,2025-07-25,delivered,PayPal,Standard,NONE,0,341.55,341.55,4,3.9
O003363,C01092,2025-09-30,delivered,Card,Standard,WELCOME10,10,194.9,175.41,4,5.0
O003364,C00964,2025-01-12,delivered,Cash,Standard,NONE,0,239.73,239.73,2,4.6
O003365,C01365,2025-05-11,delivered,PayPal,Standard,NONE,0,1002.52,1002.52,6,4.3
O003366,C00177,2025-12-15,returned,Apple Pay,Standard,NONE,0,183.07,183.07,5,2.4
O003367,C00846,2025-07-22,delivered,PayPal,Express,WELCOME10,10,66.41,59.77,2,4.3
O003368,C00937,2025-06-28,delivered,Card,Standard,WELCOME10,10,384.9,346.41,3,5.0
O003369,C00189,2025-11-26,delivered,Card,Pickup,NONE,0,585.53,585.53,2,5.0
O003370,C00092,2025-06-09,delivered,PayPal,Standard,NONE,0,564.2,564.2,5,4.1
O003371,C00972,2025-09-03,delivered,Card,Pickup,LOYAL20,20,346.41,277.13,4,4.0
O003372,C00073,2025-06-18,delivered,Card,Standard,NONE,0,507.81,507.81,3,4.5
O003373,C00386,2025-12-29,delivered,Card,Standard,WELCOME10,10,144.9,130.41,5,5.0
O003374,C01202,2025-12-11,delivered,Card,Express,NONE,0,874.7,874.7,4,3.4
O003375,C01175,2025-06-21,delivered,Card,Pickup,WEEKEND10,10,724.7,652.23,2,5.0
O003376,C01330,2025-11-06,cancelled,Card,Standard,NONE,0,80.82,80.82,,
O003377,C00929,2025-07-01,delivered,Apple Pay,Express,WEEKEND10,10,144.81,130.33,5,4.0
O003378,C01570,2025-02-21,delivered,Card,Standard,NONE,0,264.9,264.9,5,4.5
O003379,C00894,2025-12-23,delivered,PayPal,Standard,NONE,0,928.61,928.61,3,4.2
O003380,C01714,2025-03-01,delivered,Card,Standard,NONE,0,344.8,344.8,4,4.6
O003381,C01592,2025-04-21,delivered,Apple Pay,Standard,NONE,0,169.9,169.9,7,4.4
O003382,C00795,2025-01-29,delivered,Cash,Standard,NONE,0,84.9,84.9,2,4.3
O003383,C00169,2025-05-06,delivered,Cash,Pickup,WELCOME10,10,410.93,369.84,1,5.0
O003384,C00673,2025-04-05,delivered,Card,Standard,NONE,0,304.8,304.8,3,3.0
O003385,C01077,2025-11-30,delivered,Card,Pickup,NONE,0,157.32,157.32,2,3.8
O003386,C01775,2025-09-01,delivered,Cash,Standard,LOYAL20,20,254.7,203.76,2,4.7
O003387,C00431,2025-11-12,delivered,Card,Standard,WELCOME10,10,291.72,262.55,3,3.6
O003388,C01819,2025-09-24,delivered,Card,Express,NONE,0,490.45,490.45,4,2.9
O003389,C00084,2025-03-13,delivered,Apple Pay,Standard,NONE,0,99.9,99.9,4,3.3
O003390,C00547,2025-07-24,delivered,Card,Standard,LOYAL20,20,498.47,398.78,3,4.5
O003391,C00496,2025-11-02,delivered,Cash,Pickup,WEEKEND10,10,431.21,388.09,2,4.3
O003392,C01677,2025-10-05,delivered,Card,Pickup,SPORT15,15,848.8,721.48,1,4.1
O003393,C01264,2025-07-14,delivered,Card,Standard,WEEKEND10,10,79.8,71.82,4,4.7
O003394,C01788,2025-10-01,delivered,Cash,Express,NONE,0,985.11,985.11,3,4.0
O003395,C00337,2025-09-04,delivered,Card,Express,SPORT15,15,299.15,254.28,3,5.0
O003396,C00064,2025-03-14,delivered,Apple Pay,Standard,NONE,0,175.41,175.41,3,4.4
O003397,C00419,2025-02-11,delivered,Card,Standard,NONE,0,794.52,794.52,1,4.1
O003398,C01058,2025-11-11,delivered,Apple Pay,Standard,WEEKEND10,10,360.2,324.18,2,4.2
O003399,C01841,2025-11-19,delivered,PayPal,Pickup,NONE,0,883.36,883.36,4,3.7
O003400,C01586,2025-10-29,cancelled,Card,Express,NONE,0,569.6,569.6,,
O003401,C00151,2025-08-21,returned,PayPal,Standard,NONE,0,389.8,389.8,6,3.8
O003402,C00627,2025-05-27,delivered,Apple Pay,Standard,NONE,0,274.9,274.9,4,3.7
O003403,C00127,2025-07-18,delivered,Cash,Standard,SPORT15,15,195.81,166.44,4,3.7
O003404,C01613,2025-04-27,cancelled,Card,Pickup,WEEKEND10,10,147.21,132.49,,
O003405,C00109,2025-06-24,delivered,PayPal,Standard,NONE,0,499.8,499.8,4,4.6
O003406,C00802,2025-11-04,delivered,PayPal,Standard,NONE,0,293.72,293.72,1,4.3
O003407,C01806,2025-03-22,delivered,PayPal,Standard,WEEKEND10,10,294.9,265.41,6,4.3
O003408,C01451,2025-07-29,delivered,PayPal,Standard,WELCOME10,10,269.9,242.91,6,4.6
O003409,C00937,2025-12-16,delivered,Cash,Standard,NONE,0,149.8,149.8,3,4.4
O003410,C01082,2025-12-14,delivered,Card,Standard,NONE,0,309.9,309.9,5,4.1
O003411,C01174,2025-10-28,delivered,Cash,Standard,NONE,0,574.05,574.05,2,4.0
O003412,C01518,2025-06-05,delivered,Card,Standard,NONE,0,295.7,295.7,6,4.4
O003413,C01345,2025-10-31,delivered,Card,Standard,WEEKEND10,10,699.7,629.73,4,4.7
O003414,C00159,2025-07-06,delivered,Card,Standard,SPORT15,15,19.9,16.91,4,4.9
O003415,C00684,2025-12-11,delivered,Card,Standard,NONE,0,791.62,791.62,6,5.0
O003416,C01957,2025-03-02,delivered,Card,Standard,SPORT15,15,47.4,40.29,6,4.3
O003417,C01100,2025-10-17,delivered,Apple Pay,Standard,NONE,0,346.41,346.41,5,4.9
O003418,C00195,2025-11-05,delivered,Cash,Standard,NONE,0,806.45,806.45,3,4.1
O003419,C00525,2025-06-08,delivered,Card,Pickup,NONE,0,34.9,34.9,3,4.2
O003420,C01891,2025-09-11,delivered,Card,Standard,NONE,0,246.82,246.82,5,4.7
O003421,C01772,2025-08-13,delivered,PayPal,Standard,NONE,0,789.6,789.6,3,4.6
O003422,C00208,2025-12-09,delivered,Apple Pay,Standard,NONE,0,411.71,411.71,1,5.0
O003423,C01550,2025-08-29,delivered,Card,Standard,SPORT15,15,116.06,98.65,4,5.0
O003424,C00325,2025-11-25,delivered,Card,Standard,WELCOME10,10,227.91,205.12,6,4.0
O003425,C00221,2025-02-11,delivered,Card,Express,WELCOME10,10,159.9,143.91,2,5.0
O003426,C01502,2025-11-15,delivered,Card,Standard,WELCOME10,10,169.8,152.82,3,4.8
O003427,C00104,2025-03-20,delivered,Card,Express,NONE,0,128.16,128.16,1,3.9
O003428,C01808,2025-09-20,delivered,Card,Standard,WEEKEND10,10,717.36,645.62,4,5.0
O003429,C00924,2025-09-20,delivered,Card,Standard,SPORT15,15,281.22,239.04,3,4.0
O003430,C01905,2025-04-24,delivered,PayPal,Pickup,LOYAL20,20,407.71,326.17,2,4.0
O003431,C00419,2025-07-11,delivered,PayPal,Express,NONE,0,237.81,237.81,2,4.6
O003432,C00418,2025-08-14,delivered,Cash,Standard,LOYAL20,20,1065.12,852.1,6,4.3
O003433,C01613,2025-04-04,delivered,Card,Standard,NONE,0,387.31,387.31,4,5.0
O003434,C01112,2025-11-29,delivered,Card,Express,NONE,0,737.87,737.87,4,5.0
O003435,C01865,2025-08-07,delivered,Card,Standard,WELCOME10,10,170.91,153.82,3,5.0
O003436,C01588,2025-12-31,delivered,Card,Standard,NONE,0,168.05,168.05,4,4.7
O003437,C00387,2025-01-26,delivered,Card,Pickup,NONE,0,251.65,251.65,2,4.3
O003438,C01882,2025-03-19,delivered,Cash,Standard,NONE,0,334.7,334.7,4,4.7
O003439,C01423,2025-05-21,delivered,Card,Standard,LOYAL20,20,74.9,59.92,4,3.8
O003440,C00998,2025-09-08,delivered,Card,Express,SPORT15,15,844.7,718.0,5,3.8
O003441,C01671,2025-05-19,delivered,Card,Standard,NONE,0,19.9,19.9,3,4.7
O003442,C00015,2025-03-06,delivered,PayPal,Standard,LOYAL20,20,329.7,263.76,6,4.9
O003443,C01561,2025-06-27,delivered,Apple Pay,Standard,NONE,0,375.31,375.31,3,4.6
O003444,C00940,2025-04-26,delivered,Apple Pay,Standard,NONE,0,69.9,69.9,4,4.1
O003445,C00429,2025-05-29,delivered,PayPal,Standard,NONE,0,751.21,751.21,4,5.0
O003446,C00580,2025-08-26,delivered,Card,Express,SPORT15,15,621.2,528.02,1,4.3
O003447,C01674,2025-03-02,delivered,Card,Pickup,WEEKEND10,10,179.9,161.91,1,4.4
O003448,C00428,2025-12-01,delivered,PayPal,Standard,WELCOME10,10,74.9,67.41,4,4.6
O003449,C00339,2025-01-17,delivered,Card,Standard,NONE,0,154.9,154.9,6,4.3
O003450,C00821,2025-05-26,cancelled,Card,Standard,NONE,0,828.63,828.63,,
O003451,C00170,2025-01-06,delivered,Card,Standard,NONE,0,939.12,939.12,4,4.3
O003452,C00631,2025-01-18,delivered,Card,Standard,WELCOME10,10,84.9,76.41,6,4.1
O003453,C00260,2025-01-16,delivered,PayPal,Standard,LOYAL20,20,929.7,743.76,8,4.5
O003454,C00497,2025-01-15,delivered,Apple Pay,Standard,NONE,0,344.8,344.8,5,4.3
O003455,C00298,2025-01-04,delivered,Apple Pay,Express,WELCOME10,10,128.16,115.34,1,4.5
O003456,C00509,2025-05-31,delivered,Card,Standard,NONE,0,776.52,776.52,4,4.2
O003457,C01477,2025-03-13,delivered,Card,Standard,NONE,0,822.0,822.0,5,4.4
O003458,C01513,2025-06-11,delivered,Card,Standard,NONE,0,531.3,531.3,3,4.9
O003459,C00443,2025-02-23,delivered,Card,Standard,SPORT15,15,179.71,152.75,5,4.6
O003460,C01462,2025-11-19,delivered,Card,Pickup,NONE,0,618.21,618.21,1,5.0
O003461,C00997,2025-04-28,delivered,Card,Standard,NONE,0,130.41,130.41,5,3.1
O003462,C00183,2025-08-29,delivered,Card,Express,NONE,0,944.7,944.7,1,5.0
O003463,C01130,2025-08-17,delivered,Apple Pay,Express,WELCOME10,10,785.04,706.54,4,4.6
O003464,C00519,2025-11-07,delivered,Card,Express,NONE,0,99.9,99.9,2,4.4
O003465,C00423,2025-05-09,delivered,PayPal,Standard,WELCOME10,10,49.9,44.91,3,4.3
O003466,C01682,2025-06-28,delivered,Apple Pay,Standard,LOYAL20,20,207.56,166.05,5,4.6
O003467,C01048,2025-12-19,delivered,Card,Express,NONE,0,264.8,264.8,1,4.6
O003468,C01535,2025-10-02,delivered,Card,Standard,LOYAL20,20,272.22,217.78,5,4.7
O003469,C01680,2025-05-04,delivered,Card,Express,SPORT15,15,374.9,318.66,3,4.6
O003470,C00383,2025-08-28,delivered,Card,Standard,WEEKEND10,10,967.2,870.48,3,3.9
O003471,C01426,2025-12-28,delivered,Cash,Standard,NONE,0,707.25,707.25,5,5.0
O003472,C01447,2025-11-07,cancelled,Card,Standard,WEEKEND10,10,147.16,132.44,,
O003473,C01746,2025-04-19,delivered,PayPal,Standard,NONE,0,485.96,485.96,4,4.3
O003474,C01157,2025-03-04,delivered,Apple Pay,Standard,NONE,0,581.02,581.02,3,4.3
O003475,C01245,2025-11-17,delivered,Card,Express,NONE,0,42.65,42.65,3,5.0
O003476,C00237,2025-12-01,delivered,Card,Standard,LOYAL20,20,79.9,63.92,5,4.7
O003477,C00831,2025-02-21,delivered,Card,Standard,WELCOME10,10,674.8,607.32,3,3.7
O003478,C01873,2025-07-25,delivered,PayPal,Pickup,NONE,0,219.8,219.8,1,4.7
O003479,C00151,2025-12-14,delivered,Card,Standard,WEEKEND10,10,209.8,188.82,5,4.0
O003480,C01277,2025-04-21,delivered,Card,Standard,WELCOME10,10,219.9,197.91,5,4.9
O003481,C00057,2025-03-16,delivered,Cash,Pickup,NONE,0,232.73,232.73,2,5.0
O003482,C01193,2025-02-19,delivered,PayPal,Standard,LOYAL20,20,592.72,474.18,6,3.8
O003483,C01629,2025-12-13,delivered,Cash,Standard,WELCOME10,10,481.23,433.11,2,4.7
O003484,C00548,2025-11-08,delivered,Card,Standard,WELCOME10,10,314.9,283.41,6,3.6
O003485,C01446,2025-10-22,delivered,Card,Standard,NONE,0,79.8,79.8,6,4.4
O003486,C01638,2025-01-27,delivered,Card,Standard,WEEKEND10,10,314.9,283.41,3,5.0
O003487,C00145,2025-08-02,delivered,Card,Standard,SPORT15,15,84.9,72.17,4,4.2
O003488,C00421,2025-09-02,delivered,PayPal,Pickup,LOYAL20,20,767.04,613.63,2,4.5
O003489,C00947,2025-10-22,delivered,Card,Standard,NONE,0,629.8,629.8,2,4.2
O003490,C01359,2025-03-29,delivered,PayPal,Express,WELCOME10,10,111.31,100.18,4,5.0
O003491,C01567,2025-09-29,delivered,Apple Pay,Express,NONE,0,144.9,144.9,3,5.0
O003492,C00248,2025-10-21,delivered,Card,Express,WEEKEND10,10,462.81,416.53,3,4.7
O003493,C01783,2025-02-04,delivered,Card,Standard,LOYAL20,20,827.71,662.17,5,4.3
O003494,C01040,2025-02-12,delivered,Card,Standard,LOYAL20,20,598.3,478.64,6,4.0
O003495,C00148,2025-06-01,delivered,Card,Standard,NONE,0,99.8,99.8,5,4.0
O003496,C01393,2025-05-02,delivered,Card,Standard,LOYAL20,20,179.9,143.92,2,4.1
O003497,C01515,2025-02-25,delivered,PayPal,Standard,LOYAL20,20,283.41,226.73,6,5.0
O003498,C01463,2025-12-17,delivered,Card,Standard,SPORT15,15,143.91,122.32,3,3.9
O003499,C01919,2025-09-07,delivered,PayPal,Express,WELCOME10,10,329.8,296.82,1,5.0
O003500,C00752,2025-03-25,delivered,Cash,Standard,NONE,0,144.8,144.8,3,4.5
O003501,C01230,2025-02-26,delivered,Cash,Express,WELCOME10,10,625.52,562.97,3,4.8
O003502,C00504,2025-08-15,delivered,Card,Pickup,WELCOME10,10,217.6,195.84,4,4.2
O003503,C00543,2025-05-25,delivered,Card,Standard,LOYAL20,20,390.21,312.17,4,4.8
O003504,C00034,2025-01-23,delivered,Apple Pay,Pickup,WEEKEND10,10,74.9,67.41,3,5.0
O003505,C00354,2025-08-08,delivered,Card,Express,SPORT15,15,309.9,263.41,4,4.9
O003506,C00751,2025-11-30,delivered,Apple Pay,Standard,NONE,0,681.54,681.54,5,4.0
O003507,C00793,2025-08-09,delivered,Card,Express,NONE,0,367.63,367.63,2,4.9
O003508,C00381,2025-07-26,delivered,Apple Pay,Pickup,NONE,0,369.9,369.9,1,4.9
O003509,C00044,2025-12-18,delivered,Apple Pay,Standard,WEEKEND10,10,539.71,485.74,3,4.7
O003510,C00066,2025-01-16,delivered,Cash,Standard,WEEKEND10,10,477.45,429.7,5,4.5
O003511,C00362,2025-04-19,delivered,Card,Express,SPORT15,15,154.9,131.66,1,4.3
O003512,C01155,2025-09-16,delivered,Card,Standard,WELCOME10,10,455.72,410.15,5,5.0
O003513,C01649,2025-10-29,delivered,PayPal,Pickup,NONE,0,918.54,918.54,3,4.6
O003514,C01388,2025-06-19,delivered,Cash,Standard,WEEKEND10,10,296.82,267.14,3,4.1
O003515,C01877,2025-06-26,delivered,PayPal,Standard,LOYAL20,20,154.9,123.92,4,4.7
O003516,C01009,2025-07-31,delivered,Card,Standard,LOYAL20,20,534.7,427.76,6,4.3
O003517,C01639,2025-05-18,delivered,Card,Standard,NONE,0,463.85,463.85,5,3.9
O003518,C00213,2025-04-15,delivered,PayPal,Express,NONE,0,346.65,346.65,2,5.0
O003519,C01104,2025-01-26,cancelled,Card,Standard,NONE,0,69.8,69.8,,
O003520,C01810,2025-12-01,delivered,Apple Pay,Standard,NONE,0,749.8,749.8,2,4.9
O003521,C00371,2025-06-24,cancelled,Card,Standard,LOYAL20,20,424.62,339.7,,
O003522,C00266,2025-08-21,delivered,Card,Standard,NONE,0,1417.41,1417.41,3,5.0
O003523,C01218,2025-07-16,cancelled,Card,Standard,WELCOME10,10,194.8,175.32,,
O003524,C00041,2025-11-21,delivered,Card,Express,NONE,0,439.8,439.8,3,5.0
O003525,C00593,2025-04-19,delivered,Cash,Pickup,WELCOME10,10,1158.45,1042.61,1,4.9
O003526,C01944,2025-01-13,delivered,Apple Pay,Express,NONE,0,230.81,230.81,3,4.8
O003527,C01874,2025-04-19,delivered,Apple Pay,Standard,SPORT15,15,589.7,501.25,4,4.6
O003528,C01034,2025-06-20,delivered,Card,Pickup,NONE,0,378.51,378.51,3,3.4
O003529,C00967,2025-06-17,returned,Cash,Standard,NONE,0,459.7,459.7,5,4.1
O003530,C01235,2025-01-04,delivered,Card,Express,NONE,0,328.32,328.32,1,4.2
O003531,C01065,2025-07-21,delivered,Cash,Pickup,NONE,0,642.71,642.71,1,4.8
O003532,C01969,2025-12-23,delivered,Apple Pay,Standard,NONE,0,404.7,404.7,7,4.0
O003533,C00424,2025-12-31,delivered,PayPal,Standard,SPORT15,15,476.06,404.65,4,4.9
O003534,C01251,2025-09-22,delivered,Card,Standard,SPORT15,15,188.73,160.42,4,4.5
O003535,C00181,2025-05-08,returned,Card,Standard,NONE,0,517.47,517.47,3,3.5
O003536,C01402,2025-06-14,delivered,Card,Pickup,NONE,0,139.41,139.41,2,5.0
O003537,C00875,2025-01-11,delivered,PayPal,Standard,SPORT15,15,1439.4,1223.49,4,3.7
O003538,C01124,2025-09-12,delivered,Card,Standard,NONE,0,534.2,534.2,4,4.9
O003539,C00651,2025-06-12,delivered,Card,Standard,WEEKEND10,10,66.41,59.77,3,4.9
O003540,C00317,2025-01-22,delivered,Card,Express,SPORT15,15,170.91,145.27,3,4.4
O003541,C01260,2025-08-06,delivered,Card,Standard,WELCOME10,10,69.9,62.91,3,4.5
O003542,C00324,2025-12-04,delivered,Card,Standard,NONE,0,165.81,165.81,6,4.4
O003543,C01840,2025-06-09,delivered,Card,Standard,WELCOME10,10,66.41,59.77,2,3.7
O003544,C00485,2025-10-21,delivered,Card,Standard,NONE,0,690.45,690.45,4,5.0
O003545,C00876,2025-04-29,delivered,PayPal,Standard,LOYAL20,20,39.9,31.92,4,4.4
O003546,C00952,2025-02-01,delivered,Card,Standard,WELCOME10,10,589.8,530.82,6,4.6
O003547,C01303,2025-11-27,delivered,Card,Pickup,NONE,0,215.91,215.91,4,5.0
O003548,C00450,2025-11-10,delivered,Card,Express,SPORT15,15,879.6,747.66,3,4.1
O003549,C01058,2025-12-23,delivered,Apple Pay,Express,NONE,0,67.41,67.41,1,4.7
O003550,C01445,2025-06-21,delivered,Card,Standard,NONE,0,839.6,839.6,4,4.2
O003551,C00397,2025-04-30,delivered,Card,Express,WELCOME10,10,324.9,292.41,1,5.0
O003552,C01748,2025-09-10,delivered,Card,Express,LOYAL20,20,483.51,386.81,2,3.9
O003553,C01895,2025-08-03,delivered,PayPal,Standard,NONE,0,1331.16,1331.16,4,3.8
O003554,C00922,2025-10-26,delivered,Card,Express,WEEKEND10,10,801.72,721.55,3,4.3
O003555,C01019,2025-07-29,delivered,Card,Express,NONE,0,49.9,49.9,3,4.9
O003556,C01590,2025-12-01,delivered,Card,Standard,WELCOME10,10,337.06,303.35,4,4.5
O003557,C01677,2025-10-13,delivered,Cash,Standard,NONE,0,271.31,271.31,6,3.9
O003558,C00180,2025-07-27,delivered,Cash,Express,NONE,0,689.8,689.8,2,4.7
O003559,C01641,2025-11-26,delivered,Cash,Express,SPORT15,15,1029.43,875.02,3,4.9
O003560,C01807,2025-11-09,delivered,Card,Standard,LOYAL20,20,384.9,307.92,6,5.0
O003561,C01303,2025-01-12,delivered,PayPal,Standard,SPORT15,15,494.05,419.94,4,3.9
O003562,C01416,2025-03-04,delivered,Cash,Standard,WELCOME10,10,79.8,71.82,5,4.2
O003563,C00451,2025-05-18,delivered,Card,Standard,NONE,0,857.61,857.61,3,4.4
O003564,C00443,2025-09-28,delivered,PayPal,Standard,WEEKEND10,10,484.8,436.32,4,4.8
O003565,C01056,2025-09-07,returned,Apple Pay,Standard,NONE,0,744.5,744.5,3,4.0
O003566,C00539,2025-02-10,delivered,PayPal,Standard,NONE,0,1086.75,1086.75,6,4.2
O003567,C01606,2025-03-09,delivered,Cash,Pickup,LOYAL20,20,40.41,32.33,3,3.5
O003568,C01954,2025-04-27,delivered,Apple Pay,Standard,NONE,0,247.02,247.02,5,4.4
O003569,C00090,2025-12-12,cancelled,Card,Pickup,WEEKEND10,10,440.81,396.73,,
O003570,C00913,2025-03-25,delivered,Apple Pay,Pickup,NONE,0,71.16,71.16,3,3.3
O003571,C00172,2025-11-13,delivered,Card,Standard,NONE,0,79.8,79.8,6,5.0
O003572,C00778,2025-08-02,delivered,Card,Standard,NONE,0,544.7,544.7,5,3.9
O003573,C01814,2025-07-12,delivered,Card,Standard,NONE,0,841.76,841.76,4,4.2
O003574,C01661,2025-07-02,delivered,Card,Pickup,NONE,0,44.91,44.91,3,4.1
O003575,C01742,2025-03-04,delivered,Card,Pickup,NONE,0,1060.62,1060.62,1,3.9
O003576,C01540,2025-09-05,delivered,Card,Standard,WELCOME10,10,89.9,80.91,3,3.6
O003577,C01079,2025-03-01,delivered,Card,Express,SPORT15,15,917.97,780.27,4,4.7
O003578,C01436,2025-11-12,delivered,Card,Pickup,WEEKEND10,10,254.8,229.32,3,5.0
O003579,C00840,2025-08-06,delivered,PayPal,Standard,NONE,0,463.21,463.21,6,4.8
O003580,C00098,2025-02-18,delivered,Card,Standard,NONE,0,99.9,99.9,5,3.3
O003581,C01841,2025-11-05,delivered,Cash,Standard,NONE,0,384.8,384.8,4,4.7
O003582,C00651,2025-11-30,delivered,Card,Express,NONE,0,199.8,199.8,1,4.8
O003583,C00568,2025-11-01,delivered,Card,Pickup,WELCOME10,10,159.9,143.91,4,4.6
O003584,C01554,2025-08-27,delivered,Card,Standard,NONE,0,1066.0,1066.0,4,5.0
O003585,C00418,2025-02-12,delivered,Apple Pay,Standard,NONE,0,1090.75,1090.75,3,4.9
O003586,C01799,2025-10-10,delivered,Cash,Standard,SPORT15,15,214.8,182.58,3,4.6
O003587,C01321,2025-11-07,delivered,Apple Pay,Standard,NONE,0,180.41,180.41,5,3.5
O003588,C01832,2025-09-28,delivered,PayPal,Standard,NONE,0,616.13,616.13,2,4.3
O003589,C00240,2025-07-03,delivered,Card,Standard,NONE,0,390.81,390.81,3,5.0
O003590,C00915,2025-05-21,delivered,Card,Standard,NONE,0,977.61,977.61,2,3.2
O003591,C01252,2025-04-21,delivered,Card,Express,NONE,0,802.71,802.71,1,4.3
O003592,C01583,2025-08-01,delivered,Card,Standard,WELCOME10,10,76.41,68.77,4,3.5
O003593,C01823,2025-06-11,delivered,Card,Express,SPORT15,15,479.7,407.75,1,5.0
O003594,C00480,2025-09-20,delivered,Card,Standard,WELCOME10,10,134.9,121.41,4,3.9
O003595,C00629,2025-09-12,delivered,Card,Standard,SPORT15,15,604.8,514.08,4,5.0
O003596,C00946,2025-02-04,delivered,Card,Standard,WEEKEND10,10,932.37,839.13,4,4.0
O003597,C01461,2025-09-06,delivered,Cash,Standard,WEEKEND10,10,294.7,265.23,6,4.4
O003598,C00115,2025-04-30,delivered,PayPal,Standard,SPORT15,15,237.07,201.51,5,3.8
O003599,C01821,2025-09-10,delivered,PayPal,Standard,NONE,0,436.46,436.46,5,4.4
O003600,C01754,2025-08-03,delivered,Apple Pay,Standard,LOYAL20,20,744.7,595.76,5,4.4
O003601,C00743,2025-06-03,delivered,Card,Pickup,WEEKEND10,10,161.81,145.63,2,4.2
O003602,C00246,2025-04-01,delivered,Card,Standard,NONE,0,154.9,154.9,2,3.9
O003603,C01753,2025-02-25,returned,Cash,Pickup,NONE,0,194.66,194.66,5,3.3
O003604,C00688,2025-12-05,delivered,Card,Standard,NONE,0,166.31,166.31,6,4.0
O003605,C00146,2025-05-26,delivered,Card,Standard,SPORT15,15,869.6,739.16,2,4.1
O003606,C01942,2025-02-28,delivered,PayPal,Express,WEEKEND10,10,1224.91,1102.42,1,4.2
O003607,C01383,2025-10-02,delivered,PayPal,Standard,WELCOME10,10,149.8,134.82,5,3.6
O003608,C01344,2025-07-08,delivered,Apple Pay,Express,WEEKEND10,10,1245.51,1120.96,1,3.9
O003609,C00165,2025-07-08,cancelled,Card,Standard,NONE,0,69.9,69.9,,
O003610,C00420,2025-01-19,delivered,Apple Pay,Standard,WELCOME10,10,1905.82,1715.24,5,4.7
O003611,C01378,2025-05-16,delivered,Apple Pay,Pickup,NONE,0,219.9,219.9,1,4.2
O003612,C01978,2025-11-01,returned,Card,Pickup,NONE,0,278.91,278.91,4,3.9
O003613,C01899,2025-12-19,delivered,PayPal,Standard,SPORT15,15,71.16,60.49,5,4.5
O003614,C00703,2025-05-03,delivered,Card,Pickup,NONE,0,89.9,89.9,3,4.8
O003615,C01869,2025-08-15,delivered,Cash,Standard,WELCOME10,10,269.8,242.82,5,4.9
O003616,C00845,2025-03-09,delivered,Cash,Standard,SPORT15,15,431.05,366.39,4,4.3
O003617,C00069,2025-11-24,delivered,Apple Pay,Standard,NONE,0,197.91,197.91,4,3.9
O003618,C00653,2025-08-21,delivered,Card,Standard,WEEKEND10,10,379.8,341.82,2,5.0
O003619,C01831,2025-10-28,delivered,Cash,Standard,NONE,0,159.9,159.9,5,4.7
O003620,C00475,2025-11-22,delivered,Card,Standard,NONE,0,509.8,509.8,4,4.3
O003621,C01778,2025-12-15,delivered,Card,Express,LOYAL20,20,1047.2,837.76,2,4.7
O003622,C01376,2025-08-04,delivered,PayPal,Standard,LOYAL20,20,180.41,144.33,6,3.8
O003623,C00126,2025-01-04,delivered,Card,Standard,SPORT15,15,249.8,212.33,4,4.3
O003624,C00542,2025-06-15,delivered,Apple Pay,Pickup,WELCOME10,10,375.56,338.0,2,4.7
O003625,C01246,2025-06-02,delivered,Card,Express,NONE,0,446.31,446.31,2,4.5
O003626,C00707,2025-12-07,delivered,Card,Express,NONE,0,194.8,194.8,1,4.3
O003627,C01204,2025-05-27,delivered,Card,Standard,SPORT15,15,314.9,267.66,4,4.1
O003628,C01923,2025-08-20,delivered,Card,Standard,NONE,0,159.9,159.9,6,4.5
O003629,C00357,2025-01-14,delivered,Apple Pay,Standard,NONE,0,779.61,779.61,6,4.5
O003630,C00581,2025-07-06,delivered,PayPal,Standard,SPORT15,15,211.14,179.47,3,2.5
O003631,C00535,2025-05-17,delivered,PayPal,Express,SPORT15,15,120.21,102.18,2,3.8
O003632,C01123,2025-05-28,delivered,Card,Standard,WELCOME10,10,405.87,365.28,4,4.8
O003633,C00930,2025-05-31,delivered,PayPal,Express,WEEKEND10,10,44.9,40.41,3,4.7
O003634,C01227,2025-05-16,delivered,PayPal,Standard,NONE,0,690.43,690.43,4,4.3
O003635,C00856,2025-11-11,delivered,Card,Standard,NONE,0,69.9,69.9,3,4.0
O003636,C00822,2025-05-03,delivered,Apple Pay,Pickup,NONE,0,737.72,737.72,5,4.8
O003637,C00305,2025-04-14,delivered,Cash,Express,WEEKEND10,10,19.9,17.91,1,4.0
O003638,C00760,2025-10-31,delivered,PayPal,Standard,WELCOME10,10,716.11,644.5,4,4.0
O003639,C01307,2025-09-26,delivered,Card,Standard,NONE,0,332.4,332.4,1,4.9
O003640,C00460,2025-12-18,delivered,PayPal,Express,NONE,0,524.63,524.63,1,4.1
O003641,C01412,2025-12-31,cancelled,Card,Standard,NONE,0,18.9,18.9,,
O003642,C01018,2025-04-20,delivered,Apple Pay,Express,WELCOME10,10,308.48,277.63,2,4.3
O003643,C01216,2025-09-27,delivered,Card,Standard,WELCOME10,10,617.7,555.93,5,4.4
O003644,C01396,2025-10-21,delivered,Card,Pickup,LOYAL20,20,139.8,111.84,1,4.6
O003645,C00064,2025-10-04,delivered,Card,Pickup,NONE,0,69.9,69.9,3,3.0
O003646,C00189,2025-02-23,returned,Apple Pay,Express,LOYAL20,20,354.8,283.84,6,3.5
O003647,C00088,2025-05-20,delivered,Card,Standard,NONE,0,394.8,394.8,3,4.2
O003648,C01022,2025-12-15,cancelled,Card,Standard,NONE,0,274.32,274.32,,
O003649,C00916,2025-09-29,delivered,Card,Pickup,WEEKEND10,10,548.31,493.48,3,4.5
O003650,C01335,2025-10-05,delivered,Card,Standard,WELCOME10,10,125.91,113.32,6,4.5
O003651,C01715,2025-09-28,cancelled,Apple Pay,Standard,NONE,0,69.9,69.9,,
O003652,C00356,2025-10-09,cancelled,Card,Express,LOYAL20,20,154.9,123.92,,
O003653,C01623,2025-11-10,delivered,Card,Standard,SPORT15,15,501.96,426.67,2,4.8
O003654,C01302,2025-06-30,delivered,Card,Standard,NONE,0,379.8,379.8,6,4.3
O003655,C00987,2025-10-06,delivered,PayPal,Standard,NONE,0,547.96,547.96,5,4.5
O003656,C01387,2025-01-02,delivered,Card,Standard,NONE,0,534.71,534.71,5,4.9
O003657,C00241,2025-06-20,delivered,Card,Standard,NONE,0,34.9,34.9,3,4.7
O003658,C01251,2025-06-01,delivered,Card,Express,LOYAL20,20,139.8,111.84,2,4.3
O003659,C00730,2025-12-26,delivered,Card,Standard,WELCOME10,10,690.55,621.5,5,4.5
O003660,C00433,2025-03-19,delivered,Apple Pay,Pickup,NONE,0,119.8,119.8,1,4.9
O003661,C01673,2025-03-21,delivered,Card,Pickup,WEEKEND10,10,37.9,34.11,2,4.7
O003662,C01764,2025-04-05,delivered,Card,Standard,NONE,0,344.7,344.7,7,4.6
O003663,C01813,2025-09-03,delivered,Apple Pay,Standard,WELCOME10,10,446.23,401.61,6,4.5
O003664,C01413,2025-02-20,cancelled,Card,Standard,NONE,0,590.63,590.63,,
O003665,C00942,2025-10-09,delivered,PayPal,Express,NONE,0,584.7,584.7,3,4.8
O003666,C01079,2025-04-29,delivered,Cash,Standard,NONE,0,709.7,709.7,5,3.8
O003667,C00879,2025-07-08,delivered,Card,Standard,WELCOME10,10,629.8,566.82,4,5.0
O003668,C00061,2025-02-10,delivered,Card,Express,NONE,0,75.8,75.8,3,4.1
O003669,C00367,2025-09-12,delivered,Card,Pickup,NONE,0,71.82,71.82,3,5.0
O003670,C01594,2025-01-05,delivered,PayPal,Standard,SPORT15,15,69.9,59.42,3,5.0
O003671,C00125,2025-11-09,delivered,Card,Express,NONE,0,673.53,673.53,2,4.6
O003672,C01930,2025-12-15,delivered,Card,Standard,NONE,0,860.47,860.47,8,3.1
O003673,C00031,2025-06-02,delivered,Card,Standard,NONE,0,325.46,325.46,3,4.0
O003674,C01255,2025-12-11,delivered,Cash,Standard,NONE,0,751.22,751.22,2,3.7
O003675,C00973,2025-03-22,delivered,Apple Pay,Express,SPORT15,15,435.81,370.44,2,5.0
O003676,C00213,2025-02-14,cancelled,Card,Express,LOYAL20,20,309.8,247.84,,
O003677,C00302,2025-03-23,delivered,Card,Standard,SPORT15,15,566.73,481.72,4,5.0
O003678,C00075,2025-08-21,delivered,Apple Pay,Standard,NONE,0,183.81,183.81,5,4.1
O003679,C00683,2025-12-24,delivered,PayPal,Express,NONE,0,569.6,569.6,1,4.8
O003680,C00079,2025-12-11,delivered,Card,Standard,NONE,0,246.81,246.81,3,4.3
O003681,C01861,2025-11-09,delivered,PayPal,Express,NONE,0,134.82,134.82,1,4.1
O003682,C00412,2025-05-13,delivered,Card,Standard,WELCOME10,10,215.91,194.32,6,4.7
O003683,C00316,2025-11-17,delivered,PayPal,Express,NONE,0,128.16,128.16,1,5.0
O003684,C01865,2025-12-27,delivered,Card,Standard,NONE,0,224.7,224.7,6,3.6
O003685,C00806,2025-03-14,delivered,PayPal,Standard,SPORT15,15,525.86,446.98,5,4.5
O003686,C01997,2025-06-01,delivered,Card,Standard,NONE,0,319.23,319.23,2,4.8
O003687,C00282,2025-05-27,delivered,Card,Standard,LOYAL20,20,774.7,619.76,3,5.0
O003688,C01344,2025-12-27,delivered,PayPal,Standard,WEEKEND10,10,381.06,342.95,6,4.7
O003689,C01319,2025-12-19,delivered,Card,Pickup,NONE,0,189.7,189.7,1,5.0
O003690,C00719,2025-10-19,delivered,Card,Standard,NONE,0,184.8,184.8,4,4.0
O003691,C00654,2025-10-19,delivered,Cash,Pickup,NONE,0,460.31,460.31,2,5.0
O003692,C00915,2025-10-01,delivered,Card,Standard,NONE,0,530.82,530.82,2,4.2
O003693,C01382,2025-05-16,delivered,Card,Standard,NONE,0,69.9,69.9,5,3.9
O003694,C01530,2025-05-29,cancelled,Card,Standard,NONE,0,147.16,147.16,,
O003695,C01481,2025-10-15,delivered,Card,Express,NONE,0,189.9,189.9,4,4.8
O003696,C00023,2025-02-10,delivered,PayPal,Pickup,WELCOME10,10,590.61,531.55,1,4.0
O003697,C00699,2025-08-07,delivered,Card,Standard,NONE,0,309.9,309.9,4,3.9
O003698,C00825,2025-09-15,delivered,Card,Pickup,NONE,0,545.98,545.98,1,5.0
O003699,C00717,2025-05-08,delivered,Card,Express,SPORT15,15,1674.5,1423.33,2,3.5
O003700,C00009,2025-05-29,delivered,Card,Standard,LOYAL20,20,384.9,307.92,4,3.9
O003701,C00630,2025-11-21,delivered,Card,Standard,WELCOME10,10,484.7,436.23,6,4.0
O003702,C00707,2025-08-25,delivered,PayPal,Standard,NONE,0,200.31,200.31,2,4.5
O003703,C01849,2025-01-23,delivered,Apple Pay,Standard,SPORT15,15,134.9,114.67,4,4.7
O003704,C00404,2025-06-23,delivered,PayPal,Standard,NONE,0,553.22,553.22,4,4.5
O003705,C00999,2025-11-23,delivered,Card,Standard,NONE,0,481.72,481.72,3,5.0
O003706,C01665,2025-03-10,delivered,Card,Standard,WELCOME10,10,219.9,197.91,7,4.1
O003707,C00601,2025-10-08,delivered,Card,Standard,NONE,0,929.7,929.7,3,4.4
O003708,C01849,2025-12-25,delivered,PayPal,Standard,NONE,0,323.82,323.82,5,4.3
O003709,C00925,2025-11-21,delivered,Cash,Standard,NONE,0,897.85,897.85,4,4.4
O003710,C00617,2025-08-17,delivered,Card,Standard,NONE,0,154.9,154.9,4,4.7
O003711,C00690,2025-06-17,delivered,Card,Standard,SPORT15,15,71.16,60.49,4,4.5
O003712,C01934,2025-05-10,delivered,Cash,Standard,LOYAL20,20,152.82,122.26,4,3.9
O003713,C01660,2025-11-26,delivered,PayPal,Standard,NONE,0,512.81,512.81,3,3.0
O003714,C00553,2025-03-12,delivered,Card,Standard,NONE,0,194.9,194.9,7,5.0
O003715,C01373,2025-08-12,delivered,Card,Standard,WEEKEND10,10,199.7,179.73,3,4.3
O003716,C00279,2025-08-21,delivered,Apple Pay,Pickup,NONE,0,170.91,170.91,5,4.2
O003717,C01725,2025-09-19,cancelled,Card,Pickup,NONE,0,422.56,422.56,,
O003718,C00131,2025-01-25,delivered,Card,Express,WEEKEND10,10,1089.5,980.55,2,5.0
O003719,C01252,2025-02-13,delivered,PayPal,Standard,NONE,0,417.55,417.55,5,4.2
O003720,C00187,2025-07-23,delivered,Card,Standard,NONE,0,694.6,694.6,4,3.9
O003721,C01133,2025-08-11,delivered,Card,Standard,SPORT15,15,512.71,435.8,4,4.0
O003722,C01459,2025-12-17,delivered,Card,Pickup,NONE,0,311.07,311.07,1,4.6
O003723,C01550,2025-06-10,delivered,PayPal,Standard,NONE,0,274.9,274.9,2,3.9
O003724,C01724,2025-05-07,delivered,PayPal,Standard,NONE,0,499.32,499.32,3,4.9
O003725,C01746,2025-01-22,delivered,Card,Standard,NONE,0,204.72,204.72,5,4.1
O003726,C00007,2025-12-26,delivered,Cash,Express,NONE,0,904.7,904.7,2,5.0
O003727,C00813,2025-07-05,delivered,PayPal,Pickup,NONE,0,319.8,319.8,3,4.8
O003728,C01735,2025-01-26,cancelled,Card,Standard,WELCOME10,10,339.8,305.82,,
O003729,C00011,2025-09-22,delivered,Card,Standard,WELCOME10,10,207.56,186.8,6,3.8
O003730,C00045,2025-07-02,delivered,PayPal,Standard,WEEKEND10,10,341.73,307.56,6,4.0
O003731,C01150,2025-03-03,delivered,Card,Express,NONE,0,239.9,239.9,3,4.6
O003732,C00980,2025-11-12,delivered,PayPal,Standard,WELCOME10,10,242.91,218.62,3,3.9
O003733,C00096,2025-01-15,delivered,Card,Standard,WELCOME10,10,282.27,254.04,6,4.3
O003734,C00733,2025-07-19,delivered,Card,Express,SPORT15,15,824.7,701.0,3,4.2
O003735,C00265,2025-12-11,returned,Card,Pickup,SPORT15,15,527.85,448.67,4,4.0
O003736,C01198,2025-10-28,delivered,PayPal,Standard,WEEKEND10,10,99.9,89.91,5,4.4
O003737,C00960,2025-12-12,delivered,Cash,Standard,WEEKEND10,10,137.66,123.89,7,4.1
O003738,C01920,2025-09-29,delivered,Card,Standard,WELCOME10,10,295.71,266.14,3,4.3
O003739,C01383,2025-02-03,delivered,Cash,Standard,NONE,0,37.9,37.9,3,4.6
O003740,C01111,2025-11-04,delivered,Card,Express,LOYAL20,20,941.9,753.52,3,4.8
O003741,C00431,2025-12-28,delivered,Card,Express,WELCOME10,10,324.9,292.41,2,5.0
O003742,C01868,2025-04-23,delivered,Cash,Express,WELCOME10,10,1012.1,910.89,4,3.9
O003743,C01901,2025-03-06,delivered,Card,Standard,NONE,0,189.6,189.6,2,4.9
O003744,C00061,2025-09-12,delivered,Cash,Standard,SPORT15,15,439.8,373.83,8,4.0
O003745,C01101,2025-12-09,delivered,PayPal,Express,WEEKEND10,10,530.82,477.74,3,4.9
O003746,C00528,2025-03-22,delivered,Card,Pickup,NONE,0,269.8,269.8,2,3.9
O003747,C00498,2025-10-25,delivered,Card,Pickup,NONE,0,957.51,957.51,4,4.1
O003748,C01464,2025-08-09,delivered,Apple Pay,Standard,NONE,0,267.81,267.81,3,4.5
O003749,C01190,2025-12-14,cancelled,Card,Standard,NONE,0,579.7,579.7,,
O003750,C01481,2025-10-09,delivered,Card,Standard,NONE,0,142.32,142.32,6,4.6
O003751,C00298,2025-10-27,delivered,Card,Standard,NONE,0,75.8,75.8,4,4.4
O003752,C01788,2025-09-06,delivered,Card,Standard,NONE,0,750.45,750.45,3,4.6
O003753,C01601,2025-09-03,returned,Card,Standard,WELCOME10,10,571.35,514.22,4,3.4
O003754,C01494,2025-11-24,delivered,Card,Standard,WELCOME10,10,248.71,223.84,4,4.6
O003755,C01691,2025-04-28,delivered,PayPal,Standard,WELCOME10,10,266.81,240.13,5,4.2
O003756,C01776,2025-07-29,delivered,PayPal,Standard,WELCOME10,10,557.82,502.04,6,3.7
O003757,C01462,2025-12-14,delivered,Card,Standard,WEEKEND10,10,384.8,346.32,4,4.2
O003758,C01624,2025-07-02,delivered,PayPal,Standard,NONE,0,708.87,708.87,5,4.0
O003759,C00661,2025-03-30,delivered,Apple Pay,Express,NONE,0,69.9,69.9,6,4.4
O003760,C00169,2025-11-07,delivered,Apple Pay,Standard,NONE,0,566.31,566.31,4,4.9
O003761,C00697,2025-12-13,delivered,Card,Standard,NONE,0,67.41,67.41,5,5.0
O003762,C01477,2025-10-20,delivered,Card,Standard,SPORT15,15,134.9,114.67,4,4.4
O003763,C00267,2025-07-24,delivered,Card,Standard,WEEKEND10,10,404.56,364.1,4,4.7
O003764,C00147,2025-12-04,delivered,Card,Pickup,NONE,0,577.81,577.81,4,3.7
O003765,C01991,2025-08-07,delivered,Card,Express,NONE,0,631.71,631.71,2,4.3
O003766,C00663,2025-09-23,delivered,Card,Pickup,NONE,0,944.7,944.7,2,4.4
O003767,C01275,2025-12-07,delivered,Card,Standard,WELCOME10,10,239.9,215.91,3,3.6
O003768,C01910,2025-11-01,delivered,Apple Pay,Pickup,NONE,0,149.8,149.8,1,4.3
O003769,C01905,2025-09-18,delivered,PayPal,Pickup,WELCOME10,10,264.8,238.32,2,3.9
O003770,C01942,2025-10-04,delivered,Card,Express,WEEKEND10,10,226.77,204.09,1,4.6
O003771,C01724,2025-06-27,delivered,Apple Pay,Express,NONE,0,401.31,401.31,3,4.2
O003772,C01519,2025-10-25,delivered,Card,Standard,NONE,0,712.52,712.52,5,4.2
O003773,C00058,2025-07-26,delivered,Card,Standard,NONE,0,434.8,434.8,4,4.8
O003774,C01372,2025-12-15,delivered,Card,Standard,WELCOME10,10,259.72,233.75,6,4.0
O003775,C00088,2025-05-07,delivered,Card,Express,NONE,0,427.31,427.31,3,4.6
O003776,C00757,2025-11-14,delivered,PayPal,Express,WEEKEND10,10,566.82,510.14,3,4.3
O003777,C00230,2025-03-24,delivered,Card,Standard,LOYAL20,20,450.36,360.29,3,4.4
O003778,C01367,2025-04-09,delivered,Card,Standard,NONE,0,174.8,174.8,4,3.8
O003779,C01226,2025-12-19,delivered,PayPal,Standard,SPORT15,15,274.9,233.66,6,4.5
O003780,C00604,2025-12-09,delivered,PayPal,Express,WEEKEND10,10,1029.6,926.64,2,4.6
O003781,C01466,2025-02-26,delivered,Card,Standard,NONE,0,594.8,594.8,5,4.4
O003782,C01423,2025-04-08,delivered,Apple Pay,Standard,NONE,0,539.7,539.7,6,4.0
O003783,C01817,2025-05-12,delivered,Cash,Express,NONE,0,240.56,240.56,3,4.2
O003784,C00006,2025-12-28,delivered,Apple Pay,Standard,SPORT15,15,213.56,181.53,3,3.7
O003785,C01574,2025-08-03,delivered,Apple Pay,Standard,WELCOME10,10,257.12,231.41,4,4.5
O003786,C00993,2025-01-01,delivered,PayPal,Express,NONE,0,785.94,785.94,1,4.7
O003787,C01966,2025-12-29,delivered,Cash,Standard,NONE,0,34.9,34.9,5,4.4
O003788,C00915,2025-12-18,delivered,Card,Pickup,LOYAL20,20,371.06,296.85,3,3.9
O003789,C01838,2025-10-16,delivered,Card,Pickup,NONE,0,66.41,66.41,4,4.3
O003790,C00424,2025-09-22,delivered,PayPal,Express,NONE,0,215.81,215.81,4,4.9
O003791,C00345,2025-03-11,delivered,,Express,NONE,0,297.81,297.81,2,4.7
O003792,C00352,2025-10-26,cancelled,Apple Pay,Express,NONE,0,609.23,609.23,,
O003793,C00103,2025-06-27,cancelled,Card,Standard,NONE,0,1925.34,1925.34,,
O003794,C00007,2025-06-20,returned,Card,Standard,NONE,0,824.5,824.5,4,3.9
O003795,C00339,2025-01-31,delivered,Card,Standard,WELCOME10,10,409.7,368.73,5,4.3
O003796,C01375,2025-12-23,delivered,Card,Standard,NONE,0,129.81,129.81,2,4.3
O003797,C00197,2025-05-29,delivered,PayPal,Express,NONE,0,654.7,654.7,2,4.3
O003798,C01217,2025-06-04,delivered,Card,Standard,NONE,0,139.8,139.8,4,3.9
O003799,C01846,2025-08-24,delivered,PayPal,Standard,LOYAL20,20,364.7,291.76,5,4.1
O003800,C00657,2025-11-02,delivered,Card,Standard,WEEKEND10,10,251.65,226.49,5,4.0
O003801,C00834,2025-03-04,delivered,Card,Standard,NONE,0,244.71,244.71,4,4.4
O003802,C01790,2025-11-22,delivered,Cash,Standard,NONE,0,395.6,395.6,2,4.7
O003803,C00752,2025-05-29,delivered,Card,Standard,NONE,0,139.8,139.8,4,4.2
O003804,C01238,2025-12-08,delivered,Card,Standard,NONE,0,313.82,313.82,6,4.6
O003805,C00298,2025-10-23,delivered,Apple Pay,Standard,NONE,0,444.7,444.7,5,4.7
O003806,C01770,2025-03-01,delivered,Card,Standard,NONE,0,992.11,992.11,3,4.7
O003807,C00597,2025-02-10,delivered,Card,Standard,NONE,0,450.21,450.21,4,4.4
O003808,C01190,2025-11-10,cancelled,Apple Pay,Standard,NONE,0,810.71,810.71,,
O003809,C01896,2025-12-05,delivered,Cash,Express,NONE,0,400.86,400.86,3,4.2
O003810,C00164,2025-08-04,cancelled,Card,Standard,NONE,0,74.9,74.9,,
O003811,C00628,2025-03-08,delivered,PayPal,Standard,WELCOME10,10,580.45,522.41,3,4.4
O003812,C01315,2025-11-22,delivered,Apple Pay,Express,SPORT15,15,314.9,267.66,1,4.4
O003813,C00943,2025-03-28,delivered,Card,Standard,WEEKEND10,10,130.41,117.37,5,4.6
O003814,C00142,2025-06-17,delivered,Card,Standard,SPORT15,15,197.81,168.14,2,4.3
O003815,C00958,2025-10-10,delivered,Card,Express,WEEKEND10,10,269.9,242.91,2,4.9
O003816,C00427,2025-12-31,delivered,Card,Standard,LOYAL20,20,395.82,316.66,7,4.3
O003817,C01815,2025-06-14,delivered,Card,Express,NONE,0,76.41,76.41,3,4.5
O003818,C00154,2025-11-04,delivered,Card,Express,SPORT15,15,132.82,112.9,5,3.4
O003819,C00533,2025-12-06,delivered,Apple Pay,Express,NONE,0,208.91,208.91,4,4.3
O003820,C00436,2025-06-30,delivered,Card,Standard,LOYAL20,20,638.47,510.78,5,3.8
O003821,C00256,2025-08-19,delivered,Cash,Standard,WELCOME10,10,74.9,67.41,3,3.6
O003822,C00221,2025-08-12,delivered,Card,Standard,NONE,0,601.71,601.71,3,4.0
O003823,C01590,2025-05-08,delivered,PayPal,Express,NONE,0,305.57,305.57,3,4.9
O003824,C00341,2025-11-22,delivered,Card,Standard,NONE,0,197.91,197.91,1,4.1
O003825,C01216,2025-12-20,delivered,Apple Pay,Standard,NONE,0,1290.33,1290.33,3,4.3
O003826,C00301,2025-11-29,delivered,Card,Standard,NONE,0,699.72,699.72,5,3.5
O003827,C00987,2025-04-30,delivered,Card,Standard,SPORT15,15,459.8,390.83,5,3.9
O003828,C01704,2025-07-11,delivered,PayPal,Standard,NONE,0,309.8,309.8,3,3.7
O003829,C00655,2025-10-14,delivered,Cash,Standard,NONE,0,17.91,17.91,5,4.4
O003830,C01324,2025-12-29,delivered,Card,Express,NONE,0,69.8,69.8,2,5.0
O003831,C01010,2025-12-17,delivered,Card,Pickup,WEEKEND10,10,197.91,178.12,2,5.0
O003832,C01185,2025-07-28,delivered,Cash,Standard,WELCOME10,10,442.88,398.59,4,4.4
O003833,C01941,2025-07-03,returned,Card,Standard,SPORT15,15,457.13,388.56,6,3.8
O003834,C01841,2025-05-12,delivered,Card,Standard,NONE,0,369.9,369.9,2,4.4
O003835,C00280,2025-06-04,delivered,Card,Standard,NONE,0,309.9,309.9,3,3.8
O003836,C01988,2025-07-18,delivered,PayPal,Express,NONE,0,19.9,19.9,4,5.0
O003837,C00074,2025-07-27,delivered,Card,Express,NONE,0,99.9,99.9,1,3.9
O003838,C00263,2025-08-05,delivered,Card,Express,NONE,0,139.9,139.9,2,4.4
O003839,C00798,2025-09-11,delivered,Card,Express,SPORT15,15,418.23,355.5,2,4.6
O003840,C01791,2025-02-20,cancelled,Card,Standard,NONE,0,629.8,629.8,,
O003841,C00779,2025-09-14,delivered,Card,Standard,NONE,0,639.5,639.5,5,4.4
O003842,C00520,2025-10-08,delivered,Card,Standard,NONE,0,174.9,174.9,3,4.7
O003843,C00254,2025-07-22,delivered,Apple Pay,Standard,NONE,0,314.9,314.9,5,5.0
O003844,C01085,2025-05-18,returned,Cash,Standard,NONE,0,114.81,114.81,3,2.2
O003845,C00779,2025-06-06,delivered,PayPal,Pickup,NONE,0,642.62,642.62,2,5.0
O003846,C00497,2025-01-18,delivered,Apple Pay,Standard,NONE,0,997.2,997.2,4,5.0
O003847,C00977,2025-04-04,delivered,Card,Express,NONE,0,693.53,693.53,3,4.3
O003848,C00682,2025-01-31,delivered,Card,Standard,WELCOME10,10,159.8,143.82,3,4.9
O003849,C01242,2025-11-11,delivered,PayPal,Pickup,WELCOME10,10,188.73,169.86,3,4.5
O003850,C00065,2025-03-13,delivered,PayPal,Express,WELCOME10,10,834.6,751.14,3,5.0
O003851,C00801,2025-09-19,delivered,Card,Standard,NONE,0,679.4,679.4,6,4.4
O003852,C00982,2025-02-15,cancelled,PayPal,Standard,NONE,0,219.9,219.9,,
O003853,C01540,2025-09-30,delivered,Card,Express,NONE,0,188.73,188.73,1,4.3
O003854,C00405,2025-04-03,delivered,Card,Express,NONE,0,377.71,377.71,3,4.6
O003855,C00985,2025-07-12,delivered,Cash,Pickup,NONE,0,259.6,259.6,3,4.2
O003856,C00400,2025-02-16,delivered,Card,Pickup,WELCOME10,10,784.5,706.05,4,4.6
O003857,C00727,2025-12-22,delivered,Card,Pickup,NONE,0,174.9,174.9,1,4.4
O003858,C01027,2025-11-29,delivered,Card,Express,NONE,0,196.03,196.03,2,4.2
O003859,C01606,2025-07-11,delivered,Card,Standard,NONE,0,260.82,260.82,8,4.7
O003860,C00054,2025-05-27,delivered,PayPal,Standard,NONE,0,287.82,287.82,3,4.9
O003861,C00960,2025-07-01,delivered,Card,Standard,NONE,0,356.15,356.15,2,4.8
O003862,C01081,2025-06-12,delivered,Card,Standard,NONE,0,208.91,208.91,4,5.0
O003863,C00688,2025-11-22,delivered,Cash,Pickup,WEEKEND10,10,47.4,42.66,1,5.0
O003864,C00798,2025-11-10,delivered,Card,Standard,SPORT15,15,52.15,44.33,4,4.2
O003865,C00124,2025-07-24,delivered,Cash,Standard,NONE,0,379.8,379.8,4,4.3
O003866,C00980,2025-02-28,delivered,Apple Pay,Express,NONE,0,631.47,631.47,1,4.6
O003867,C00658,2025-05-01,delivered,Card,Express,NONE,0,154.9,154.9,2,4.5
O003868,C01908,2025-05-21,delivered,Card,Pickup,NONE,0,899.61,899.61,1,3.9
O003869,C01133,2025-10-07,delivered,Apple Pay,Standard,NONE,0,76.41,76.41,6,4.0
O003870,C01124,2025-02-18,delivered,Card,Standard,WEEKEND10,10,439.8,395.82,4,4.4
O003871,C01140,2025-10-14,delivered,,Standard,SPORT15,15,154.9,131.66,6,3.5
O003872,C01274,2025-01-12,delivered,Cash,Express,NONE,0,168.96,168.96,4,4.4
O003873,C00379,2025-07-04,cancelled,Card,Standard,WEEKEND10,10,19.9,17.91,,
O003874,C00465,2025-06-22,delivered,Card,Standard,NONE,0,233.57,233.57,2,4.0
O003875,C01221,2025-12-18,cancelled,PayPal,Standard,SPORT15,15,374.9,318.66,,
O003876,C01590,2025-11-17,delivered,Apple Pay,Standard,SPORT15,15,139.8,118.83,2,4.5
O003877,C01941,2025-03-15,delivered,Card,Pickup,SPORT15,15,277.71,236.05,2,5.0
O003878,C00926,2025-09-14,delivered,Cash,Express,NONE,0,170.91,170.91,2,3.7
O003879,C00126,2025-05-01,delivered,Apple Pay,Standard,SPORT15,15,159.9,135.91,6,4.8
O003880,C01745,2025-05-03,delivered,Card,Standard,NONE,0,211.72,211.72,5,4.0
O003881,C01525,2025-10-14,delivered,Cash,Standard,SPORT15,15,592.61,503.72,4,4.5
O003882,C01870,2025-06-09,cancelled,Card,Standard,LOYAL20,20,1561.52,1249.22,,
O003883,C01389,2025-02-18,delivered,PayPal,Pickup,NONE,0,1259.5,1259.5,1,4.0
O003884,C01592,2025-10-18,delivered,Cash,Express,NONE,0,472.81,472.81,1,4.5
O003885,C00492,2025-10-26,delivered,PayPal,Standard,NONE,0,219.9,219.9,5,4.5
O003886,C00960,2025-03-22,returned,Card,Express,NONE,0,458.81,458.81,3,2.3
O003887,C00119,2025-10-01,delivered,Card,Standard,WEEKEND10,10,771.21,694.09,3,5.0
O003888,C00903,2025-12-07,delivered,Apple Pay,Standard,NONE,0,314.9,314.9,5,3.8
O003889,C00718,2025-02-26,delivered,Card,Express,LOYAL20,20,1198.85,959.08,4,4.9
O003890,C01909,2025-12-17,delivered,PayPal,Express,NONE,0,278.91,278.91,1,5.0
O003891,C00803,2025-09-12,delivered,PayPal,Standard,SPORT15,15,504.72,429.01,3,3.8
O003892,C00899,2025-01-15,delivered,Cash,Pickup,SPORT15,15,89.8,76.33,1,3.4
O003893,C01274,2025-03-05,delivered,PayPal,Standard,NONE,0,981.54,981.54,4,3.5
O003894,C01675,2025-03-16,returned,Card,Standard,NONE,0,169.6,169.6,4,4.8
O003895,C00552,2025-12-11,delivered,Apple Pay,Express,WEEKEND10,10,219.9,197.91,1,4.8
O003896,C01333,2025-08-17,delivered,Card,Express,WELCOME10,10,80.66,72.59,3,3.6
O003897,C01995,2025-12-05,delivered,Cash,Standard,NONE,0,413.81,413.81,5,3.8
O003898,C01879,2025-05-15,delivered,Card,Standard,NONE,0,1292.02,1292.02,5,4.5
O003899,C00026,2025-07-17,delivered,PayPal,Standard,LOYAL20,20,66.41,53.13,4,5.0
O003900,C00019,2025-03-03,delivered,Card,Express,NONE,0,219.9,219.9,3,4.3
O003901,C00425,2025-11-29,delivered,Card,Pickup,NONE,0,769.8,769.8,4,3.5
O003902,C00241,2025-10-08,delivered,Cash,Express,WELCOME10,10,327.56,294.8,5,4.7
O003903,C01957,2025-11-16,delivered,PayPal,Standard,WELCOME10,10,69.9,62.91,3,4.8
O003904,C01985,2025-07-31,delivered,Card,Standard,NONE,0,1369.4,1369.4,4,4.3
O003905,C00443,2025-09-24,delivered,Cash,Standard,SPORT15,15,49.9,42.41,5,3.9
O003906,C00064,2025-03-15,delivered,Card,Standard,NONE,0,162.32,162.32,7,4.0
O003907,C01922,2025-03-11,returned,Card,Express,WELCOME10,10,631.3,568.17,5,2.3
O003908,C00523,2025-11-08,returned,PayPal,Standard,NONE,0,379.7,379.7,3,4.5
O003909,C01001,2025-07-24,delivered,Card,Standard,SPORT15,15,452.31,384.46,5,4.7
O003910,C00317,2025-03-22,delivered,Card,Pickup,NONE,0,170.91,170.91,2,4.6
O003911,C00616,2025-11-14,delivered,Apple Pay,Standard,NONE,0,182.81,182.81,5,5.0
O003912,C01096,2025-09-24,delivered,Cash,Standard,NONE,0,345.07,345.07,5,3.4
O003913,C01400,2025-06-28,delivered,Card,Standard,WELCOME10,10,153.8,138.42,4,4.1
O003914,C00965,2025-08-08,delivered,Card,Standard,WELCOME10,10,303.82,273.44,3,4.4
O003915,C01462,2025-07-09,delivered,PayPal,Standard,NONE,0,362.45,362.45,4,4.0
O003916,C00680,2025-06-01,cancelled,Card,Pickup,LOYAL20,20,132.82,106.26,,
O003917,C01353,2025-02-15,delivered,PayPal,Standard,NONE,0,149.6,149.6,4,5.0
O003918,C01855,2025-05-16,delivered,Card,Standard,NONE,0,84.9,84.9,4,4.0
O003395,C00337,2025-09-04,delivered,Card,Express,SPORT15,15,299.15,254.28,3,5.0
O002033,C00597,2025-05-04,delivered,Card,Standard,WELCOME10,10,305.81,275.23,1,4.8
O001851,C01793,2025-11-15,delivered,Card,Standard,NONE,0,189.8,189.8,6,4.6
O001954,C00939,2025-03-28,delivered,Apple Pay,Standard,NONE,0,459.8,459.8,7,4.6
O001551,C01564,2025-02-25,delivered,PayPal,Standard,WEEKEND10,10,174.31,156.88,3,4.4
O003806,C01770,2025-03-01,delivered,Card,Standard,NONE,0,992.11,992.11,3,4.7
O001878,C00723,2025-03-31,delivered,Apple Pay,Standard,NONE,0,614.6,614.6,4,4.5
O003139,C00043,2025-06-04,delivered,PayPal,Express,NONE,0,1187.61,1187.61,2,5.0
