item_id,order_id,product_id,quantity,unit_price,line_amount
I0000001,O000001,P0002,1,74.9,74.9
I0000002,O000002,P0002,1,74.9,74.9
I0000003,O000003,P0013,3,346.41,1039.23
I0000004,O000003,P0018,2,19.9,39.8
I0000005,O000004,P0006,2,49.9,99.8
I0000006,O000004,P0004,1,154.9,154.9
I0000007,O000004,P0012,1,274.9,274.9
I0000008,O000004,P0025,1,269.9,269.9
I0000009,O000005,P0006,1,47.4,47.4
I0000010,O000005,P0046,2,84.9,169.8
I0000011,O000005,P0002,2,67.41,134.82
I0000012,O000006,P0002,1,71.16,71.16
I0000013,O000006,P0011,1,139.9,139.9
I0000014,O000007,P0034,1,80.66,80.66
I0000015,O000007,P0029,1,39.9,39.9
I0000016,O000008,P0046,0,80.66,80.66
I0000017,O000009,P0008,1,99.9,99.9
I0000018,O000009,P0041,1,299.15,299.15
I0000019,O000009,P0001,1,62.91,62.91
I0000020,O000010,P0032,2,174.9,349.8
I0000021,O000011,P0042,2,144.9,289.8
I0000022,O000012,P0019,1,144.9,144.9
I0000023,O000013,P0008,3,99.9,299.7
I0000024,O000013,P0018,1,18.9,18.9
I0000025,O000013,P0038,1,283.41,283.41
I0000026,O000013,P0003,25,69.9,69.9
I0000027,O000014,P0004,1,139.41,139.41
I0000028,O000015,P0030,2,179.9,359.8
I0000029,O000015,P0018,1,19.9,19.9
I0000030,O000016,P0044,1,294.4,294.4
I0000031,O000017,P0036,1,349.9,349.9
I0000032,O000018,P0010,2,34.9,69.8
I0000033,O000018,P0003,2,69.9,139.8
I0000034,O000019,P0010,1,34.9,34.9
I0000035,O000019,P0008,1,89.91,89.91
I0000036,O000020,P0030,1,-49.9,-49.9
I0000037,O000021,P0043,1,294.9,294.9
I0000038,O000021,P0002,1,74.9,74.9
I0000039,O000021,P0039,1,49.41,49.41
I0000040,O000022,P0004,1,154.9,154.9
I0000041,O000023,P0025,1,269.9,269.9
I0000042,O000024,P0003,1,69.9,69.9
I0000043,O000024,P0026,1,369.9,369.9
I0000044,O000025,P0004,1,147.16,147.16
I0000045,O000026,P0013,1,384.9,384.9
I0000046,O000027,P0034,3,76.41,229.23
I0000047,O000028,P0023,2,219.9,439.8
I0000048,O000029,P0002,2,74.9,149.8
I0000049,O000029,P0011,1,139.9,139.9
I0000050,O000030,P0003,2,69.9,139.8
I0000051,O000031,P0003,2,69.9,139.8
I0000052,O000031,P0017,1,294.4,294.4
I0000053,O000032,P0044,1,309.9,309.9
I0000054,O000033,P0010,1,33.15,33.15
I0000055,O000034,P0027,1,314.9,314.9
I0000056,O000034,P0006,1,49.9,49.9
I0000057,O000034,P0032,1,174.9,174.9
I0000058,O000035,P0016,1,274.9,274.9
I0000059,O000035,P0011,1,132.91,132.91
I0000060,O000035,P0046,1,80.66,80.66
I0000061,O000036,P0027,1,314.9,314.9
I0000062,O000037,P0023,1,219.9,219.9
I0000063,O000037,P0005,1,69.9,69.9
I0000064,O000038,P0020,1,75.91,75.91
I0000065,O000038,P0003,1,69.9,69.9
I0000066,O000039,P0033,1,324.9,324.9
I0000067,O000039,P0010,1,34.9,34.9
I0000068,O000040,P0044,1,294.4,294.4
I0000069,O000041,P0001,1,69.9,69.9
I0000070,O000041,P0011,2,125.91,251.82
I0000071,O000041,P0016,1,247.41,247.41
I0000072,O000042,P0025,1,256.4,256.4
I0000073,O000042,P0026,1,369.9,369.9
I0000074,O000042,P0039,1,54.9,54.9
I0000075,O000043,P0046,1,84.9,84.9
I0000076,O000044,P0035,1,197.91,197.91
I0000077,O000044,P0003,1,69.9,69.9
I0000078,O000045,P0041,1,299.15,299.15
I0000079,O000045,P0022,3,197.91,593.73
I0000080,O000046,P0031,1,364.9,364.9
I0000081,O000047,P0022,3,208.91,626.73
I0000082,O000047,P0006,2,44.91,89.82
I0000083,O000047,P0021,1,159.9,159.9
I0000084,O000048,P0043,2,280.15,560.3
I0000085,O000048,P0014,1,194.9,194.9
I0000086,O000048,P0015,1,44.9,44.9
I0000087,O000049,P0014,1,194.9,194.9
I0000088,O000050,P0014,1,194.9,194.9
I0000089,O000051,P0046,1,76.41,76.41
I0000090,O000051,P0008,1,99.9,99.9
I0000091,O000052,P0012,1,261.15,261.15
I0000092,O000052,P0005,1,69.9,69.9
I0000093,O000052,P0020,1,79.9,79.9
I0000094,O000053,P0029,1,39.9,39.9
I0000095,O000053,P0048,1,264.9,264.9
I0000096,O000054,P0041,1,283.41,283.41
I0000097,O000054,P0036,1,349.9,349.9
I0000098,O000055,P0005,1,69.9,69.9
I0000099,O000056,P0023,1,219.9,219.9
I0000100,O000057,P0022,1,197.91,197.91
I0000101,O000058,P0010,2,33.15,66.3
I0000102,O000058,P0034,1,84.9,84.9
I0000103,O000059,P0005,1,69.9,69.9
I0000104,O000059,P0008,2,99.9,199.8
I0000105,O000059,P0013,1,384.9,384.9
I0000106,O000059,P0001,1,69.9,69.9
I0000107,O000060,P0033,1,324.9,324.9
I0000108,O000060,P0015,1,44.9,44.9
I0000109,O000061,P0013,2,346.41,692.82
I0000110,O000062,P0032,1,157.41,157.41
I0000111,O000062,P0033,1,292.41,292.41
I0000112,O000063,P0046,2,84.9,169.8
I0000113,O000063,P0013,1,384.9,384.9
I0000114,O000063,P0009,1,215.91,215.91
I0000115,O000064,P0004,1,154.9,154.9
I0000116,O000065,P0048,1,251.65,251.65
I0000117,O000066,P0027,1,314.9,314.9
I0000118,O000067,P0043,1,265.41,265.41
I0000119,O000067,P0034,2,76.41,152.82
I0000120,O000068,P0003,2,69.9,139.8
I0000121,O000068,P0006,1,49.9,49.9
I0000122,O000068,P0007,1,121.41,121.41
I0000123,O000069,P0044,3,309.9,929.7
I0000124,O000069,P0022,1,219.9,219.9
I0000125,O000069,P0009,1,227.91,227.91
I0000126,O000069,P0005,1,69.9,69.9
I0000127,O000070,P0023,1,219.9,219.9
I0000128,O000071,P0020,1,79.9,79.9
I0000129,O000072,P0016,1,274.9,274.9
I0000130,O000072,P0004,2,139.41,278.82
I0000131,O000072,P0017,1,309.9,309.9
I0000132,O000073,P0010,2,31.41,62.82
I0000133,O000073,P0020,2,79.9,159.8
I0000134,O000073,P0003,1,69.9,69.9
I0000135,O000074,P0027,2,314.9,629.8
I0000136,O000075,P0001,1,69.9,69.9
I0000137,O000075,P0035,1,208.91,208.91
I0000138,O000075,P0027,1,283.41,283.41
I0000139,O000076,P0006,1,49.9,49.9
I0000140,O000076,P0015,1,44.9,44.9
I0000141,O000076,P0005,1,66.41,66.41
I0000142,O000076,P0014,1,175.41,175.41
I0000143,O000077,P0005,1,69.9,69.9
I0000144,O000077,P0026,2,351.4,702.8
I0000145,O000078,P0033,1,292.41,292.41
I0000146,O000079,P0008,1,99.9,99.9
I0000147,O000080,P0046,3,84.9,254.7
I0000148,O000081,P0004,2,139.41,278.82
I0000149,O000081,P0036,1,349.9,349.9
I0000150,O000082,P0021,1,151.91,151.91
I0000151,O000082,P0032,1,157.41,157.41
I0000152,O000083,P0030,1,179.9,179.9
I0000153,O000084,P0023,1,219.9,219.9
I0000154,O000084,P0002,1,74.9,74.9
I0000155,O000085,P0046,1,84.9,84.9
I0000156,O000085,P0015,3,44.9,134.7
I0000157,O000086,P0015,1,40.41,40.41
I0000158,O000087,P0003,2,69.9,139.8
I0000159,O000087,P0018,1,17.91,17.91
I0000160,O000088,P0009,1,239.9,239.9
I0000161,O000088,P0023,2,219.9,439.8
I0000162,O000088,P0010,1,33.15,33.15
I0000163,O000089,P0015,1,42.65,42.65
I0000164,O000089,P0020,1,79.9,79.9
I0000165,O000090,P0026,1,332.91,332.91
I0000166,O000090,P0010,1,31.41,31.41
I0000167,O000091,P0035,1,219.9,219.9
I0000168,O000092,P0026,1,369.9,369.9
I0000169,O000093,P0004,1,154.9,154.9
I0000170,O000094,P0012,2,274.9,549.8
I0000171,O000094,P0023,1,197.91,197.91
I0000172,O000095,P0022,1,219.9,219.9
I0000173,O000096,P0042,1,130.41,130.41
I0000174,O000097,P0022,1,219.9,219.9
I0000175,O000097,P0041,1,314.9,314.9
I0000176,O000097,P0013,1,384.9,384.9
I0000177,O000098,P0018,1,19.9,19.9
I0000178,O000099,P0025,1,256.4,256.4
I0000179,O000100,P0039,1,54.9,54.9
I0000180,O000101,P0016,1,261.15,261.15
I0000181,O000102,P0015,2,44.9,89.8
I0000182,O000102,P0021,2,151.91,303.82
I0000183,O000102,P0026,2,369.9,739.8
I0000184,O000103,P0009,2,239.9,479.8
I0000185,O000104,P0002,1,74.9,74.9
I0000186,O000104,P0011,1,139.9,139.9
I0000187,O000104,P0030,1,179.9,179.9
I0000188,O000104,P0025,1,269.9,269.9
I0000189,O000105,P0005,1,66.41,66.41
I0000190,O000105,P0010,1,34.9,34.9
I0000191,O000105,P0026,1,369.9,369.9
I0000192,O000106,P0006,2,49.9,99.8
I0000193,O000106,P0018,1,17.91,17.91
I0000194,O000106,P0014,1,194.9,194.9
I0000195,O000107,P0029,2,39.9,79.8
I0000196,O000108,P0033,1,324.9,324.9
I0000197,O000108,P0046,2,76.41,152.82
I0000198,O000109,P0009,1,227.91,227.91
I0000199,O000110,P0023,1,197.91,197.91
I0000200,O000111,P0033,2,324.9,649.8
I0000201,O000111,P0005,1,69.9,69.9
I0000202,O000112,P0042,1,144.9,144.9
I0000203,O000112,P0020,1,79.9,79.9
I0000204,O000113,P0008,3,99.9,299.7
I0000205,O000113,P0019,2,130.41,260.82
I0000206,O000113,P0016,1,274.9,274.9
I0000207,O000114,P0001,1,69.9,69.9
I0000208,O000115,P0046,1,76.41,76.41
I0000209,O000116,P0002,1,67.41,67.41
I0000210,O000116,P0014,1,194.9,194.9
I0000211,O000116,P0033,1,324.9,324.9
I0000212,O000117,P0040,1,89.9,89.9
I0000213,O000117,P0022,1,208.91,208.91
I0000214,O000117,P0042,1,144.9,144.9
I0000215,O000117,P0008,2,99.9,199.8
I0000216,O000118,P0001,2,62.91,125.82
I0000217,O000119,P0011,1,132.91,132.91
I0000218,O000119,P0028,2,180.41,360.82
I0000219,O000120,P0003,2,62.91,125.82
I0000220,O000120,P0010,3,31.41,94.23
I0000221,O000121,P0024,1,152.91,152.91
I0000222,O000121,P0015,1,42.65,42.65
I0000223,O000121,P0042,1,137.66,137.66
I0000224,O000122,P0048,1,264.9,264.9
I0000225,O000122,P0035,1,219.9,219.9
I0000226,O000123,P0029,1,37.9,37.9
I0000227,O000124,P0016,2,274.9,549.8
I0000228,O000124,P0026,1,369.9,369.9
I0000229,O000125,P0015,2,44.9,89.8
I0000230,O000126,P0035,1,219.9,219.9
I0000231,O000126,P0029,1,39.9,39.9
I0000232,O000127,P0007,1,134.9,134.9
I0000233,O000127,P0048,1,238.41,238.41
I0000234,O000128,P0046,2,84.9,169.8
I0000235,O000128,P0005,1,69.9,69.9
I0000236,O000128,P0038,2,299.15,598.3
I0000237,O000129,P0002,1,74.9,74.9
I0000238,O000130,P0003,1,69.9,69.9
I0000239,O000130,P0008,1,89.91,89.91
I0000240,O000131,P0030,1,179.9,179.9
I0000241,O000131,P0039,1,54.9,54.9
I0000242,O000131,P0034,2,80.66,161.32
I0000243,O000131,P0028,1,189.9,189.9
I0000244,O000132,P0005,1,69.9,69.9
I0000245,O000132,P0018,2,19.9,39.8
I0000246,O000133,P0035,1,219.9,219.9
I0000247,O000133,P0045,1,184.41,184.41
I0000248,O000134,P0018,2,19.9,39.8
I0000249,O000135,P0022,1,197.91,197.91
I0000250,O000136,P0031,1,364.9,364.9
I0000251,O000137,P0033,2,292.41,584.82
I0000252,O000138,P0035,2,208.91,417.82
I0000253,O000139,P0024,1,161.41,161.41
I0000254,O000140,P0001,1,62.91,62.91
I0000255,O000140,P0012,2,274.9,549.8
I0000256,O000140,P0044,1,294.4,294.4
I0000257,O000141,P0011,1,139.9,139.9
I0000258,O000141,P0024,1,152.91,152.91
I0000259,O000141,P0029,1,37.9,37.9
I0000260,O000142,P0016,2,247.41,494.82
I0000261,O000143,P0021,1,143.91,143.91
I0000262,O000143,P0001,2,66.41,132.82
I0000263,O000144,P0009,1,239.9,239.9
I0000264,O000145,P0019,2,144.9,289.8
I0000265,O000145,P0018,1,18.9,18.9
I0000266,O000146,P0045,2,204.9,409.8
I0000267,O000146,P0040,1,89.9,89.9
I0000268,O000146,P0025,1,242.91,242.91
I0000269,O000147,P0009,1,239.9,239.9
I0000270,O000148,P0013,1,384.9,384.9
I0000271,O000148,P0019,1,137.66,137.66
I0000272,O000148,P0012,1,274.9,274.9
I0000273,O000149,P0033,2,292.41,584.82
I0000274,O000149,P0046,2,80.66,161.32
I0000275,O000150,P0048,1,264.9,264.9
I0000276,O000150,P0041,1,314.9,314.9
I0000277,O000151,P0001,1,69.9,69.9
I0000278,O000151,P0003,1,69.9,69.9
I0000279,O000152,P0046,2,76.41,152.82
I0000280,O000152,P0003,1,66.41,66.41
I0000281,O000153,P0015,1,44.9,44.9
I0000282,O000153,P0035,3,219.9,659.7
I0000283,O000154,P0040,1,89.9,89.9
I0000284,O000154,P0015,1,44.9,44.9
I0000285,O000154,P0019,2,144.9,289.8
I0000286,O000155,P0006,1,49.9,49.9
I0000287,O000155,P0015,2,42.65,85.3
I0000288,O000156,P0003,2,62.91,125.82
I0000289,O000157,P0012,1,274.9,274.9
I0000290,O000157,P0037,1,356.15,356.15
I0000291,O000158,P0012,2,261.15,522.3
I0000292,O000158,P0003,1,66.41,66.41
I0000293,O000159,P0027,1,314.9,314.9
I0000294,O000160,P0024,1,161.41,161.41
I0000295,O000161,P0008,1,99.9,99.9
I0000296,O000162,P0036,1,349.9,349.9
I0000297,O000162,P0006,2,47.4,94.8
I0000298,O000163,P0008,1,89.91,89.91
I0000299,O000163,P0004,1,154.9,154.9
I0000300,O000164,P0003,1,69.9,69.9
I0000301,O000164,P0001,1,66.41,66.41
I0000302,O000164,P0035,2,208.91,417.82
I0000303,O000164,P0005,1,69.9,69.9
I0000304,O000165,P0025,1,269.9,269.9
I0000305,O000166,P0047,1,39.9,39.9
I0000306,O000166,P0003,1,62.91,62.91
I0000307,O000167,P0030,1,170.91,170.91
I0000308,O000168,P0018,2,19.9,39.8
I0000309,O000169,P0027,1,314.9,314.9
I0000310,O000169,P0014,1,194.9,194.9
I0000311,O000169,P0021,1,159.9,159.9
I0000312,O000170,P0007,1,121.41,121.41
I0000313,O000171,P0038,1,314.9,314.9
I0000314,O000172,P0027,1,283.41,283.41
I0000315,O000173,P0007,1,134.9,134.9
I0000316,O000174,P0003,2,66.41,132.82
I0000317,O000174,P0026,1,369.9,369.9
I0000318,O000175,P0041,1,283.41,283.41
I0000319,O000176,P0048,2,251.65,503.3
I0000320,O000176,P0005,2,69.9,139.8
I0000321,O000176,P0015,1,44.9,44.9
I0000322,O000176,P0028,2,170.91,341.82
I0000323,O000177,P0020,1,75.91,75.91
I0000324,O000177,P0039,1,52.15,52.15
I0000325,O000178,P0003,1,69.9,69.9
I0000326,O000178,P0011,1,139.9,139.9
I0000327,O000179,P0006,1,49.9,49.9
I0000328,O000180,P0002,1,67.41,67.41
I0000329,O000180,P0043,1,294.9,294.9
I0000330,O000180,P0025,1,242.91,242.91
I0000331,O000180,P0015,1,40.41,40.41
I0000332,O000181,P0023,1,208.91,208.91
I0000333,O000181,P0009,3,239.9,719.7
I0000334,O000181,P0041,1,314.9,314.9
I0000335,O000181,P0042,3,144.9,434.7
I0000336,O000182,P0028,1,189.9,189.9
I0000337,O000182,P0031,1,364.9,364.9
I0000338,O000183,P0015,1,44.9,44.9
I0000339,O000183,P0047,1,39.9,39.9
I0000340,O000184,P0005,2,66.41,132.82
I0000341,O000185,P0008,2,94.91,189.82
I0000342,O000186,P0005,2,62.91,125.82
I0000343,O000187,P0010,1,34.9,34.9
I0000344,O000187,P0014,1,194.9,194.9
I0000345,O000187,P0024,1,169.9,169.9
I0000346,O000187,P0003,1,66.41,66.41
I0000347,O000188,P0006,1,49.9,49.9
I0000348,O000188,P0033,1,308.65,308.65
I0000349,O000189,P0007,2,128.16,256.32
I0000350,O000189,P0002,1,74.9,74.9
I0000351,O000190,P0040,2,89.9,179.8
I0000352,O000190,P0041,1,299.15,299.15
I0000353,O000191,P0004,1,154.9,154.9
I0000354,O000192,P0001,2,69.9,139.8
I0000355,O000193,P0011,1,139.9,139.9
I0000356,O000194,P0030,2,179.9,359.8
I0000357,O000194,P0024,1,161.41,161.41
I0000358,O000195,P0013,1,384.9,384.9
I0000359,O000195,P0009,1,239.9,239.9
I0000360,O000195,P0017,2,278.91,557.82
I0000361,O000195,P0027,1,314.9,314.9
I0000362,O000196,P0021,1,159.9,159.9
I0000363,O000197,P0017,2,309.9,619.8
I0000364,O000197,P0043,1,294.9,294.9
I0000365,O000198,P0009,1,239.9,239.9
I0000366,O000199,P0023,1,208.91,208.91
I0000367,O000199,P0044,1,309.9,309.9
I0000368,O000200,P0026,1,332.91,332.91
I0000369,O000200,P0002,2,67.41,134.82
I0000370,O000200,P0007,1,121.41,121.41
I0000371,O000201,P0020,1,79.9,79.9
I0000372,O000201,P0006,1,49.9,49.9
I0000373,O000202,P0035,1,208.91,208.91
I0000374,O000202,P0030,1,161.91,161.91
I0000375,O000202,P0008,1,99.9,99.9
I0000376,O000203,P0006,1,44.91,44.91
I0000377,O000203,P0021,1,159.9,159.9
I0000378,O000203,P0037,2,374.9,749.8
I0000379,O000204,P0025,1,269.9,269.9
I0000380,O000204,P0005,1,69.9,69.9
I0000381,O000205,P0047,2,39.9,79.8
I0000382,O000206,P0001,1,69.9,69.9
I0000383,O000206,P0028,1,170.91,170.91
I0000384,O000207,P0002,1,74.9,74.9
I0000385,O000208,P0003,1,62.91,62.91
I0000386,O000208,P0014,1,194.9,194.9
I0000387,O000208,P0032,1,166.16,166.16
I0000388,O000209,P0011,1,139.9,139.9
I0000389,O000209,P0008,1,99.9,99.9
I0000390,O000210,P0014,1,194.9,194.9
I0000391,O000211,P0035,2,219.9,439.8
I0000392,O000211,P0039,2,49.41,98.82
I0000393,O000211,P0024,1,169.9,169.9
I0000394,O000212,P0032,1,174.9,174.9
I0000395,O000212,P0001,1,69.9,69.9
I0000396,O000212,P0013,1,384.9,384.9
I0000397,O000213,P0007,1,134.9,134.9
I0000398,O000213,P0014,1,185.16,185.16
I0000399,O000213,P0016,1,274.9,274.9
I0000400,O000214,P0040,1,80.91,80.91
I0000401,O000215,P0015,1,44.9,44.9
I0000402,O000216,P0013,1,346.41,346.41
I0000403,O000217,P0002,1,71.16,71.16
I0000404,O000217,P0001,1,66.41,66.41
I0000405,O000218,P0036,2,349.9,699.8
I0000406,O000219,P0006,2,49.9,99.8
I0000407,O000219,P0027,1,299.15,299.15
I0000408,O000219,P0018,1,19.9,19.9
I0000409,O000220,P0015,1,44.9,44.9
I0000410,O000220,P0029,1,39.9,39.9
I0000411,O000221,P0039,1,54.9,54.9
I0000412,O000222,P0018,1,19.9,19.9
I0000413,O000223,P0045,1,204.9,204.9
I0000414,O000224,P0019,1,130.41,130.41
I0000415,O000224,P0004,3,154.9,464.7
I0000416,O000225,P0012,1,274.9,274.9
I0000417,O000226,P0005,1,69.9,69.9
I0000418,O000226,P0018,1,19.9,19.9
I0000419,O000226,P0002,1,74.9,74.9
I0000420,O000226,P0044,1,309.9,309.9
I0000421,O000227,P0006,1,49.9,49.9
I0000422,O000228,P0008,2,99.9,199.8
I0000423,O000229,P0009,1,227.91,227.91
I0000424,O000229,P0012,1,247.41,247.41
I0000425,O000229,P0030,1,179.9,179.9
I0000426,O000230,P0016,2,247.41,494.82
I0000427,O000231,P0012,2,274.9,549.8
I0000428,O000231,P0041,1,314.9,314.9
I0000429,O000231,P0013,1,346.41,346.41
I0000430,O000232,P0017,1,278.91,278.91
I0000431,O000232,P0019,1,137.66,137.66
I0000432,O000232,P0003,1,62.91,62.91
I0000433,O000233,P0043,1,294.9,294.9
I0000434,O000233,P0001,1,69.9,69.9
I0000435,O000234,P0038,1,314.9,314.9
I0000436,O000235,P0012,1,261.15,261.15
I0000437,O000236,P0030,1,179.9,179.9
I0000438,O000237,P0018,1,19.9,19.9
I0000439,O000238,P0005,2,69.9,139.8
I0000440,O000238,P0041,1,314.9,314.9
I0000441,O000239,P0002,1,74.9,74.9
I0000442,O000240,P0015,1,40.41,40.41
I0000443,O000240,P0002,2,74.9,149.8
I0000444,O000241,P0018,1,19.9,19.9
I0000445,O000241,P0008,1,99.9,99.9
I0000446,O000242,P0035,1,219.9,219.9
I0000447,O000242,P0003,1,69.9,69.9
I0000448,O000243,P0011,2,139.9,279.8
I0000449,O000244,P0031,1,328.41,328.41
I0000450,O000244,P0044,2,309.9,619.8
I0000451,O000245,P0035,3,219.9,659.7
I0000452,O000246,P0037,1,356.15,356.15
I0000453,O000247,P0044,1,309.9,309.9
I0000454,O000247,P0010,1,34.9,34.9
I0000455,O000247,P0032,1,174.9,174.9
I0000456,O000248,P0008,1,99.9,99.9
I0000457,O000248,P0011,1,125.91,125.91
I0000458,O000249,P0002,2,67.41,134.82
I0000459,O000250,P0021,1,159.9,159.9
I0000460,O000250,P0003,1,69.9,69.9
I0000461,O000251,P0018,1,17.91,17.91
I0000462,O000252,P0012,1,247.41,247.41
I0000463,O000253,P0021,2,159.9,319.8
I0000464,O000253,P0009,2,215.91,431.82
I0000465,O000254,P0016,3,261.15,783.45
I0000466,O000254,P0008,1,94.91,94.91
I0000467,O000255,P0022,1,197.91,197.91
I0000468,O000255,P0045,1,194.66,194.66
I0000469,O000255,P0019,1,137.66,137.66
I0000470,O000256,P0039,1,54.9,54.9
I0000471,O000256,P0008,1,99.9,99.9
I0000472,O000257,P0037,3,337.41,1012.23
I0000473,O000257,P0034,1,84.9,84.9
I0000474,O000258,P0018,1,18.9,18.9
I0000475,O000258,P0041,1,314.9,314.9
I0000476,O000259,P0026,1,369.9,369.9
I0000477,O000259,P0037,1,374.9,374.9
I0000478,O000260,P0005,2,62.91,125.82
I0000479,O000260,P0010,1,34.9,34.9
I0000480,O000261,P0008,1,89.91,89.91
I0000481,O000261,P0009,1,227.91,227.91
I0000482,O000262,P0018,1,19.9,19.9
I0000483,O000262,P0015,1,44.9,44.9
I0000484,O000263,P0038,1,283.41,283.41
I0000485,O000264,P0024,1,169.9,169.9
I0000486,O000264,P0018,2,19.9,39.8
I0000487,O000264,P0031,1,364.9,364.9
I0000488,O000265,P0010,2,34.9,69.8
I0000489,O000266,P0012,1,274.9,274.9
I0000490,O000266,P0011,1,139.9,139.9
I0000491,O000267,P0021,1,151.91,151.91
I0000492,O000268,P0007,1,128.16,128.16
I0000493,O000268,P0001,2,66.41,132.82
I0000494,O000268,P0010,1,33.15,33.15
I0000495,O000269,P0031,1,364.9,364.9
I0000496,O000270,P0045,1,194.66,194.66
I0000497,O000270,P0038,1,314.9,314.9
I0000498,O000271,P0011,1,139.9,139.9
I0000499,O000272,P0019,2,137.66,275.32
I0000500,O000273,P0032,1,157.41,157.41
I0000501,O000274,P0022,1,219.9,219.9
I0000502,O000275,P0006,1,49.9,49.9
I0000503,O000275,P0018,1,19.9,19.9
I0000504,O000276,P0022,1,219.9,219.9
I0000505,O000276,P0043,1,294.9,294.9
I0000506,O000277,P0021,1,159.9,159.9
I0000507,O000277,P0027,1,314.9,314.9
I0000508,O000278,P0047,1,39.9,39.9
I0000509,O000278,P0022,2,219.9,439.8
I0000510,O000279,P0022,1,197.91,197.91
I0000511,O000279,P0015,1,40.41,40.41
I0000512,O000279,P0024,1,161.41,161.41
I0000513,O000279,P0012,1,274.9,274.9
I0000514,O000280,P0031,1,364.9,364.9
I0000515,O000281,P0004,1,154.9,154.9
I0000516,O000282,P0033,2,324.9,649.8
I0000517,O000283,P0036,1,332.4,332.4
I0000518,O000283,P0027,2,299.15,598.3
I0000519,O000283,P0040,1,89.9,89.9
I0000520,O000284,P0047,2,35.91,71.82
I0000521,O000285,P0005,2,69.9,139.8
I0000522,O000286,P0003,1,66.41,66.41
I0000523,O000286,P0024,1,169.9,169.9
I0000524,O000287,P0020,1,71.91,71.91
I0000525,O000287,P0001,1,66.41,66.41
I0000526,O000287,P0046,1,84.9,84.9
I0000527,O000288,P0032,1,157.41,157.41
I0000528,O000288,P0036,1,349.9,349.9
I0000529,O000289,P0011,2,125.91,251.82
I0000530,O000289,P0007,1,134.9,134.9
I0000531,O000289,P0024,1,169.9,169.9
I0000532,O000290,P0013,2,346.41,692.82
I0000533,O000291,P0005,1,69.9,69.9
I0000534,O000292,P0002,1,74.9,74.9
I0000535,O000292,P0010,1,33.15,33.15
I0000536,O000292,P0027,1,314.9,314.9
I0000537,O000293,P0009,1,227.91,227.91
I0000538,O000293,P0015,2,44.9,89.8
I0000539,O000293,P0030,2,179.9,359.8
I0000540,O000294,P0006,1,49.9,49.9
I0000541,O000294,P0004,1,154.9,154.9
I0000542,O000295,P0047,1,37.9,37.9
I0000543,O000296,P0001,1,66.41,66.41
I0000544,O000296,P0003,1,69.9,69.9
I0000545,O000296,P0039,1,54.9,54.9
I0000546,O000297,P0034,2,80.66,161.32
I0000547,O000297,P0045,1,204.9,204.9
I0000548,O000298,P0032,1,174.9,174.9
I0000549,O000299,P0003,1,69.9,69.9
I0000550,O000300,P0028,3,189.9,569.7
I0000551,O000300,P0022,1,208.91,208.91
I0000552,O000300,P0006,1,49.9,49.9
I0000553,O000300,P0046,1,76.41,76.41
I0000554,O000301,P0007,1,121.41,121.41
I0000555,O000302,P0017,1,278.91,278.91
I0000556,O000303,P0027,1,314.9,314.9
I0000557,O000303,P0005,1,69.9,69.9
I0000558,O000303,P0012,1,274.9,274.9
I0000559,O000304,P0011,1,139.9,139.9
I0000560,O000304,P0006,1,44.91,44.91
I0000561,O000305,P0006,2,47.4,94.8
I0000562,O000306,P0001,1,62.91,62.91
I0000563,O000306,P0033,1,308.65,308.65
I0000564,O000307,P0021,1,143.91,143.91
I0000565,O000308,P0024,1,169.9,169.9
I0000566,O000309,P0031,1,328.41,328.41
I0000567,O000310,P0044,1,309.9,309.9
I0000568,O000311,P0018,1,19.9,19.9
I0000569,O000311,P0023,1,197.91,197.91
I0000570,O000312,P0015,1,44.9,44.9
I0000571,O000313,P0003,1,69.9,69.9
I0000572,O000313,P0011,2,139.9,279.8
I0000573,O000313,P0039,1,54.9,54.9
I0000574,O000313,P0008,3,89.91,269.73
I0000575,O000314,P0006,1,49.9,49.9
I0000576,O000314,P0039,1,52.15,52.15
I0000577,O000315,P0002,1,74.9,74.9
I0000578,O000315,P0017,1,309.9,309.9
I0000579,O000316,P0040,1,80.91,80.91
I0000580,O000316,P0011,1,125.91,125.91
I0000581,O000317,P0014,2,185.16,370.32
I0000582,O000317,P0030,2,179.9,359.8
I0000583,O000317,P0036,1,332.4,332.4
I0000584,O000318,P0003,1,69.9,69.9
I0000585,O000318,P0006,1,49.9,49.9
I0000586,O000318,P0032,1,157.41,157.41
I0000587,O000319,P0023,2,219.9,439.8
I0000588,O000320,P0003,2,66.41,132.82
I0000589,O000320,P0014,1,194.9,194.9
I0000590,O000321,P0043,1,265.41,265.41
I0000591,O000321,P0034,2,76.41,152.82
I0000592,O000322,P0017,1,309.9,309.9
I0000593,O000323,P0021,1,151.91,151.91
I0000594,O000324,P0018,1,18.9,18.9
I0000595,O000325,P0010,1,31.41,31.41
I0000596,O000325,P0006,1,49.9,49.9
I0000597,O000325,P0047,2,39.9,79.8
I0000598,O000326,P0003,1,62.91,62.91
I0000599,O000326,P0043,1,294.9,294.9
I0000600,O000327,P0015,1,42.65,42.65
I0000601,O000328,P0038,1,299.15,299.15
I0000602,O000328,P0008,1,89.91,89.91
I0000603,O000328,P0014,1,194.9,194.9
I0000604,O000329,P0029,2,39.9,79.8
I0000605,O000329,P0040,2,89.9,179.8
I0000606,O000330,P0026,1,332.91,332.91
I0000607,O000331,P0004,1,154.9,154.9
I0000608,O000332,P0003,1,62.91,62.91
I0000609,O000332,P0029,1,37.9,37.9
I0000610,O000332,P0026,1,332.91,332.91
I0000611,O000333,P0005,1,69.9,69.9
I0000612,O000333,P0033,1,292.41,292.41
I0000613,O000334,P0011,1,125.91,125.91
I0000614,O000334,P0016,1,274.9,274.9
I0000615,O000334,P0020,1,71.91,71.91
I0000616,O000335,P0004,1,139.41,139.41
I0000617,O000335,P0008,1,99.9,99.9
I0000618,O000336,P0039,1,54.9,54.9
I0000619,O000336,P0025,1,269.9,269.9
I0000620,O000336,P0022,1,219.9,219.9
I0000621,O000336,P0006,1,49.9,49.9
I0000622,O000337,P0011,1,139.9,139.9
I0000623,O000337,P0031,1,328.41,328.41
I0000624,O000338,P0046,1,84.9,84.9
I0000625,O000338,P0008,1,89.91,89.91
I0000626,O000339,P0023,1,197.91,197.91
I0000627,O000339,P0006,1,49.9,49.9
I0000628,O000339,P0003,1,69.9,69.9
I0000629,O000339,P0011,1,132.91,132.91
I0000630,O000340,P0034,1,84.9,84.9
I0000631,O000341,P0003,1,66.41,66.41
I0000632,O000341,P0034,1,76.41,76.41
I0000633,O000342,P0041,2,314.9,629.8
I0000634,O000343,P0008,1,99.9,99.9
I0000635,O000343,P0016,1,274.9,274.9
I0000636,O000343,P0021,1,159.9,159.9
I0000637,O000344,P0038,1,283.41,283.41
I0000638,O000344,P0041,1,283.41,283.41
I0000639,O000344,P0025,2,269.9,539.8
I0000640,O000345,P0011,1,139.9,139.9
I0000641,O000345,P0038,1,283.41,283.41
I0000642,O000346,P0008,2,99.9,199.8
I0000643,O000346,P0020,1,79.9,79.9
I0000644,O000346,P0024,1,161.41,161.41
I0000645,O000347,P0030,1,179.9,179.9
I0000646,O000347,P0023,2,219.9,439.8
I0000647,O000347,P0018,1,19.9,19.9
I0000648,O000348,P0017,1,309.9,309.9
I0000649,O000348,P0013,1,384.9,384.9
I0000650,O000348,P0023,1,219.9,219.9
I0000651,O000349,P0011,3,139.9,419.7
I0000652,O000349,P0021,1,159.9,159.9
I0000653,O000349,P0003,1,69.9,69.9
I0000654,O000350,P0004,1,154.9,154.9
I0000655,O000350,P0001,1,62.91,62.91
I0000656,O000350,P0019,1,144.9,144.9
I0000657,O000351,P0003,1,69.9,69.9
I0000658,O000352,P0045,1,184.41,184.41
I0000659,O000352,P0042,1,144.9,144.9
I0000660,O000352,P0025,1,242.91,242.91
I0000661,O000352,P0032,2,174.9,349.8
I0000662,O000353,P0044,1,294.4,294.4
I0000663,O000353,P0028,1,189.9,189.9
I0000664,O000354,P0006,1,47.4,47.4
I0000665,O000354,P0009,1,239.9,239.9
I0000666,O000355,P0024,2,169.9,339.8
I0000667,O000355,P0009,2,239.9,479.8
I0000668,O000356,P0036,1,349.9,349.9
I0000669,O000356,P0004,1,154.9,154.9
I0000670,O000357,P0009,1,227.91,227.91
I0000671,O000358,P0011,1,139.9,139.9
I0000672,O000358,P0018,2,19.9,39.8
I0000673,O000359,P0004,1,147.16,147.16
I0000674,O000360,P0023,1,219.9,219.9
I0000675,O000360,P0027,1,299.15,299.15
I0000676,O000360,P0008,1,99.9,99.9
I0000677,O000360,P0026,1,332.91,332.91
I0000678,O000361,P0007,1,134.9,134.9
I0000679,O000362,P0031,1,364.9,364.9
I0000680,O000363,P0003,1,69.9,69.9
I0000681,O000364,P0004,1,147.16,147.16
I0000682,O000365,P0032,1,166.16,166.16
I0000683,O000366,P0019,1,130.41,130.41
I0000684,O000366,P0041,2,299.15,598.3
I0000685,O000366,P0009,1,239.9,239.9
I0000686,O000367,P0043,1,265.41,265.41
I0000687,O000367,P0036,1,349.9,349.9
I0000688,O000367,P0011,1,139.9,139.9
I0000689,O000368,P0043,2,294.9,589.8
I0000690,O000369,P0024,1,161.41,161.41
I0000691,O000369,P0017,1,309.9,309.9
I0000692,O000369,P0033,1,324.9,324.9
I0000693,O000370,P0021,2,159.9,319.8
I0000694,O000370,P0036,1,349.9,349.9
I0000695,O000370,P0006,2,49.9,99.8
I0000696,O000371,P0014,1,194.9,194.9
I0000697,O000372,P0017,1,309.9,309.9
I0000698,O000373,P0039,1,54.9,54.9
I0000699,O000373,P0008,1,99.9,99.9
I0000700,O000373,P0022,2,219.9,439.8
I0000701,O000374,P0032,2,166.16,332.32
I0000702,O000374,P0040,1,89.9,89.9
I0000703,O000375,P0028,1,170.91,170.91
I0000704,O000375,P0017,2,294.4,588.8
I0000705,O000376,P0014,1,175.41,175.41
I0000706,O000376,P0015,1,44.9,44.9
I0000707,O000377,P0005,1,69.9,69.9
I0000708,O000378,P0035,1,208.91,208.91
I0000709,O000379,P0010,2,34.9,69.8
I0000710,O000379,P0042,2,137.66,275.32
I0000711,O000379,P0013,2,346.41,692.82
I0000712,O000379,P0002,2,74.9,149.8
I0000713,O000380,P0028,2,189.9,379.8
I0000714,O000381,P0011,2,132.91,265.82
I0000715,O000381,P0039,2,52.15,104.3
I0000716,O000382,P0006,1,44.91,44.91
I0000717,O000383,P0014,1,194.9,194.9
I0000718,O000384,P0002,2,71.16,142.32
I0000719,O000384,P0046,1,84.9,84.9
I0000720,O000384,P0022,1,208.91,208.91
I0000721,O000385,P0009,1,215.91,215.91
I0000722,O000385,P0005,1,69.9,69.9
I0000723,O000386,P0026,1,369.9,369.9
I0000724,O000386,P0044,1,309.9,309.9
I0000725,O000386,P0024,2,169.9,339.8
I0000726,O000387,P0043,1,294.9,294.9
I0000727,O000388,P0009,2,239.9,479.8
I0000728,O000389,P0033,1,292.41,292.41
I0000729,O000389,P0012,2,261.15,522.3
I0000730,O000389,P0024,1,161.41,161.41
I0000731,O000389,P0015,1,40.41,40.41
I0000732,O000390,P0007,1,134.9,134.9
I0000733,O000390,P0018,1,18.9,18.9
I0000734,O000390,P0017,3,309.9,929.7
I0000735,O000391,P0024,1,161.41,161.41
I0000736,O000392,P0003,1,66.41,66.41
I0000737,O000392,P0028,1,189.9,189.9
I0000738,O000392,P0037,1,337.41,337.41
I0000739,O000393,P0021,2,143.91,287.82
I0000740,O000393,P0039,1,54.9,54.9
I0000741,O000393,P0015,2,44.9,89.8
I0000742,O000394,P0009,1,239.9,239.9
I0000743,O000394,P0043,1,265.41,265.41
I0000744,O000395,P0013,1,384.9,384.9
I0000745,O000395,P0043,1,294.9,294.9
I0000746,O000396,P0048,2,264.9,529.8
I0000747,O000396,P0001,1,62.91,62.91
I0000748,O000397,P0018,1,19.9,19.9
I0000749,O000398,P0038,1,299.15,299.15
I0000750,O000399,P0003,1,66.41,66.41
I0000751,O000399,P0005,2,62.91,125.82
I0000752,O000399,P0033,1,324.9,324.9
I0000753,O000400,P0001,1,66.41,66.41
I0000754,O000400,P0037,1,337.41,337.41
I0000755,O000401,P0004,1,139.41,139.41
I0000756,O000401,P0019,1,144.9,144.9
I0000757,O000402,P0007,2,134.9,269.8
I0000758,O000402,P0003,1,69.9,69.9
I0000759,O000403,P0006,1,47.4,47.4
I0000760,O000404,P0015,1,44.9,44.9
I0000761,O000404,P0020,1,75.91,75.91
I0000762,O000405,P0040,1,89.9,89.9
I0000763,O000405,P0024,1,169.9,169.9
I0000764,O000406,P0043,1,280.15,280.15
I0000765,O000407,P0004,1,139.41,139.41
I0000766,O000407,P0021,1,159.9,159.9
I0000767,O000408,P0017,1,309.9,309.9
I0000768,O000408,P0005,1,62.91,62.91
I0000769,O000409,P0006,1,49.9,49.9
I0000770,O000410,P0034,1,80.66,80.66
I0000771,O000411,P0027,2,299.15,598.3
I0000772,O000411,P0018,2,19.9,39.8
I0000773,O000412,P0008,1,89.91,89.91
I0000774,O000412,P0004,1,139.41,139.41
I0000775,O000413,P0018,1,19.9,19.9
I0000776,O000414,P0043,1,294.9,294.9
I0000777,O000414,P0006,1,49.9,49.9
I0000778,O000415,P0019,1,144.9,144.9
I0000779,O000415,P0001,1,69.9,69.9
I0000780,O000415,P0036,2,314.91,629.82
I0000781,O000416,P0039,1,49.41,49.41
I0000782,O000417,P0023,1,208.91,208.91
I0000783,O000417,P0013,1,365.65,365.65
I0000784,O000417,P0021,1,159.9,159.9
I0000785,O000417,P0040,1,89.9,89.9
I0000786,O000418,P0027,1,314.9,314.9
I0000787,O000418,P0040,1,89.9,89.9
I0000788,O000418,P0035,1,197.91,197.91
I0000789,O000419,P0013,2,384.9,769.8
I0000790,O000420,P0017,2,294.4,588.8
I0000791,O000420,P0007,1,134.9,134.9
I0000792,O000420,P0011,1,139.9,139.9
I0000793,O000421,P0017,1,309.9,309.9
I0000794,O000421,P0005,1,69.9,69.9
I0000795,O000422,P0047,1,39.9,39.9
I0000796,O000422,P0002,1,74.9,74.9
I0000797,O000423,P0015,2,40.41,80.82
I0000798,O000424,P0003,1,66.41,66.41
I0000799,O000424,P0002,1,74.9,74.9
I0000800,O000424,P0016,1,274.9,274.9
I0000801,O000425,P0013,1,365.65,365.65
I0000802,O000426,P0033,1,308.65,308.65
I0000803,O000426,P0035,1,208.91,208.91
I0000804,O000427,P0048,2,264.9,529.8
I0000805,O000427,P0007,1,134.9,134.9
I0000806,O000427,P0028,1,170.91,170.91
I0000807,O000428,P0012,1,274.9,274.9
I0000808,O000428,P0046,1,76.41,76.41
I0000809,O000428,P0004,1,154.9,154.9
I0000810,O000429,P0018,2,19.9,39.8
I0000811,O000429,P0009,1,239.9,239.9
I0000812,O000430,P0045,1,204.9,204.9
I0000813,O000430,P0016,1,261.15,261.15
I0000814,O000430,P0029,1,37.9,37.9
I0000815,O000430,P0017,2,309.9,619.8
I0000816,O000431,P0033,1,324.9,324.9
I0000817,O000431,P0001,1,69.9,69.9
I0000818,O000432,P0025,1,256.4,256.4
I0000819,O000433,P0030,1,161.91,161.91
I0000820,O000433,P0026,1,369.9,369.9
I0000821,O000434,P0025,1,242.91,242.91
I0000822,O000434,P0014,2,185.16,370.32
I0000823,O000435,P0008,2,99.9,199.8
I0000824,O000436,P0006,1,49.9,49.9
I0000825,O000436,P0003,1,66.41,66.41
I0000826,O000436,P0005,1,69.9,69.9
I0000827,O000436,P0007,1,134.9,134.9
I0000828,O000437,P0026,1,369.9,369.9
I0000829,O000437,P0041,1,314.9,314.9
I0000830,O000438,P0011,1,139.9,139.9
I0000831,O000438,P0004,1,139.41,139.41
I0000832,O000439,P0027,1,299.15,299.15
I0000833,O000439,P0028,2,189.9,379.8
I0000834,O000440,P0009,1,215.91,215.91
I0000835,O000440,P0002,3,74.9,224.7
I0000836,O000441,P0006,1,49.9,49.9
I0000837,O000441,P0003,1,62.91,62.91
I0000838,O000442,P0036,1,314.91,314.91
I0000839,O000442,P0012,2,274.9,549.8
I0000840,O000442,P0035,2,208.91,417.82
I0000841,O000443,P0028,2,170.91,341.82
I0000842,O000443,P0007,1,121.41,121.41
I0000843,O000443,P0048,1,264.9,264.9
I0000844,O000444,P0008,1,94.91,94.91
I0000845,O000445,P0008,2,99.9,199.8
I0000846,O000445,P0011,1,125.91,125.91
I0000847,O000446,P0020,1,79.9,79.9
I0000848,O000447,P0036,1,349.9,349.9
I0000849,O000448,P0026,1,351.4,351.4
I0000850,O000448,P0043,1,294.9,294.9
I0000851,O000449,P0040,1,85.41,85.41
I0000852,O000449,P0011,1,125.91,125.91
I0000853,O000450,P0044,2,309.9,619.8
I0000854,O000451,P0023,1,219.9,219.9
I0000855,O000452,P0006,1,47.4,47.4
I0000856,O000452,P0012,1,274.9,274.9
I0000857,O000453,P0036,1,349.9,349.9
I0000858,O000453,P0038,1,283.41,283.41
I0000859,O000454,P0008,1,99.9,99.9
I0000860,O000455,P0015,1,44.9,44.9
I0000861,O000455,P0011,1,132.91,132.91
I0000862,O000455,P0013,1,365.65,365.65
I0000863,O000455,P0021,2,159.9,319.8
I0000864,O000456,P0029,1,39.9,39.9
I0000865,O000456,P0013,2,384.9,769.8
I0000866,O000457,P0008,1,99.9,99.9
I0000867,O000457,P0022,1,219.9,219.9
I0000868,O000458,P0020,1,79.9,79.9
I0000869,O000458,P0013,1,346.41,346.41
I0000870,O000459,P0006,2,49.9,99.8
I0000871,O000460,P0021,1,159.9,159.9
I0000872,O000460,P0007,1,128.16,128.16
I0000873,O000460,P0015,1,42.65,42.65
I0000874,O000461,P0008,2,99.9,199.8
I0000875,O000461,P0032,1,174.9,174.9
I0000876,O000462,P0021,2,159.9,319.8
I0000877,O000462,P0048,1,238.41,238.41
I0000878,O000463,P0003,2,62.91,125.82
I0000879,O000463,P0025,1,269.9,269.9
I0000880,O000464,P0036,1,314.91,314.91
I0000881,O000464,P0040,1,85.41,85.41
I0000882,O000465,P0021,1,159.9,159.9
I0000883,O000465,P0042,1,144.9,144.9
I0000884,O000465,P0018,3,17.91,53.73
I0000885,O000466,P0043,1,294.9,294.9
I0000886,O000467,P0010,1,33.15,33.15
I0000887,O000467,P0008,2,89.91,179.82
I0000888,O000468,P0036,1,349.9,349.9
I0000889,O000468,P0017,1,294.4,294.4
I0000890,O000468,P0005,1,66.41,66.41
I0000891,O000469,P0031,2,364.9,729.8
I0000892,O000469,P0005,1,69.9,69.9
I0000893,O000470,P0019,1,130.41,130.41
I0000894,O000470,P0037,1,374.9,374.9
I0000895,O000471,P0037,1,374.9,374.9
I0000896,O000471,P0009,1,239.9,239.9
I0000897,O000471,P0002,2,74.9,149.8
I0000898,O000471,P0023,3,219.9,659.7
I0000899,O000472,P0039,1,54.9,54.9
I0000900,O000472,P0045,2,194.66,389.32
I0000901,O000472,P0023,2,219.9,439.8
I0000902,O000472,P0003,1,69.9,69.9
I0000903,O000473,P0019,1,144.9,144.9
I0000904,O000473,P0034,1,84.9,84.9
I0000905,O000474,P0017,2,309.9,619.8
I0000906,O000474,P0011,2,132.91,265.82
I0000907,O000475,P0015,1,42.65,42.65
I0000908,O000475,P0025,1,269.9,269.9
I0000909,O000475,P0033,2,308.65,617.3
I0000910,O000476,P0012,1,247.41,247.41
I0000911,O000476,P0001,1,66.41,66.41
I0000912,O000477,P0024,1,169.9,169.9
I0000913,O000478,P0005,1,66.41,66.41
I0000914,O000479,P0016,1,261.15,261.15
I0000915,O000480,P0044,2,294.4,588.8
I0000916,O000480,P0011,1,139.9,139.9
I0000917,O000480,P0040,1,89.9,89.9
I0000918,O000481,P0004,1,154.9,154.9
I0000919,O000481,P0003,1,66.41,66.41
I0000920,O000482,P0031,1,346.65,346.65
I0000921,O000482,P0010,1,31.41,31.41
I0000922,O000483,P0011,2,125.91,251.82
I0000923,O000484,P0023,2,208.91,417.82
I0000924,O000485,P0007,1,134.9,134.9
I0000925,O000485,P0016,3,274.9,824.7
I0000926,O000486,P0021,1,159.9,159.9
I0000927,O000486,P0027,1,314.9,314.9
I0000928,O000487,P0002,1,74.9,74.9
I0000929,O000487,P0044,1,278.91,278.91
I0000930,O000488,P0019,1,144.9,144.9
I0000931,O000488,P0023,2,219.9,439.8
I0000932,O000489,P0011,1,125.91,125.91
I0000933,O000489,P0012,1,274.9,274.9
I0000934,O000489,P0035,1,197.91,197.91
I0000935,O000490,P0026,2,369.9,739.8
I0000936,O000490,P0007,1,128.16,128.16
I0000937,O000491,P0012,1,274.9,274.9
I0000938,O000492,P0008,1,94.91,94.91
I0000939,O000493,P0013,1,384.9,384.9
I0000940,O000493,P0032,1,174.9,174.9
I0000941,O000493,P0007,1,134.9,134.9
I0000942,O000494,P0036,1,349.9,349.9
I0000943,O000495,P0008,1,94.91,94.91
I0000944,O000496,P0041,2,314.9,629.8
I0000945,O000497,P0013,1,384.9,384.9
I0000946,O000497,P0012,1,274.9,274.9
I0000947,O000498,P0001,1,69.9,69.9
I0000948,O000499,P0026,2,369.9,739.8
I0000949,O000500,P0004,1,147.16,147.16
I0000950,O000500,P0024,2,169.9,339.8
I0000951,O000501,P0009,1,215.91,215.91
I0000952,O000501,P0012,1,274.9,274.9
I0000953,O000501,P0045,1,204.9,204.9
I0000954,O000502,P0017,2,309.9,619.8
I0000955,O000502,P0041,2,299.15,598.3
I0000956,O000503,P0038,1,314.9,314.9
I0000957,O000503,P0010,2,34.9,69.8
I0000958,O000503,P0039,1,49.41,49.41
I0000959,O000503,P0042,1,130.41,130.41
I0000960,O000504,P0015,1,42.65,42.65
I0000961,O000504,P0027,1,314.9,314.9
I0000962,O000504,P0042,1,137.66,137.66
I0000963,O000504,P0018,2,17.91,35.82
I0000964,O000505,P0008,1,99.9,99.9
I0000965,O000505,P0027,2,314.9,629.8
I0000966,O000506,P0008,1,99.9,99.9
I0000967,O000507,P0004,2,154.9,309.8
I0000968,O000507,P0042,1,130.41,130.41
I0000969,O000508,P0016,1,247.41,247.41
I0000970,O000509,P0003,3,66.41,199.23
I0000971,O000510,P0024,1,152.91,152.91
I0000972,O000510,P0015,2,44.9,89.8
I0000973,O000511,P0008,2,94.91,189.82
I0000974,O000511,P0012,1,247.41,247.41
I0000975,O000511,P0002,1,71.16,71.16
I0000976,O000512,P0037,1,337.41,337.41
I0000977,O000512,P0033,1,308.65,308.65
I0000978,O000512,P0019,1,144.9,144.9
I0000979,O000513,P0041,2,314.9,629.8
I0000980,O000513,P0005,1,66.41,66.41
I0000981,O000514,P0028,1,189.9,189.9
I0000982,O000514,P0034,2,76.41,152.82
I0000983,O000514,P0011,1,132.91,132.91
I0000984,O000514,P0037,1,374.9,374.9
I0000985,O000515,P0042,1,130.41,130.41
I0000986,O000516,P0014,2,175.41,350.82
I0000987,O000517,P0009,3,239.9,719.7
I0000988,O000518,P0010,1,34.9,34.9
I0000989,O000519,P0019,1,144.9,144.9
I0000990,O000520,P0030,1,179.9,179.9
I0000991,O000520,P0027,1,283.41,283.41
I0000992,O000521,P0007,2,121.41,242.82
I0000993,O000522,P0022,2,208.91,417.82
I0000994,O000523,P0015,1,40.41,40.41
I0000995,O000524,P0025,1,269.9,269.9
I0000996,O000524,P0043,1,294.9,294.9
I0000997,O000524,P0032,1,166.16,166.16
I0000998,O000524,P0010,2,34.9,69.8
I0000999,O000525,P0003,2,69.9,139.8
I0001000,O000525,P0013,1,346.41,346.41
I0001001,O000525,P0044,1,309.9,309.9
I0001002,O000526,P0004,1,154.9,154.9
I0001003,O000527,P0043,1,280.15,280.15
I0001004,O000527,P0007,1,128.16,128.16
I0001005,O000527,P0010,1,33.15,33.15
I0001006,O000528,P0023,1,208.91,208.91
I0001007,O000528,P0031,1,346.65,346.65
I0001008,O000528,P0040,1,80.91,80.91
I0001009,O000529,P0039,1,52.15,52.15
I0001010,O000529,P0008,1,89.91,89.91
I0001011,O000530,P0016,1,261.15,261.15
I0001012,O000530,P0011,1,139.9,139.9
I0001013,O000530,P0033,3,324.9,974.7
I0001014,O000531,P0017,2,309.9,619.8
I0001015,O000532,P0037,1,356.15,356.15
I0001016,O000533,P0012,1,274.9,274.9
I0001017,O000533,P0002,1,74.9,74.9
I0001018,O000534,P0037,2,337.41,674.82
I0001019,O000534,P0030,1,161.91,161.91
I0001020,O000535,P0018,1,19.9,19.9
I0001021,O000536,P0033,2,308.65,617.3
I0001022,O000536,P0034,1,84.9,84.9
I0001023,O000536,P0031,2,346.65,693.3
I0001024,O000537,P0037,1,356.15,356.15
I0001025,O000537,P0004,1,147.16,147.16
I0001026,O000538,P0036,1,332.4,332.4
I0001027,O000539,P0028,2,170.91,341.82
I0001028,O000539,P0009,1,239.9,239.9
I0001029,O000540,P0031,1,328.41,328.41
I0001030,O000540,P0025,1,242.91,242.91
I0001031,O000540,P0029,2,37.9,75.8
I0001032,O000541,P0047,1,39.9,39.9
I0001033,O000541,P0031,1,364.9,364.9
I0001034,O000542,P0023,1,208.91,208.91
I0001035,O000542,P0014,1,194.9,194.9
I0001036,O000542,P0036,1,349.9,349.9
I0001037,O000542,P0008,1,94.91,94.91
I0001038,O000543,P0032,1,166.16,166.16
I0001039,O000543,P0001,1,66.41,66.41
I0001040,O000544,P0015,1,40.41,40.41
I0001041,O000545,P0044,1,294.4,294.4
I0001042,O000545,P0029,1,37.9,37.9
I0001043,O000546,P0004,2,147.16,294.32
I0001044,O000546,P0030,3,170.91,512.73
I0001045,O000547,P0026,1,369.9,369.9
I0001046,O000548,P0046,2,76.41,152.82
I0001047,O000548,P0004,1,154.9,154.9
I0001048,O000549,P0033,1,324.9,324.9
I0001049,O000549,P0043,1,280.15,280.15
I0001050,O000550,P0037,1,374.9,374.9
I0001051,O000550,P0017,1,294.4,294.4
I0001052,O000551,P0036,1,314.91,314.91
I0001053,O000551,P0029,1,39.9,39.9
I0001054,O000551,P0019,1,144.9,144.9
I0001055,O000552,P0046,2,80.66,161.32
I0001056,O000553,P0006,1,47.4,47.4
I0001057,O000554,P0020,1,79.9,79.9
I0001058,O000555,P0013,1,346.41,346.41
I0001059,O000556,P0008,1,89.91,89.91
I0001060,O000557,P0015,1,40.41,40.41
I0001061,O000558,P0032,1,166.16,166.16
I0001062,O000558,P0036,1,349.9,349.9
I0001063,O000558,P0003,1,69.9,69.9
I0001064,O000559,P0015,1,42.65,42.65
I0001065,O000559,P0030,1,179.9,179.9
I0001066,O000560,P0032,1,157.41,157.41
I0001067,O000561,P0006,1,49.9,49.9
I0001068,O000561,P0028,1,170.91,170.91
I0001069,O000561,P0005,1,69.9,69.9
I0001070,O000561,P0045,2,194.66,389.32
I0001071,O000562,P0025,1,269.9,269.9
I0001072,O000562,P0035,1,219.9,219.9
I0001073,O000563,P0014,1,194.9,194.9
I0001074,O000564,P0022,1,197.91,197.91
I0001075,O000564,P0013,1,365.65,365.65
I0001076,O000565,P0003,1,62.91,62.91
I0001077,O000565,P0002,2,74.9,149.8
I0001078,O000565,P0043,1,294.9,294.9
I0001079,O000565,P0046,1,84.9,84.9
I0001080,O000566,P0006,2,49.9,99.8
I0001081,O000567,P0029,2,39.9,79.8
I0001082,O000567,P0041,1,299.15,299.15
I0001083,O000567,P0020,1,79.9,79.9
I0001084,O000568,P0015,2,40.41,80.82
I0001085,O000569,P0026,2,369.9,739.8
I0001086,O000569,P0039,1,52.15,52.15
I0001087,O000569,P0015,1,44.9,44.9
I0001088,O000570,P0010,1,34.9,34.9
I0001089,O000571,P0009,1,227.91,227.91
I0001090,O000571,P0015,3,44.9,134.7
I0001091,O000571,P0048,1,264.9,264.9
I0001092,O000571,P0004,1,154.9,154.9
I0001093,O000572,P0025,1,269.9,269.9
I0001094,O000573,P0012,1,261.15,261.15
I0001095,O000573,P0020,1,79.9,79.9
I0001096,O000573,P0004,1,154.9,154.9
I0001097,O000573,P0037,2,374.9,749.8
I0001098,O000574,P0031,1,346.65,346.65
I0001099,O000575,P0045,1,204.9,204.9
I0001100,O000576,P0035,1,219.9,219.9
I0001101,O000576,P0009,1,239.9,239.9
I0001102,O000576,P0043,1,294.9,294.9
I0001103,O000576,P0046,2,76.41,152.82
I0001104,O000577,P0015,1,44.9,44.9
I0001105,O000578,P0005,1,69.9,69.9
I0001106,O000578,P0011,2,132.91,265.82
I0001107,O000578,P0017,1,278.91,278.91
I0001108,O000579,P0029,1,39.9,39.9
I0001109,O000579,P0008,1,99.9,99.9
I0001110,O000580,P0005,1,66.41,66.41
I0001111,O000581,P0046,2,84.9,169.8
I0001112,O000581,P0014,1,194.9,194.9
I0001113,O000581,P0036,1,314.91,314.91
I0001114,O000582,P0029,2,39.9,79.8
I0001115,O000582,P0040,1,80.91,80.91
I0001116,O000582,P0013,1,365.65,365.65
I0001117,O000583,P0039,1,54.9,54.9
I0001118,O000583,P0022,1,208.91,208.91
I0001119,O000583,P0013,2,384.9,769.8
I0001120,O000584,P0037,1,356.15,356.15
I0001121,O000584,P0026,2,369.9,739.8
I0001122,O000585,P0039,1,52.15,52.15
I0001123,O000586,P0011,1,125.91,125.91
I0001124,O000586,P0014,1,194.9,194.9
I0001125,O000587,P0032,1,166.16,166.16
I0001126,O000588,P0019,1,144.9,144.9
I0001127,O000589,P0001,1,69.9,69.9
I0001128,O000590,P0039,1,49.41,49.41
I0001129,O000590,P0005,1,69.9,69.9
I0001130,O000591,P0011,3,125.91,377.73
I0001131,O000591,P0027,3,314.9,944.7
I0001132,O000592,P0020,1,79.9,79.9
I0001133,O000592,P0031,1,346.65,346.65
I0001134,O000592,P0003,1,69.9,69.9
I0001135,O000593,P0036,1,349.9,349.9
I0001136,O000593,P0018,1,17.91,17.91
I0001137,O000594,P0022,1,208.91,208.91
I0001138,O000594,P0012,1,274.9,274.9
I0001139,O000594,P0018,1,17.91,17.91
I0001140,O000595,P0030,1,170.91,170.91
I0001141,O000595,P0010,1,34.9,34.9
I0001142,O000596,P0035,2,219.9,439.8
I0001143,O000597,P0030,1,170.91,170.91
I0001144,O000597,P0016,3,274.9,824.7
I0001145,O000598,P0010,1,31.41,31.41
I0001146,O000598,P0001,2,69.9,139.8
I0001147,O000599,P0022,1,219.9,219.9
I0001148,O000600,P0017,2,309.9,619.8
I0001149,O000600,P0042,2,144.9,289.8
I0001150,O000600,P0012,1,261.15,261.15
I0001151,O000600,P0008,1,99.9,99.9
I0001152,O000601,P0010,2,33.15,66.3
I0001153,O000601,P0035,1,208.91,208.91
I0001154,O000602,P0004,1,147.16,147.16
I0001155,O000603,P0023,1,208.91,208.91
I0001156,O000603,P0012,1,261.15,261.15
I0001157,O000604,P0008,2,99.9,199.8
I0001158,O000604,P0034,3,84.9,254.7
I0001159,O000605,P0002,1,74.9,74.9
I0001160,O000606,P0037,1,356.15,356.15
I0001161,O000607,P0003,1,69.9,69.9
I0001162,O000608,P0011,1,125.91,125.91
I0001163,O000608,P0016,1,274.9,274.9
I0001164,O000609,P0005,1,69.9,69.9
I0001165,O000610,P0029,1,35.91,35.91
I0001166,O000610,P0025,1,269.9,269.9
I0001167,O000611,P0030,1,179.9,179.9
I0001168,O000612,P0005,1,69.9,69.9
I0001169,O000613,P0014,1,194.9,194.9
I0001170,O000613,P0038,1,283.41,283.41
I0001171,O000613,P0017,3,294.4,883.2
I0001172,O000614,P0006,1,47.4,47.4
I0001173,O000614,P0027,1,314.9,314.9
I0001174,O000615,P0026,1,369.9,369.9
I0001175,O000615,P0021,1,159.9,159.9
I0001176,O000615,P0004,1,147.16,147.16
I0001177,O000616,P0006,1,49.9,49.9
I0001178,O000617,P0012,1,247.41,247.41
I0001179,O000618,P0021,1,143.91,143.91
I0001180,O000619,P0030,1,170.91,170.91
I0001181,O000620,P0011,3,125.91,377.73
I0001182,O000620,P0002,1,71.16,71.16
I0001183,O000621,P0026,2,369.9,739.8
I0001184,O000621,P0007,2,128.16,256.32
I0001185,O000622,P0014,3,175.41,526.23
I0001186,O000622,P0032,1,174.9,174.9
I0001187,O000622,P0021,1,159.9,159.9
I0001188,O000622,P0038,1,283.41,283.41
I0001189,O000623,P0016,1,274.9,274.9
I0001190,O000623,P0022,1,219.9,219.9
I0001191,O000624,P0029,2,39.9,79.8
I0001192,O000624,P0023,1,219.9,219.9
I0001193,O000625,P0026,1,369.9,369.9
I0001194,O000625,P0036,1,314.91,314.91
I0001195,O000626,P0043,1,294.9,294.9
I0001196,O000627,P0008,1,99.9,99.9
I0001197,O000627,P0038,1,314.9,314.9
I0001198,O000627,P0001,2,69.9,139.8
I0001199,O000628,P0010,1,34.9,34.9
I0001200,O000629,P0001,3,69.9,209.7
I0001201,O000629,P0020,1,79.9,79.9
I0001202,O000630,P0027,1,314.9,314.9
I0001203,O000631,P0016,1,261.15,261.15
I0001204,O000631,P0024,1,152.91,152.91
I0001205,O000632,P0016,1,261.15,261.15
I0001206,O000632,P0035,1,219.9,219.9
I0001207,O000633,P0027,3,283.41,850.23
I0001208,O000634,P0002,2,71.16,142.32
I0001209,O000635,P0009,1,227.91,227.91
I0001210,O000636,P0014,1,175.41,175.41
I0001211,O000636,P0047,1,39.9,39.9
I0001212,O000637,P0027,2,314.9,629.8
I0001213,O000638,P0008,2,89.91,179.82
I0001214,O000638,P0034,1,76.41,76.41
I0001215,O000638,P0019,1,137.66,137.66
I0001216,O000639,P0004,1,147.16,147.16
I0001217,O000640,P0044,1,294.4,294.4
I0001218,O000640,P0005,1,69.9,69.9
I0001219,O000640,P0042,1,144.9,144.9
I0001220,O000641,P0003,2,69.9,139.8
I0001221,O000642,P0009,1,215.91,215.91
I0001222,O000643,P0018,1,19.9,19.9
I0001223,O000643,P0008,2,89.91,179.82
I0001224,O000644,P0002,2,74.9,149.8
I0001225,O000644,P0015,1,40.41,40.41
I0001226,O000645,P0041,2,299.15,598.3
I0001227,O000645,P0007,2,134.9,269.8
I0001228,O000646,P0026,2,369.9,739.8
I0001229,O000647,P0030,1,161.91,161.91
I0001230,O000648,P0030,2,179.9,359.8
I0001231,O000648,P0034,1,80.66,80.66
I0001232,O000648,P0022,2,208.91,417.82
I0001233,O000649,P0011,1,125.91,125.91
I0001234,O000650,P0023,1,219.9,219.9
I0001235,O000651,P0010,1,34.9,34.9
I0001236,O000651,P0027,1,314.9,314.9
I0001237,O000651,P0011,2,139.9,279.8
I0001238,O000652,P0045,1,204.9,204.9
I0001239,O000653,P0011,1,132.91,132.91
I0001240,O000653,P0043,1,280.15,280.15
I0001241,O000653,P0024,1,152.91,152.91
I0001242,O000654,P0002,1,74.9,74.9
I0001243,O000654,P0027,1,314.9,314.9
I0001244,O000654,P0018,1,19.9,19.9
I0001245,O000655,P0007,2,128.16,256.32
I0001246,O000656,P0039,2,52.15,104.3
I0001247,O000657,P0041,1,299.15,299.15
I0001248,O000657,P0006,1,49.9,49.9
I0001249,O000657,P0012,1,274.9,274.9
I0001250,O000658,P0042,2,144.9,289.8
I0001251,O000659,P0010,1,34.9,34.9
I0001252,O000660,P0047,1,37.9,37.9
I0001253,O000660,P0008,1,99.9,99.9
I0001254,O000661,P0008,2,99.9,199.8
I0001255,O000661,P0004,1,139.41,139.41
I0001256,O000662,P0019,1,144.9,144.9
I0001257,O000662,P0045,1,204.9,204.9
I0001258,O000663,P0016,1,247.41,247.41
I0001259,O000663,P0021,2,143.91,287.82
I0001260,O000663,P0003,1,69.9,69.9
I0001261,O000663,P0042,1,130.41,130.41
I0001262,O000664,P0005,2,66.41,132.82
I0001263,O000664,P0019,1,144.9,144.9
I0001264,O000665,P0004,1,154.9,154.9
I0001265,O000665,P0011,1,139.9,139.9
I0001266,O000665,P0012,1,274.9,274.9
I0001267,O000666,P0029,1,35.91,35.91
I0001268,O000666,P0039,1,49.41,49.41
I0001269,O000667,P0026,1,369.9,369.9
I0001270,O000668,P0015,1,40.41,40.41
I0001271,O000668,P0032,1,174.9,174.9
I0001272,O000669,P0005,1,69.9,69.9
I0001273,O000670,P0010,1,34.9,34.9
I0001274,O000670,P0017,1,309.9,309.9
I0001275,O000670,P0045,3,184.41,553.23
I0001276,O000671,P0033,1,324.9,324.9
I0001277,O000672,P0043,1,280.15,280.15
I0001278,O000673,P0021,1,159.9,159.9
I0001279,O000674,P0032,2,157.41,314.82
I0001280,O000674,P0008,1,89.91,89.91
I0001281,O000675,P0019,1,144.9,144.9
I0001282,O000675,P0001,1,69.9,69.9
I0001283,O000675,P0005,2,69.9,139.8
I0001284,O000675,P0013,1,384.9,384.9
I0001285,O000676,P0009,1,227.91,227.91
I0001286,O000676,P0018,2,19.9,39.8
I0001287,O000677,P0021,1,151.91,151.91
I0001288,O000678,P0038,1,299.15,299.15
I0001289,O000678,P0023,1,197.91,197.91
I0001290,O000679,P0031,1,346.65,346.65
I0001291,O000680,P0028,1,170.91,170.91
I0001292,O000680,P0007,2,128.16,256.32
I0001293,O000681,P0001,1,62.91,62.91
I0001294,O000682,P0044,1,309.9,309.9
I0001295,O000682,P0022,1,219.9,219.9
I0001296,O000682,P0046,2,84.9,169.8
I0001297,O000683,P0032,1,174.9,174.9
I0001298,O000684,P0026,1,369.9,369.9
I0001299,O000684,P0021,3,159.9,479.7
I0001300,O000685,P0024,1,169.9,169.9
I0001301,O000685,P0003,2,69.9,139.8
I0001302,O000686,P0022,1,219.9,219.9
I0001303,O000686,P0003,2,66.41,132.82
I0001304,O000686,P0009,2,239.9,479.8
I0001305,O000687,P0039,1,54.9,54.9
I0001306,O000688,P0029,2,39.9,79.8
I0001307,O000689,P0007,1,121.41,121.41
I0001308,O000689,P0014,1,194.9,194.9
I0001309,O000689,P0036,1,349.9,349.9
I0001310,O000690,P0005,1,69.9,69.9
I0001311,O000691,P0041,1,283.41,283.41
I0001312,O000692,P0020,2,79.9,159.8
I0001313,O000692,P0001,1,69.9,69.9
I0001314,O000692,P0031,1,364.9,364.9
I0001315,O000693,P0013,3,384.9,1154.7
I0001316,O000694,P0015,1,44.9,44.9
I0001317,O000694,P0005,1,69.9,69.9
I0001318,O000695,P0047,3,39.9,119.7
I0001319,O000696,P0034,1,84.9,84.9
I0001320,O000697,P0012,1,274.9,274.9
I0001321,O000698,P0008,1,99.9,99.9
I0001322,O000698,P0023,3,219.9,659.7
I0001323,O000699,P0040,1,89.9,89.9
I0001324,O000700,P0047,1,37.9,37.9
I0001325,O000700,P0002,1,74.9,74.9
I0001326,O000700,P0039,1,54.9,54.9
I0001327,O000701,P0006,2,44.91,89.82
I0001328,O000701,P0004,1,154.9,154.9
I0001329,O000702,P0016,2,274.9,549.8
I0001330,O000703,P0004,1,147.16,147.16
I0001331,O000704,P0022,1,219.9,219.9
I0001332,O000704,P0010,1,31.41,31.41
I0001333,O000705,P0029,1,37.9,37.9
I0001334,O000706,P0009,1,215.91,215.91
I0001335,O000707,P0001,1,69.9,69.9
I0001336,O000708,P0010,1,31.41,31.41
I0001337,O000708,P0004,1,147.16,147.16
I0001338,O000708,P0009,1,239.9,239.9
I0001339,O000709,P0006,2,44.91,89.82
I0001340,O000709,P0025,1,269.9,269.9
I0001341,O000710,P0006,1,47.4,47.4
I0001342,O000710,P0008,1,99.9,99.9
I0001343,O000710,P0036,1,332.4,332.4
I0001344,O000711,P0035,2,219.9,439.8
I0001345,O000711,P0007,1,128.16,128.16
I0001346,O000711,P0012,1,274.9,274.9
I0001347,O000712,P0028,3,189.9,569.7
I0001348,O000712,P0048,1,264.9,264.9
I0001349,O000713,P0013,1,384.9,384.9
I0001350,O000713,P0026,1,369.9,369.9
I0001351,O000713,P0017,1,278.91,278.91
I0001352,O000714,P0002,1,71.16,71.16
I0001353,O000715,P0005,1,69.9,69.9
I0001354,O000715,P0004,1,147.16,147.16
I0001355,O000716,P0020,1,71.91,71.91
I0001356,O000716,P0039,1,49.41,49.41
I0001357,O000717,P0010,1,34.9,34.9
I0001358,O000718,P0026,1,369.9,369.9
I0001359,O000719,P0010,2,31.41,62.82
I0001360,O000719,P0047,1,39.9,39.9
I0001361,O000719,P0030,1,161.91,161.91
I0001362,O000720,P0014,1,194.9,194.9
I0001363,O000720,P0019,1,144.9,144.9
I0001364,O000720,P0047,1,35.91,35.91
I0001365,O000721,P0045,1,204.9,204.9
I0001366,O000721,P0018,1,19.9,19.9
I0001367,O000722,P0011,1,139.9,139.9
I0001368,O000723,P0037,2,374.9,749.8
I0001369,O000723,P0033,1,324.9,324.9
I0001370,O000723,P0044,1,294.4,294.4
I0001371,O000724,P0039,1,49.41,49.41
I0001372,O000724,P0015,1,44.9,44.9
I0001373,O000724,P0043,2,294.9,589.8
I0001374,O000725,P0005,2,62.91,125.82
I0001375,O000725,P0024,2,169.9,339.8
I0001376,O000726,P0004,1,154.9,154.9
I0001377,O000726,P0009,1,215.91,215.91
I0001378,O000727,P0014,1,194.9,194.9
I0001379,O000727,P0008,2,94.91,189.82
I0001380,O000727,P0026,1,332.91,332.91
I0001381,O000728,P0003,2,69.9,139.8
I0001382,O000729,P0020,1,75.91,75.91
I0001383,O000729,P0016,1,274.9,274.9
I0001384,O000730,P0016,1,274.9,274.9
I0001385,O000730,P0028,1,170.91,170.91
I0001386,O000731,P0032,1,166.16,166.16
I0001387,O000732,P0044,1,294.4,294.4
I0001388,O000733,P0024,1,169.9,169.9
I0001389,O000733,P0009,1,239.9,239.9
I0001390,O000733,P0017,2,294.4,588.8
I0001391,O000733,P0014,1,185.16,185.16
I0001392,O000734,P0036,1,349.9,349.9
I0001393,O000735,P0043,1,294.9,294.9
I0001394,O000735,P0031,2,364.9,729.8
I0001395,O000735,P0024,1,161.41,161.41
I0001396,O000735,P0005,3,69.9,209.7
I0001397,O000736,P0004,1,139.41,139.41
I0001398,O000736,P0019,1,144.9,144.9
I0001399,O000737,P0016,2,261.15,522.3
I0001400,O000738,P0011,1,139.9,139.9
I0001401,O000738,P0043,1,280.15,280.15
I0001402,O000738,P0016,2,274.9,549.8
I0001403,O000739,P0040,2,89.9,179.8
I0001404,O000739,P0036,1,332.4,332.4
I0001405,O000740,P0010,1,34.9,34.9
I0001406,O000741,P0010,3,34.9,104.7
I0001407,O000741,P0006,1,49.9,49.9
I0001408,O000742,P0014,1,194.9,194.9
I0001409,O000743,P0023,1,219.9,219.9
I0001410,O000744,P0036,3,314.91,944.73
I0001411,O000744,P0025,1,269.9,269.9
I0001412,O000745,P0004,2,154.9,309.8
I0001413,O000745,P0014,1,194.9,194.9
I0001414,O000745,P0037,1,356.15,356.15
I0001415,O000746,P0036,1,314.91,314.91
I0001416,O000746,P0044,1,309.9,309.9
I0001417,O000747,P0022,1,197.91,197.91
I0001418,O000748,P0007,1,134.9,134.9
I0001419,O000749,P0035,1,219.9,219.9
I0001420,O000749,P0007,1,134.9,134.9
I0001421,O000749,P0014,1,194.9,194.9
I0001422,O000750,P0045,1,204.9,204.9
I0001423,O000751,P0017,1,309.9,309.9
I0001424,O000752,P0037,1,356.15,356.15
I0001425,O000752,P0011,1,132.91,132.91
I0001426,O000752,P0033,1,308.65,308.65
I0001427,O000753,P0006,1,49.9,49.9
I0001428,O000754,P0016,1,274.9,274.9
I0001429,O000754,P0006,2,49.9,99.8
I0001430,O000755,P0006,1,47.4,47.4
I0001431,O000755,P0001,1,66.41,66.41
I0001432,O000756,P0023,1,219.9,219.9
I0001433,O000757,P0014,2,175.41,350.82
I0001434,O000758,P0026,3,369.9,1109.7
I0001435,O000759,P0045,2,194.66,389.32
I0001436,O000759,P0016,1,274.9,274.9
I0001437,O000760,P0026,2,369.9,739.8
I0001438,O000761,P0046,1,76.41,76.41
I0001439,O000761,P0015,1,44.9,44.9
I0001440,O000761,P0010,1,33.15,33.15
I0001441,O000761,P0043,1,294.9,294.9
I0001442,O000762,P0005,1,69.9,69.9
I0001443,O000762,P0030,1,179.9,179.9
I0001444,O000762,P0025,1,269.9,269.9
I0001445,O000763,P0023,1,219.9,219.9
I0001446,O000763,P0017,1,294.4,294.4
I0001447,O000764,P0008,1,94.91,94.91
I0001448,O000764,P0030,1,179.9,179.9
I0001449,O000765,P0001,1,69.9,69.9
I0001450,O000765,P0033,2,324.9,649.8
I0001451,O000765,P0041,1,299.15,299.15
I0001452,O000765,P0028,1,189.9,189.9
I0001453,O000766,P0001,2,69.9,139.8
I0001454,O000767,P0032,2,157.41,314.82
I0001455,O000767,P0024,1,169.9,169.9
I0001456,O000768,P0023,1,219.9,219.9
I0001457,O000768,P0005,2,69.9,139.8
I0001458,O000768,P0020,1,79.9,79.9
I0001459,O000769,P0018,2,19.9,39.8
I0001460,O000770,P0032,1,174.9,174.9
I0001461,O000771,P0034,2,84.9,169.8
I0001462,O000771,P0011,1,125.91,125.91
I0001463,O000771,P0031,1,364.9,364.9
I0001464,O000771,P0002,1,74.9,74.9
I0001465,O000772,P0014,2,185.16,370.32
I0001466,O000773,P0003,2,62.91,125.82
I0001467,O000773,P0037,1,337.41,337.41
I0001468,O000774,P0013,1,384.9,384.9
I0001469,O000774,P0003,1,66.41,66.41
I0001470,O000775,P0017,1,309.9,309.9
I0001471,O000776,P0028,1,170.91,170.91
I0001472,O000776,P0021,1,151.91,151.91
I0001473,O000777,P0035,1,208.91,208.91
I0001474,O000777,P0026,2,369.9,739.8
I0001475,O000778,P0008,2,94.91,189.82
I0001476,O000779,P0005,1,69.9,69.9
I0001477,O000780,P0013,1,384.9,384.9
I0001478,O000781,P0043,1,280.15,280.15
I0001479,O000781,P0002,1,74.9,74.9
I0001480,O000782,P0033,1,292.41,292.41
I0001481,O000783,P0005,3,69.9,209.7
I0001482,O000783,P0028,1,189.9,189.9
I0001483,O000784,P0031,3,346.65,1039.95
I0001484,O000785,P0024,1,161.41,161.41
I0001485,O000786,P0006,2,49.9,99.8
I0001486,O000787,P0003,1,69.9,69.9
I0001487,O000787,P0001,1,66.41,66.41
I0001488,O000787,P0004,1,154.9,154.9
I0001489,O000788,P0038,1,314.9,314.9
I0001490,O000788,P0047,1,39.9,39.9
I0001491,O000788,P0033,1,292.41,292.41
I0001492,O000789,P0006,1,49.9,49.9
I0001493,O000789,P0020,2,75.91,151.82
I0001494,O000789,P0003,1,69.9,69.9
I0001495,O000790,P0010,1,33.15,33.15
I0001496,O000790,P0025,1,269.9,269.9
I0001497,O000790,P0002,2,74.9,149.8
I0001498,O000791,P0040,1,85.41,85.41
I0001499,O000792,P0029,1,39.9,39.9
I0001500,O000793,P0048,1,251.65,251.65
I0001501,O000793,P0039,2,52.15,104.3
I0001502,O000794,P0014,1,194.9,194.9
I0001503,O000794,P0006,1,49.9,49.9
I0001504,O000794,P0022,1,197.91,197.91
I0001505,O000794,P0040,1,80.91,80.91
I0001506,O000795,P0037,2,356.15,712.3
I0001507,O000796,P0045,1,204.9,204.9
I0001508,O000796,P0023,1,219.9,219.9
I0001509,O000797,P0028,1,189.9,189.9
I0001510,O000797,P0017,1,278.91,278.91
I0001511,O000798,P0019,1,144.9,144.9
I0001512,O000798,P0035,1,219.9,219.9
I0001513,O000798,P0003,1,69.9,69.9
I0001514,O000798,P0032,1,174.9,174.9
I0001515,O000799,P0043,1,294.9,294.9
I0001516,O000799,P0033,1,308.65,308.65
I0001517,O000800,P0021,1,143.91,143.91
I0001518,O000801,P0041,1,299.15,299.15
I0001519,O000801,P0009,1,239.9,239.9
I0001520,O000802,P0003,1,69.9,69.9
I0001521,O000803,P0005,1,69.9,69.9
I0001522,O000803,P0045,1,204.9,204.9
I0001523,O000803,P0024,2,169.9,339.8
I0001524,O000804,P0027,2,314.9,629.8
I0001525,O000804,P0034,1,84.9,84.9
I0001526,O000804,P0012,1,274.9,274.9
I0001527,O000805,P0038,1,314.9,314.9
I0001528,O000806,P0019,1,130.41,130.41
I0001529,O000807,P0033,3,324.9,974.7
I0001530,O000808,P0035,1,197.91,197.91
I0001531,O000809,P0004,1,139.41,139.41
I0001532,O000810,P0004,2,154.9,309.8
I0001533,O000811,P0007,1,134.9,134.9
I0001534,O000811,P0045,3,204.9,614.7
I0001535,O000812,P0018,1,19.9,19.9
I0001536,O000813,P0017,1,278.91,278.91
I0001537,O000813,P0020,2,79.9,159.8
I0001538,O000814,P0003,1,69.9,69.9
I0001539,O000814,P0015,2,44.9,89.8
I0001540,O000814,P0032,2,166.16,332.32
I0001541,O000815,P0040,1,89.9,89.9
I0001542,O000815,P0028,1,170.91,170.91
I0001543,O000816,P0027,2,314.9,629.8
I0001544,O000816,P0010,1,31.41,31.41
I0001545,O000816,P0019,1,144.9,144.9
I0001546,O000817,P0006,1,49.9,49.9
I0001547,O000817,P0009,1,239.9,239.9
I0001548,O000818,P0014,1,194.9,194.9
I0001549,O000818,P0038,1,299.15,299.15
I0001550,O000818,P0047,2,35.91,71.82
I0001551,O000818,P0033,1,292.41,292.41
I0001552,O000819,P0046,1,84.9,84.9
I0001553,O000819,P0006,1,49.9,49.9
I0001554,O000819,P0030,1,179.9,179.9
I0001555,O000820,P0024,1,169.9,169.9
I0001556,O000821,P0028,1,189.9,189.9
I0001557,O000822,P0047,2,35.91,71.82
I0001558,O000822,P0016,1,274.9,274.9
I0001559,O000822,P0008,1,89.91,89.91
I0001560,O000823,P0008,1,99.9,99.9
I0001561,O000824,P0033,3,324.9,974.7
I0001562,O000824,P0025,1,269.9,269.9
I0001563,O000825,P0046,2,84.9,169.8
I0001564,O000826,P0013,1,346.41,346.41
I0001565,O000827,P0046,2,84.9,169.8
I0001566,O000827,P0025,1,256.4,256.4
I0001567,O000828,P0010,2,34.9,69.8
I0001568,O000829,P0013,1,365.65,365.65
I0001569,O000829,P0004,1,147.16,147.16
I0001570,O000829,P0036,3,349.9,1049.7
I0001571,O000830,P0014,1,175.41,175.41
I0001572,O000830,P0022,2,208.91,417.82
I0001573,O000830,P0040,1,89.9,89.9
I0001574,O000830,P0009,1,215.91,215.91
I0001575,O000831,P0011,1,139.9,139.9
I0001576,O000832,P0028,1,189.9,189.9
I0001577,O000832,P0026,1,369.9,369.9
I0001578,O000832,P0003,1,66.41,66.41
I0001579,O000833,P0008,1,99.9,99.9
I0001580,O000834,P0028,1,170.91,170.91
I0001581,O000834,P0003,1,62.91,62.91
I0001582,O000835,P0031,1,364.9,364.9
I0001583,O000835,P0001,2,69.9,139.8
I0001584,O000836,P0037,1,374.9,374.9
I0001585,O000836,P0047,1,39.9,39.9
I0001586,O000837,P0011,1,139.9,139.9
I0001587,O000837,P0030,1,170.91,170.91
I0001588,O000838,P0044,3,309.9,929.7
I0001589,O000838,P0018,1,19.9,19.9
I0001590,O000839,P0003,2,66.41,132.82
I0001591,O000840,P0032,1,174.9,174.9
I0001592,O000840,P0033,1,308.65,308.65
I0001593,O000840,P0023,1,219.9,219.9
I0001594,O000841,P0020,2,79.9,159.8
I0001595,O000842,P0004,3,154.9,464.7
I0001596,O000842,P0031,1,328.41,328.41
I0001597,O000842,P0003,2,69.9,139.8
I0001598,O000843,P0048,1,251.65,251.65
I0001599,O000844,P0013,1,346.41,346.41
I0001600,O000844,P0004,2,154.9,309.8
I0001601,O000844,P0018,1,17.91,17.91
I0001602,O000845,P0014,1,194.9,194.9
I0001603,O000846,P0001,1,69.9,69.9
I0001604,O000846,P0011,1,139.9,139.9
I0001605,O000846,P0014,2,194.9,389.8
I0001606,O000846,P0004,1,139.41,139.41
I0001607,O000847,P0015,1,44.9,44.9
I0001608,O000847,P0021,1,143.91,143.91
I0001609,O000848,P0013,1,346.41,346.41
I0001610,O000849,P0004,1,139.41,139.41
I0001611,O000849,P0006,1,47.4,47.4
I0001612,O000850,P0018,1,19.9,19.9
I0001613,O000850,P0046,1,84.9,84.9
I0001614,O000851,P0005,1,69.9,69.9
I0001615,O000852,P0042,1,144.9,144.9
I0001616,O000853,P0036,1,332.4,332.4
I0001617,O000853,P0018,2,19.9,39.8
I0001618,O000854,P0016,1,274.9,274.9
I0001619,O000854,P0048,1,264.9,264.9
I0001620,O000854,P0030,1,179.9,179.9
I0001621,O000855,P0021,1,151.91,151.91
I0001622,O000856,P0038,1,283.41,283.41
I0001623,O000856,P0024,1,169.9,169.9
I0001624,O000857,P0002,1,71.16,71.16
I0001625,O000857,P0039,1,52.15,52.15
I0001626,O000857,P0009,1,239.9,239.9
I0001627,O000858,P0046,1,84.9,84.9
I0001628,O000859,P0024,1,169.9,169.9
I0001629,O000859,P0044,2,309.9,619.8
I0001630,O000859,P0033,1,324.9,324.9
I0001631,O000860,P0027,1,314.9,314.9
I0001632,O000860,P0036,1,349.9,349.9
I0001633,O000860,P0028,2,189.9,379.8
I0001634,O000861,P0016,2,261.15,522.3
I0001635,O000861,P0001,1,69.9,69.9
I0001636,O000862,P0010,1,34.9,34.9
I0001637,O000862,P0035,1,219.9,219.9
I0001638,O000863,P0029,1,39.9,39.9
I0001639,O000863,P0027,1,283.41,283.41
I0001640,O000864,P0025,1,256.4,256.4
I0001641,O000865,P0024,1,161.41,161.41
I0001642,O000866,P0014,1,175.41,175.41
I0001643,O000866,P0048,1,251.65,251.65
I0001644,O000867,P0008,1,94.91,94.91
I0001645,O000867,P0003,1,69.9,69.9
I0001646,O000868,P0005,1,69.9,69.9
I0001647,O000868,P0032,1,157.41,157.41
I0001648,O000868,P0041,1,314.9,314.9
I0001649,O000868,P0037,1,374.9,374.9
I0001650,O000869,P0028,1,189.9,189.9
I0001651,O000869,P0032,1,166.16,166.16
I0001652,O000870,P0037,1,374.9,374.9
I0001653,O000871,P0047,1,39.9,39.9
I0001654,O000871,P0048,1,238.41,238.41
I0001655,O000872,P0011,1,139.9,139.9
I0001656,O000873,P0043,1,294.9,294.9
I0001657,O000873,P0033,1,292.41,292.41
I0001658,O000873,P0004,2,139.41,278.82
I0001659,O000874,P0043,1,280.15,280.15
I0001660,O000874,P0017,1,294.4,294.4
I0001661,O000875,P0011,1,139.9,139.9
I0001662,O000876,P0004,1,139.41,139.41
I0001663,O000877,P0017,3,278.91,836.73
I0001664,O000877,P0033,1,324.9,324.9
I0001665,O000878,P0012,1,274.9,274.9
I0001666,O000879,P0019,2,144.9,289.8
I0001667,O000879,P0018,2,18.9,37.8
I0001668,O000879,P0047,1,39.9,39.9
I0001669,O000879,P0007,1,134.9,134.9
I0001670,O000880,P0014,1,175.41,175.41
I0001671,O000880,P0013,2,384.9,769.8
I0001672,O000880,P0037,1,374.9,374.9
I0001673,O000881,P0017,2,309.9,619.8
I0001674,O000881,P0029,2,39.9,79.8
I0001675,O000882,P0042,1,144.9,144.9
I0001676,O000882,P0002,1,67.41,67.41
I0001677,O000883,P0001,1,69.9,69.9
I0001678,O000883,P0047,1,39.9,39.9
I0001679,O000883,P0031,2,364.9,729.8
I0001680,O000883,P0009,1,227.91,227.91
I0001681,O000884,P0005,1,69.9,69.9
I0001682,O000884,P0006,1,47.4,47.4
I0001683,O000885,P0006,2,49.9,99.8
I0001684,O000885,P0048,1,251.65,251.65
I0001685,O000886,P0017,2,309.9,619.8
I0001686,O000887,P0003,1,69.9,69.9
I0001687,O000888,P0048,3,264.9,794.7
I0001688,O000888,P0019,1,137.66,137.66
I0001689,O000888,P0003,1,62.91,62.91
I0001690,O000889,P0032,1,174.9,174.9
I0001691,O000890,P0009,1,239.9,239.9
I0001692,O000891,P0016,3,274.9,824.7
I0001693,O000891,P0041,2,283.41,566.82
I0001694,O000892,P0012,1,274.9,274.9
I0001695,O000893,P0007,1,134.9,134.9
I0001696,O000894,P0036,2,332.4,664.8
I0001697,O000894,P0008,2,89.91,179.82
I0001698,O000895,P0009,1,239.9,239.9
I0001699,O000895,P0040,1,89.9,89.9
I0001700,O000895,P0042,3,144.9,434.7
I0001701,O000896,P0007,1,134.9,134.9
I0001702,O000897,P0011,1,139.9,139.9
I0001703,O000897,P0001,3,62.91,188.73
I0001704,O000898,P0022,1,219.9,219.9
I0001705,O000898,P0047,1,39.9,39.9
I0001706,O000898,P0040,1,89.9,89.9
I0001707,O000899,P0032,1,174.9,174.9
I0001708,O000899,P0015,1,44.9,44.9
I0001709,O000900,P0006,2,49.9,99.8
I0001710,O000901,P0002,1,74.9,74.9
I0001711,O000901,P0006,1,49.9,49.9
I0001712,O000901,P0014,1,185.16,185.16
I0001713,O000902,P0015,1,44.9,44.9
I0001714,O000903,P0004,2,154.9,309.8
I0001715,O000904,P0003,1,66.41,66.41
I0001716,O000904,P0044,1,309.9,309.9
I0001717,O000904,P0007,1,134.9,134.9
I0001718,O000905,P0001,1,69.9,69.9
I0001719,O000905,P0018,1,19.9,19.9
I0001720,O000905,P0038,1,314.9,314.9
I0001721,O000906,P0040,1,89.9,89.9
I0001722,O000906,P0039,1,54.9,54.9
I0001723,O000907,P0001,1,69.9,69.9
I0001724,O000907,P0040,3,80.91,242.73
I0001725,O000908,P0003,3,69.9,209.7
I0001726,O000908,P0028,1,189.9,189.9
I0001727,O000908,P0005,3,66.41,199.23
I0001728,O000909,P0024,1,169.9,169.9
I0001729,O000909,P0012,1,247.41,247.41
I0001730,O000910,P0025,2,269.9,539.8
I0001731,O000911,P0008,2,89.91,179.82
I0001732,O000911,P0017,1,278.91,278.91
I0001733,O000912,P0004,1,154.9,154.9
I0001734,O000912,P0028,1,180.41,180.41
I0001735,O000913,P0042,1,137.66,137.66
I0001736,O000914,P0040,1,80.91,80.91
I0001737,O000914,P0019,1,137.66,137.66
I0001738,O000914,P0021,1,159.9,159.9
I0001739,O000915,P0024,1,169.9,169.9
I0001740,O000915,P0014,1,194.9,194.9
I0001741,O000915,P0048,2,251.65,503.3
I0001742,O000916,P0019,2,137.66,275.32
I0001743,O000917,P0020,1,71.91,71.91
I0001744,O000917,P0045,1,204.9,204.9
I0001745,O000918,P0001,2,69.9,139.8
I0001746,O000919,P0014,2,194.9,389.8
I0001747,O000919,P0011,1,125.91,125.91
I0001748,O000920,P0039,1,52.15,52.15
I0001749,O000921,P0036,1,332.4,332.4
I0001750,O000922,P0023,1,219.9,219.9
I0001751,O000922,P0045,2,204.9,409.8
I0001752,O000922,P0040,1,89.9,89.9
I0001753,O000923,P0042,1,144.9,144.9
I0001754,O000924,P0004,1,139.41,139.41
I0001755,O000924,P0005,1,69.9,69.9
I0001756,O000925,P0008,2,89.91,179.82
I0001757,O000925,P0011,3,125.91,377.73
I0001758,O000926,P0018,1,19.9,19.9
I0001759,O000927,P0002,1,67.41,67.41
I0001760,O000927,P0027,1,299.15,299.15
I0001761,O000927,P0007,1,121.41,121.41
I0001762,O000927,P0036,1,349.9,349.9
I0001763,O000928,P0012,1,274.9,274.9
I0001764,O000929,P0027,1,299.15,299.15
I0001765,O000929,P0034,2,84.9,169.8
I0001766,O000930,P0039,2,52.15,104.3
I0001767,O000931,P0008,3,99.9,299.7
I0001768,O000931,P0029,1,39.9,39.9
I0001769,O000932,P0015,1,40.41,40.41
I0001770,O000932,P0039,2,52.15,104.3
I0001771,O000933,P0045,1,194.66,194.66
I0001772,O000934,P0010,1,34.9,34.9
I0001773,O000934,P0043,1,280.15,280.15
I0001774,O000934,P0023,3,219.9,659.7
I0001775,O000935,P0027,1,314.9,314.9
I0001776,O000935,P0006,1,47.4,47.4
I0001777,O000936,P0015,1,44.9,44.9
I0001778,O000936,P0010,2,33.15,66.3
I0001779,O000936,P0007,2,128.16,256.32
I0001780,O000937,P0001,1,62.91,62.91
I0001781,O000938,P0034,1,80.66,80.66
I0001782,O000938,P0015,1,44.9,44.9
I0001783,O000939,P0004,1,139.41,139.41
I0001784,O000939,P0038,1,283.41,283.41
I0001785,O000940,P0013,2,346.41,692.82
I0001786,O000941,P0041,2,314.9,629.8
I0001787,O000941,P0006,1,44.91,44.91
I0001788,O000942,P0044,1,278.91,278.91
I0001789,O000942,P0023,1,208.91,208.91
I0001790,O000942,P0042,1,144.9,144.9
I0001791,O000943,P0014,1,194.9,194.9
I0001792,O000943,P0027,1,314.9,314.9
I0001793,O000943,P0028,1,189.9,189.9
I0001794,O000944,P0018,1,19.9,19.9
I0001795,O000945,P0045,1,194.66,194.66
I0001796,O000946,P0012,1,261.15,261.15
I0001797,O000946,P0010,1,34.9,34.9
I0001798,O000946,P0013,1,384.9,384.9
I0001799,O000947,P0017,2,309.9,619.8
I0001800,O000948,P0032,1,157.41,157.41
I0001801,O000949,P0024,1,152.91,152.91
I0001802,O000949,P0046,1,84.9,84.9
I0001803,O000949,P0039,1,52.15,52.15
I0001804,O000950,P0006,1,49.9,49.9
I0001805,O000950,P0021,1,159.9,159.9
I0001806,O000950,P0011,1,132.91,132.91
I0001807,O000950,P0015,1,44.9,44.9
I0001808,O000951,P0047,1,39.9,39.9
I0001809,O000952,P0023,1,219.9,219.9
I0001810,O000953,P0008,1,89.91,89.91
I0001811,O000953,P0007,1,121.41,121.41
I0001812,O000953,P0015,2,44.9,89.8
I0001813,O000953,P0022,1,219.9,219.9
I0001814,O000954,P0025,1,269.9,269.9
I0001815,O000954,P0034,1,84.9,84.9
I0001816,O000954,P0011,1,125.91,125.91
I0001817,O000955,P0031,2,364.9,729.8
I0001818,O000956,P0031,1,346.65,346.65
I0001819,O000956,P0009,1,227.91,227.91
I0001820,O000957,P0037,1,374.9,374.9
I0001821,O000957,P0035,1,219.9,219.9
I0001822,O000957,P0042,3,137.66,412.98
I0001823,O000958,P0034,1,84.9,84.9
I0001824,O000959,P0008,1,99.9,99.9
I0001825,O000960,P0004,1,154.9,154.9
I0001826,O000960,P0037,3,356.15,1068.45
I0001827,O000961,P0014,1,194.9,194.9
I0001828,O000961,P0018,1,19.9,19.9
I0001829,O000962,P0029,2,39.9,79.8
I0001830,O000963,P0003,2,69.9,139.8
I0001831,O000964,P0037,2,337.41,674.82
I0001832,O000965,P0005,3,66.41,199.23
I0001833,O000965,P0006,1,44.91,44.91
I0001834,O000965,P0048,1,264.9,264.9
I0001835,O000966,P0011,1,125.91,125.91
I0001836,O000967,P0047,1,39.9,39.9
I0001837,O000968,P0017,2,309.9,619.8
I0001838,O000968,P0028,1,189.9,189.9
I0001839,O000968,P0029,2,39.9,79.8
I0001840,O000969,P0024,1,169.9,169.9
I0001841,O000970,P0045,1,204.9,204.9
I0001842,O000971,P0024,1,169.9,169.9
I0001843,O000971,P0022,1,208.91,208.91
I0001844,O000972,P0015,1,44.9,44.9
I0001845,O000972,P0040,1,89.9,89.9
I0001846,O000973,P0035,2,219.9,439.8
I0001847,O000974,P0031,1,364.9,364.9
I0001848,O000975,P0018,1,19.9,19.9
I0001849,O000975,P0027,1,314.9,314.9
I0001850,O000976,P0021,1,159.9,159.9
I0001851,O000976,P0023,1,208.91,208.91
I0001852,O000977,P0024,1,169.9,169.9
I0001853,O000977,P0005,1,69.9,69.9
I0001854,O000978,P0038,1,314.9,314.9
I0001855,O000979,P0031,1,346.65,346.65
I0001856,O000979,P0025,1,256.4,256.4
I0001857,O000980,P0018,1,19.9,19.9
I0001858,O000981,P0047,1,35.91,35.91
I0001859,O000981,P0036,2,314.91,629.82
I0001860,O000981,P0045,1,184.41,184.41
I0001861,O000982,P0007,1,128.16,128.16
I0001862,O000982,P0034,1,84.9,84.9
I0001863,O000982,P0030,1,179.9,179.9
I0001864,O000983,P0003,2,69.9,139.8
I0001865,O000983,P0045,1,204.9,204.9
I0001866,O000984,P0032,1,157.41,157.41
I0001867,O000985,P0002,2,74.9,149.8
I0001868,O000986,P0021,1,159.9,159.9
I0001869,O000986,P0042,1,144.9,144.9
I0001870,O000987,P0045,1,204.9,204.9
I0001871,O000987,P0015,1,44.9,44.9
I0001872,O000987,P0046,2,80.66,161.32
I0001873,O000988,P0014,1,185.16,185.16
I0001874,O000988,P0036,1,349.9,349.9
I0001875,O000988,P0043,1,294.9,294.9
I0001876,O000989,P0018,1,19.9,19.9
I0001877,O000989,P0016,1,247.41,247.41
I0001878,O000990,P0029,1,35.91,35.91
I0001879,O000990,P0013,1,346.41,346.41
I0001880,O000990,P0031,1,364.9,364.9
I0001881,O000991,P0025,1,256.4,256.4
I0001882,O000992,P0019,1,144.9,144.9
I0001883,O000992,P0033,1,324.9,324.9
I0001884,O000993,P0016,1,247.41,247.41
I0001885,O000993,P0005,1,69.9,69.9
I0001886,O000993,P0030,1,179.9,179.9
I0001887,O000994,P0033,2,292.41,584.82
I0001888,O000995,P0017,2,278.91,557.82
I0001889,O000996,P0009,1,239.9,239.9
I0001890,O000997,P0040,1,89.9,89.9
I0001891,O000997,P0031,2,364.9,729.8
I0001892,O000997,P0026,1,369.9,369.9
I0001893,O000998,P0040,1,85.41,85.41
I0001894,O000999,P0019,1,137.66,137.66
I0001895,O001000,P0023,1,197.91,197.91
I0001896,O001001,P0026,1,332.91,332.91
I0001897,O001002,P0024,2,169.9,339.8
I0001898,O001003,P0044,1,278.91,278.91
I0001899,O001003,P0018,3,18.9,56.7
I0001900,O001004,P0028,1,189.9,189.9
I0001901,O001004,P0042,1,130.41,130.41
I0001902,O001004,P0013,1,365.65,365.65
I0001903,O001005,P0009,1,239.9,239.9
I0001904,O001006,P0005,1,66.41,66.41
I0001905,O001007,P0027,1,314.9,314.9
I0001906,O001007,P0004,1,154.9,154.9
I0001907,O001007,P0026,1,369.9,369.9
I0001908,O001008,P0026,1,369.9,369.9
I0001909,O001009,P0042,2,130.41,260.82
I0001910,O001010,P0026,1,351.4,351.4
I0001911,O001010,P0037,1,374.9,374.9
I0001912,O001010,P0015,2,40.41,80.82
I0001913,O001011,P0015,1,40.41,40.41
I0001914,O001012,P0003,2,69.9,139.8
I0001915,O001012,P0032,1,157.41,157.41
I0001916,O001012,P0027,1,283.41,283.41
I0001917,O001013,P0017,1,309.9,309.9
I0001918,O001013,P0022,1,219.9,219.9
I0001919,O001014,P0002,1,67.41,67.41
I0001920,O001015,P0007,1,134.9,134.9
I0001921,O001015,P0042,2,144.9,289.8
I0001922,O001015,P0010,1,34.9,34.9
I0001923,O001016,P0009,1,239.9,239.9
I0001924,O001016,P0020,1,79.9,79.9
I0001925,O001017,P0013,1,365.65,365.65
I0001926,O001018,P0019,1,144.9,144.9
I0001927,O001018,P0003,1,69.9,69.9
I0001928,O001019,P0040,1,89.9,89.9
I0001929,O001020,P0003,1,69.9,69.9
I0001930,O001020,P0025,1,242.91,242.91
I0001931,O001021,P0047,1,39.9,39.9
I0001932,O001022,P0037,1,374.9,374.9
I0001933,O001023,P0027,1,314.9,314.9
I0001934,O001023,P0001,1,62.91,62.91
I0001935,O001023,P0029,1,37.9,37.9
I0001936,O001024,P0019,1,144.9,144.9
I0001937,O001024,P0031,2,328.41,656.82
I0001938,O001024,P0036,1,349.9,349.9
I0001939,O001025,P0001,1,69.9,69.9
I0001940,O001025,P0003,2,69.9,139.8
I0001941,O001026,P0046,1,84.9,84.9
I0001942,O001026,P0027,1,314.9,314.9
I0001943,O001027,P0045,1,204.9,204.9
I0001944,O001028,P0011,1,125.91,125.91
I0001945,O001028,P0002,1,74.9,74.9
I0001946,O001029,P0027,1,314.9,314.9
I0001947,O001030,P0026,2,369.9,739.8
I0001948,O001030,P0002,1,74.9,74.9
I0001949,O001030,P0001,1,62.91,62.91
I0001950,O001031,P0033,2,324.9,649.8
I0001951,O001031,P0001,1,69.9,69.9
I0001952,O001032,P0006,2,49.9,99.8
I0001953,O001032,P0028,1,189.9,189.9
I0001954,O001033,P0047,1,39.9,39.9
I0001955,O001034,P0008,1,99.9,99.9
I0001956,O001035,P0024,1,152.91,152.91
I0001957,O001035,P0005,1,69.9,69.9
I0001958,O001036,P0010,1,31.41,31.41
I0001959,O001036,P0029,1,39.9,39.9
I0001960,O001037,P0032,3,174.9,524.7
I0001961,O001038,P0027,1,299.15,299.15
I0001962,O001038,P0038,1,283.41,283.41
I0001963,O001039,P0037,1,374.9,374.9
I0001964,O001040,P0007,1,121.41,121.41
I0001965,O001040,P0005,1,66.41,66.41
I0001966,O001040,P0046,2,76.41,152.82
I0001967,O001040,P0002,2,67.41,134.82
I0001968,O001041,P0014,1,185.16,185.16
I0001969,O001042,P0003,1,66.41,66.41
I0001970,O001042,P0028,1,189.9,189.9
I0001971,O001042,P0013,1,384.9,384.9
I0001972,O001043,P0014,2,194.9,389.8
I0001973,O001044,P0014,1,175.41,175.41
I0001974,O001045,P0005,1,62.91,62.91
I0001975,O001045,P0013,1,384.9,384.9
I0001976,O001046,P0018,1,18.9,18.9
I0001977,O001046,P0009,1,239.9,239.9
I0001978,O001047,P0007,1,121.41,121.41
I0001979,O001047,P0013,2,384.9,769.8
I0001980,O001048,P0027,1,314.9,314.9
I0001981,O001048,P0012,1,274.9,274.9
I0001982,O001049,P0007,2,134.9,269.8
I0001983,O001050,P0010,2,34.9,69.8
I0001984,O001051,P0022,1,208.91,208.91
I0001985,O001051,P0013,1,346.41,346.41
I0001986,O001051,P0028,1,170.91,170.91
I0001987,O001051,P0008,1,94.91,94.91
I0001988,O001052,P0029,1,39.9,39.9
I0001989,O001053,P0038,2,314.9,629.8
I0001990,O001054,P0024,1,152.91,152.91
I0001991,O001055,P0044,2,294.4,588.8
I0001992,O001055,P0037,1,356.15,356.15
I0001993,O001056,P0024,1,161.41,161.41
I0001994,O001056,P0002,1,74.9,74.9
I0001995,O001057,P0029,1,39.9,39.9
I0001996,O001057,P0027,1,314.9,314.9
I0001997,O001058,P0033,2,324.9,649.8
I0001998,O001059,P0026,1,351.4,351.4
I0001999,O001060,P0029,1,39.9,39.9
I0002000,O001060,P0013,1,384.9,384.9
I0002001,O001061,P0003,1,62.91,62.91
I0002002,O001061,P0047,2,39.9,79.8
I0002003,O001062,P0018,1,17.91,17.91
I0002004,O001063,P0010,1,34.9,34.9
I0002005,O001063,P0040,1,89.9,89.9
I0002006,O001063,P0030,1,179.9,179.9
I0002007,O001063,P0011,2,132.91,265.82
I0002008,O001064,P0008,1,89.91,89.91
I0002009,O001065,P0015,1,40.41,40.41
I0002010,O001065,P0005,1,69.9,69.9
I0002011,O001066,P0005,1,69.9,69.9
I0002012,O001066,P0008,1,94.91,94.91
I0002013,O001067,P0039,1,54.9,54.9
I0002014,O001068,P0008,2,99.9,199.8
I0002015,O001069,P0033,2,324.9,649.8
I0002016,O001069,P0003,1,69.9,69.9
I0002017,O001069,P0040,1,89.9,89.9
I0002018,O001069,P0002,1,74.9,74.9
I0002019,O001070,P0041,1,314.9,314.9
I0002020,O001070,P0020,1,71.91,71.91
I0002021,O001070,P0002,1,67.41,67.41
I0002022,O001071,P0008,1,99.9,99.9
I0002023,O001072,P0034,1,84.9,84.9
I0002024,O001073,P0006,1,49.9,49.9
I0002025,O001073,P0011,1,132.91,132.91
I0002026,O001074,P0029,1,35.91,35.91
I0002027,O001074,P0026,2,369.9,739.8
I0002028,O001075,P0029,1,39.9,39.9
I0002029,O001075,P0019,1,137.66,137.66
I0002030,O001075,P0003,1,66.41,66.41
I0002031,O001076,P0004,1,154.9,154.9
I0002032,O001077,P0019,1,130.41,130.41
I0002033,O001078,P0048,1,264.9,264.9
I0002034,O001078,P0024,1,161.41,161.41
I0002035,O001079,P0021,1,143.91,143.91
I0002036,O001080,P0043,1,280.15,280.15
I0002037,O001080,P0003,1,69.9,69.9
I0002038,O001081,P0029,1,39.9,39.9
I0002039,O001081,P0034,2,80.66,161.32
I0002040,O001082,P0034,3,80.66,241.98
I0002041,O001083,P0007,1,134.9,134.9
I0002042,O001084,P0002,2,71.16,142.32
I0002043,O001084,P0010,1,34.9,34.9
I0002044,O001084,P0048,1,238.41,238.41
I0002045,O001084,P0040,1,89.9,89.9
I0002046,O001085,P0024,1,161.41,161.41
I0002047,O001086,P0001,1,69.9,69.9
I0002048,O001086,P0033,1,308.65,308.65
I0002049,O001087,P0009,1,239.9,239.9
I0002050,O001088,P0030,1,179.9,179.9
I0002051,O001089,P0032,1,166.16,166.16
I0002052,O001090,P0009,3,239.9,719.7
I0002053,O001090,P0017,1,309.9,309.9
I0002054,O001091,P0018,3,17.91,53.73
I0002055,O001092,P0041,1,283.41,283.41
I0002056,O001093,P0013,1,384.9,384.9
I0002057,O001093,P0011,1,139.9,139.9
I0002058,O001094,P0009,1,215.91,215.91
I0002059,O001095,P0042,1,137.66,137.66
I0002060,O001095,P0007,2,134.9,269.8
I0002061,O001096,P0013,1,346.41,346.41
I0002062,O001096,P0029,1,39.9,39.9
I0002063,O001097,P0027,1,299.15,299.15
I0002064,O001097,P0026,1,369.9,369.9
I0002065,O001098,P0014,1,194.9,194.9
I0002066,O001098,P0032,1,174.9,174.9
I0002067,O001099,P0011,1,132.91,132.91
I0002068,O001099,P0046,1,84.9,84.9
I0002069,O001100,P0039,1,49.41,49.41
I0002070,O001100,P0017,3,309.9,929.7
I0002071,O001100,P0016,2,274.9,549.8
I0002072,O001101,P0010,1,34.9,34.9
I0002073,O001101,P0038,1,314.9,314.9
I0002074,O001102,P0006,2,49.9,99.8
I0002075,O001102,P0004,1,154.9,154.9
I0002076,O001102,P0016,1,261.15,261.15
I0002077,O001103,P0046,2,80.66,161.32
I0002078,O001104,P0009,1,239.9,239.9
I0002079,O001104,P0026,2,369.9,739.8
I0002080,O001104,P0034,1,80.66,80.66
I0002081,O001105,P0037,1,374.9,374.9
I0002082,O001105,P0042,1,144.9,144.9
I0002083,O001105,P0041,2,283.41,566.82
I0002084,O001106,P0024,1,161.41,161.41
I0002085,O001106,P0046,1,84.9,84.9
I0002086,O001107,P0038,1,283.41,283.41
I0002087,O001107,P0022,1,219.9,219.9
I0002088,O001107,P0044,1,294.4,294.4
I0002089,O001107,P0018,1,19.9,19.9
I0002090,O001108,P0025,1,269.9,269.9
I0002091,O001108,P0048,1,238.41,238.41
I0002092,O001109,P0029,1,35.91,35.91
I0002093,O001110,P0039,1,49.41,49.41
I0002094,O001111,P0021,1,159.9,159.9
I0002095,O001111,P0038,2,314.9,629.8
I0002096,O001111,P0002,1,74.9,74.9
I0002097,O001112,P0028,1,170.91,170.91
I0002098,O001112,P0013,1,384.9,384.9
I0002099,O001113,P0027,2,314.9,629.8
I0002100,O001113,P0001,1,66.41,66.41
I0002101,O001113,P0042,1,144.9,144.9
I0002102,O001114,P0043,1,265.41,265.41
I0002103,O001114,P0019,2,144.9,289.8
I0002104,O001115,P0002,1,71.16,71.16
I0002105,O001116,P0012,2,274.9,549.8
I0002106,O001116,P0031,1,364.9,364.9
I0002107,O001116,P0025,2,269.9,539.8
I0002108,O001116,P0036,1,349.9,349.9
I0002109,O001117,P0038,1,314.9,314.9
I0002110,O001117,P0009,1,227.91,227.91
I0002111,O001117,P0014,1,175.41,175.41
I0002112,O001118,P0029,1,39.9,39.9
I0002113,O001118,P0048,1,251.65,251.65
I0002114,O001119,P0003,2,62.91,125.82
I0002115,O001119,P0004,1,154.9,154.9
I0002116,O001120,P0039,1,49.41,49.41
I0002117,O001121,P0016,1,274.9,274.9
I0002118,O001121,P0032,1,174.9,174.9
I0002119,O001122,P0020,1,75.91,75.91
I0002120,O001122,P0047,3,39.9,119.7
I0002121,O001122,P0004,1,139.41,139.41
I0002122,O001123,P0025,1,269.9,269.9
I0002123,O001123,P0015,2,44.9,89.8
I0002124,O001124,P0047,1,39.9,39.9
I0002125,O001125,P0012,3,274.9,824.7
I0002126,O001126,P0027,3,283.41,850.23
I0002127,O001126,P0043,1,294.9,294.9
I0002128,O001127,P0003,1,69.9,69.9
I0002129,O001128,P0002,1,74.9,74.9
I0002130,O001128,P0029,1,39.9,39.9
I0002131,O001129,P0027,1,299.15,299.15
I0002132,O001130,P0016,1,274.9,274.9
I0002133,O001131,P0019,1,130.41,130.41
I0002134,O001131,P0004,2,147.16,294.32
I0002135,O001132,P0035,2,197.91,395.82
I0002136,O001132,P0028,1,170.91,170.91
I0002137,O001132,P0017,2,294.4,588.8
I0002138,O001133,P0025,1,269.9,269.9
I0002139,O001133,P0012,1,274.9,274.9
I0002140,O001134,P0008,1,89.91,89.91
I0002141,O001135,P0022,2,219.9,439.8
I0002142,O001135,P0006,2,49.9,99.8
I0002143,O001135,P0047,1,37.9,37.9
I0002144,O001136,P0017,1,278.91,278.91
I0002145,O001137,P0031,1,364.9,364.9
I0002146,O001137,P0022,1,219.9,219.9
I0002147,O001137,P0001,1,66.41,66.41
I0002148,O001138,P0038,1,314.9,314.9
I0002149,O001138,P0048,1,238.41,238.41
I0002150,O001139,P0048,1,264.9,264.9
I0002151,O001140,P0038,1,314.9,314.9
I0002152,O001141,P0025,2,269.9,539.8
I0002153,O001141,P0001,1,69.9,69.9
I0002154,O001142,P0033,1,292.41,292.41
I0002155,O001143,P0013,2,346.41,692.82
I0002156,O001143,P0014,1,185.16,185.16
I0002157,O001144,P0015,2,42.65,85.3
I0002158,O001144,P0036,2,349.9,699.8
I0002159,O001145,P0003,1,62.91,62.91
I0002160,O001146,P0010,1,34.9,34.9
I0002161,O001146,P0004,1,147.16,147.16
I0002162,O001147,P0040,1,89.9,89.9
I0002163,O001147,P0019,1,144.9,144.9
I0002164,O001147,P0044,1,294.4,294.4
I0002165,O001148,P0034,1,84.9,84.9
I0002166,O001148,P0008,1,99.9,99.9
I0002167,O001148,P0015,1,40.41,40.41
I0002168,O001148,P0030,1,179.9,179.9
I0002169,O001149,P0025,1,269.9,269.9
I0002170,O001150,P0027,1,299.15,299.15
I0002171,O001151,P0026,1,369.9,369.9
I0002172,O001151,P0038,1,314.9,314.9
I0002173,O001151,P0002,2,74.9,149.8
I0002174,O001151,P0044,1,309.9,309.9
I0002175,O001152,P0041,1,314.9,314.9
I0002176,O001153,P0011,1,139.9,139.9
I0002177,O001153,P0032,1,174.9,174.9
I0002178,O001154,P0012,1,274.9,274.9
I0002179,O001155,P0003,1,66.41,66.41
I0002180,O001155,P0029,2,37.9,75.8
I0002181,O001156,P0028,1,189.9,189.9
I0002182,O001156,P0048,3,264.9,794.7
I0002183,O001157,P0003,1,66.41,66.41
I0002184,O001158,P0031,1,346.65,346.65
I0002185,O001159,P0018,1,17.91,17.91
I0002186,O001160,P0044,1,309.9,309.9
I0002187,O001160,P0010,3,33.15,99.45
I0002188,O001161,P0016,1,274.9,274.9
I0002189,O001161,P0008,1,89.91,89.91
I0002190,O001162,P0007,1,134.9,134.9
I0002191,O001162,P0040,1,89.9,89.9
I0002192,O001163,P0009,1,239.9,239.9
I0002193,O001163,P0031,1,346.65,346.65
I0002194,O001164,P0007,1,134.9,134.9
I0002195,O001164,P0027,1,314.9,314.9
I0002196,O001164,P0047,2,37.9,75.8
I0002197,O001165,P0024,2,169.9,339.8
I0002198,O001165,P0021,1,159.9,159.9
I0002199,O001165,P0048,3,264.9,794.7
I0002200,O001166,P0008,2,89.91,179.82
I0002201,O001167,P0009,1,215.91,215.91
I0002202,O001168,P0045,1,204.9,204.9
I0002203,O001169,P0018,2,17.91,35.82
I0002204,O001169,P0024,2,169.9,339.8
I0002205,O001170,P0019,1,144.9,144.9
I0002206,O001171,P0007,1,134.9,134.9
I0002207,O001172,P0039,1,54.9,54.9
I0002208,O001172,P0003,1,62.91,62.91
I0002209,O001173,P0040,1,89.9,89.9
I0002210,O001173,P0030,2,161.91,323.82
I0002211,O001174,P0029,1,39.9,39.9
I0002212,O001175,P0042,1,137.66,137.66
I0002213,O001175,P0035,1,219.9,219.9
I0002214,O001175,P0014,2,194.9,389.8
I0002215,O001175,P0010,1,34.9,34.9
I0002216,O001176,P0012,1,261.15,261.15
I0002217,O001176,P0014,2,194.9,389.8
I0002218,O001177,P0016,1,274.9,274.9
I0002219,O001178,P0040,1,89.9,89.9
I0002220,O001179,P0012,1,261.15,261.15
I0002221,O001179,P0013,1,384.9,384.9
I0002222,O001180,P0032,3,174.9,524.7
I0002223,O001181,P0040,2,85.41,170.82
I0002224,O001182,P0005,1,66.41,66.41
I0002225,O001182,P0017,2,309.9,619.8
I0002226,O001183,P0017,1,278.91,278.91
I0002227,O001184,P0037,1,374.9,374.9
I0002228,O001184,P0024,2,169.9,339.8
I0002229,O001185,P0031,1,364.9,364.9
I0002230,O001185,P0003,1,62.91,62.91
I0002231,O001185,P0014,1,175.41,175.41
I0002232,O001186,P0015,1,44.9,44.9
I0002233,O001186,P0038,1,299.15,299.15
I0002234,O001186,P0007,1,134.9,134.9
I0002235,O001187,P0029,1,35.91,35.91
I0002236,O001188,P0011,1,132.91,132.91
I0002237,O001188,P0024,2,152.91,305.82
I0002238,O001188,P0037,1,356.15,356.15
I0002239,O001188,P0033,2,324.9,649.8
I0002240,O001189,P0001,1,66.41,66.41
I0002241,O001189,P0013,1,384.9,384.9
I0002242,O001190,P0023,1,208.91,208.91
I0002243,O001190,P0009,2,239.9,479.8
I0002244,O001191,P0026,1,369.9,369.9
I0002245,O001191,P0004,1,147.16,147.16
I0002246,O001192,P0012,1,274.9,274.9
I0002247,O001193,P0018,1,19.9,19.9
I0002248,O001193,P0048,1,238.41,238.41
I0002249,O001194,P0032,3,157.41,472.23
I0002250,O001194,P0027,2,314.9,629.8
I0002251,O001195,P0007,2,121.41,242.82
I0002252,O001196,P0011,1,139.9,139.9
I0002253,O001197,P0022,1,208.91,208.91
I0002254,O001197,P0005,2,62.91,125.82
I0002255,O001197,P0017,2,294.4,588.8
I0002256,O001198,P0001,2,66.41,132.82
I0002257,O001198,P0004,1,139.41,139.41
I0002258,O001199,P0048,2,251.65,503.3
I0002259,O001200,P0002,2,74.9,149.8
I0002260,O001201,P0007,1,134.9,134.9
I0002261,O001202,P0048,2,264.9,529.8
I0002262,O001203,P0004,1,154.9,154.9
I0002263,O001203,P0048,1,264.9,264.9
I0002264,O001203,P0028,1,170.91,170.91
I0002265,O001204,P0003,1,66.41,66.41
I0002266,O001204,P0005,1,69.9,69.9
I0002267,O001204,P0031,1,364.9,364.9
I0002268,O001204,P0011,1,132.91,132.91
I0002269,O001205,P0013,1,384.9,384.9
I0002270,O001206,P0029,1,39.9,39.9
I0002271,O001206,P0031,1,328.41,328.41
I0002272,O001207,P0044,1,278.91,278.91
I0002273,O001208,P0048,1,264.9,264.9
I0002274,O001209,P0037,1,337.41,337.41
I0002275,O001210,P0034,1,84.9,84.9
I0002276,O001210,P0045,1,194.66,194.66
I0002277,O001210,P0012,1,247.41,247.41
I0002278,O001211,P0017,3,309.9,929.7
I0002279,O001212,P0030,1,179.9,179.9
I0002280,O001212,P0016,1,274.9,274.9
I0002281,O001212,P0014,3,194.9,584.7
I0002282,O001213,P0014,1,175.41,175.41
I0002283,O001213,P0011,2,132.91,265.82
I0002284,O001213,P0034,1,84.9,84.9
I0002285,O001214,P0023,1,219.9,219.9
I0002286,O001215,P0010,1,31.41,31.41
I0002287,O001216,P0021,3,159.9,479.7
I0002288,O001217,P0010,2,34.9,69.8
I0002289,O001217,P0003,1,69.9,69.9
I0002290,O001218,P0004,1,154.9,154.9
I0002291,O001219,P0043,1,294.9,294.9
I0002292,O001220,P0013,1,365.65,365.65
I0002293,O001221,P0036,1,332.4,332.4
I0002294,O001222,P0022,1,197.91,197.91
I0002295,O001223,P0013,1,346.41,346.41
I0002296,O001223,P0001,2,69.9,139.8
I0002297,O001223,P0047,1,39.9,39.9
I0002298,O001224,P0034,1,80.66,80.66
I0002299,O001225,P0005,1,69.9,69.9
I0002300,O001225,P0007,1,121.41,121.41
I0002301,O001226,P0031,1,364.9,364.9
I0002302,O001226,P0003,1,69.9,69.9
I0002303,O001227,P0002,2,74.9,149.8
I0002304,O001227,P0018,3,18.9,56.7
I0002305,O001227,P0023,1,197.91,197.91
I0002306,O001228,P0035,1,219.9,219.9
I0002307,O001228,P0025,1,256.4,256.4
I0002308,O001229,P0004,2,154.9,309.8
I0002309,O001229,P0033,2,324.9,649.8
I0002310,O001230,P0015,1,44.9,44.9
I0002311,O001230,P0045,2,204.9,409.8
I0002312,O001231,P0041,1,314.9,314.9
I0002313,O001232,P0025,2,269.9,539.8
I0002314,O001233,P0030,1,161.91,161.91
I0002315,O001234,P0024,2,169.9,339.8
I0002316,O001234,P0011,1,132.91,132.91
I0002317,O001235,P0017,3,294.4,883.2
I0002318,O001236,P0010,1,33.15,33.15
I0002319,O001236,P0039,1,49.41,49.41
I0002320,O001237,P0020,1,71.91,71.91
I0002321,O001237,P0027,1,314.9,314.9
I0002322,O001238,P0015,1,44.9,44.9
I0002323,O001238,P0016,1,247.41,247.41
I0002324,O001238,P0007,1,134.9,134.9
I0002325,O001239,P0013,1,384.9,384.9
I0002326,O001239,P0023,1,219.9,219.9
I0002327,O001240,P0004,2,154.9,309.8
I0002328,O001241,P0040,1,89.9,89.9
I0002329,O001241,P0011,1,139.9,139.9
I0002330,O001241,P0033,1,324.9,324.9
I0002331,O001242,P0037,1,337.41,337.41
I0002332,O001242,P0045,2,194.66,389.32
I0002333,O001242,P0014,1,194.9,194.9
I0002334,O001243,P0045,1,204.9,204.9
I0002335,O001244,P0005,1,69.9,69.9
I0002336,O001244,P0045,1,194.66,194.66
I0002337,O001245,P0041,1,283.41,283.41
I0002338,O001245,P0001,3,62.91,188.73
I0002339,O001246,P0043,1,294.9,294.9
I0002340,O001247,P0040,1,85.41,85.41
I0002341,O001248,P0022,2,219.9,439.8
I0002342,O001249,P0017,2,294.4,588.8
I0002343,O001250,P0023,1,197.91,197.91
I0002344,O001251,P0006,1,49.9,49.9
I0002345,O001252,P0012,2,274.9,549.8
I0002346,O001252,P0018,1,17.91,17.91
I0002347,O001252,P0032,1,174.9,174.9
I0002348,O001253,P0002,1,74.9,74.9
I0002349,O001253,P0023,1,219.9,219.9
I0002350,O001254,P0048,1,264.9,264.9
I0002351,O001254,P0040,2,89.9,179.8
I0002352,O001254,P0002,2,74.9,149.8
I0002353,O001255,P0040,1,80.91,80.91
I0002354,O001255,P0001,1,62.91,62.91
I0002355,O001256,P0046,1,84.9,84.9
I0002356,O001257,P0034,1,80.66,80.66
I0002357,O001258,P0024,2,161.41,322.82
I0002358,O001258,P0010,2,34.9,69.8
I0002359,O001259,P0006,2,44.91,89.82
I0002360,O001260,P0024,3,161.41,484.23
I0002361,O001260,P0034,1,76.41,76.41
I0002362,O001260,P0007,1,128.16,128.16
I0002363,O001260,P0022,1,197.91,197.91
I0002364,O001261,P0016,1,274.9,274.9
I0002365,O001261,P0036,1,349.9,349.9
I0002366,O001262,P0013,2,384.9,769.8
I0002367,O001263,P0007,1,128.16,128.16
I0002368,O001263,P0003,1,69.9,69.9
I0002369,O001263,P0005,3,69.9,209.7
I0002370,O001264,P0013,2,384.9,769.8
I0002371,O001264,P0017,3,309.9,929.7
I0002372,O001265,P0034,1,80.66,80.66
I0002373,O001265,P0013,1,384.9,384.9
I0002374,O001266,P0003,1,62.91,62.91
I0002375,O001267,P0033,1,292.41,292.41
I0002376,O001267,P0048,1,264.9,264.9
I0002377,O001267,P0010,1,34.9,34.9
I0002378,O001268,P0027,2,314.9,629.8
I0002379,O001268,P0016,2,274.9,549.8
I0002380,O001269,P0007,1,128.16,128.16
I0002381,O001269,P0009,2,239.9,479.8
I0002382,O001269,P0002,1,71.16,71.16
I0002383,O001270,P0039,1,52.15,52.15
I0002384,O001270,P0003,1,62.91,62.91
I0002385,O001270,P0007,1,134.9,134.9
I0002386,O001270,P0006,2,44.91,89.82
I0002387,O001271,P0001,1,66.41,66.41
I0002388,O001272,P0021,1,143.91,143.91
I0002389,O001272,P0003,1,69.9,69.9
I0002390,O001273,P0039,1,54.9,54.9
I0002391,O001273,P0044,1,294.4,294.4
I0002392,O001273,P0022,2,219.9,439.8
I0002393,O001274,P0018,1,17.91,17.91
I0002394,O001274,P0020,1,79.9,79.9
I0002395,O001275,P0038,1,314.9,314.9
I0002396,O001275,P0004,1,147.16,147.16
I0002397,O001275,P0009,1,239.9,239.9
I0002398,O001276,P0005,1,62.91,62.91
I0002399,O001277,P0047,2,39.9,79.8
I0002400,O001277,P0044,2,309.9,619.8
I0002401,O001277,P0020,1,79.9,79.9
I0002402,O001278,P0004,2,154.9,309.8
I0002403,O001279,P0046,1,76.41,76.41
I0002404,O001279,P0011,1,139.9,139.9
I0002405,O001280,P0007,1,134.9,134.9
I0002406,O001281,P0031,2,364.9,729.8
I0002407,O001281,P0022,1,208.91,208.91
I0002408,O001281,P0037,1,356.15,356.15
I0002409,O001281,P0024,1,169.9,169.9
I0002410,O001282,P0040,1,89.9,89.9
I0002411,O001282,P0007,1,134.9,134.9
I0002412,O001282,P0021,1,159.9,159.9
I0002413,O001283,P0016,2,247.41,494.82
I0002414,O001283,P0013,1,384.9,384.9
I0002415,O001284,P0028,1,170.91,170.91
I0002416,O001284,P0033,2,324.9,649.8
I0002417,O001285,P0017,1,278.91,278.91
I0002418,O001286,P0001,2,69.9,139.8
I0002419,O001286,P0048,1,264.9,264.9
I0002420,O001286,P0038,2,314.9,629.8
I0002421,O001287,P0038,1,314.9,314.9
I0002422,O001287,P0020,2,79.9,159.8
I0002423,O001288,P0041,1,283.41,283.41
I0002424,O001289,P0037,1,374.9,374.9
I0002425,O001289,P0010,2,34.9,69.8
I0002426,O001290,P0010,1,31.41,31.41
I0002427,O001290,P0004,1,154.9,154.9
I0002428,O001290,P0012,1,274.9,274.9
I0002429,O001291,P0016,1,274.9,274.9
I0002430,O001292,P0004,1,147.16,147.16
I0002431,O001292,P0026,1,369.9,369.9
I0002432,O001293,P0012,2,274.9,549.8
I0002433,O001294,P0023,1,197.91,197.91
I0002434,O001294,P0030,1,179.9,179.9
I0002435,O001295,P0031,1,364.9,364.9
I0002436,O001295,P0034,1,80.66,80.66
I0002437,O001295,P0008,1,89.91,89.91
I0002438,O001296,P0009,1,239.9,239.9
I0002439,O001297,P0045,1,204.9,204.9
I0002440,O001297,P0023,1,208.91,208.91
I0002441,O001297,P0006,1,44.91,44.91
I0002442,O001297,P0044,2,294.4,588.8
I0002443,O001298,P0031,1,328.41,328.41
I0002444,O001299,P0018,1,19.9,19.9
I0002445,O001299,P0047,2,39.9,79.8
I0002446,O001299,P0037,3,356.15,1068.45
I0002447,O001300,P0009,1,239.9,239.9
I0002448,O001300,P0010,1,34.9,34.9
I0002449,O001300,P0008,2,94.91,189.82
I0002450,O001300,P0005,1,66.41,66.41
I0002451,O001301,P0015,1,42.65,42.65
I0002452,O001301,P0016,1,261.15,261.15
I0002453,O001302,P0026,2,369.9,739.8
I0002454,O001303,P0029,2,39.9,79.8
I0002455,O001304,P0005,1,66.41,66.41
I0002456,O001304,P0007,1,121.41,121.41
I0002457,O001305,P0038,1,314.9,314.9
I0002458,O001306,P0006,1,49.9,49.9
I0002459,O001306,P0027,1,299.15,299.15
I0002460,O001306,P0016,1,261.15,261.15
I0002461,O001307,P0039,1,54.9,54.9
I0002462,O001308,P0011,2,139.9,279.8
I0002463,O001309,P0033,1,292.41,292.41
I0002464,O001309,P0001,1,66.41,66.41
I0002465,O001310,P0018,1,17.91,17.91
I0002466,O001310,P0047,3,35.91,107.73
I0002467,O001310,P0014,1,194.9,194.9
I0002468,O001311,P0005,1,69.9,69.9
I0002469,O001311,P0044,2,309.9,619.8
I0002470,O001311,P0008,2,99.9,199.8
I0002471,O001311,P0030,1,179.9,179.9
I0002472,O001312,P0043,1,294.9,294.9
I0002473,O001313,P0029,1,39.9,39.9
I0002474,O001313,P0033,1,292.41,292.41
I0002475,O001314,P0009,2,239.9,479.8
I0002476,O001314,P0010,3,33.15,99.45
I0002477,O001314,P0019,2,130.41,260.82
I0002478,O001314,P0008,1,99.9,99.9
I0002479,O001315,P0035,1,219.9,219.9
I0002480,O001315,P0015,1,40.41,40.41
I0002481,O001316,P0018,1,19.9,19.9
I0002482,O001316,P0043,1,294.9,294.9
I0002483,O001317,P0037,1,337.41,337.41
I0002484,O001317,P0021,1,151.91,151.91
I0002485,O001317,P0009,1,215.91,215.91
I0002486,O001318,P0041,1,314.9,314.9
I0002487,O001319,P0002,2,74.9,149.8
I0002488,O001320,P0043,1,294.9,294.9
I0002489,O001321,P0006,1,49.9,49.9
I0002490,O001321,P0015,1,44.9,44.9
I0002491,O001322,P0047,1,39.9,39.9
I0002492,O001322,P0031,1,328.41,328.41
I0002493,O001322,P0018,2,17.91,35.82
I0002494,O001323,P0034,1,84.9,84.9
I0002495,O001323,P0002,1,67.41,67.41
I0002496,O001324,P0045,2,184.41,368.82
I0002497,O001324,P0030,2,179.9,359.8
I0002498,O001325,P0036,2,332.4,664.8
I0002499,O001325,P0046,1,84.9,84.9
I0002500,O001326,P0029,1,35.91,35.91
I0002501,O001327,P0002,1,74.9,74.9
I0002502,O001327,P0035,1,208.91,208.91
I0002503,O001328,P0048,1,238.41,238.41
I0002504,O001328,P0035,1,219.9,219.9
I0002505,O001329,P0007,1,128.16,128.16
I0002506,O001329,P0003,1,69.9,69.9
I0002507,O001330,P0005,2,69.9,139.8
I0002508,O001330,P0034,1,76.41,76.41
I0002509,O001330,P0007,1,134.9,134.9
I0002510,O001330,P0025,2,269.9,539.8
I0002511,O001331,P0015,1,44.9,44.9
I0002512,O001332,P0012,1,274.9,274.9
I0002513,O001333,P0012,1,247.41,247.41
I0002514,O001333,P0005,1,62.91,62.91
I0002515,O001333,P0010,1,33.15,33.15
I0002516,O001334,P0009,1,227.91,227.91
I0002517,O001334,P0021,1,143.91,143.91
I0002518,O001335,P0009,1,239.9,239.9
I0002519,O001335,P0027,1,299.15,299.15
I0002520,O001336,P0020,2,79.9,159.8
I0002521,O001336,P0033,1,308.65,308.65
I0002522,O001337,P0037,1,374.9,374.9
I0002523,O001337,P0019,2,137.66,275.32
I0002524,O001337,P0040,1,89.9,89.9
I0002525,O001337,P0004,1,147.16,147.16
I0002526,O001338,P0037,2,374.9,749.8
I0002527,O001339,P0014,2,194.9,389.8
I0002528,O001339,P0039,1,52.15,52.15
I0002529,O001340,P0020,1,79.9,79.9
I0002530,O001341,P0041,2,314.9,629.8
I0002531,O001341,P0042,2,144.9,289.8
I0002532,O001341,P0019,1,137.66,137.66
I0002533,O001342,P0021,1,159.9,159.9
I0002534,O001343,P0042,1,137.66,137.66
I0002535,O001343,P0001,1,69.9,69.9
I0002536,O001343,P0004,3,154.9,464.7
I0002537,O001344,P0025,1,269.9,269.9
I0002538,O001344,P0011,1,139.9,139.9
I0002539,O001344,P0009,1,227.91,227.91
I0002540,O001345,P0047,1,39.9,39.9
I0002541,O001345,P0002,1,74.9,74.9
I0002542,O001346,P0005,1,69.9,69.9
I0002543,O001346,P0008,2,89.91,179.82
I0002544,O001347,P0035,1,208.91,208.91
I0002545,O001347,P0012,1,274.9,274.9
I0002546,O001348,P0007,1,134.9,134.9
I0002547,O001349,P0003,1,69.9,69.9
I0002548,O001349,P0017,2,309.9,619.8
I0002549,O001350,P0010,1,34.9,34.9
I0002550,O001350,P0006,1,49.9,49.9
I0002551,O001351,P0008,1,99.9,99.9
I0002552,O001352,P0034,1,80.66,80.66
I0002553,O001353,P0020,1,71.91,71.91
I0002554,O001353,P0047,1,35.91,35.91
I0002555,O001354,P0003,1,69.9,69.9
I0002556,O001354,P0019,1,144.9,144.9
I0002557,O001354,P0007,1,134.9,134.9
I0002558,O001355,P0039,1,52.15,52.15
I0002559,O001355,P0009,3,239.9,719.7
I0002560,O001355,P0004,1,139.41,139.41
I0002561,O001356,P0014,1,194.9,194.9
I0002562,O001356,P0025,1,256.4,256.4
I0002563,O001356,P0016,1,274.9,274.9
I0002564,O001357,P0042,1,144.9,144.9
I0002565,O001357,P0026,1,369.9,369.9
I0002566,O001357,P0024,1,161.41,161.41
I0002567,O001357,P0010,1,34.9,34.9
I0002568,O001358,P0012,2,261.15,522.3
I0002569,O001359,P0022,1,219.9,219.9
I0002570,O001359,P0014,1,175.41,175.41
I0002571,O001360,P0033,1,292.41,292.41
I0002572,O001360,P0037,1,374.9,374.9
I0002573,O001361,P0013,1,365.65,365.65
I0002574,O001362,P0007,1,128.16,128.16
I0002575,O001362,P0002,1,71.16,71.16
I0002576,O001363,P0004,1,154.9,154.9
I0002577,O001363,P0039,1,54.9,54.9
I0002578,O001364,P0015,1,44.9,44.9
I0002579,O001364,P0033,2,324.9,649.8
I0002580,O001365,P0004,1,154.9,154.9
I0002581,O001366,P0001,1,66.41,66.41
I0002582,O001367,P0025,2,269.9,539.8
I0002583,O001367,P0021,1,159.9,159.9
I0002584,O001368,P0020,1,75.91,75.91
I0002585,O001368,P0015,1,44.9,44.9
I0002586,O001368,P0008,1,99.9,99.9
I0002587,O001369,P0005,1,69.9,69.9
I0002588,O001369,P0011,2,139.9,279.8
I0002589,O001369,P0016,1,274.9,274.9
I0002590,O001369,P0037,1,374.9,374.9
I0002591,O001370,P0016,2,261.15,522.3
I0002592,O001371,P0023,1,197.91,197.91
I0002593,O001371,P0021,1,159.9,159.9
I0002594,O001372,P0006,1,47.4,47.4
I0002595,O001373,P0025,1,269.9,269.9
I0002596,O001374,P0018,2,17.91,35.82
I0002597,O001374,P0042,2,144.9,289.8
I0002598,O001374,P0030,2,179.9,359.8
I0002599,O001374,P0034,1,84.9,84.9
I0002600,O001375,P0046,1,84.9,84.9
I0002601,O001375,P0013,1,384.9,384.9
I0002602,O001376,P0010,1,34.9,34.9
I0002603,O001376,P0045,1,204.9,204.9
I0002604,O001377,P0024,1,169.9,169.9
I0002605,O001377,P0005,1,69.9,69.9
I0002606,O001378,P0039,2,54.9,109.8
I0002607,O001378,P0004,2,147.16,294.32
I0002608,O001379,P0024,1,169.9,169.9
I0002609,O001379,P0005,2,69.9,139.8
I0002610,O001380,P0021,2,159.9,319.8
I0002611,O001381,P0040,2,89.9,179.8
I0002612,O001381,P0007,1,121.41,121.41
I0002613,O001381,P0031,1,364.9,364.9
I0002614,O001382,P0006,2,49.9,99.8
I0002615,O001382,P0016,2,274.9,549.8
I0002616,O001383,P0036,1,314.91,314.91
I0002617,O001383,P0030,1,161.91,161.91
I0002618,O001384,P0025,1,256.4,256.4
I0002619,O001385,P0015,1,42.65,42.65
I0002620,O001385,P0046,1,76.41,76.41
I0002621,O001385,P0004,1,139.41,139.41
I0002622,O001386,P0006,1,49.9,49.9
I0002623,O001386,P0011,1,139.9,139.9
I0002624,O001387,P0014,1,194.9,194.9
I0002625,O001387,P0011,1,139.9,139.9
I0002626,O001387,P0001,2,62.91,125.82
I0002627,O001388,P0006,1,49.9,49.9
I0002628,O001388,P0014,1,194.9,194.9
I0002629,O001388,P0031,1,364.9,364.9
I0002630,O001389,P0047,2,39.9,79.8
I0002631,O001389,P0017,1,309.9,309.9
I0002632,O001389,P0009,3,239.9,719.7
I0002633,O001390,P0025,1,269.9,269.9
I0002634,O001390,P0002,1,74.9,74.9
I0002635,O001391,P0017,1,294.4,294.4
I0002636,O001391,P0023,1,219.9,219.9
I0002637,O001391,P0030,1,170.91,170.91
I0002638,O001392,P0045,1,204.9,204.9
I0002639,O001392,P0019,2,144.9,289.8
I0002640,O001392,P0030,1,170.91,170.91
I0002641,O001393,P0004,1,154.9,154.9
I0002642,O001393,P0043,1,265.41,265.41
I0002643,O001394,P0014,2,194.9,389.8
I0002644,O001395,P0009,2,239.9,479.8
I0002645,O001395,P0017,2,294.4,588.8
I0002646,O001396,P0040,1,85.41,85.41
I0002647,O001396,P0011,3,132.91,398.73
I0002648,O001397,P0030,1,179.9,179.9
I0002649,O001398,P0021,1,159.9,159.9
I0002650,O001398,P0040,1,85.41,85.41
I0002651,O001399,P0042,1,144.9,144.9
I0002652,O001400,P0035,2,219.9,439.8
I0002653,O001400,P0017,1,309.9,309.9
I0002654,O001401,P0002,1,74.9,74.9
I0002655,O001401,P0015,1,42.65,42.65
I0002656,O001402,P0037,2,374.9,749.8
I0002657,O001402,P0016,2,274.9,549.8
I0002658,O001402,P0029,1,37.9,37.9
I0002659,O001403,P0004,1,147.16,147.16
I0002660,O001403,P0005,2,69.9,139.8
I0002661,O001403,P0013,3,384.9,1154.7
I0002662,O001404,P0045,1,194.66,194.66
I0002663,O001404,P0003,1,69.9,69.9
I0002664,O001404,P0030,1,179.9,179.9
I0002665,O001404,P0001,1,69.9,69.9
I0002666,O001405,P0019,1,144.9,144.9
I0002667,O001405,P0008,1,99.9,99.9
I0002668,O001406,P0015,1,44.9,44.9
I0002669,O001406,P0036,1,332.4,332.4
I0002670,O001407,P0037,1,356.15,356.15
I0002671,O001408,P0045,2,204.9,409.8
I0002672,O001409,P0022,1,219.9,219.9
I0002673,O001410,P0035,2,219.9,439.8
I0002674,O001410,P0027,1,314.9,314.9
I0002675,O001411,P0011,2,132.91,265.82
I0002676,O001411,P0047,1,35.91,35.91
I0002677,O001412,P0030,1,179.9,179.9
I0002678,O001412,P0039,1,54.9,54.9
I0002679,O001412,P0035,1,197.91,197.91
I0002680,O001413,P0018,1,19.9,19.9
I0002681,O001413,P0013,1,384.9,384.9
I0002682,O001413,P0022,1,219.9,219.9
I0002683,O001414,P0018,1,19.9,19.9
I0002684,O001414,P0010,1,34.9,34.9
I0002685,O001414,P0047,1,39.9,39.9
I0002686,O001415,P0024,3,169.9,509.7
I0002687,O001416,P0032,2,157.41,314.82
I0002688,O001416,P0008,1,94.91,94.91
I0002689,O001416,P0045,3,184.41,553.23
I0002690,O001417,P0036,1,349.9,349.9
I0002691,O001418,P0027,2,299.15,598.3
I0002692,O001419,P0041,1,299.15,299.15
I0002693,O001419,P0006,2,44.91,89.82
I0002694,O001420,P0023,1,219.9,219.9
I0002695,O001421,P0036,1,332.4,332.4
I0002696,O001421,P0012,1,274.9,274.9
I0002697,O001421,P0008,2,99.9,199.8
I0002698,O001421,P0033,1,292.41,292.41
I0002699,O001422,P0004,2,154.9,309.8
I0002700,O001423,P0033,1,292.41,292.41
I0002701,O001424,P0008,1,99.9,99.9
I0002702,O001424,P0010,1,34.9,34.9
I0002703,O001424,P0003,2,66.41,132.82
I0002704,O001425,P0040,1,80.91,80.91
I0002705,O001426,P0038,1,299.15,299.15
I0002706,O001426,P0010,1,34.9,34.9
I0002707,O001427,P0046,1,80.66,80.66
I0002708,O001428,P0036,2,349.9,699.8
I0002709,O001428,P0047,3,35.91,107.73
I0002710,O001429,P0018,2,17.91,35.82
I0002711,O001429,P0005,1,69.9,69.9
I0002712,O001430,P0002,1,74.9,74.9
I0002713,O001431,P0013,1,346.41,346.41
I0002714,O001432,P0004,1,154.9,154.9
I0002715,O001432,P0047,1,39.9,39.9
I0002716,O001433,P0019,1,137.66,137.66
I0002717,O001433,P0007,1,128.16,128.16
I0002718,O001433,P0012,1,274.9,274.9
I0002719,O001434,P0008,1,99.9,99.9
I0002720,O001434,P0006,1,49.9,49.9
I0002721,O001434,P0034,1,84.9,84.9
I0002722,O001434,P0048,2,251.65,503.3
I0002723,O001435,P0004,1,147.16,147.16
I0002724,O001435,P0028,1,189.9,189.9
I0002725,O001436,P0008,1,99.9,99.9
I0002726,O001437,P0039,1,54.9,54.9
I0002727,O001438,P0041,1,299.15,299.15
I0002728,O001439,P0008,1,99.9,99.9
I0002729,O001439,P0013,1,346.41,346.41
I0002730,O001440,P0033,1,308.65,308.65
I0002731,O001441,P0032,1,174.9,174.9
I0002732,O001441,P0039,1,52.15,52.15
I0002733,O001442,P0045,1,204.9,204.9
I0002734,O001442,P0017,1,294.4,294.4
I0002735,O001443,P0011,1,139.9,139.9
I0002736,O001443,P0014,1,194.9,194.9
I0002737,O001444,P0043,1,294.9,294.9
I0002738,O001444,P0046,1,84.9,84.9
I0002739,O001445,P0024,1,161.41,161.41
I0002740,O001446,P0010,1,34.9,34.9
I0002741,O001447,P0019,1,144.9,144.9
I0002742,O001448,P0032,1,166.16,166.16
I0002743,O001448,P0006,1,49.9,49.9
I0002744,O001448,P0024,1,169.9,169.9
I0002745,O001449,P0022,2,219.9,439.8
I0002746,O001449,P0030,2,179.9,359.8
I0002747,O001450,P0001,1,69.9,69.9
I0002748,O001450,P0037,1,356.15,356.15
I0002749,O001450,P0045,2,204.9,409.8
I0002750,O001451,P0007,1,134.9,134.9
I0002751,O001452,P0015,2,44.9,89.8
I0002752,O001452,P0017,1,309.9,309.9
I0002753,O001453,P0042,1,144.9,144.9
I0002754,O001454,P0005,1,69.9,69.9
I0002755,O001455,P0018,1,18.9,18.9
I0002756,O001456,P0015,1,44.9,44.9
I0002757,O001457,P0002,1,71.16,71.16
I0002758,O001458,P0005,2,69.9,139.8
I0002759,O001458,P0016,2,247.41,494.82
I0002760,O001459,P0023,2,219.9,439.8
I0002761,O001459,P0008,1,99.9,99.9
I0002762,O001460,P0023,1,197.91,197.91
I0002763,O001461,P0013,1,384.9,384.9
I0002764,O001462,P0008,1,99.9,99.9
I0002765,O001462,P0025,2,269.9,539.8
I0002766,O001463,P0027,1,314.9,314.9
I0002767,O001464,P0016,1,274.9,274.9
I0002768,O001465,P0045,2,194.66,389.32
I0002769,O001465,P0043,1,265.41,265.41
I0002770,O001465,P0008,2,99.9,199.8
I0002771,O001465,P0029,1,35.91,35.91
I0002772,O001466,P0036,1,349.9,349.9
I0002773,O001466,P0037,1,356.15,356.15
I0002774,O001466,P0002,2,74.9,149.8
I0002775,O001467,P0002,2,67.41,134.82
I0002776,O001467,P0003,1,69.9,69.9
I0002777,O001468,P0027,2,283.41,566.82
I0002778,O001469,P0036,1,349.9,349.9
I0002779,O001469,P0002,2,74.9,149.8
I0002780,O001470,P0010,2,31.41,62.82
I0002781,O001471,P0047,1,37.9,37.9
I0002782,O001471,P0017,1,309.9,309.9
I0002783,O001471,P0012,1,274.9,274.9
I0002784,O001472,P0036,1,349.9,349.9
I0002785,O001473,P0034,1,76.41,76.41
I0002786,O001473,P0033,1,308.65,308.65
I0002787,O001474,P0012,1,261.15,261.15
I0002788,O001475,P0036,1,349.9,349.9
I0002789,O001475,P0011,1,139.9,139.9
I0002790,O001475,P0027,2,314.9,629.8
I0002791,O001476,P0019,2,144.9,289.8
I0002792,O001477,P0003,2,62.91,125.82
I0002793,O001477,P0046,2,80.66,161.32
I0002794,O001477,P0024,1,169.9,169.9
I0002795,O001478,P0012,1,274.9,274.9
I0002796,O001478,P0044,1,309.9,309.9
I0002797,O001479,P0008,1,99.9,99.9
I0002798,O001479,P0012,1,274.9,274.9
I0002799,O001480,P0039,1,54.9,54.9
I0002800,O001480,P0018,1,19.9,19.9
I0002801,O001481,P0007,2,134.9,269.8
I0002802,O001481,P0029,1,39.9,39.9
I0002803,O001481,P0033,1,308.65,308.65
I0002804,O001482,P0047,1,39.9,39.9
I0002805,O001483,P0032,1,166.16,166.16
I0002806,O001484,P0017,1,309.9,309.9
I0002807,O001485,P0041,1,314.9,314.9
I0002808,O001486,P0027,1,283.41,283.41
I0002809,O001487,P0004,1,154.9,154.9
I0002810,O001487,P0022,3,219.9,659.7
I0002811,O001488,P0017,2,309.9,619.8
I0002812,O001489,P0004,2,147.16,294.32
I0002813,O001489,P0035,2,219.9,439.8
I0002814,O001490,P0002,2,74.9,149.8
I0002815,O001491,P0040,1,89.9,89.9
I0002816,O001492,P0028,1,180.41,180.41
I0002817,O001492,P0004,1,154.9,154.9
I0002818,O001493,P0003,2,69.9,139.8
I0002819,O001493,P0015,1,44.9,44.9
I0002820,O001493,P0008,1,99.9,99.9
I0002821,O001494,P0028,1,189.9,189.9
I0002822,O001494,P0038,1,314.9,314.9
I0002823,O001495,P0044,1,309.9,309.9
I0002824,O001495,P0016,1,247.41,247.41
I0002825,O001496,P0022,2,208.91,417.82
I0002826,O001497,P0048,1,238.41,238.41
I0002827,O001497,P0016,2,247.41,494.82
I0002828,O001498,P0048,1,264.9,264.9
I0002829,O001498,P0002,1,71.16,71.16
I0002830,O001499,P0003,2,69.9,139.8
I0002831,O001500,P0038,1,283.41,283.41
I0002832,O001500,P0023,1,219.9,219.9
I0002833,O001500,P0001,1,66.41,66.41
I0002834,O001501,P0026,1,369.9,369.9
I0002835,O001502,P0010,1,34.9,34.9
I0002836,O001503,P0011,1,132.91,132.91
I0002837,O001503,P0021,1,159.9,159.9
I0002838,O001504,P0008,2,99.9,199.8
I0002839,O001505,P0027,1,283.41,283.41
I0002840,O001505,P0042,1,130.41,130.41
I0002841,O001506,P0016,1,247.41,247.41
I0002842,O001506,P0012,1,274.9,274.9
I0002843,O001507,P0043,1,280.15,280.15
I0002844,O001507,P0005,1,69.9,69.9
I0002845,O001507,P0028,2,170.91,341.82
I0002846,O001508,P0038,1,314.9,314.9
I0002847,O001508,P0001,2,69.9,139.8
I0002848,O001509,P0037,1,374.9,374.9
I0002849,O001509,P0018,1,18.9,18.9
I0002850,O001510,P0011,1,139.9,139.9
I0002851,O001510,P0004,1,154.9,154.9
I0002852,O001510,P0042,1,144.9,144.9
I0002853,O001511,P0044,1,309.9,309.9
I0002854,O001511,P0022,2,219.9,439.8
I0002855,O001512,P0031,2,346.65,693.3
I0002856,O001512,P0009,1,239.9,239.9
I0002857,O001513,P0026,1,369.9,369.9
I0002858,O001513,P0003,1,69.9,69.9
I0002859,O001514,P0001,1,69.9,69.9
I0002860,O001514,P0021,2,159.9,319.8
I0002861,O001514,P0035,2,208.91,417.82
I0002862,O001515,P0014,1,194.9,194.9
I0002863,O001515,P0018,2,18.9,37.8
I0002864,O001516,P0048,2,264.9,529.8
I0002865,O001517,P0002,1,74.9,74.9
I0002866,O001517,P0016,1,261.15,261.15
I0002867,O001517,P0039,1,54.9,54.9
I0002868,O001518,P0019,1,144.9,144.9
I0002869,O001518,P0022,1,208.91,208.91
I0002870,O001519,P0046,1,84.9,84.9
I0002871,O001519,P0005,1,69.9,69.9
I0002872,O001519,P0009,3,239.9,719.7
I0002873,O001520,P0043,3,265.41,796.23
I0002874,O001520,P0003,1,69.9,69.9
I0002875,O001521,P0043,2,280.15,560.3
I0002876,O001522,P0047,1,37.9,37.9
I0002877,O001523,P0046,1,76.41,76.41
I0002878,O001523,P0035,1,219.9,219.9
I0002879,O001524,P0021,2,151.91,303.82
I0002880,O001524,P0008,1,99.9,99.9
I0002881,O001524,P0022,2,219.9,439.8
I0002882,O001524,P0015,1,42.65,42.65
I0002883,O001525,P0026,1,351.4,351.4
I0002884,O001525,P0002,3,74.9,224.7
I0002885,O001526,P0045,2,204.9,409.8
I0002886,O001527,P0024,1,169.9,169.9
I0002887,O001527,P0007,1,134.9,134.9
I0002888,O001528,P0030,1,161.91,161.91
I0002889,O001528,P0017,1,309.9,309.9
I0002890,O001528,P0001,1,69.9,69.9
I0002891,O001529,P0036,3,314.91,944.73
I0002892,O001530,P0039,1,54.9,54.9
I0002893,O001531,P0005,3,62.91,188.73
I0002894,O001532,P0004,2,139.41,278.82
I0002895,O001532,P0016,1,274.9,274.9
I0002896,O001532,P0017,1,309.9,309.9
I0002897,O001532,P0032,1,174.9,174.9
I0002898,O001533,P0013,2,384.9,769.8
I0002899,O001533,P0004,1,154.9,154.9
I0002900,O001534,P0002,2,74.9,149.8
I0002901,O001534,P0023,1,197.91,197.91
I0002902,O001535,P0038,1,314.9,314.9
I0002903,O001535,P0010,1,31.41,31.41
I0002904,O001536,P0028,1,189.9,189.9
I0002905,O001537,P0021,1,159.9,159.9
I0002906,O001537,P0013,1,384.9,384.9
I0002907,O001537,P0044,1,309.9,309.9
I0002908,O001537,P0003,1,69.9,69.9
I0002909,O001538,P0041,1,283.41,283.41
I0002910,O001539,P0004,3,154.9,464.7
I0002911,O001539,P0024,1,169.9,169.9
I0002912,O001540,P0026,1,369.9,369.9
I0002913,O001541,P0001,1,62.91,62.91
I0002914,O001542,P0031,1,364.9,364.9
I0002915,O001542,P0039,1,54.9,54.9
I0002916,O001543,P0030,1,179.9,179.9
I0002917,O001543,P0005,1,66.41,66.41
I0002918,O001543,P0019,1,144.9,144.9
I0002919,O001544,P0042,1,144.9,144.9
I0002920,O001544,P0036,2,349.9,699.8
I0002921,O001544,P0004,1,139.41,139.41
I0002922,O001545,P0035,2,197.91,395.82
I0002923,O001545,P0010,1,34.9,34.9
I0002924,O001545,P0015,1,44.9,44.9
I0002925,O001546,P0019,1,144.9,144.9
I0002926,O001547,P0008,3,99.9,299.7
I0002927,O001547,P0014,2,194.9,389.8
I0002928,O001548,P0003,2,69.9,139.8
I0002929,O001548,P0012,1,274.9,274.9
I0002930,O001548,P0040,1,89.9,89.9
I0002931,O001548,P0017,1,309.9,309.9
I0002932,O001549,P0005,1,66.41,66.41
I0002933,O001549,P0013,1,384.9,384.9
I0002934,O001550,P0015,2,44.9,89.8
I0002935,O001550,P0036,1,349.9,349.9
I0002936,O001551,P0004,1,139.41,139.41
I0002937,O001551,P0010,1,34.9,34.9
I0002938,O001552,P0046,3,80.66,241.98
I0002939,O001553,P0011,1,139.9,139.9
I0002940,O001553,P0014,2,185.16,370.32
I0002941,O001554,P0029,1,39.9,39.9
I0002942,O001555,P0046,1,76.41,76.41
I0002943,O001555,P0017,1,294.4,294.4
I0002944,O001555,P0018,1,19.9,19.9
I0002945,O001556,P0045,1,184.41,184.41
I0002946,O001556,P0046,1,84.9,84.9
I0002947,O001557,P0039,1,54.9,54.9
I0002948,O001557,P0026,1,369.9,369.9
I0002949,O001558,P0001,1,69.9,69.9
I0002950,O001558,P0014,1,185.16,185.16
I0002951,O001559,P0015,1,44.9,44.9
I0002952,O001559,P0007,1,134.9,134.9
I0002953,O001560,P0009,1,239.9,239.9
I0002954,O001561,P0031,1,346.65,346.65
I0002955,O001562,P0010,2,34.9,69.8
I0002956,O001562,P0002,1,67.41,67.41
I0002957,O001563,P0038,1,314.9,314.9
I0002958,O001564,P0007,1,121.41,121.41
I0002959,O001564,P0034,1,84.9,84.9
I0002960,O001564,P0020,1,79.9,79.9
I0002961,O001565,P0014,1,175.41,175.41
I0002962,O001565,P0008,3,99.9,299.7
I0002963,O001565,P0045,1,204.9,204.9
I0002964,O001566,P0045,1,184.41,184.41
I0002965,O001566,P0018,1,19.9,19.9
I0002966,O001567,P0034,1,84.9,84.9
I0002967,O001568,P0011,1,132.91,132.91
I0002968,O001568,P0010,1,34.9,34.9
I0002969,O001569,P0031,1,364.9,364.9
I0002970,O001570,P0026,1,332.91,332.91
I0002971,O001570,P0043,1,294.9,294.9
I0002972,O001571,P0021,1,159.9,159.9
I0002973,O001571,P0046,1,80.66,80.66
I0002974,O001571,P0011,1,139.9,139.9
I0002975,O001572,P0034,1,84.9,84.9
I0002976,O001572,P0025,1,269.9,269.9
I0002977,O001572,P0002,2,74.9,149.8
I0002978,O001573,P0026,1,369.9,369.9
I0002979,O001574,P0002,1,74.9,74.9
I0002980,O001575,P0005,1,69.9,69.9
I0002981,O001575,P0004,1,154.9,154.9
I0002982,O001575,P0006,2,44.91,89.82
I0002983,O001576,P0035,1,208.91,208.91
I0002984,O001577,P0014,1,194.9,194.9
I0002985,O001577,P0029,1,39.9,39.9
I0002986,O001578,P0037,1,374.9,374.9
I0002987,O001578,P0029,2,37.9,75.8
I0002988,O001578,P0033,1,324.9,324.9
I0002989,O001579,P0009,2,239.9,479.8
I0002990,O001579,P0006,2,44.91,89.82
I0002991,O001580,P0038,1,314.9,314.9
I0002992,O001581,P0002,2,67.41,134.82
I0002993,O001581,P0003,1,62.91,62.91
I0002994,O001581,P0038,1,314.9,314.9
I0002995,O001581,P0019,2,137.66,275.32
I0002996,O001582,P0023,1,219.9,219.9
I0002997,O001583,P0021,1,151.91,151.91
I0002998,O001583,P0001,1,69.9,69.9
I0002999,O001583,P0043,1,294.9,294.9
I0003000,O001584,P0008,1,99.9,99.9
I0003001,O001584,P0040,1,89.9,89.9
I0003002,O001585,P0024,1,169.9,169.9
I0003003,O001586,P0014,1,194.9,194.9
I0003004,O001586,P0019,3,144.9,434.7
I0003005,O001587,P0027,1,314.9,314.9
I0003006,O001587,P0015,1,42.65,42.65
I0003007,O001588,P0045,1,204.9,204.9
I0003008,O001589,P0015,2,44.9,89.8
I0003009,O001590,P0006,2,49.9,99.8
I0003010,O001590,P0035,1,219.9,219.9
I0003011,O001590,P0025,1,269.9,269.9
I0003012,O001591,P0017,1,309.9,309.9
I0003013,O001592,P0001,1,62.91,62.91
I0003014,O001592,P0039,1,52.15,52.15
I0003015,O001592,P0006,2,49.9,99.8
I0003016,O001592,P0042,1,144.9,144.9
I0003017,O001593,P0022,2,219.9,439.8
I0003018,O001593,P0044,1,309.9,309.9
I0003019,O001594,P0022,1,219.9,219.9
I0003020,O001594,P0007,1,128.16,128.16
I0003021,O001595,P0012,1,274.9,274.9
I0003022,O001595,P0015,1,44.9,44.9
I0003023,O001595,P0029,1,39.9,39.9
I0003024,O001595,P0027,2,299.15,598.3
I0003025,O001596,P0044,1,309.9,309.9
I0003026,O001596,P0025,1,269.9,269.9
I0003027,O001597,P0046,1,84.9,84.9
I0003028,O001597,P0008,1,99.9,99.9
I0003029,O001597,P0003,2,62.91,125.82
I0003030,O001597,P0033,2,324.9,649.8
I0003031,O001598,P0007,1,121.41,121.41
I0003032,O001599,P0024,1,169.9,169.9
I0003033,O001600,P0005,1,69.9,69.9
I0003034,O001600,P0022,1,208.91,208.91
I0003035,O001600,P0006,1,47.4,47.4
I0003036,O001601,P0031,3,364.9,1094.7
I0003037,O001601,P0039,1,54.9,54.9
I0003038,O001602,P0021,1,143.91,143.91
I0003039,O001602,P0030,1,161.91,161.91
I0003040,O001603,P0032,1,166.16,166.16
I0003041,O001604,P0046,1,80.66,80.66
I0003042,O001605,P0034,1,84.9,84.9
I0003043,O001605,P0047,2,39.9,79.8
I0003044,O001606,P0027,2,314.9,629.8
I0003045,O001606,P0021,1,159.9,159.9
I0003046,O001607,P0037,3,356.15,1068.45
I0003047,O001608,P0031,1,328.41,328.41
I0003048,O001609,P0011,2,139.9,279.8
I0003049,O001609,P0008,1,99.9,99.9
I0003050,O001610,P0014,1,175.41,175.41
I0003051,O001610,P0011,1,139.9,139.9
I0003052,O001611,P0039,1,52.15,52.15
I0003053,O001612,P0006,1,44.91,44.91
I0003054,O001612,P0033,1,324.9,324.9
I0003055,O001612,P0044,1,309.9,309.9
I0003056,O001613,P0001,3,69.9,209.7
I0003057,O001614,P0001,2,66.41,132.82
I0003058,O001614,P0027,1,314.9,314.9
I0003059,O001615,P0024,1,169.9,169.9
I0003060,O001616,P0008,1,89.91,89.91
I0003061,O001617,P0039,1,52.15,52.15
I0003062,O001618,P0006,3,49.9,149.7
I0003063,O001618,P0041,1,283.41,283.41
I0003064,O001619,P0005,1,66.41,66.41
I0003065,O001620,P0005,2,69.9,139.8
I0003066,O001621,P0009,1,227.91,227.91
I0003067,O001621,P0032,2,174.9,349.8
I0003068,O001622,P0002,1,71.16,71.16
I0003069,O001622,P0022,1,219.9,219.9
I0003070,O001623,P0011,1,139.9,139.9
I0003071,O001623,P0040,1,89.9,89.9
I0003072,O001623,P0043,2,294.9,589.8
I0003073,O001623,P0033,1,324.9,324.9
I0003074,O001624,P0003,1,69.9,69.9
I0003075,O001624,P0043,1,294.9,294.9
I0003076,O001625,P0005,1,69.9,69.9
I0003077,O001626,P0027,2,283.41,566.82
I0003078,O001627,P0005,1,69.9,69.9
I0003079,O001627,P0001,1,62.91,62.91
I0003080,O001628,P0004,1,154.9,154.9
I0003081,O001629,P0004,3,154.9,464.7
I0003082,O001629,P0024,2,169.9,339.8
I0003083,O001630,P0013,1,384.9,384.9
I0003084,O001631,P0017,1,309.9,309.9
I0003085,O001632,P0038,2,314.9,629.8
I0003086,O001633,P0022,1,219.9,219.9
I0003087,O001634,P0009,1,239.9,239.9
I0003088,O001635,P0001,1,69.9,69.9
I0003089,O001635,P0009,2,215.91,431.82
I0003090,O001635,P0012,1,261.15,261.15
I0003091,O001636,P0028,1,189.9,189.9
I0003092,O001636,P0007,1,121.41,121.41
I0003093,O001636,P0029,3,39.9,119.7
I0003094,O001636,P0004,1,147.16,147.16
I0003095,O001637,P0008,1,89.91,89.91
I0003096,O001638,P0031,1,364.9,364.9
I0003097,O001638,P0003,1,69.9,69.9
I0003098,O001638,P0014,1,194.9,194.9
I0003099,O001639,P0008,1,89.91,89.91
I0003100,O001640,P0032,1,166.16,166.16
I0003101,O001641,P0003,2,69.9,139.8
I0003102,O001642,P0005,1,69.9,69.9
I0003103,O001642,P0013,2,365.65,731.3
I0003104,O001642,P0032,2,174.9,349.8
I0003105,O001642,P0017,1,309.9,309.9
I0003106,O001643,P0016,1,274.9,274.9
I0003107,O001644,P0005,1,69.9,69.9
I0003108,O001645,P0003,1,69.9,69.9
I0003109,O001646,P0006,2,49.9,99.8
I0003110,O001647,P0036,1,314.91,314.91
I0003111,O001648,P0023,1,197.91,197.91
I0003112,O001648,P0005,1,69.9,69.9
I0003113,O001649,P0004,1,154.9,154.9
I0003114,O001649,P0018,1,17.91,17.91
I0003115,O001650,P0027,2,314.9,629.8
I0003116,O001650,P0005,1,69.9,69.9
I0003117,O001651,P0012,2,247.41,494.82
I0003118,O001652,P0005,1,66.41,66.41
I0003119,O001652,P0025,1,256.4,256.4
I0003120,O001652,P0028,1,189.9,189.9
I0003121,O001653,P0012,2,274.9,549.8
I0003122,O001653,P0024,1,152.91,152.91
I0003123,O001653,P0019,1,130.41,130.41
I0003124,O001653,P0013,1,384.9,384.9
I0003125,O001654,P0027,1,314.9,314.9
I0003126,O001654,P0013,2,346.41,692.82
I0003127,O001655,P0042,1,144.9,144.9
I0003128,O001655,P0025,1,269.9,269.9
I0003129,O001656,P0045,1,204.9,204.9
I0003130,O001657,P0022,2,197.91,395.82
I0003131,O001658,P0011,1,125.91,125.91
I0003132,O001659,P0039,1,52.15,52.15
I0003133,O001660,P0007,2,134.9,269.8
I0003134,O001660,P0016,2,274.9,549.8
I0003135,O001660,P0004,1,154.9,154.9
I0003136,O001661,P0018,3,19.9,59.7
I0003137,O001661,P0046,1,84.9,84.9
I0003138,O001662,P0013,1,365.65,365.65
I0003139,O001662,P0023,1,208.91,208.91
I0003140,O001663,P0022,2,219.9,439.8
I0003141,O001663,P0015,1,44.9,44.9
I0003142,O001664,P0011,1,125.91,125.91
I0003143,O001664,P0004,1,154.9,154.9
I0003144,O001665,P0019,1,137.66,137.66
I0003145,O001665,P0004,2,139.41,278.82
I0003146,O001665,P0016,1,274.9,274.9
I0003147,O001665,P0025,1,269.9,269.9
I0003148,O001666,P0036,2,314.91,629.82
I0003149,O001667,P0006,1,44.91,44.91
I0003150,O001668,P0033,1,324.9,324.9
I0003151,O001669,P0020,1,79.9,79.9
I0003152,O001670,P0020,1,79.9,79.9
I0003153,O001670,P0029,1,37.9,37.9
I0003154,O001670,P0010,1,34.9,34.9
I0003155,O001671,P0035,1,197.91,197.91
I0003156,O001671,P0002,2,71.16,142.32
I0003157,O001671,P0029,1,39.9,39.9
I0003158,O001672,P0008,1,99.9,99.9
I0003159,O001673,P0021,1,151.91,151.91
I0003160,O001674,P0044,1,309.9,309.9
I0003161,O001674,P0001,1,66.41,66.41
I0003162,O001674,P0002,1,67.41,67.41
I0003163,O001675,P0006,1,49.9,49.9
I0003164,O001676,P0029,1,39.9,39.9
I0003165,O001676,P0035,1,219.9,219.9
I0003166,O001677,P0013,2,346.41,692.82
I0003167,O001677,P0046,1,76.41,76.41
I0003168,O001678,P0023,1,197.91,197.91
I0003169,O001678,P0016,1,261.15,261.15
I0003170,O001679,P0024,1,152.91,152.91
I0003171,O001679,P0033,1,324.9,324.9
I0003172,O001680,P0046,1,80.66,80.66
I0003173,O001680,P0008,1,99.9,99.9
I0003174,O001681,P0031,1,364.9,364.9
I0003175,O001681,P0005,1,69.9,69.9
I0003176,O001681,P0020,1,75.91,75.91
I0003177,O001682,P0005,1,69.9,69.9
I0003178,O001683,P0012,1,247.41,247.41
I0003179,O001684,P0013,3,384.9,1154.7
I0003180,O001684,P0027,1,299.15,299.15
I0003181,O001685,P0034,1,84.9,84.9
I0003182,O001685,P0009,2,239.9,479.8
I0003183,O001686,P0026,1,369.9,369.9
I0003184,O001686,P0008,1,99.9,99.9
I0003185,O001686,P0007,1,134.9,134.9
I0003186,O001686,P0001,1,66.41,66.41
I0003187,O001687,P0025,2,269.9,539.8
I0003188,O001687,P0012,1,247.41,247.41
I0003189,O001687,P0034,1,80.66,80.66
I0003190,O001688,P0035,1,219.9,219.9
I0003191,O001688,P0012,1,274.9,274.9
I0003192,O001688,P0038,1,299.15,299.15
I0003193,O001689,P0003,1,69.9,69.9
I0003194,O001690,P0005,1,66.41,66.41
I0003195,O001691,P0006,2,44.91,89.82
I0003196,O001691,P0016,1,274.9,274.9
I0003197,O001692,P0043,1,265.41,265.41
I0003198,O001692,P0020,1,79.9,79.9
I0003199,O001693,P0004,1,154.9,154.9
I0003200,O001693,P0038,1,283.41,283.41
I0003201,O001693,P0005,2,69.9,139.8
I0003202,O001694,P0004,1,139.41,139.41
I0003203,O001694,P0012,1,274.9,274.9
I0003204,O001695,P0004,1,154.9,154.9
I0003205,O001696,P0024,1,169.9,169.9
I0003206,O001697,P0007,1,134.9,134.9
I0003207,O001697,P0003,1,69.9,69.9
I0003208,O001698,P0034,1,80.66,80.66
I0003209,O001699,P0008,1,99.9,99.9
I0003210,O001700,P0018,1,17.91,17.91
I0003211,O001701,P0010,1,34.9,34.9
I0003212,O001701,P0004,1,154.9,154.9
I0003213,O001702,P0005,1,69.9,69.9
I0003214,O001702,P0028,1,180.41,180.41
I0003215,O001703,P0008,2,99.9,199.8
I0003216,O001703,P0005,1,66.41,66.41
I0003217,O001704,P0043,1,280.15,280.15
I0003218,O001704,P0015,1,44.9,44.9
I0003219,O001705,P0042,1,137.66,137.66
I0003220,O001706,P0007,1,134.9,134.9
I0003221,O001706,P0036,1,314.91,314.91
I0003222,O001706,P0025,1,256.4,256.4
I0003223,O001707,P0013,1,384.9,384.9
I0003224,O001708,P0017,1,309.9,309.9
I0003225,O001708,P0019,1,144.9,144.9
I0003226,O001708,P0028,1,189.9,189.9
I0003227,O001709,P0014,1,185.16,185.16
I0003228,O001710,P0015,1,42.65,42.65
I0003229,O001710,P0027,1,314.9,314.9
I0003230,O001710,P0023,1,219.9,219.9
I0003231,O001711,P0013,2,365.65,731.3
I0003232,O001711,P0016,1,274.9,274.9
I0003233,O001712,P0036,2,349.9,699.8
I0003234,O001712,P0014,1,185.16,185.16
I0003235,O001713,P0008,1,99.9,99.9
I0003236,O001713,P0031,1,328.41,328.41
I0003237,O001713,P0002,1,67.41,67.41
I0003238,O001713,P0022,1,208.91,208.91
I0003239,O001714,P0002,2,67.41,134.82
I0003240,O001715,P0025,3,269.9,809.7
I0003241,O001715,P0017,1,309.9,309.9
I0003242,O001716,P0005,2,62.91,125.82
I0003243,O001717,P0043,2,294.9,589.8
I0003244,O001717,P0028,1,180.41,180.41
I0003245,O001718,P0008,1,89.91,89.91
I0003246,O001718,P0029,1,35.91,35.91
I0003247,O001718,P0017,1,309.9,309.9
I0003248,O001719,P0014,2,194.9,389.8
I0003249,O001719,P0043,1,294.9,294.9
I0003250,O001720,P0007,1,121.41,121.41
I0003251,O001720,P0010,1,31.41,31.41
I0003252,O001720,P0025,1,269.9,269.9
I0003253,O001721,P0007,2,134.9,269.8
I0003254,O001721,P0008,1,99.9,99.9
I0003255,O001721,P0030,2,161.91,323.82
I0003256,O001722,P0013,1,346.41,346.41
I0003257,O001723,P0017,1,309.9,309.9
I0003258,O001724,P0003,2,66.41,132.82
I0003259,O001725,P0005,1,69.9,69.9
I0003260,O001726,P0032,1,157.41,157.41
I0003261,O001727,P0040,1,89.9,89.9
I0003262,O001727,P0024,1,152.91,152.91
I0003263,O001728,P0041,1,283.41,283.41
I0003264,O001729,P0036,1,349.9,349.9
I0003265,O001729,P0009,2,239.9,479.8
I0003266,O001730,P0037,2,374.9,749.8
I0003267,O001730,P0015,1,40.41,40.41
I0003268,O001731,P0004,1,154.9,154.9
I0003269,O001731,P0047,1,37.9,37.9
I0003270,O001731,P0035,2,208.91,417.82
I0003271,O001732,P0026,1,351.4,351.4
I0003272,O001732,P0011,1,139.9,139.9
I0003273,O001733,P0003,1,69.9,69.9
I0003274,O001734,P0024,1,152.91,152.91
I0003275,O001734,P0036,1,349.9,349.9
I0003276,O001735,P0012,1,247.41,247.41
I0003277,O001735,P0046,2,84.9,169.8
I0003278,O001735,P0007,3,134.9,404.7
I0003279,O001736,P0048,1,264.9,264.9
I0003280,O001736,P0020,1,71.91,71.91
I0003281,O001736,P0011,1,125.91,125.91
I0003282,O001737,P0017,1,309.9,309.9
I0003283,O001738,P0030,2,170.91,341.82
I0003284,O001739,P0012,1,274.9,274.9
I0003285,O001740,P0008,1,89.91,89.91
I0003286,O001740,P0005,1,66.41,66.41
I0003287,O001741,P0011,1,139.9,139.9
I0003288,O001742,P0015,1,44.9,44.9
I0003289,O001742,P0027,2,299.15,598.3
I0003290,O001743,P0031,1,364.9,364.9
I0003291,O001743,P0023,1,219.9,219.9
I0003292,O001744,P0030,1,179.9,179.9
I0003293,O001745,P0016,1,274.9,274.9
I0003294,O001745,P0030,2,179.9,359.8
I0003295,O001745,P0013,2,384.9,769.8
I0003296,O001745,P0037,1,374.9,374.9
I0003297,O001746,P0036,1,349.9,349.9
I0003298,O001746,P0022,1,219.9,219.9
I0003299,O001747,P0034,1,76.41,76.41
I0003300,O001748,P0028,1,170.91,170.91
I0003301,O001749,P0038,1,283.41,283.41
I0003302,O001750,P0013,1,365.65,365.65
I0003303,O001750,P0041,1,314.9,314.9
I0003304,O001751,P0010,1,34.9,34.9
I0003305,O001751,P0008,1,89.91,89.91
I0003306,O001752,P0024,1,169.9,169.9
I0003307,O001752,P0033,1,324.9,324.9
I0003308,O001752,P0016,1,247.41,247.41
I0003309,O001753,P0011,1,125.91,125.91
I0003310,O001753,P0020,1,79.9,79.9
I0003311,O001753,P0015,2,44.9,89.8
I0003312,O001754,P0041,1,299.15,299.15
I0003313,O001755,P0047,1,39.9,39.9
I0003314,O001756,P0025,1,269.9,269.9
I0003315,O001757,P0011,1,125.91,125.91
I0003316,O001758,P0043,1,280.15,280.15
I0003317,O001759,P0008,1,99.9,99.9
I0003318,O001760,P0009,2,227.91,455.82
I0003319,O001761,P0009,1,215.91,215.91
I0003320,O001761,P0022,1,208.91,208.91
I0003321,O001762,P0012,1,274.9,274.9
I0003322,O001762,P0009,1,239.9,239.9
I0003323,O001762,P0007,1,121.41,121.41
I0003324,O001763,P0034,1,76.41,76.41
I0003325,O001764,P0046,1,76.41,76.41
I0003326,O001765,P0042,1,144.9,144.9
I0003327,O001766,P0037,1,374.9,374.9
I0003328,O001767,P0005,1,69.9,69.9
I0003329,O001767,P0010,2,33.15,66.3
I0003330,O001767,P0044,1,309.9,309.9
I0003331,O001768,P0018,3,19.9,59.7
I0003332,O001768,P0015,2,44.9,89.8
I0003333,O001769,P0036,1,349.9,349.9
I0003334,O001769,P0031,1,328.41,328.41
I0003335,O001769,P0039,2,54.9,109.8
I0003336,O001770,P0011,1,139.9,139.9
I0003337,O001770,P0046,1,84.9,84.9
I0003338,O001770,P0005,1,66.41,66.41
I0003339,O001770,P0025,1,242.91,242.91
I0003340,O001771,P0011,1,139.9,139.9
I0003341,O001771,P0020,1,79.9,79.9
I0003342,O001772,P0011,1,139.9,139.9
I0003343,O001772,P0006,1,49.9,49.9
I0003344,O001772,P0025,1,269.9,269.9
I0003345,O001773,P0016,1,247.41,247.41
I0003346,O001774,P0005,1,69.9,69.9
I0003347,O001774,P0020,1,79.9,79.9
I0003348,O001774,P0007,1,128.16,128.16
I0003349,O001775,P0010,1,33.15,33.15
I0003350,O001775,P0012,2,247.41,494.82
I0003351,O001776,P0010,1,31.41,31.41
I0003352,O001776,P0024,2,152.91,305.82
I0003353,O001777,P0032,1,174.9,174.9
I0003354,O001778,P0026,1,351.4,351.4
I0003355,O001778,P0001,1,69.9,69.9
I0003356,O001779,P0010,1,34.9,34.9
I0003357,O001779,P0009,2,239.9,479.8
I0003358,O001780,P0013,1,346.41,346.41
I0003359,O001781,P0012,1,247.41,247.41
I0003360,O001782,P0017,2,294.4,588.8
I0003361,O001782,P0003,1,66.41,66.41
I0003362,O001783,P0002,1,67.41,67.41
I0003363,O001783,P0016,1,274.9,274.9
I0003364,O001783,P0024,1,169.9,169.9
I0003365,O001784,P0001,1,66.41,66.41
I0003366,O001784,P0012,1,247.41,247.41
I0003367,O001784,P0006,2,49.9,99.8
I0003368,O001785,P0019,1,144.9,144.9
I0003369,O001785,P0008,1,94.91,94.91
I0003370,O001786,P0015,1,44.9,44.9
I0003371,O001786,P0048,2,238.41,476.82
I0003372,O001786,P0002,1,71.16,71.16
I0003373,O001787,P0003,1,66.41,66.41
I0003374,O001787,P0045,1,204.9,204.9
I0003375,O001788,P0033,1,292.41,292.41
I0003376,O001789,P0003,2,69.9,139.8
I0003377,O001789,P0047,2,35.91,71.82
I0003378,O001790,P0018,1,17.91,17.91
I0003379,O001790,P0008,1,89.91,89.91
I0003380,O001791,P0037,2,374.9,749.8
I0003381,O001792,P0010,1,31.41,31.41
I0003382,O001793,P0022,1,208.91,208.91
I0003383,O001793,P0043,1,280.15,280.15
I0003384,O001793,P0047,1,39.9,39.9
I0003385,O001794,P0006,1,44.91,44.91
I0003386,O001794,P0044,1,294.4,294.4
I0003387,O001795,P0048,2,264.9,529.8
I0003388,O001795,P0034,1,76.41,76.41
I0003389,O001795,P0040,2,89.9,179.8
I0003390,O001796,P0011,1,132.91,132.91
I0003391,O001796,P0033,1,324.9,324.9
I0003392,O001796,P0032,1,157.41,157.41
I0003393,O001797,P0004,1,154.9,154.9
I0003394,O001797,P0003,2,69.9,139.8
I0003395,O001798,P0026,2,351.4,702.8
I0003396,O001798,P0004,1,154.9,154.9
I0003397,O001799,P0019,1,144.9,144.9
I0003398,O001800,P0011,1,139.9,139.9
I0003399,O001800,P0030,1,179.9,179.9
I0003400,O001801,P0004,1,154.9,154.9
I0003401,O001802,P0033,1,324.9,324.9
I0003402,O001803,P0043,1,294.9,294.9
I0003403,O001803,P0020,1,79.9,79.9
I0003404,O001803,P0004,1,139.41,139.41
I0003405,O001804,P0005,1,62.91,62.91
I0003406,O001804,P0032,1,174.9,174.9
I0003407,O001805,P0026,1,369.9,369.9
I0003408,O001805,P0001,1,62.91,62.91
I0003409,O001805,P0022,1,219.9,219.9
I0003410,O001806,P0018,1,17.91,17.91
I0003411,O001806,P0013,3,384.9,1154.7
I0003412,O001806,P0041,2,314.9,629.8
I0003413,O001807,P0020,1,75.91,75.91
I0003414,O001807,P0018,1,18.9,18.9
I0003415,O001808,P0001,1,69.9,69.9
I0003416,O001809,P0010,2,34.9,69.8
I0003417,O001809,P0015,1,44.9,44.9
I0003418,O001810,P0010,1,33.15,33.15
I0003419,O001810,P0001,1,69.9,69.9
I0003420,O001811,P0010,1,33.15,33.15
I0003421,O001812,P0025,2,242.91,485.82
I0003422,O001813,P0046,1,76.41,76.41
I0003423,O001814,P0007,1,134.9,134.9
I0003424,O001814,P0003,1,69.9,69.9
I0003425,O001814,P0008,1,99.9,99.9
I0003426,O001814,P0025,1,269.9,269.9
I0003427,O001815,P0027,1,283.41,283.41
I0003428,O001816,P0040,1,80.91,80.91
I0003429,O001817,P0002,1,67.41,67.41
I0003430,O001817,P0026,1,332.91,332.91
I0003431,O001817,P0012,1,274.9,274.9
I0003432,O001818,P0020,1,79.9,79.9
I0003433,O001819,P0018,1,17.91,17.91
I0003434,O001820,P0012,1,274.9,274.9
I0003435,O001820,P0022,1,208.91,208.91
I0003436,O001820,P0011,2,139.9,279.8
I0003437,O001821,P0023,1,197.91,197.91
I0003438,O001822,P0032,1,174.9,174.9
I0003439,O001822,P0003,1,69.9,69.9
I0003440,O001822,P0009,2,239.9,479.8
I0003441,O001822,P0015,1,44.9,44.9
I0003442,O001823,P0005,3,62.91,188.73
I0003443,O001823,P0003,1,66.41,66.41
I0003444,O001824,P0017,1,278.91,278.91
I0003445,O001824,P0036,3,349.9,1049.7
I0003446,O001825,P0001,1,62.91,62.91
I0003447,O001825,P0004,1,154.9,154.9
I0003448,O001825,P0034,1,76.41,76.41
I0003449,O001826,P0018,1,17.91,17.91
I0003450,O001826,P0027,1,314.9,314.9
I0003451,O001827,P0008,1,99.9,99.9
I0003452,O001828,P0031,3,364.9,1094.7
I0003453,O001828,P0040,1,89.9,89.9
I0003454,O001828,P0007,1,134.9,134.9
I0003455,O001828,P0026,1,351.4,351.4
I0003456,O001829,P0030,1,170.91,170.91
I0003457,O001829,P0018,2,17.91,35.82
I0003458,O001830,P0021,1,143.91,143.91
I0003459,O001831,P0011,1,132.91,132.91
I0003460,O001832,P0005,1,62.91,62.91
I0003461,O001833,P0048,1,264.9,264.9
I0003462,O001834,P0002,1,74.9,74.9
I0003463,O001835,P0043,3,265.41,796.23
I0003464,O001835,P0027,2,314.9,629.8
I0003465,O001836,P0023,2,219.9,439.8
I0003466,O001837,P0002,1,74.9,74.9
I0003467,O001838,P0013,1,346.41,346.41
I0003468,O001838,P0048,2,251.65,503.3
I0003469,O001838,P0017,1,294.4,294.4
I0003470,O001839,P0030,2,179.9,359.8
I0003471,O001839,P0024,1,169.9,169.9
I0003472,O001840,P0038,1,314.9,314.9
I0003473,O001841,P0042,1,137.66,137.66
I0003474,O001842,P0029,1,37.9,37.9
I0003475,O001843,P0002,2,71.16,142.32
I0003476,O001843,P0011,1,139.9,139.9
I0003477,O001843,P0037,2,374.9,749.8
I0003478,O001844,P0003,2,69.9,139.8
I0003479,O001844,P0022,2,219.9,439.8
I0003480,O001845,P0004,1,154.9,154.9
I0003481,O001845,P0006,2,47.4,94.8
I0003482,O001845,P0033,3,308.65,925.95
I0003483,O001846,P0043,1,294.9,294.9
I0003484,O001847,P0038,2,314.9,629.8
I0003485,O001847,P0016,1,261.15,261.15
I0003486,O001847,P0012,1,261.15,261.15
I0003487,O001848,P0048,1,264.9,264.9
I0003488,O001849,P0012,2,274.9,549.8
I0003489,O001849,P0009,3,239.9,719.7
I0003490,O001849,P0018,2,19.9,39.8
I0003491,O001850,P0007,2,134.9,269.8
I0003492,O001851,P0011,1,139.9,139.9
I0003493,O001851,P0006,1,49.9,49.9
I0003494,O001852,P0040,2,85.41,170.82
I0003495,O001852,P0022,2,208.91,417.82
I0003496,O001853,P0036,3,349.9,1049.7
I0003497,O001853,P0028,3,180.41,541.23
I0003498,O001853,P0018,1,19.9,19.9
I0003499,O001854,P0048,1,264.9,264.9
I0003500,O001854,P0018,1,18.9,18.9
I0003501,O001855,P0013,1,384.9,384.9
I0003502,O001855,P0034,1,80.66,80.66
I0003503,O001855,P0023,1,219.9,219.9
I0003504,O001856,P0001,1,69.9,69.9
I0003505,O001856,P0002,1,67.41,67.41
I0003506,O001857,P0002,1,74.9,74.9
I0003507,O001858,P0035,3,219.9,659.7
I0003508,O001859,P0018,1,19.9,19.9
I0003509,O001860,P0014,1,194.9,194.9
I0003510,O001860,P0003,3,69.9,209.7
I0003511,O001861,P0026,1,369.9,369.9
I0003512,O001862,P0032,1,166.16,166.16
I0003513,O001863,P0005,1,69.9,69.9
I0003514,O001863,P0026,1,369.9,369.9
I0003515,O001864,P0028,1,180.41,180.41
I0003516,O001864,P0008,1,99.9,99.9
I0003517,O001865,P0006,1,44.91,44.91
I0003518,O001866,P0012,2,261.15,522.3
I0003519,O001867,P0019,1,130.41,130.41
I0003520,O001868,P0028,1,180.41,180.41
I0003521,O001868,P0019,1,137.66,137.66
I0003522,O001868,P0008,1,89.91,89.91
I0003523,O001868,P0026,1,369.9,369.9
I0003524,O001869,P0038,1,299.15,299.15
I0003525,O001870,P0012,1,247.41,247.41
I0003526,O001870,P0035,1,219.9,219.9
I0003527,O001871,P0008,1,89.91,89.91
I0003528,O001871,P0037,1,337.41,337.41
I0003529,O001872,P0048,2,238.41,476.82
I0003530,O001873,P0016,1,274.9,274.9
I0003531,O001874,P0004,1,154.9,154.9
I0003532,O001874,P0043,3,294.9,884.7
I0003533,O001875,P0046,3,76.41,229.23
I0003534,O001875,P0040,3,89.9,269.7
I0003535,O001875,P0017,2,309.9,619.8
I0003536,O001875,P0036,1,349.9,349.9
I0003537,O001876,P0037,2,374.9,749.8
I0003538,O001877,P0014,1,194.9,194.9
I0003539,O001878,P0014,1,194.9,194.9
I0003540,O001878,P0039,2,54.9,109.8
I0003541,O001878,P0017,1,309.9,309.9
I0003542,O001879,P0044,1,294.4,294.4
I0003543,O001880,P0044,1,294.4,294.4
I0003544,O001880,P0026,1,332.91,332.91
I0003545,O001881,P0026,2,369.9,739.8
I0003546,O001881,P0015,2,44.9,89.8
I0003547,O001881,P0003,1,66.41,66.41
I0003548,O001881,P0019,1,144.9,144.9
I0003549,O001882,P0001,1,62.91,62.91
I0003550,O001883,P0010,1,34.9,34.9
I0003551,O001883,P0030,2,179.9,359.8
I0003552,O001883,P0019,2,144.9,289.8
I0003553,O001884,P0019,1,144.9,144.9
I0003554,O001884,P0011,1,132.91,132.91
I0003555,O001884,P0008,1,99.9,99.9
I0003556,O001885,P0016,1,247.41,247.41
I0003557,O001886,P0013,1,346.41,346.41
I0003558,O001887,P0004,1,154.9,154.9
I0003559,O001887,P0016,1,261.15,261.15
I0003560,O001887,P0028,1,180.41,180.41
I0003561,O001887,P0013,1,384.9,384.9
I0003562,O001888,P0022,1,219.9,219.9
I0003563,O001889,P0037,1,337.41,337.41
I0003564,O001889,P0009,1,227.91,227.91
I0003565,O001890,P0027,2,314.9,629.8
I0003566,O001890,P0022,3,219.9,659.7
I0003567,O001891,P0007,1,121.41,121.41
I0003568,O001891,P0037,1,356.15,356.15
I0003569,O001892,P0005,1,66.41,66.41
I0003570,O001892,P0003,1,66.41,66.41
I0003571,O001893,P0034,1,84.9,84.9
I0003572,O001893,P0007,2,134.9,269.8
I0003573,O001893,P0046,1,76.41,76.41
I0003574,O001894,P0037,2,374.9,749.8
I0003575,O001894,P0004,1,139.41,139.41
I0003576,O001894,P0030,1,170.91,170.91
I0003577,O001895,P0026,1,369.9,369.9
I0003578,O001895,P0021,2,159.9,319.8
I0003579,O001895,P0004,2,147.16,294.32
I0003580,O001896,P0004,1,147.16,147.16
I0003581,O001896,P0015,1,44.9,44.9
I0003582,O001896,P0046,1,84.9,84.9
I0003583,O001897,P0002,1,67.41,67.41
I0003584,O001897,P0008,2,99.9,199.8
I0003585,O001897,P0006,1,47.4,47.4
I0003586,O001898,P0033,1,324.9,324.9
I0003587,O001899,P0026,1,369.9,369.9
I0003588,O001899,P0024,1,152.91,152.91
I0003589,O001899,P0008,1,99.9,99.9
I0003590,O001900,P0036,2,349.9,699.8
I0003591,O001900,P0023,1,208.91,208.91
I0003592,O001900,P0014,1,185.16,185.16
I0003593,O001901,P0030,1,179.9,179.9
I0003594,O001902,P0014,3,185.16,555.48
I0003595,O001902,P0029,1,39.9,39.9
I0003596,O001903,P0034,2,80.66,161.32
I0003597,O001904,P0039,1,54.9,54.9
I0003598,O001904,P0011,1,139.9,139.9
I0003599,O001905,P0037,1,374.9,374.9
I0003600,O001906,P0047,1,35.91,35.91
I0003601,O001906,P0030,2,170.91,341.82
I0003602,O001907,P0028,1,189.9,189.9
I0003603,O001908,P0029,1,39.9,39.9
I0003604,O001909,P0037,3,374.9,1124.7
I0003605,O001909,P0035,1,197.91,197.91
I0003606,O001910,P0029,1,35.91,35.91
I0003607,O001910,P0006,1,47.4,47.4
I0003608,O001911,P0014,1,175.41,175.41
I0003609,O001911,P0045,1,204.9,204.9
I0003610,O001912,P0009,1,215.91,215.91
I0003611,O001912,P0008,1,99.9,99.9
I0003612,O001913,P0009,2,215.91,431.82
I0003613,O001914,P0007,2,134.9,269.8
I0003614,O001914,P0008,1,99.9,99.9
I0003615,O001914,P0001,1,69.9,69.9
I0003616,O001914,P0042,1,137.66,137.66
I0003617,O001915,P0032,2,174.9,349.8
I0003618,O001915,P0003,1,66.41,66.41
I0003619,O001916,P0012,1,274.9,274.9
I0003620,O001916,P0001,2,62.91,125.82
I0003621,O001917,P0027,1,314.9,314.9
I0003622,O001918,P0001,3,66.41,199.23
I0003623,O001918,P0012,1,247.41,247.41
I0003624,O001919,P0015,1,44.9,44.9
I0003625,O001920,P0005,2,66.41,132.82
I0003626,O001920,P0029,1,35.91,35.91
I0003627,O001920,P0007,1,128.16,128.16
I0003628,O001921,P0022,1,208.91,208.91
I0003629,O001921,P0040,1,89.9,89.9
I0003630,O001922,P0048,2,264.9,529.8
I0003631,O001922,P0027,1,299.15,299.15
I0003632,O001923,P0033,1,324.9,324.9
I0003633,O001923,P0016,1,274.9,274.9
I0003634,O001924,P0006,1,49.9,49.9
I0003635,O001925,P0038,1,283.41,283.41
I0003636,O001926,P0017,1,309.9,309.9
I0003637,O001926,P0028,1,180.41,180.41
I0003638,O001927,P0001,2,69.9,139.8
I0003639,O001928,P0023,1,219.9,219.9
I0003640,O001928,P0042,1,144.9,144.9
I0003641,O001929,P0011,2,139.9,279.8
I0003642,O001930,P0018,1,19.9,19.9
I0003643,O001930,P0006,2,49.9,99.8
I0003644,O001930,P0008,1,89.91,89.91
I0003645,O001931,P0009,1,239.9,239.9
I0003646,O001931,P0001,1,62.91,62.91
I0003647,O001931,P0037,1,337.41,337.41
I0003648,O001931,P0031,1,364.9,364.9
I0003649,O001932,P0015,1,40.41,40.41
I0003650,O001932,P0016,3,247.41,742.23
I0003651,O001933,P0011,1,139.9,139.9
I0003652,O001933,P0008,1,89.91,89.91
I0003653,O001933,P0021,1,159.9,159.9
I0003654,O001934,P0012,1,274.9,274.9
I0003655,O001934,P0002,3,74.9,224.7
I0003656,O001935,P0018,1,19.9,19.9
I0003657,O001935,P0011,2,132.91,265.82
I0003658,O001935,P0005,1,69.9,69.9
I0003659,O001936,P0017,1,309.9,309.9
I0003660,O001936,P0008,1,99.9,99.9
I0003661,O001937,P0017,2,278.91,557.82
I0003662,O001938,P0001,2,69.9,139.8
I0003663,O001939,P0004,1,154.9,154.9
I0003664,O001940,P0003,1,69.9,69.9
I0003665,O001940,P0045,1,204.9,204.9
I0003666,O001940,P0033,1,292.41,292.41
I0003667,O001941,P0028,1,189.9,189.9
I0003668,O001941,P0023,1,219.9,219.9
I0003669,O001942,P0033,1,292.41,292.41
I0003670,O001942,P0025,1,269.9,269.9
I0003671,O001942,P0021,1,159.9,159.9
I0003672,O001942,P0047,1,35.91,35.91
I0003673,O001943,P0045,1,204.9,204.9
I0003674,O001944,P0017,1,294.4,294.4
I0003675,O001945,P0005,1,69.9,69.9
I0003676,O001945,P0015,1,44.9,44.9
I0003677,O001946,P0033,1,324.9,324.9
I0003678,O001946,P0026,1,351.4,351.4
I0003679,O001947,P0020,1,79.9,79.9
I0003680,O001947,P0007,1,134.9,134.9
I0003681,O001947,P0014,1,194.9,194.9
I0003682,O001947,P0017,1,309.9,309.9
I0003683,O001948,P0015,2,44.9,89.8
I0003684,O001948,P0045,3,184.41,553.23
I0003685,O001949,P0024,1,169.9,169.9
I0003686,O001949,P0017,1,309.9,309.9
I0003687,O001949,P0004,1,139.41,139.41
I0003688,O001950,P0010,2,34.9,69.8
I0003689,O001951,P0006,1,49.9,49.9
I0003690,O001952,P0033,2,324.9,649.8
I0003691,O001952,P0008,2,99.9,199.8
I0003692,O001952,P0025,1,269.9,269.9
I0003693,O001952,P0024,1,161.41,161.41
I0003694,O001953,P0023,1,197.91,197.91
I0003695,O001953,P0024,2,152.91,305.82
I0003696,O001953,P0037,1,374.9,374.9
I0003697,O001954,P0014,1,194.9,194.9
I0003698,O001954,P0048,1,264.9,264.9
I0003699,O001955,P0002,2,67.41,134.82
I0003700,O001955,P0011,1,139.9,139.9
I0003701,O001956,P0020,1,79.9,79.9
I0003702,O001957,P0006,1,49.9,49.9
I0003703,O001957,P0008,3,99.9,299.7
I0003704,O001958,P0007,1,134.9,134.9
I0003705,O001958,P0014,1,175.41,175.41
I0003706,O001959,P0044,1,278.91,278.91
I0003707,O001959,P0012,1,247.41,247.41
I0003708,O001959,P0025,1,269.9,269.9
I0003709,O001960,P0021,1,159.9,159.9
I0003710,O001961,P0031,1,364.9,364.9
I0003711,O001962,P0028,1,189.9,189.9
I0003712,O001962,P0009,2,239.9,479.8
I0003713,O001962,P0019,2,144.9,289.8
I0003714,O001963,P0023,1,219.9,219.9
I0003715,O001963,P0002,2,67.41,134.82
I0003716,O001964,P0036,1,332.4,332.4
I0003717,O001964,P0002,1,74.9,74.9
I0003718,O001965,P0046,3,76.41,229.23
I0003719,O001966,P0010,1,34.9,34.9
I0003720,O001966,P0005,1,69.9,69.9
I0003721,O001967,P0001,2,66.41,132.82
I0003722,O001968,P0018,1,18.9,18.9
I0003723,O001969,P0028,1,189.9,189.9
I0003724,O001970,P0017,1,278.91,278.91
I0003725,O001971,P0028,1,189.9,189.9
I0003726,O001972,P0001,1,69.9,69.9
I0003727,O001972,P0009,1,239.9,239.9
I0003728,O001972,P0013,1,384.9,384.9
I0003729,O001972,P0025,1,269.9,269.9
I0003730,O001973,P0002,1,74.9,74.9
I0003731,O001973,P0006,1,49.9,49.9
I0003732,O001974,P0047,1,39.9,39.9
I0003733,O001975,P0025,2,269.9,539.8
I0003734,O001975,P0014,2,194.9,389.8
I0003735,O001976,P0037,1,337.41,337.41
I0003736,O001976,P0013,1,384.9,384.9
I0003737,O001976,P0016,2,261.15,522.3
I0003738,O001976,P0025,1,242.91,242.91
I0003739,O001977,P0045,2,194.66,389.32
I0003740,O001978,P0012,2,274.9,549.8
I0003741,O001979,P0042,1,144.9,144.9
I0003742,O001980,P0025,1,242.91,242.91
I0003743,O001981,P0017,2,309.9,619.8
I0003744,O001982,P0016,1,247.41,247.41
I0003745,O001982,P0007,1,134.9,134.9
I0003746,O001983,P0031,1,364.9,364.9
I0003747,O001984,P0034,1,84.9,84.9
I0003748,O001985,P0039,2,54.9,109.8
I0003749,O001985,P0031,1,364.9,364.9
I0003750,O001985,P0042,2,144.9,289.8
I0003751,O001985,P0041,1,283.41,283.41
I0003752,O001986,P0024,3,169.9,509.7
I0003753,O001986,P0006,1,49.9,49.9
I0003754,O001986,P0001,1,66.41,66.41
I0003755,O001987,P0024,1,161.41,161.41
I0003756,O001987,P0021,1,143.91,143.91
I0003757,O001988,P0019,1,144.9,144.9
I0003758,O001989,P0022,1,197.91,197.91
I0003759,O001989,P0003,1,66.41,66.41
I0003760,O001990,P0028,1,170.91,170.91
I0003761,O001991,P0022,1,219.9,219.9
I0003762,O001992,P0009,1,239.9,239.9
I0003763,O001992,P0021,1,159.9,159.9
I0003764,O001993,P0029,1,39.9,39.9
I0003765,O001994,P0014,1,185.16,185.16
I0003766,O001995,P0013,1,365.65,365.65
I0003767,O001996,P0003,1,69.9,69.9
I0003768,O001997,P0004,1,154.9,154.9
I0003769,O001997,P0018,1,19.9,19.9
I0003770,O001998,P0036,1,349.9,349.9
I0003771,O001999,P0021,1,159.9,159.9
I0003772,O001999,P0048,1,251.65,251.65
I0003773,O001999,P0017,1,294.4,294.4
I0003774,O002000,P0035,1,219.9,219.9
I0003775,O002000,P0028,1,170.91,170.91
I0003776,O002001,P0037,1,374.9,374.9
I0003777,O002001,P0013,1,346.41,346.41
I0003778,O002002,P0033,1,292.41,292.41
I0003779,O002003,P0017,1,309.9,309.9
I0003780,O002003,P0048,1,264.9,264.9
I0003781,O002003,P0024,1,152.91,152.91
I0003782,O002003,P0003,1,69.9,69.9
I0003783,O002004,P0007,1,121.41,121.41
I0003784,O002004,P0015,1,44.9,44.9
I0003785,O002004,P0014,1,175.41,175.41
I0003786,O002005,P0033,2,324.9,649.8
I0003787,O002005,P0024,1,169.9,169.9
I0003788,O002005,P0021,1,143.91,143.91
I0003789,O002006,P0017,1,309.9,309.9
I0003790,O002007,P0017,1,294.4,294.4
I0003791,O002008,P0045,1,184.41,184.41
I0003792,O002008,P0032,1,174.9,174.9
I0003793,O002008,P0001,1,66.41,66.41
I0003794,O002009,P0027,1,314.9,314.9
I0003795,O002010,P0002,2,74.9,149.8
I0003796,O002011,P0005,2,69.9,139.8
I0003797,O002011,P0016,2,261.15,522.3
I0003798,O002012,P0008,1,99.9,99.9
I0003799,O002012,P0004,2,139.41,278.82
I0003800,O002012,P0044,2,309.9,619.8
I0003801,O002013,P0042,1,137.66,137.66
I0003802,O002014,P0022,1,197.91,197.91
I0003803,O002015,P0039,2,54.9,109.8
I0003804,O002016,P0004,1,154.9,154.9
I0003805,O002016,P0042,2,144.9,289.8
I0003806,O002017,P0021,1,159.9,159.9
I0003807,O002017,P0014,1,185.16,185.16
I0003808,O002018,P0013,2,365.65,731.3
I0003809,O002018,P0032,3,174.9,524.7
I0003810,O002019,P0042,1,144.9,144.9
I0003811,O002019,P0008,2,99.9,199.8
I0003812,O002020,P0020,1,79.9,79.9
I0003813,O002021,P0022,2,219.9,439.8
I0003814,O002021,P0010,1,34.9,34.9
I0003815,O002022,P0031,1,346.65,346.65
I0003816,O002022,P0018,1,19.9,19.9
I0003817,O002022,P0023,2,197.91,395.82
I0003818,O002023,P0035,2,219.9,439.8
I0003819,O002024,P0028,1,180.41,180.41
I0003820,O002025,P0035,1,219.9,219.9
I0003821,O002026,P0011,1,139.9,139.9
I0003822,O002027,P0004,1,154.9,154.9
I0003823,O002028,P0006,1,49.9,49.9
I0003824,O002029,P0005,1,62.91,62.91
I0003825,O002030,P0017,1,309.9,309.9
I0003826,O002030,P0040,2,85.41,170.82
I0003827,O002030,P0020,1,75.91,75.91
I0003828,O002031,P0034,2,80.66,161.32
I0003829,O002031,P0012,1,274.9,274.9
I0003830,O002032,P0006,1,44.91,44.91
I0003831,O002033,P0030,1,170.91,170.91
I0003832,O002033,P0007,1,134.9,134.9
I0003833,O002034,P0034,1,76.41,76.41
I0003834,O002035,P0036,1,349.9,349.9
I0003835,O002035,P0031,1,364.9,364.9
I0003836,O002036,P0011,1,139.9,139.9
I0003837,O002036,P0012,1,247.41,247.41
I0003838,O002037,P0013,1,384.9,384.9
I0003839,O002038,P0004,1,154.9,154.9
I0003840,O002039,P0019,1,137.66,137.66
I0003841,O002040,P0012,1,274.9,274.9
I0003842,O002040,P0006,1,47.4,47.4
I0003843,O002041,P0016,1,274.9,274.9
I0003844,O002042,P0037,3,337.41,1012.23
I0003845,O002042,P0028,1,180.41,180.41
I0003846,O002042,P0018,1,17.91,17.91
I0003847,O002043,P0002,1,74.9,74.9
I0003848,O002044,P0013,1,346.41,346.41
I0003849,O002045,P0023,1,197.91,197.91
I0003850,O002045,P0005,1,69.9,69.9
I0003851,O002046,P0044,1,309.9,309.9
I0003852,O002046,P0008,1,94.91,94.91
I0003853,O002046,P0016,1,274.9,274.9
I0003854,O002046,P0014,1,185.16,185.16
I0003855,O002047,P0006,1,49.9,49.9
I0003856,O002048,P0021,1,151.91,151.91
I0003857,O002048,P0047,1,37.9,37.9
I0003858,O002049,P0046,2,84.9,169.8
I0003859,O002049,P0006,1,44.91,44.91
I0003860,O002050,P0009,2,239.9,479.8
I0003861,O002050,P0038,1,314.9,314.9
I0003862,O002051,P0005,1,69.9,69.9
I0003863,O002051,P0032,1,157.41,157.41
I0003864,O002052,P0039,2,54.9,109.8
I0003865,O002052,P0031,3,364.9,1094.7
I0003866,O002053,P0003,1,69.9,69.9
I0003867,O002053,P0034,1,84.9,84.9
I0003868,O002054,P0015,1,44.9,44.9
I0003869,O002054,P0038,1,283.41,283.41
I0003870,O002055,P0033,1,292.41,292.41
I0003871,O002055,P0004,1,154.9,154.9
I0003872,O002056,P0033,1,308.65,308.65
I0003873,O002056,P0041,1,314.9,314.9
I0003874,O002056,P0031,1,364.9,364.9
I0003875,O002057,P0018,1,19.9,19.9
I0003876,O002057,P0024,2,161.41,322.82
I0003877,O002057,P0046,1,84.9,84.9
I0003878,O002057,P0019,1,137.66,137.66
I0003879,O002058,P0009,1,227.91,227.91
I0003880,O002059,P0017,1,309.9,309.9
I0003881,O002059,P0004,1,139.41,139.41
I0003882,O002060,P0005,1,62.91,62.91
I0003883,O002060,P0014,1,194.9,194.9
I0003884,O002061,P0029,2,39.9,79.8
I0003885,O002061,P0015,1,44.9,44.9
I0003886,O002062,P0031,1,346.65,346.65
I0003887,O002062,P0004,1,154.9,154.9
I0003888,O002062,P0015,2,44.9,89.8
I0003889,O002063,P0009,1,227.91,227.91
I0003890,O002063,P0008,1,99.9,99.9
I0003891,O002063,P0001,1,69.9,69.9
I0003892,O002064,P0019,1,130.41,130.41
I0003893,O002064,P0015,1,44.9,44.9
I0003894,O002065,P0048,2,251.65,503.3
I0003895,O002066,P0042,1,137.66,137.66
I0003896,O002066,P0028,1,189.9,189.9
I0003897,O002067,P0005,1,69.9,69.9
I0003898,O002068,P0016,1,247.41,247.41
I0003899,O002068,P0004,1,139.41,139.41
I0003900,O002069,P0004,1,154.9,154.9
I0003901,O002069,P0018,2,19.9,39.8
I0003902,O002070,P0016,2,274.9,549.8
I0003903,O002071,P0033,1,324.9,324.9
I0003904,O002071,P0008,1,99.9,99.9
I0003905,O002072,P0023,1,219.9,219.9
I0003906,O002073,P0015,1,44.9,44.9
I0003907,O002073,P0012,1,261.15,261.15
I0003908,O002074,P0001,1,69.9,69.9
I0003909,O002075,P0046,1,76.41,76.41
I0003910,O002076,P0008,1,99.9,99.9
I0003911,O002076,P0017,1,309.9,309.9
I0003912,O002077,P0014,1,175.41,175.41
I0003913,O002077,P0003,1,69.9,69.9
I0003914,O002077,P0025,1,269.9,269.9
I0003915,O002078,P0018,1,17.91,17.91
I0003916,O002078,P0031,1,328.41,328.41
I0003917,O002079,P0030,1,179.9,179.9
I0003918,O002080,P0048,1,238.41,238.41
I0003919,O002080,P0008,2,99.9,199.8
I0003920,O002081,P0005,1,69.9,69.9
I0003921,O002081,P0039,1,52.15,52.15
I0003922,O002082,P0011,2,139.9,279.8
I0003923,O002082,P0021,1,159.9,159.9
I0003924,O002083,P0024,1,169.9,169.9
I0003925,O002084,P0018,3,19.9,59.7
I0003926,O002084,P0028,1,189.9,189.9
I0003927,O002084,P0045,1,204.9,204.9
I0003928,O002084,P0002,2,74.9,149.8
I0003929,O002085,P0026,1,369.9,369.9
I0003930,O002085,P0048,1,264.9,264.9
I0003931,O002086,P0043,3,294.9,884.7
I0003932,O002086,P0023,2,197.91,395.82
I0003933,O002087,P0030,1,179.9,179.9
I0003934,O002088,P0023,1,197.91,197.91
I0003935,O002089,P0039,2,49.41,98.82
I0003936,O002089,P0024,1,152.91,152.91
I0003937,O002090,P0012,1,274.9,274.9
I0003938,O002090,P0010,1,34.9,34.9
I0003939,O002090,P0022,1,208.91,208.91
I0003940,O002091,P0035,1,219.9,219.9
I0003941,O002091,P0037,2,337.41,674.82
I0003942,O002091,P0011,1,139.9,139.9
I0003943,O002092,P0025,1,269.9,269.9
I0003944,O002092,P0030,1,161.91,161.91
I0003945,O002093,P0033,1,324.9,324.9
I0003946,O002094,P0035,1,219.9,219.9
I0003947,O002095,P0006,1,47.4,47.4
I0003948,O002095,P0038,1,314.9,314.9
I0003949,O002096,P0033,1,292.41,292.41
I0003950,O002097,P0037,1,337.41,337.41
I0003951,O002097,P0011,2,125.91,251.82
I0003952,O002098,P0012,2,274.9,549.8
I0003953,O002099,P0031,3,346.65,1039.95
I0003954,O002100,P0026,1,369.9,369.9
I0003955,O002101,P0010,1,34.9,34.9
I0003956,O002102,P0037,2,356.15,712.3
I0003957,O002103,P0008,1,94.91,94.91
I0003958,O002104,P0001,2,66.41,132.82
I0003959,O002105,P0010,2,34.9,69.8
I0003960,O002106,P0016,1,274.9,274.9
I0003961,O002106,P0007,1,121.41,121.41
I0003962,O002107,P0022,1,197.91,197.91
I0003963,O002108,P0028,1,189.9,189.9
I0003964,O002108,P0020,1,75.91,75.91
I0003965,O002109,P0037,1,374.9,374.9
I0003966,O002110,P0012,1,247.41,247.41
I0003967,O002111,P0016,1,247.41,247.41
I0003968,O002111,P0003,1,69.9,69.9
I0003969,O002111,P0028,1,189.9,189.9
I0003970,O002112,P0018,1,19.9,19.9
I0003971,O002112,P0017,1,294.4,294.4
I0003972,O002112,P0002,1,74.9,74.9
I0003973,O002113,P0023,1,197.91,197.91
I0003974,O002113,P0004,1,154.9,154.9
I0003975,O002113,P0028,2,189.9,379.8
I0003976,O002114,P0027,2,299.15,598.3
I0003977,O002115,P0027,1,299.15,299.15
I0003978,O002115,P0007,2,134.9,269.8
I0003979,O002116,P0028,1,170.91,170.91
I0003980,O002117,P0018,1,19.9,19.9
I0003981,O002118,P0007,2,128.16,256.32
I0003982,O002119,P0026,3,369.9,1109.7
I0003983,O002120,P0007,1,128.16,128.16
I0003984,O002121,P0023,2,208.91,417.82
I0003985,O002122,P0009,1,239.9,239.9
I0003986,O002123,P0011,1,139.9,139.9
I0003987,O002123,P0007,1,134.9,134.9
I0003988,O002124,P0035,2,219.9,439.8
I0003989,O002124,P0001,1,69.9,69.9
I0003990,O002124,P0004,1,154.9,154.9
I0003991,O002125,P0015,1,44.9,44.9
I0003992,O002125,P0027,1,299.15,299.15
I0003993,O002125,P0023,1,219.9,219.9
I0003994,O002126,P0018,1,19.9,19.9
I0003995,O002126,P0001,1,69.9,69.9
I0003996,O002126,P0025,1,269.9,269.9
I0003997,O002127,P0034,1,80.66,80.66
I0003998,O002127,P0023,1,219.9,219.9
I0003999,O002127,P0020,2,75.91,151.82
I0004000,O002127,P0018,1,19.9,19.9
I0004001,O002128,P0011,1,132.91,132.91
I0004002,O002128,P0035,1,208.91,208.91
I0004003,O002129,P0046,1,80.66,80.66
I0004004,O002130,P0032,1,157.41,157.41
I0004005,O002130,P0012,1,274.9,274.9
I0004006,O002131,P0020,1,71.91,71.91
I0004007,O002132,P0027,2,314.9,629.8
I0004008,O002132,P0012,1,274.9,274.9
I0004009,O002133,P0012,2,274.9,549.8
I0004010,O002133,P0010,1,34.9,34.9
I0004011,O002133,P0008,1,89.91,89.91
I0004012,O002134,P0009,1,239.9,239.9
I0004013,O002134,P0012,1,274.9,274.9
I0004014,O002134,P0008,1,89.91,89.91
I0004015,O002135,P0004,1,154.9,154.9
I0004016,O002136,P0048,1,264.9,264.9
I0004017,O002137,P0011,1,132.91,132.91
I0004018,O002138,P0041,1,314.9,314.9
I0004019,O002139,P0012,1,274.9,274.9
I0004020,O002139,P0033,3,324.9,974.7
I0004021,O002140,P0007,1,134.9,134.9
I0004022,O002140,P0011,1,139.9,139.9
I0004023,O002141,P0024,2,152.91,305.82
I0004024,O002142,P0019,1,137.66,137.66
I0004025,O002142,P0016,2,247.41,494.82
I0004026,O002142,P0041,1,283.41,283.41
I0004027,O002143,P0023,2,197.91,395.82
I0004028,O002143,P0027,1,299.15,299.15
I0004029,O002144,P0014,1,194.9,194.9
I0004030,O002145,P0001,1,66.41,66.41
I0004031,O002146,P0025,1,242.91,242.91
I0004032,O002147,P0040,2,89.9,179.8
I0004033,O002148,P0016,1,274.9,274.9
I0004034,O002149,P0029,2,39.9,79.8
I0004035,O002149,P0024,1,169.9,169.9
I0004036,O002150,P0011,1,132.91,132.91
I0004037,O002151,P0046,1,84.9,84.9
I0004038,O002151,P0040,1,89.9,89.9
I0004039,O002151,P0010,1,31.41,31.41
I0004040,O002152,P0029,1,37.9,37.9
I0004041,O002153,P0012,2,261.15,522.3
I0004042,O002154,P0001,1,69.9,69.9
I0004043,O002154,P0047,1,39.9,39.9
I0004044,O002155,P0044,1,294.4,294.4
I0004045,O002156,P0018,1,18.9,18.9
I0004046,O002156,P0011,1,139.9,139.9
I0004047,O002157,P0009,1,227.91,227.91
I0004048,O002157,P0016,1,274.9,274.9
I0004049,O002158,P0011,1,139.9,139.9
I0004050,O002158,P0040,1,89.9,89.9
I0004051,O002159,P0014,1,185.16,185.16
I0004052,O002159,P0003,1,69.9,69.9
I0004053,O002159,P0046,1,84.9,84.9
I0004054,O002160,P0045,1,184.41,184.41
I0004055,O002160,P0018,1,17.91,17.91
I0004056,O002161,P0047,2,37.9,75.8
I0004057,O002161,P0041,2,299.15,598.3
I0004058,O002161,P0001,1,62.91,62.91
I0004059,O002162,P0001,1,62.91,62.91
I0004060,O002162,P0015,1,44.9,44.9
I0004061,O002162,P0016,1,274.9,274.9
I0004062,O002163,P0023,3,219.9,659.7
I0004063,O002164,P0031,1,364.9,364.9
I0004064,O002164,P0018,2,19.9,39.8
I0004065,O002164,P0044,3,309.9,929.7
I0004066,O002165,P0043,1,265.41,265.41
I0004067,O002166,P0048,1,238.41,238.41
I0004068,O002167,P0020,1,79.9,79.9
I0004069,O002168,P0017,2,309.9,619.8
I0004070,O002168,P0016,1,274.9,274.9
I0004071,O002168,P0004,2,147.16,294.32
I0004072,O002169,P0017,2,278.91,557.82
I0004073,O002169,P0006,1,49.9,49.9
I0004074,O002169,P0001,1,69.9,69.9
I0004075,O002170,P0028,1,189.9,189.9
I0004076,O002170,P0012,2,274.9,549.8
I0004077,O002170,P0009,1,239.9,239.9
I0004078,O002171,P0014,1,175.41,175.41
I0004079,O002171,P0026,1,332.91,332.91
I0004080,O002172,P0004,2,154.9,309.8
I0004081,O002172,P0015,1,44.9,44.9
I0004082,O002173,P0004,1,154.9,154.9
I0004083,O002173,P0039,1,49.41,49.41
I0004084,O002174,P0008,1,99.9,99.9
I0004085,O002174,P0006,1,49.9,49.9
I0004086,O002175,P0007,1,134.9,134.9
I0004087,O002175,P0016,1,261.15,261.15
I0004088,O002176,P0008,1,94.91,94.91
I0004089,O002176,P0004,1,154.9,154.9
I0004090,O002177,P0004,1,154.9,154.9
I0004091,O002177,P0011,1,139.9,139.9
I0004092,O002178,P0010,1,34.9,34.9
I0004093,O002178,P0030,2,179.9,359.8
I0004094,O002179,P0003,1,62.91,62.91
I0004095,O002179,P0039,2,52.15,104.3
I0004096,O002180,P0023,1,219.9,219.9
I0004097,O002180,P0024,1,169.9,169.9
I0004098,O002180,P0002,1,71.16,71.16
I0004099,O002181,P0007,1,134.9,134.9
I0004100,O002181,P0010,2,31.41,62.82
I0004101,O002182,P0024,1,169.9,169.9
I0004102,O002182,P0015,1,40.41,40.41
I0004103,O002182,P0010,1,34.9,34.9
I0004104,O002183,P0042,1,144.9,144.9
I0004105,O002184,P0038,2,314.9,629.8
I0004106,O002184,P0005,1,66.41,66.41
I0004107,O002185,P0001,1,66.41,66.41
I0004108,O002185,P0040,2,89.9,179.8
I0004109,O002186,P0002,2,74.9,149.8
I0004110,O002186,P0007,2,134.9,269.8
I0004111,O002187,P0035,1,219.9,219.9
I0004112,O002187,P0012,1,274.9,274.9
I0004113,O002187,P0039,2,54.9,109.8
I0004114,O002187,P0006,1,49.9,49.9
I0004115,O002188,P0028,1,170.91,170.91
I0004116,O002189,P0003,1,66.41,66.41
I0004117,O002189,P0008,1,99.9,99.9
I0004118,O002190,P0001,1,69.9,69.9
I0004119,O002191,P0006,2,49.9,99.8
I0004120,O002191,P0017,3,309.9,929.7
I0004121,O002191,P0034,2,80.66,161.32
I0004122,O002192,P0034,1,84.9,84.9
I0004123,O002193,P0002,1,74.9,74.9
I0004124,O002194,P0015,1,44.9,44.9
I0004125,O002195,P0035,1,208.91,208.91
I0004126,O002195,P0021,1,159.9,159.9
I0004127,O002196,P0017,1,294.4,294.4
I0004128,O002197,P0020,1,79.9,79.9
I0004129,O002198,P0024,1,161.41,161.41
I0004130,O002199,P0018,1,17.91,17.91
I0004131,O002199,P0004,2,154.9,309.8
I0004132,O002200,P0030,1,170.91,170.91
I0004133,O002201,P0034,2,84.9,169.8
I0004134,O002201,P0010,1,34.9,34.9
I0004135,O002202,P0047,1,35.91,35.91
I0004136,O002202,P0011,3,125.91,377.73
I0004137,O002203,P0001,1,69.9,69.9
I0004138,O002203,P0012,1,274.9,274.9
I0004139,O002204,P0022,1,219.9,219.9
I0004140,O002204,P0045,1,184.41,184.41
I0004141,O002204,P0021,1,159.9,159.9
I0004142,O002205,P0017,1,309.9,309.9
I0004143,O002205,P0013,1,365.65,365.65
I0004144,O002205,P0041,3,299.15,897.45
I0004145,O002206,P0009,1,239.9,239.9
I0004146,O002206,P0035,3,219.9,659.7
I0004147,O002206,P0022,2,219.9,439.8
I0004148,O002207,P0037,1,337.41,337.41
I0004149,O002207,P0044,2,278.91,557.82
I0004150,O002208,P0021,1,159.9,159.9
I0004151,O002208,P0048,1,251.65,251.65
I0004152,O002208,P0005,1,69.9,69.9
I0004153,O002209,P0047,1,39.9,39.9
I0004154,O002210,P0027,1,283.41,283.41
I0004155,O002210,P0014,1,185.16,185.16
I0004156,O002211,P0007,2,121.41,242.82
I0004157,O002211,P0045,2,204.9,409.8
I0004158,O002211,P0019,1,144.9,144.9
I0004159,O002212,P0010,1,34.9,34.9
I0004160,O002212,P0013,1,384.9,384.9
I0004161,O002213,P0018,2,19.9,39.8
I0004162,O002214,P0010,1,34.9,34.9
I0004163,O002214,P0039,1,54.9,54.9
I0004164,O002214,P0001,1,66.41,66.41
I0004165,O002215,P0037,1,374.9,374.9
I0004166,O002215,P0029,1,39.9,39.9
I0004167,O002215,P0018,1,17.91,17.91
I0004168,O002216,P0006,1,49.9,49.9
I0004169,O002217,P0012,3,274.9,824.7
I0004170,O002218,P0022,1,219.9,219.9
I0004171,O002219,P0027,1,314.9,314.9
I0004172,O002220,P0011,3,125.91,377.73
I0004173,O002220,P0008,1,99.9,99.9
I0004174,O002221,P0011,1,139.9,139.9
I0004175,O002222,P0010,1,33.15,33.15
I0004176,O002222,P0038,1,299.15,299.15
I0004177,O002222,P0016,1,274.9,274.9
I0004178,O002223,P0016,1,247.41,247.41
I0004179,O002224,P0006,2,49.9,99.8
I0004180,O002225,P0041,1,283.41,283.41
I0004181,O002226,P0040,1,85.41,85.41
I0004182,O002226,P0038,1,314.9,314.9
I0004183,O002226,P0009,2,239.9,479.8
I0004184,O002226,P0015,1,44.9,44.9
I0004185,O002227,P0025,1,242.91,242.91
I0004186,O002227,P0033,1,324.9,324.9
I0004187,O002227,P0010,1,33.15,33.15
I0004188,O002228,P0036,1,349.9,349.9
I0004189,O002228,P0003,3,62.91,188.73
I0004190,O002229,P0029,1,39.9,39.9
I0004191,O002229,P0043,1,294.9,294.9
I0004192,O002230,P0025,2,269.9,539.8
I0004193,O002231,P0011,1,132.91,132.91
I0004194,O002231,P0047,2,39.9,79.8
I0004195,O002232,P0024,2,152.91,305.82
I0004196,O002233,P0020,1,79.9,79.9
I0004197,O002234,P0015,1,44.9,44.9
I0004198,O002234,P0001,1,69.9,69.9
I0004199,O002235,P0003,2,62.91,125.82
I0004200,O002235,P0016,3,274.9,824.7
I0004201,O002236,P0034,1,84.9,84.9
I0004202,O002237,P0014,1,194.9,194.9
I0004203,O002237,P0042,1,144.9,144.9
I0004204,O002238,P0029,2,39.9,79.8
I0004205,O002239,P0016,1,261.15,261.15
I0004206,O002239,P0023,1,219.9,219.9
I0004207,O002240,P0041,1,299.15,299.15
I0004208,O002241,P0009,1,239.9,239.9
I0004209,O002242,P0047,1,39.9,39.9
I0004210,O002242,P0007,2,134.9,269.8
I0004211,O002243,P0005,1,69.9,69.9
I0004212,O002244,P0012,1,247.41,247.41
I0004213,O002245,P0026,1,369.9,369.9
I0004214,O002245,P0025,1,269.9,269.9
I0004215,O002246,P0017,2,294.4,588.8
I0004216,O002247,P0018,1,19.9,19.9
I0004217,O002248,P0036,1,349.9,349.9
I0004218,O002249,P0039,1,49.41,49.41
I0004219,O002249,P0048,1,264.9,264.9
I0004220,O002249,P0010,1,34.9,34.9
I0004221,O002250,P0029,1,39.9,39.9
I0004222,O002250,P0026,1,369.9,369.9
I0004223,O002250,P0009,1,227.91,227.91
I0004224,O002251,P0012,1,274.9,274.9
I0004225,O002252,P0046,1,84.9,84.9
I0004226,O002253,P0032,1,174.9,174.9
I0004227,O002253,P0013,1,384.9,384.9
I0004228,O002254,P0038,2,283.41,566.82
I0004229,O002254,P0014,1,185.16,185.16
I0004230,O002255,P0019,1,130.41,130.41
I0004231,O002255,P0035,1,219.9,219.9
I0004232,O002255,P0015,2,44.9,89.8
I0004233,O002255,P0014,1,185.16,185.16
I0004234,O002256,P0041,1,299.15,299.15
I0004235,O002257,P0003,1,69.9,69.9
I0004236,O002257,P0031,2,346.65,693.3
I0004237,O002258,P0003,1,66.41,66.41
I0004238,O002258,P0043,1,265.41,265.41
I0004239,O002258,P0005,1,69.9,69.9
I0004240,O002259,P0042,1,130.41,130.41
I0004241,O002260,P0012,1,274.9,274.9
I0004242,O002260,P0031,1,346.65,346.65
I0004243,O002261,P0036,1,332.4,332.4
I0004244,O002262,P0009,1,215.91,215.91
I0004245,O002262,P0018,2,19.9,39.8
I0004246,O002262,P0026,1,369.9,369.9
I0004247,O002262,P0038,2,299.15,598.3
I0004248,O002263,P0022,2,208.91,417.82
I0004249,O002264,P0016,1,274.9,274.9
I0004250,O002265,P0045,2,194.66,389.32
I0004251,O002265,P0034,1,76.41,76.41
I0004252,O002265,P0036,1,349.9,349.9
I0004253,O002266,P0028,1,189.9,189.9
I0004254,O002266,P0001,1,66.41,66.41
I0004255,O002267,P0018,1,19.9,19.9
I0004256,O002267,P0009,1,227.91,227.91
I0004257,O002268,P0018,2,17.91,35.82
I0004258,O002269,P0007,1,134.9,134.9
I0004259,O002269,P0006,1,49.9,49.9
I0004260,O002270,P0027,2,299.15,598.3
I0004261,O002270,P0036,2,332.4,664.8
I0004262,O002271,P0017,1,309.9,309.9
I0004263,O002271,P0012,1,247.41,247.41
I0004264,O002272,P0045,1,204.9,204.9
I0004265,O002272,P0037,1,374.9,374.9
I0004266,O002272,P0014,1,175.41,175.41
I0004267,O002273,P0029,1,37.9,37.9
I0004268,O002274,P0043,1,294.9,294.9
I0004269,O002274,P0006,1,47.4,47.4
I0004270,O002275,P0044,1,294.4,294.4
I0004271,O002275,P0018,1,19.9,19.9
I0004272,O002276,P0005,1,66.41,66.41
I0004273,O002276,P0027,1,283.41,283.41
I0004274,O002276,P0016,1,274.9,274.9
I0004275,O002277,P0020,1,79.9,79.9
I0004276,O002278,P0031,1,328.41,328.41
I0004277,O002278,P0012,1,274.9,274.9
I0004278,O002279,P0012,1,274.9,274.9
I0004279,O002279,P0026,2,369.9,739.8
I0004280,O002280,P0019,1,137.66,137.66
I0004281,O002281,P0009,1,239.9,239.9
I0004282,O002281,P0001,1,69.9,69.9
I0004283,O002282,P0016,1,274.9,274.9
I0004284,O002283,P0012,1,247.41,247.41
I0004285,O002283,P0041,2,283.41,566.82
I0004286,O002283,P0018,1,19.9,19.9
I0004287,O002284,P0006,1,47.4,47.4
I0004288,O002284,P0039,1,54.9,54.9
I0004289,O002285,P0010,1,34.9,34.9
I0004290,O002285,P0035,1,219.9,219.9
I0004291,O002286,P0011,1,125.91,125.91
I0004292,O002287,P0004,2,154.9,309.8
I0004293,O002288,P0012,1,274.9,274.9
I0004294,O002289,P0029,1,35.91,35.91
I0004295,O002289,P0021,2,143.91,287.82
I0004296,O002290,P0041,3,314.9,944.7
I0004297,O002290,P0039,1,54.9,54.9
I0004298,O002291,P0006,1,49.9,49.9
I0004299,O002291,P0048,1,238.41,238.41
I0004300,O002291,P0005,1,69.9,69.9
I0004301,O002292,P0013,1,346.41,346.41
I0004302,O002293,P0026,2,369.9,739.8
I0004303,O002294,P0031,1,364.9,364.9
I0004304,O002294,P0044,2,294.4,588.8
I0004305,O002294,P0041,2,314.9,629.8
I0004306,O002295,P0007,1,134.9,134.9
I0004307,O002295,P0044,1,294.4,294.4
I0004308,O002295,P0040,2,85.41,170.82
I0004309,O002295,P0025,1,269.9,269.9
I0004310,O002296,P0003,1,69.9,69.9
I0004311,O002297,P0013,1,384.9,384.9
I0004312,O002297,P0006,1,47.4,47.4
I0004313,O002298,P0006,1,49.9,49.9
I0004314,O002298,P0044,1,278.91,278.91
I0004315,O002299,P0037,1,374.9,374.9
I0004316,O002300,P0041,1,314.9,314.9
I0004317,O002300,P0014,1,194.9,194.9
I0004318,O002300,P0015,2,40.41,80.82
I0004319,O002301,P0017,1,309.9,309.9
I0004320,O002301,P0006,2,49.9,99.8
I0004321,O002302,P0007,1,128.16,128.16
I0004322,O002303,P0024,1,169.9,169.9
I0004323,O002303,P0001,1,69.9,69.9
I0004324,O002304,P0029,1,39.9,39.9
I0004325,O002304,P0036,1,349.9,349.9
I0004326,O002305,P0019,1,137.66,137.66
I0004327,O002305,P0015,1,40.41,40.41
I0004328,O002306,P0012,1,247.41,247.41
I0004329,O002307,P0021,1,159.9,159.9
I0004330,O002308,P0014,1,194.9,194.9
I0004331,O002308,P0043,2,280.15,560.3
I0004332,O002309,P0028,1,180.41,180.41
I0004333,O002309,P0005,2,66.41,132.82
I0004334,O002310,P0004,1,154.9,154.9
I0004335,O002311,P0022,1,197.91,197.91
I0004336,O002312,P0046,1,84.9,84.9
I0004337,O002312,P0005,1,69.9,69.9
I0004338,O002313,P0015,1,40.41,40.41
I0004339,O002313,P0033,1,324.9,324.9
I0004340,O002313,P0007,1,134.9,134.9
I0004341,O002314,P0009,1,227.91,227.91
I0004342,O002315,P0013,2,346.41,692.82
I0004343,O002315,P0010,1,34.9,34.9
I0004344,O002315,P0048,1,264.9,264.9
I0004345,O002316,P0009,1,227.91,227.91
I0004346,O002317,P0025,2,269.9,539.8
I0004347,O002318,P0037,1,374.9,374.9
I0004348,O002319,P0042,2,144.9,289.8
I0004349,O002319,P0016,1,274.9,274.9
I0004350,O002320,P0008,1,99.9,99.9
I0004351,O002320,P0005,1,69.9,69.9
I0004352,O002321,P0043,1,265.41,265.41
I0004353,O002321,P0022,1,208.91,208.91
I0004354,O002321,P0033,1,308.65,308.65
I0004355,O002321,P0003,1,62.91,62.91
I0004356,O002322,P0016,1,261.15,261.15
I0004357,O002322,P0007,2,134.9,269.8
I0004358,O002323,P0007,2,134.9,269.8
I0004359,O002324,P0011,1,125.91,125.91
I0004360,O002325,P0004,1,147.16,147.16
I0004361,O002325,P0013,1,346.41,346.41
I0004362,O002326,P0021,1,143.91,143.91
I0004363,O002327,P0009,2,239.9,479.8
I0004364,O002327,P0013,1,384.9,384.9
I0004365,O002328,P0024,3,152.91,458.73
I0004366,O002329,P0028,1,170.91,170.91
I0004367,O002330,P0046,1,76.41,76.41
I0004368,O002331,P0007,2,134.9,269.8
I0004369,O002331,P0033,2,292.41,584.82
I0004370,O002332,P0032,1,174.9,174.9
I0004371,O002332,P0009,1,215.91,215.91
I0004372,O002332,P0047,1,35.91,35.91
I0004373,O002333,P0017,1,309.9,309.9
I0004374,O002333,P0038,2,314.9,629.8
I0004375,O002334,P0031,1,364.9,364.9
I0004376,O002335,P0032,1,174.9,174.9
I0004377,O002335,P0005,1,66.41,66.41
I0004378,O002336,P0003,2,66.41,132.82
I0004379,O002337,P0023,1,219.9,219.9
I0004380,O002338,P0016,3,261.15,783.45
I0004381,O002339,P0006,1,49.9,49.9
I0004382,O002340,P0022,1,208.91,208.91
I0004383,O002341,P0006,2,49.9,99.8
I0004384,O002341,P0012,2,247.41,494.82
I0004385,O002342,P0023,1,197.91,197.91
I0004386,O002342,P0005,1,69.9,69.9
I0004387,O002342,P0008,1,99.9,99.9
I0004388,O002343,P0023,1,197.91,197.91
I0004389,O002344,P0023,1,219.9,219.9
I0004390,O002345,P0029,1,37.9,37.9
I0004391,O002345,P0013,1,346.41,346.41
I0004392,O002346,P0014,1,194.9,194.9
I0004393,O002347,P0036,1,349.9,349.9
I0004394,O002348,P0004,1,139.41,139.41
I0004395,O002348,P0012,1,274.9,274.9
I0004396,O002349,P0010,1,31.41,31.41
I0004397,O002350,P0018,1,18.9,18.9
I0004398,O002350,P0008,1,94.91,94.91
I0004399,O002351,P0011,1,139.9,139.9
I0004400,O002351,P0048,1,264.9,264.9
I0004401,O002351,P0002,2,74.9,149.8
I0004402,O002352,P0015,1,40.41,40.41
I0004403,O002352,P0005,1,66.41,66.41
I0004404,O002353,P0044,2,309.9,619.8
I0004405,O002353,P0006,1,49.9,49.9
I0004406,O002354,P0016,1,274.9,274.9
I0004407,O002355,P0014,1,185.16,185.16
I0004408,O002356,P0002,1,74.9,74.9
I0004409,O002356,P0026,1,351.4,351.4
I0004410,O002357,P0003,1,62.91,62.91
I0004411,O002358,P0031,2,364.9,729.8
I0004412,O002358,P0015,2,42.65,85.3
I0004413,O002359,P0006,2,49.9,99.8
I0004414,O002359,P0023,1,219.9,219.9
I0004415,O002360,P0019,1,144.9,144.9
I0004416,O002361,P0001,1,69.9,69.9
I0004417,O002362,P0048,1,264.9,264.9
I0004418,O002362,P0004,3,154.9,464.7
I0004419,O002362,P0017,1,294.4,294.4
I0004420,O002363,P0002,1,71.16,71.16
I0004421,O002364,P0006,1,49.9,49.9
I0004422,O002364,P0004,1,154.9,154.9
I0004423,O002365,P0004,1,139.41,139.41
I0004424,O002365,P0003,2,69.9,139.8
I0004425,O002366,P0029,1,37.9,37.9
I0004426,O002367,P0006,1,44.91,44.91
I0004427,O002367,P0026,1,351.4,351.4
I0004428,O002368,P0014,2,194.9,389.8
I0004429,O002368,P0028,1,189.9,189.9
I0004430,O002369,P0045,1,204.9,204.9
I0004431,O002370,P0002,1,71.16,71.16
I0004432,O002371,P0025,2,256.4,512.8
I0004433,O002372,P0002,1,67.41,67.41
I0004434,O002372,P0024,3,169.9,509.7
I0004435,O002372,P0046,1,76.41,76.41
I0004436,O002373,P0005,1,66.41,66.41
I0004437,O002374,P0013,1,384.9,384.9
I0004438,O002374,P0026,1,369.9,369.9
I0004439,O002374,P0028,1,189.9,189.9
I0004440,O002375,P0034,1,76.41,76.41
I0004441,O002376,P0026,1,369.9,369.9
I0004442,O002376,P0008,1,99.9,99.9
I0004443,O002377,P0032,2,157.41,314.82
I0004444,O002378,P0012,2,274.9,549.8
I0004445,O002379,P0010,1,34.9,34.9
I0004446,O002379,P0043,1,294.9,294.9
I0004447,O002380,P0017,1,278.91,278.91
I0004448,O002381,P0046,2,84.9,169.8
I0004449,O002381,P0002,1,74.9,74.9
I0004450,O002381,P0020,2,79.9,159.8
I0004451,O002382,P0009,1,239.9,239.9
I0004452,O002382,P0010,1,34.9,34.9
I0004453,O002382,P0026,1,369.9,369.9
I0004454,O002383,P0012,1,274.9,274.9
I0004455,O002384,P0048,1,238.41,238.41
I0004456,O002384,P0046,1,84.9,84.9
I0004457,O002385,P0007,1,128.16,128.16
I0004458,O002386,P0026,2,369.9,739.8
I0004459,O002386,P0014,1,194.9,194.9
I0004460,O002387,P0044,1,309.9,309.9
I0004461,O002387,P0023,1,197.91,197.91
I0004462,O002387,P0046,1,84.9,84.9
I0004463,O002388,P0011,2,132.91,265.82
I0004464,O002389,P0022,1,219.9,219.9
I0004465,O002390,P0007,2,134.9,269.8
I0004466,O002390,P0013,1,346.41,346.41
I0004467,O002391,P0011,1,139.9,139.9
I0004468,O002391,P0015,2,44.9,89.8
I0004469,O002391,P0003,1,69.9,69.9
I0004470,O002392,P0005,1,66.41,66.41
I0004471,O002392,P0045,1,184.41,184.41
I0004472,O002393,P0047,1,37.9,37.9
I0004473,O002394,P0045,2,204.9,409.8
I0004474,O002395,P0021,1,151.91,151.91
I0004475,O002395,P0006,1,49.9,49.9
I0004476,O002396,P0032,2,174.9,349.8
I0004477,O002396,P0042,1,130.41,130.41
I0004478,O002397,P0026,1,369.9,369.9
I0004479,O002397,P0013,1,384.9,384.9
I0004480,O002398,P0026,1,369.9,369.9
I0004481,O002398,P0045,1,184.41,184.41
I0004482,O002399,P0019,1,144.9,144.9
I0004483,O002400,P0039,3,52.15,156.45
I0004484,O002401,P0001,1,69.9,69.9
I0004485,O002402,P0005,1,69.9,69.9
I0004486,O002402,P0001,1,69.9,69.9
I0004487,O002402,P0041,1,299.15,299.15
I0004488,O002403,P0009,1,239.9,239.9
I0004489,O002403,P0036,1,332.4,332.4
I0004490,O002403,P0020,1,75.91,75.91
I0004491,O002404,P0027,1,314.9,314.9
I0004492,O002405,P0004,1,139.41,139.41
I0004493,O002406,P0010,2,34.9,69.8
I0004494,O002406,P0045,1,204.9,204.9
I0004495,O002406,P0026,1,332.91,332.91
I0004496,O002407,P0003,1,62.91,62.91
I0004497,O002407,P0028,1,180.41,180.41
I0004498,O002408,P0006,2,47.4,94.8
I0004499,O002408,P0017,1,309.9,309.9
I0004500,O002408,P0002,1,74.9,74.9
I0004501,O002408,P0044,2,309.9,619.8
I0004502,O002409,P0020,1,79.9,79.9
I0004503,O002409,P0046,3,84.9,254.7
I0004504,O002409,P0016,1,247.41,247.41
I0004505,O002410,P0039,1,49.41,49.41
I0004506,O002410,P0017,1,309.9,309.9
I0004507,O002411,P0041,1,314.9,314.9
I0004508,O002412,P0007,1,134.9,134.9
I0004509,O002413,P0014,1,175.41,175.41
I0004510,O002413,P0048,2,251.65,503.3
I0004511,O002413,P0024,1,169.9,169.9
I0004512,O002414,P0006,1,49.9,49.9
I0004513,O002414,P0004,1,154.9,154.9
I0004514,O002415,P0011,1,132.91,132.91
I0004515,O002416,P0004,1,154.9,154.9
I0004516,O002417,P0004,1,154.9,154.9
I0004517,O002418,P0044,1,309.9,309.9
I0004518,O002418,P0026,2,369.9,739.8
I0004519,O002418,P0047,1,35.91,35.91
I0004520,O002419,P0028,1,189.9,189.9
I0004521,O002420,P0020,2,79.9,159.8
I0004522,O002420,P0025,1,256.4,256.4
I0004523,O002420,P0001,2,66.41,132.82
I0004524,O002421,P0022,1,219.9,219.9
I0004525,O002422,P0019,1,144.9,144.9
I0004526,O002423,P0003,1,69.9,69.9
I0004527,O002423,P0018,1,19.9,19.9
I0004528,O002424,P0034,1,84.9,84.9
I0004529,O002424,P0035,1,208.91,208.91
I0004530,O002424,P0037,1,374.9,374.9
I0004531,O002425,P0018,1,19.9,19.9
I0004532,O002425,P0015,1,44.9,44.9
I0004533,O002426,P0033,1,324.9,324.9
I0004534,O002427,P0022,1,197.91,197.91
I0004535,O002427,P0026,2,351.4,702.8
I0004536,O002428,P0037,2,374.9,749.8
I0004537,O002429,P0016,1,274.9,274.9
I0004538,O002429,P0034,1,80.66,80.66
I0004539,O002429,P0006,1,49.9,49.9
I0004540,O002430,P0002,1,74.9,74.9
I0004541,O002430,P0048,1,264.9,264.9
I0004542,O002430,P0010,2,33.15,66.3
I0004543,O002430,P0039,1,49.41,49.41
I0004544,O002431,P0027,1,314.9,314.9
I0004545,O002431,P0008,1,99.9,99.9
I0004546,O002431,P0030,2,179.9,359.8
I0004547,O002432,P0038,1,299.15,299.15
I0004548,O002432,P0030,1,179.9,179.9
I0004549,O002433,P0031,1,328.41,328.41
I0004550,O002434,P0027,2,314.9,629.8
I0004551,O002435,P0045,1,184.41,184.41
I0004552,O002436,P0010,1,34.9,34.9
I0004553,O002437,P0002,1,67.41,67.41
I0004554,O002437,P0011,1,139.9,139.9
I0004555,O002438,P0015,2,44.9,89.8
I0004556,O002439,P0002,2,67.41,134.82
I0004557,O002439,P0024,2,169.9,339.8
I0004558,O002440,P0001,2,62.91,125.82
I0004559,O002441,P0005,1,62.91,62.91
I0004560,O002441,P0013,1,365.65,365.65
I0004561,O002442,P0043,1,294.9,294.9
I0004562,O002443,P0001,1,69.9,69.9
I0004563,O002443,P0007,1,134.9,134.9
I0004564,O002444,P0013,1,384.9,384.9
I0004565,O002444,P0030,2,179.9,359.8
I0004566,O002444,P0005,1,69.9,69.9
I0004567,O002445,P0004,1,154.9,154.9
I0004568,O002445,P0012,1,247.41,247.41
I0004569,O002445,P0040,1,89.9,89.9
I0004570,O002446,P0047,3,39.9,119.7
I0004571,O002446,P0009,1,239.9,239.9
I0004572,O002447,P0042,1,144.9,144.9
I0004573,O002447,P0020,1,75.91,75.91
I0004574,O002448,P0045,1,204.9,204.9
I0004575,O002448,P0001,1,69.9,69.9
I0004576,O002448,P0028,1,180.41,180.41
I0004577,O002449,P0011,2,139.9,279.8
I0004578,O002449,P0008,1,89.91,89.91
I0004579,O002450,P0020,2,79.9,159.8
I0004580,O002450,P0036,3,332.4,997.2
I0004581,O002451,P0002,1,74.9,74.9
I0004582,O002452,P0005,1,69.9,69.9
I0004583,O002452,P0024,1,169.9,169.9
I0004584,O002452,P0020,1,79.9,79.9
I0004585,O002453,P0022,1,219.9,219.9
I0004586,O002453,P0003,1,62.91,62.91
I0004587,O002453,P0029,1,39.9,39.9
I0004588,O002453,P0012,1,274.9,274.9
I0004589,O002454,P0023,1,219.9,219.9
I0004590,O002454,P0045,1,184.41,184.41
I0004591,O002455,P0014,2,185.16,370.32
I0004592,O002456,P0034,1,84.9,84.9
I0004593,O002457,P0008,1,99.9,99.9
I0004594,O002457,P0022,1,208.91,208.91
I0004595,O002458,P0008,1,99.9,99.9
I0004596,O002458,P0020,1,79.9,79.9
I0004597,O002459,P0017,1,294.4,294.4
I0004598,O002459,P0047,1,39.9,39.9
I0004599,O002459,P0007,2,134.9,269.8
I0004600,O002460,P0017,2,278.91,557.82
I0004601,O002461,P0024,1,169.9,169.9
I0004602,O002462,P0047,1,35.91,35.91
I0004603,O002462,P0001,1,69.9,69.9
I0004604,O002463,P0035,1,197.91,197.91
I0004605,O002463,P0015,2,44.9,89.8
I0004606,O002463,P0030,1,179.9,179.9
I0004607,O002464,P0012,1,247.41,247.41
I0004608,O002464,P0029,1,35.91,35.91
I0004609,O002464,P0026,1,369.9,369.9
I0004610,O002465,P0011,2,132.91,265.82
I0004611,O002466,P0044,1,294.4,294.4
I0004612,O002466,P0006,1,49.9,49.9
I0004613,O002467,P0013,2,384.9,769.8
I0004614,O002467,P0030,1,170.91,170.91
I0004615,O002467,P0014,1,194.9,194.9
I0004616,O002468,P0016,2,261.15,522.3
I0004617,O002468,P0031,1,328.41,328.41
I0004618,O002469,P0005,2,66.41,132.82
I0004619,O002470,P0005,2,62.91,125.82
I0004620,O002470,P0048,1,238.41,238.41
I0004621,O002470,P0012,1,274.9,274.9
I0004622,O002471,P0007,1,128.16,128.16
I0004623,O002472,P0022,1,219.9,219.9
I0004624,O002472,P0007,3,134.9,404.7
I0004625,O002473,P0020,1,79.9,79.9
I0004626,O002473,P0027,2,299.15,598.3
I0004627,O002473,P0038,1,283.41,283.41
I0004628,O002473,P0001,3,69.9,209.7
I0004629,O002474,P0034,1,84.9,84.9
I0004630,O002474,P0039,1,52.15,52.15
I0004631,O002475,P0015,1,42.65,42.65
I0004632,O002476,P0004,1,147.16,147.16
I0004633,O002477,P0033,1,292.41,292.41
I0004634,O002478,P0034,3,84.9,254.7
I0004635,O002479,P0015,1,44.9,44.9
I0004636,O002480,P0013,1,384.9,384.9
I0004637,O002480,P0032,1,174.9,174.9
I0004638,O002480,P0044,1,309.9,309.9
I0004639,O002481,P0011,1,139.9,139.9
I0004640,O002481,P0038,1,314.9,314.9
I0004641,O002482,P0011,1,125.91,125.91
I0004642,O002482,P0035,2,219.9,439.8
I0004643,O002483,P0026,1,369.9,369.9
I0004644,O002484,P0039,1,54.9,54.9
I0004645,O002485,P0015,1,40.41,40.41
I0004646,O002486,P0011,1,139.9,139.9
I0004647,O002486,P0016,1,247.41,247.41
I0004648,O002486,P0028,2,189.9,379.8
I0004649,O002487,P0043,1,294.9,294.9
I0004650,O002487,P0016,1,274.9,274.9
I0004651,O002487,P0008,1,94.91,94.91
I0004652,O002488,P0010,1,34.9,34.9
I0004653,O002489,P0013,2,346.41,692.82
I0004654,O002489,P0007,1,128.16,128.16
I0004655,O002489,P0031,1,364.9,364.9
I0004656,O002489,P0047,1,35.91,35.91
I0004657,O002490,P0016,3,274.9,824.7
I0004658,O002490,P0035,3,197.91,593.73
I0004659,O002491,P0002,1,74.9,74.9
I0004660,O002491,P0019,1,130.41,130.41
I0004661,O002492,P0045,1,204.9,204.9
I0004662,O002492,P0041,1,314.9,314.9
I0004663,O002493,P0042,1,144.9,144.9
I0004664,O002494,P0001,1,69.9,69.9
I0004665,O002494,P0035,1,197.91,197.91
I0004666,O002494,P0046,1,84.9,84.9
I0004667,O002494,P0025,1,256.4,256.4
I0004668,O002495,P0022,2,219.9,439.8
I0004669,O002495,P0001,1,69.9,69.9
I0004670,O002496,P0011,1,139.9,139.9
I0004671,O002497,P0010,1,31.41,31.41
I0004672,O002497,P0015,1,42.65,42.65
I0004673,O002498,P0038,1,314.9,314.9
I0004674,O002499,P0020,1,71.91,71.91
I0004675,O002500,P0007,3,134.9,404.7
I0004676,O002501,P0007,2,128.16,256.32
I0004677,O002501,P0002,1,67.41,67.41
I0004678,O002502,P0045,1,184.41,184.41
I0004679,O002502,P0048,1,238.41,238.41
I0004680,O002502,P0021,1,159.9,159.9
I0004681,O002503,P0015,1,44.9,44.9
I0004682,O002503,P0041,1,314.9,314.9
I0004683,O002503,P0005,1,66.41,66.41
I0004684,O002504,P0011,1,139.9,139.9
I0004685,O002504,P0043,1,280.15,280.15
I0004686,O002504,P0001,1,69.9,69.9
I0004687,O002504,P0019,1,130.41,130.41
I0004688,O002505,P0015,2,40.41,80.82
I0004689,O002506,P0020,2,75.91,151.82
I0004690,O002506,P0021,2,159.9,319.8
I0004691,O002506,P0012,1,274.9,274.9
I0004692,O002507,P0012,1,274.9,274.9
I0004693,O002507,P0005,1,66.41,66.41
I0004694,O002508,P0001,1,69.9,69.9
I0004695,O002509,P0005,1,69.9,69.9
I0004696,O002510,P0025,1,269.9,269.9
I0004697,O002510,P0011,2,132.91,265.82
I0004698,O002510,P0027,1,283.41,283.41
I0004699,O002510,P0015,1,44.9,44.9
I0004700,O002511,P0001,1,66.41,66.41
I0004701,O002512,P0039,2,54.9,109.8
I0004702,O002513,P0034,1,76.41,76.41
I0004703,O002513,P0043,1,294.9,294.9
I0004704,O002514,P0036,1,332.4,332.4
I0004705,O002514,P0005,2,69.9,139.8
I0004706,O002514,P0014,1,185.16,185.16
I0004707,O002515,P0012,2,247.41,494.82
I0004708,O002515,P0041,1,314.9,314.9
I0004709,O002515,P0018,1,18.9,18.9
I0004710,O002515,P0003,1,62.91,62.91
I0004711,O002516,P0020,1,71.91,71.91
I0004712,O002517,P0035,2,219.9,439.8
I0004713,O002518,P0010,2,33.15,66.3
I0004714,O002519,P0022,1,219.9,219.9
I0004715,O002519,P0007,1,121.41,121.41
I0004716,O002519,P0034,1,84.9,84.9
I0004717,O002519,P0024,2,169.9,339.8
I0004718,O002520,P0034,2,80.66,161.32
I0004719,O002521,P0031,1,364.9,364.9
I0004720,O002521,P0006,2,49.9,99.8
I0004721,O002522,P0038,1,299.15,299.15
I0004722,O002523,P0024,1,169.9,169.9
I0004723,O002523,P0011,1,139.9,139.9
I0004724,O002524,P0026,1,332.91,332.91
I0004725,O002524,P0008,1,99.9,99.9
I0004726,O002524,P0022,1,219.9,219.9
I0004727,O002525,P0009,1,239.9,239.9
I0004728,O002525,P0008,2,99.9,199.8
I0004729,O002526,P0037,2,337.41,674.82
I0004730,O002527,P0001,1,69.9,69.9
I0004731,O002527,P0013,1,384.9,384.9
I0004732,O002528,P0015,1,42.65,42.65
I0004733,O002528,P0043,1,294.9,294.9
I0004734,O002529,P0020,1,79.9,79.9
I0004735,O002530,P0003,3,69.9,209.7
I0004736,O002530,P0010,1,34.9,34.9
I0004737,O002531,P0023,1,208.91,208.91
I0004738,O002531,P0017,1,294.4,294.4
I0004739,O002531,P0007,1,128.16,128.16
I0004740,O002532,P0039,1,49.41,49.41
I0004741,O002532,P0002,1,74.9,74.9
I0004742,O002533,P0036,1,349.9,349.9
I0004743,O002533,P0042,1,144.9,144.9
I0004744,O002534,P0008,1,99.9,99.9
I0004745,O002535,P0031,2,346.65,693.3
I0004746,O002535,P0025,3,269.9,809.7
I0004747,O002535,P0021,1,159.9,159.9
I0004748,O002536,P0002,1,74.9,74.9
I0004749,O002537,P0003,1,69.9,69.9
I0004750,O002537,P0046,1,80.66,80.66
I0004751,O002537,P0028,1,189.9,189.9
I0004752,O002538,P0029,2,39.9,79.8
I0004753,O002538,P0003,1,69.9,69.9
I0004754,O002539,P0027,1,314.9,314.9
I0004755,O002540,P0009,3,239.9,719.7
I0004756,O002541,P0045,1,204.9,204.9
I0004757,O002541,P0018,1,19.9,19.9
I0004758,O002541,P0004,1,154.9,154.9
I0004759,O002542,P0034,1,84.9,84.9
I0004760,O002543,P0015,1,40.41,40.41
I0004761,O002543,P0008,1,89.91,89.91
I0004762,O002544,P0013,1,346.41,346.41
I0004763,O002544,P0026,1,351.4,351.4
I0004764,O002544,P0023,2,197.91,395.82
I0004765,O002545,P0016,1,261.15,261.15
I0004766,O002545,P0029,3,39.9,119.7
I0004767,O002546,P0025,1,242.91,242.91
I0004768,O002546,P0012,1,247.41,247.41
I0004769,O002546,P0042,1,144.9,144.9
I0004770,O002547,P0003,1,66.41,66.41
I0004771,O002547,P0020,1,75.91,75.91
I0004772,O002547,P0006,1,47.4,47.4
I0004773,O002548,P0042,1,144.9,144.9
I0004774,O002548,P0006,3,44.91,134.73
I0004775,O002548,P0017,2,309.9,619.8
I0004776,O002548,P0008,2,94.91,189.82
I0004777,O002549,P0009,1,227.91,227.91
I0004778,O002549,P0008,2,89.91,179.82
I0004779,O002550,P0041,1,299.15,299.15
I0004780,O002550,P0042,1,144.9,144.9
I0004781,O002551,P0029,1,37.9,37.9
I0004782,O002551,P0030,1,179.9,179.9
I0004783,O002551,P0004,1,139.41,139.41
I0004784,O002551,P0012,3,274.9,824.7
I0004785,O002552,P0018,2,19.9,39.8
I0004786,O002553,P0043,1,294.9,294.9
I0004787,O002553,P0025,1,256.4,256.4
I0004788,O002553,P0004,1,147.16,147.16
I0004789,O002554,P0038,1,314.9,314.9
I0004790,O002554,P0005,2,69.9,139.8
I0004791,O002555,P0006,1,49.9,49.9
I0004792,O002555,P0034,1,84.9,84.9
I0004793,O002556,P0004,1,139.41,139.41
I0004794,O002556,P0034,1,84.9,84.9
I0004795,O002556,P0003,3,62.91,188.73
I0004796,O002557,P0015,1,44.9,44.9
I0004797,O002557,P0001,1,62.91,62.91
I0004798,O002557,P0007,1,134.9,134.9
I0004799,O002558,P0025,1,269.9,269.9
I0004800,O002558,P0044,2,278.91,557.82
I0004801,O002559,P0039,1,54.9,54.9
I0004802,O002559,P0031,1,328.41,328.41
I0004803,O002559,P0011,1,132.91,132.91
I0004804,O002560,P0031,1,364.9,364.9
I0004805,O002560,P0020,1,79.9,79.9
I0004806,O002561,P0016,2,247.41,494.82
I0004807,O002561,P0006,1,44.91,44.91
I0004808,O002561,P0008,1,89.91,89.91
I0004809,O002561,P0017,1,309.9,309.9
I0004810,O002562,P0003,1,69.9,69.9
I0004811,O002562,P0043,1,280.15,280.15
I0004812,O002563,P0039,1,54.9,54.9
I0004813,O002564,P0015,1,40.41,40.41
I0004814,O002565,P0015,1,42.65,42.65
I0004815,O002566,P0003,1,69.9,69.9
I0004816,O002567,P0001,1,66.41,66.41
I0004817,O002567,P0016,2,261.15,522.3
I0004818,O002568,P0020,1,79.9,79.9
I0004819,O002568,P0008,1,89.91,89.91
I0004820,O002569,P0016,2,274.9,549.8
I0004821,O002569,P0022,1,219.9,219.9
I0004822,O002569,P0012,1,274.9,274.9
I0004823,O002569,P0048,1,238.41,238.41
I0004824,O002570,P0011,2,139.9,279.8
I0004825,O002571,P0038,1,314.9,314.9
I0004826,O002572,P0031,1,328.41,328.41
I0004827,O002573,P0005,1,69.9,69.9
I0004828,O002574,P0003,1,69.9,69.9
I0004829,O002574,P0007,1,134.9,134.9
I0004830,O002575,P0002,1,67.41,67.41
I0004831,O002575,P0007,1,134.9,134.9
I0004832,O002575,P0028,2,189.9,379.8
I0004833,O002575,P0014,2,194.9,389.8
I0004834,O002576,P0009,2,239.9,479.8
I0004835,O002577,P0047,1,39.9,39.9
I0004836,O002578,P0014,1,194.9,194.9
I0004837,O002578,P0021,1,159.9,159.9
I0004838,O002579,P0038,1,314.9,314.9
I0004839,O002580,P0023,1,219.9,219.9
I0004840,O002580,P0046,1,76.41,76.41
I0004841,O002581,P0014,2,185.16,370.32
I0004842,O002581,P0009,3,239.9,719.7
I0004843,O002581,P0010,3,33.15,99.45
I0004844,O002581,P0021,1,159.9,159.9
I0004845,O002582,P0029,1,39.9,39.9
I0004846,O002583,P0002,2,74.9,149.8
I0004847,O002583,P0030,1,179.9,179.9
I0004848,O002584,P0003,1,69.9,69.9
I0004849,O002584,P0025,1,256.4,256.4
I0004850,O002584,P0004,1,154.9,154.9
I0004851,O002585,P0039,1,49.41,49.41
I0004852,O002586,P0013,1,384.9,384.9
I0004853,O002587,P0034,1,84.9,84.9
I0004854,O002588,P0019,1,130.41,130.41
I0004855,O002588,P0039,1,54.9,54.9
I0004856,O002588,P0005,3,69.9,209.7
I0004857,O002589,P0007,1,134.9,134.9
I0004858,O002589,P0009,1,227.91,227.91
I0004859,O002590,P0019,1,144.9,144.9
I0004860,O002590,P0027,1,283.41,283.41
I0004861,O002591,P0001,2,69.9,139.8
I0004862,O002591,P0024,3,161.41,484.23
I0004863,O002592,P0020,2,79.9,159.8
I0004864,O002593,P0009,1,227.91,227.91
I0004865,O002593,P0004,1,139.41,139.41
I0004866,O002594,P0035,1,197.91,197.91
I0004867,O002594,P0019,1,130.41,130.41
I0004868,O002594,P0038,1,299.15,299.15
I0004869,O002595,P0006,1,49.9,49.9
I0004870,O002595,P0002,1,71.16,71.16
I0004871,O002596,P0026,1,332.91,332.91
I0004872,O002596,P0006,3,44.91,134.73
I0004873,O002596,P0018,1,19.9,19.9
I0004874,O002597,P0001,1,69.9,69.9
I0004875,O002597,P0030,1,179.9,179.9
I0004876,O002598,P0007,1,134.9,134.9
I0004877,O002599,P0048,1,251.65,251.65
I0004878,O002599,P0043,1,280.15,280.15
I0004879,O002600,P0010,1,34.9,34.9
I0004880,O002601,P0046,1,84.9,84.9
I0004881,O002602,P0007,1,121.41,121.41
I0004882,O002603,P0018,1,19.9,19.9
I0004883,O002603,P0025,3,242.91,728.73
I0004884,O002603,P0048,1,251.65,251.65
I0004885,O002604,P0033,1,292.41,292.41
I0004886,O002605,P0002,1,67.41,67.41
I0004887,O002606,P0006,1,47.4,47.4
I0004888,O002607,P0003,1,62.91,62.91
I0004889,O002607,P0048,1,264.9,264.9
I0004890,O002607,P0022,1,197.91,197.91
I0004891,O002608,P0010,1,34.9,34.9
I0004892,O002609,P0030,1,179.9,179.9
I0004893,O002609,P0004,1,139.41,139.41
I0004894,O002610,P0019,1,144.9,144.9
I0004895,O002611,P0006,1,44.91,44.91
I0004896,O002611,P0030,1,170.91,170.91
I0004897,O002612,P0040,2,80.91,161.82
I0004898,O002613,P0006,2,49.9,99.8
I0004899,O002614,P0003,1,66.41,66.41
I0004900,O002614,P0038,1,299.15,299.15
I0004901,O002615,P0048,1,264.9,264.9
I0004902,O002615,P0002,1,74.9,74.9
I0004903,O002616,P0008,1,99.9,99.9
I0004904,O002616,P0028,1,189.9,189.9
I0004905,O002616,P0005,3,69.9,209.7
I0004906,O002617,P0003,1,69.9,69.9
I0004907,O002617,P0016,1,274.9,274.9
I0004908,O002618,P0015,1,44.9,44.9
I0004909,O002618,P0023,1,208.91,208.91
I0004910,O002618,P0014,2,194.9,389.8
I0004911,O002618,P0004,1,147.16,147.16
I0004912,O002619,P0038,1,314.9,314.9
I0004913,O002619,P0004,1,147.16,147.16
I0004914,O002620,P0048,1,264.9,264.9
I0004915,O002620,P0017,1,294.4,294.4
I0004916,O002620,P0018,1,17.91,17.91
I0004917,O002621,P0025,1,269.9,269.9
I0004918,O002621,P0005,2,66.41,132.82
I0004919,O002622,P0026,1,332.91,332.91
I0004920,O002622,P0019,1,130.41,130.41
I0004921,O002623,P0033,1,308.65,308.65
I0004922,O002624,P0017,1,309.9,309.9
I0004923,O002624,P0009,2,239.9,479.8
I0004924,O002624,P0032,1,174.9,174.9
I0004925,O002625,P0030,1,179.9,179.9
I0004926,O002625,P0027,1,314.9,314.9
I0004927,O002626,P0033,2,324.9,649.8
I0004928,O002627,P0002,2,71.16,142.32
I0004929,O002627,P0026,2,369.9,739.8
I0004930,O002627,P0011,1,139.9,139.9
I0004931,O002628,P0042,1,144.9,144.9
I0004932,O002628,P0036,2,332.4,664.8
I0004933,O002628,P0047,1,39.9,39.9
I0004934,O002629,P0046,1,76.41,76.41
I0004935,O002629,P0001,2,69.9,139.8
I0004936,O002629,P0011,2,139.9,279.8
I0004937,O002630,P0044,3,278.91,836.73
I0004938,O002631,P0026,1,332.91,332.91
I0004939,O002631,P0016,2,274.9,549.8
I0004940,O002632,P0029,1,37.9,37.9
I0004941,O002633,P0007,3,121.41,364.23
I0004942,O002633,P0018,1,19.9,19.9
I0004943,O002633,P0006,2,44.91,89.82
I0004944,O002634,P0002,1,74.9,74.9
I0004945,O002634,P0007,1,134.9,134.9
I0004946,O002634,P0029,1,35.91,35.91
I0004947,O002635,P0006,1,49.9,49.9
I0004948,O002636,P0006,1,49.9,49.9
I0004949,O002637,P0025,1,269.9,269.9
I0004950,O002638,P0030,1,161.91,161.91
I0004951,O002638,P0010,2,31.41,62.82
I0004952,O002639,P0007,1,121.41,121.41
I0004953,O002639,P0046,1,76.41,76.41
I0004954,O002640,P0039,2,49.41,98.82
I0004955,O002640,P0008,1,99.9,99.9
I0004956,O002641,P0036,1,332.4,332.4
I0004957,O002641,P0031,2,364.9,729.8
I0004958,O002641,P0006,1,44.91,44.91
I0004959,O002641,P0029,2,39.9,79.8
I0004960,O002642,P0001,2,62.91,125.82
I0004961,O002642,P0015,1,44.9,44.9
I0004962,O002643,P0032,1,166.16,166.16
I0004963,O002643,P0018,3,18.9,56.7
I0004964,O002644,P0012,1,261.15,261.15
I0004965,O002644,P0016,2,274.9,549.8
I0004966,O002645,P0011,1,125.91,125.91
I0004967,O002645,P0048,2,251.65,503.3
I0004968,O002646,P0036,1,349.9,349.9
I0004969,O002647,P0005,3,62.91,188.73
I0004970,O002648,P0047,1,39.9,39.9
I0004971,O002649,P0043,1,294.9,294.9
I0004972,O002650,P0005,3,69.9,209.7
I0004973,O002650,P0021,1,151.91,151.91
I0004974,O002650,P0023,1,219.9,219.9
I0004975,O002651,P0023,2,219.9,439.8
I0004976,O002651,P0018,2,17.91,35.82
I0004977,O002652,P0040,1,85.41,85.41
I0004978,O002652,P0025,1,256.4,256.4
I0004979,O002652,P0045,2,184.41,368.82
I0004980,O002652,P0002,1,67.41,67.41
I0004981,O002653,P0009,1,239.9,239.9
I0004982,O002654,P0019,1,130.41,130.41
I0004983,O002654,P0021,1,143.91,143.91
I0004984,O002655,P0009,1,239.9,239.9
I0004985,O002655,P0029,1,39.9,39.9
I0004986,O002655,P0018,1,18.9,18.9
I0004987,O002656,P0036,1,349.9,349.9
I0004988,O002656,P0019,3,144.9,434.7
I0004989,O002656,P0018,1,17.91,17.91
I0004990,O002657,P0019,1,144.9,144.9
I0004991,O002658,P0005,1,69.9,69.9
I0004992,O002659,P0021,1,151.91,151.91
I0004993,O002659,P0047,2,37.9,75.8
I0004994,O002659,P0008,1,99.9,99.9
I0004995,O002660,P0010,1,31.41,31.41
I0004996,O002660,P0026,1,369.9,369.9
I0004997,O002661,P0002,1,74.9,74.9
I0004998,O002661,P0026,1,332.91,332.91
I0004999,O002662,P0001,1,69.9,69.9
I0005000,O002662,P0015,1,42.65,42.65
I0005001,O002662,P0002,1,74.9,74.9
I0005002,O002662,P0006,2,47.4,94.8
I0005003,O002663,P0039,1,49.41,49.41
I0005004,O002663,P0027,1,283.41,283.41
I0005005,O002663,P0020,1,71.91,71.91
I0005006,O002663,P0005,1,69.9,69.9
I0005007,O002664,P0010,1,34.9,34.9
I0005008,O002665,P0034,2,76.41,152.82
I0005009,O002666,P0024,1,169.9,169.9
I0005010,O002666,P0041,1,314.9,314.9
I0005011,O002667,P0020,1,79.9,79.9
I0005012,O002667,P0014,1,194.9,194.9
I0005013,O002668,P0009,1,227.91,227.91
I0005014,O002669,P0021,1,159.9,159.9
I0005015,O002669,P0004,1,147.16,147.16
I0005016,O002669,P0046,2,80.66,161.32
I0005017,O002669,P0028,1,189.9,189.9
I0005018,O002670,P0004,3,154.9,464.7
I0005019,O002670,P0016,1,247.41,247.41
I0005020,O002671,P0040,1,85.41,85.41
I0005021,O002672,P0034,2,80.66,161.32
I0005022,O002672,P0006,2,44.91,89.82
I0005023,O002673,P0047,1,39.9,39.9
I0005024,O002674,P0033,1,324.9,324.9
I0005025,O002674,P0044,1,309.9,309.9
I0005026,O002675,P0002,1,67.41,67.41
I0005027,O002676,P0008,1,99.9,99.9
I0005028,O002677,P0008,1,99.9,99.9
I0005029,O002678,P0042,2,144.9,289.8
I0005030,O002678,P0043,1,294.9,294.9
I0005031,O002679,P0015,1,44.9,44.9
I0005032,O002680,P0008,1,99.9,99.9
I0005033,O002681,P0002,2,67.41,134.82
I0005034,O002681,P0034,2,76.41,152.82
I0005035,O002681,P0010,1,34.9,34.9
I0005036,O002682,P0040,1,89.9,89.9
I0005037,O002682,P0047,1,39.9,39.9
I0005038,O002683,P0037,1,356.15,356.15
I0005039,O002683,P0043,1,294.9,294.9
I0005040,O002684,P0034,1,76.41,76.41
I0005041,O002684,P0016,1,247.41,247.41
I0005042,O002684,P0018,1,18.9,18.9
I0005043,O002685,P0046,1,80.66,80.66
I0005044,O002685,P0044,2,294.4,588.8
I0005045,O002686,P0001,1,69.9,69.9
I0005046,O002686,P0024,1,169.9,169.9
I0005047,O002687,P0037,1,374.9,374.9
I0005048,O002687,P0023,1,219.9,219.9
I0005049,O002688,P0008,1,89.91,89.91
I0005050,O002688,P0023,1,219.9,219.9
I0005051,O002688,P0039,1,54.9,54.9
I0005052,O002688,P0028,1,170.91,170.91
I0005053,O002689,P0033,1,308.65,308.65
I0005054,O002689,P0048,1,251.65,251.65
I0005055,O002689,P0004,3,147.16,441.48
I0005056,O002690,P0034,2,84.9,169.8
I0005057,O002690,P0004,1,154.9,154.9
I0005058,O002690,P0012,2,261.15,522.3
I0005059,O002690,P0041,1,314.9,314.9
I0005060,O002691,P0001,1,69.9,69.9
I0005061,O002691,P0029,1,37.9,37.9
I0005062,O002691,P0020,1,71.91,71.91
I0005063,O002691,P0022,1,219.9,219.9
I0005064,O002692,P0020,1,79.9,79.9
I0005065,O002693,P0025,1,269.9,269.9
I0005066,O002693,P0011,1,132.91,132.91
I0005067,O002693,P0033,1,324.9,324.9
I0005068,O002694,P0044,1,309.9,309.9
I0005069,O002695,P0022,1,219.9,219.9
I0005070,O002696,P0004,1,154.9,154.9
I0005071,O002696,P0001,1,69.9,69.9
I0005072,O002697,P0046,1,84.9,84.9
I0005073,O002698,P0030,1,170.91,170.91
I0005074,O002699,P0013,1,346.41,346.41
I0005075,O002699,P0036,3,349.9,1049.7
I0005076,O002699,P0015,1,40.41,40.41
I0005077,O002700,P0029,1,35.91,35.91
I0005078,O002700,P0003,1,62.91,62.91
I0005079,O002700,P0010,1,34.9,34.9
I0005080,O002700,P0021,1,151.91,151.91
I0005081,O002701,P0044,1,278.91,278.91
I0005082,O002701,P0040,1,85.41,85.41
I0005083,O002701,P0009,1,239.9,239.9
I0005084,O002702,P0005,1,69.9,69.9
I0005085,O002703,P0032,1,174.9,174.9
I0005086,O002704,P0002,2,74.9,149.8
I0005087,O002705,P0045,2,204.9,409.8
I0005088,O002706,P0003,1,69.9,69.9
I0005089,O002707,P0003,1,69.9,69.9
I0005090,O002708,P0030,1,161.91,161.91
I0005091,O002708,P0011,2,139.9,279.8
I0005092,O002709,P0045,1,184.41,184.41
I0005093,O002710,P0025,1,269.9,269.9
I0005094,O002711,P0013,1,384.9,384.9
I0005095,O002711,P0048,1,251.65,251.65
I0005096,O002712,P0043,1,294.9,294.9
I0005097,O002712,P0003,1,62.91,62.91
I0005098,O002713,P0005,1,69.9,69.9
I0005099,O002713,P0034,1,84.9,84.9
I0005100,O002714,P0025,3,269.9,809.7
I0005101,O002715,P0048,2,238.41,476.82
I0005102,O002715,P0013,1,384.9,384.9
I0005103,O002716,P0025,1,269.9,269.9
I0005104,O002716,P0014,1,194.9,194.9
I0005105,O002717,P0011,1,132.91,132.91
I0005106,O002717,P0038,1,283.41,283.41
I0005107,O002718,P0026,1,369.9,369.9
I0005108,O002719,P0015,1,44.9,44.9
I0005109,O002719,P0002,1,74.9,74.9
I0005110,O002720,P0031,3,364.9,1094.7
I0005111,O002720,P0041,1,314.9,314.9
I0005112,O002721,P0047,1,39.9,39.9
I0005113,O002721,P0007,1,121.41,121.41
I0005114,O002722,P0045,1,204.9,204.9
I0005115,O002723,P0008,1,99.9,99.9
I0005116,O002723,P0036,1,349.9,349.9
I0005117,O002723,P0031,2,364.9,729.8
I0005118,O002724,P0005,2,66.41,132.82
I0005119,O002724,P0032,1,166.16,166.16
I0005120,O002724,P0019,1,144.9,144.9
I0005121,O002725,P0014,1,194.9,194.9
I0005122,O002726,P0022,1,208.91,208.91
I0005123,O002727,P0014,1,194.9,194.9
I0005124,O002727,P0034,2,84.9,169.8
I0005125,O002728,P0048,2,238.41,476.82
I0005126,O002728,P0001,2,69.9,139.8
I0005127,O002729,P0020,1,79.9,79.9
I0005128,O002729,P0024,1,152.91,152.91
I0005129,O002730,P0024,1,152.91,152.91
I0005130,O002731,P0017,1,309.9,309.9
I0005131,O002731,P0029,2,39.9,79.8
I0005132,O002732,P0015,1,44.9,44.9
I0005133,O002732,P0020,2,71.91,143.82
I0005134,O002733,P0038,1,314.9,314.9
I0005135,O002733,P0012,1,247.41,247.41
I0005136,O002734,P0009,3,239.9,719.7
I0005137,O002734,P0002,1,74.9,74.9
I0005138,O002735,P0043,1,294.9,294.9
I0005139,O002736,P0039,1,54.9,54.9
I0005140,O002736,P0019,1,144.9,144.9
I0005141,O002737,P0027,1,314.9,314.9
I0005142,O002738,P0004,1,139.41,139.41
I0005143,O002738,P0024,1,169.9,169.9
I0005144,O002739,P0026,3,369.9,1109.7
I0005145,O002740,P0009,1,239.9,239.9
I0005146,O002740,P0026,1,332.91,332.91
I0005147,O002740,P0005,1,69.9,69.9
I0005148,O002741,P0008,1,89.91,89.91
I0005149,O002741,P0004,1,147.16,147.16
I0005150,O002742,P0018,1,19.9,19.9
I0005151,O002742,P0029,1,37.9,37.9
I0005152,O002742,P0021,1,159.9,159.9
I0005153,O002743,P0020,1,75.91,75.91
I0005154,O002743,P0019,1,130.41,130.41
I0005155,O002743,P0006,1,49.9,49.9
I0005156,O002744,P0002,1,67.41,67.41
I0005157,O002744,P0013,1,384.9,384.9
I0005158,O002744,P0048,1,251.65,251.65
I0005159,O002744,P0024,1,152.91,152.91
I0005160,O002745,P0003,1,66.41,66.41
I0005161,O002745,P0024,1,169.9,169.9
I0005162,O002745,P0035,1,219.9,219.9
I0005163,O002746,P0033,1,308.65,308.65
I0005164,O002747,P0047,1,39.9,39.9
I0005165,O002748,P0014,1,194.9,194.9
I0005166,O002748,P0038,1,299.15,299.15
I0005167,O002749,P0044,1,278.91,278.91
I0005168,O002750,P0014,1,185.16,185.16
I0005169,O002750,P0024,2,161.41,322.82
I0005170,O002750,P0025,1,256.4,256.4
I0005171,O002751,P0008,1,99.9,99.9
I0005172,O002751,P0015,1,44.9,44.9
I0005173,O002752,P0012,1,274.9,274.9
I0005174,O002753,P0021,1,151.91,151.91
I0005175,O002754,P0005,2,69.9,139.8
I0005176,O002755,P0008,2,94.91,189.82
I0005177,O002755,P0001,1,66.41,66.41
I0005178,O002756,P0024,1,169.9,169.9
I0005179,O002757,P0005,1,62.91,62.91
I0005180,O002758,P0017,1,294.4,294.4
I0005181,O002759,P0033,1,292.41,292.41
I0005182,O002760,P0016,2,247.41,494.82
I0005183,O002760,P0008,1,99.9,99.9
I0005184,O002761,P0046,3,84.9,254.7
I0005185,O002761,P0036,1,349.9,349.9
I0005186,O002761,P0003,1,69.9,69.9
I0005187,O002762,P0039,3,49.41,148.23
I0005188,O002762,P0045,1,204.9,204.9
I0005189,O002763,P0004,1,154.9,154.9
I0005190,O002763,P0044,1,309.9,309.9
I0005191,O002764,P0013,1,365.65,365.65
I0005192,O002765,P0022,2,219.9,439.8
I0005193,O002765,P0020,1,75.91,75.91
I0005194,O002765,P0018,1,18.9,18.9
I0005195,O002765,P0014,1,194.9,194.9
I0005196,O002766,P0003,1,66.41,66.41
I0005197,O002767,P0005,3,69.9,209.7
I0005198,O002767,P0008,1,99.9,99.9
I0005199,O002768,P0040,1,89.9,89.9
I0005200,O002768,P0026,2,369.9,739.8
I0005201,O002769,P0040,2,85.41,170.82
I0005202,O002770,P0013,3,384.9,1154.7
I0005203,O002771,P0025,1,269.9,269.9
I0005204,O002771,P0009,1,239.9,239.9
I0005205,O002771,P0038,1,314.9,314.9
I0005206,O002772,P0011,1,125.91,125.91
I0005207,O002772,P0001,1,69.9,69.9
I0005208,O002773,P0005,2,66.41,132.82
I0005209,O002773,P0015,2,44.9,89.8
I0005210,O002774,P0047,1,39.9,39.9
I0005211,O002774,P0044,2,309.9,619.8
I0005212,O002774,P0012,3,247.41,742.23
I0005213,O002774,P0042,1,130.41,130.41
I0005214,O002775,P0035,1,197.91,197.91
I0005215,O002775,P0011,2,132.91,265.82
I0005216,O002775,P0007,1,128.16,128.16
I0005217,O002776,P0020,2,75.91,151.82
I0005218,O002776,P0034,1,76.41,76.41
I0005219,O002776,P0044,1,294.4,294.4
I0005220,O002777,P0029,1,39.9,39.9
I0005221,O002777,P0045,2,194.66,389.32
I0005222,O002777,P0032,2,174.9,349.8
I0005223,O002778,P0038,1,314.9,314.9
I0005224,O002778,P0010,1,33.15,33.15
I0005225,O002779,P0040,1,89.9,89.9
I0005226,O002780,P0047,1,39.9,39.9
I0005227,O002781,P0046,1,84.9,84.9
I0005228,O002782,P0041,1,314.9,314.9
I0005229,O002783,P0014,2,194.9,389.8
I0005230,O002783,P0031,1,328.41,328.41
I0005231,O002783,P0025,1,256.4,256.4
I0005232,O002784,P0018,1,19.9,19.9
I0005233,O002784,P0005,1,69.9,69.9
I0005234,O002784,P0006,1,44.91,44.91
I0005235,O002784,P0037,1,374.9,374.9
I0005236,O002785,P0042,1,144.9,144.9
I0005237,O002786,P0022,1,197.91,197.91
I0005238,O002786,P0001,1,69.9,69.9
I0005239,O002787,P0010,1,33.15,33.15
I0005240,O002787,P0027,1,314.9,314.9
I0005241,O002787,P0026,2,369.9,739.8
I0005242,O002788,P0003,1,69.9,69.9
I0005243,O002789,P0044,1,309.9,309.9
I0005244,O002789,P0015,3,44.9,134.7
I0005245,O002790,P0005,1,66.41,66.41
I0005246,O002790,P0035,1,219.9,219.9
I0005247,O002790,P0019,2,144.9,289.8
I0005248,O002790,P0047,2,39.9,79.8
I0005249,O002791,P0011,1,132.91,132.91
I0005250,O002791,P0012,1,247.41,247.41
I0005251,O002792,P0040,1,89.9,89.9
I0005252,O002792,P0047,1,39.9,39.9
I0005253,O002792,P0039,1,52.15,52.15
I0005254,O002793,P0020,2,75.91,151.82
I0005255,O002794,P0019,1,137.66,137.66
I0005256,O002794,P0016,1,261.15,261.15
I0005257,O002794,P0028,3,189.9,569.7
I0005258,O002794,P0010,1,34.9,34.9
I0005259,O002795,P0014,1,194.9,194.9
I0005260,O002796,P0015,1,44.9,44.9
I0005261,O002796,P0021,1,159.9,159.9
I0005262,O002796,P0001,1,62.91,62.91
I0005263,O002796,P0017,1,294.4,294.4
I0005264,O002797,P0043,1,294.9,294.9
I0005265,O002798,P0016,1,274.9,274.9
I0005266,O002798,P0004,1,154.9,154.9
I0005267,O002799,P0048,2,264.9,529.8
I0005268,O002800,P0016,2,261.15,522.3
I0005269,O002800,P0047,1,39.9,39.9
I0005270,O002800,P0017,1,294.4,294.4
I0005271,O002801,P0014,1,185.16,185.16
I0005272,O002801,P0024,1,161.41,161.41
I0005273,O002802,P0047,1,39.9,39.9
I0005274,O002802,P0022,1,208.91,208.91
I0005275,O002802,P0015,2,42.65,85.3
I0005276,O002802,P0018,1,18.9,18.9
I0005277,O002803,P0038,1,314.9,314.9
I0005278,O002803,P0029,3,39.9,119.7
I0005279,O002804,P0022,1,219.9,219.9
I0005280,O002805,P0018,2,19.9,39.8
I0005281,O002806,P0005,1,69.9,69.9
I0005282,O002806,P0047,1,37.9,37.9
I0005283,O002807,P0007,1,134.9,134.9
I0005284,O002808,P0014,1,175.41,175.41
I0005285,O002809,P0014,1,194.9,194.9
I0005286,O002809,P0009,1,239.9,239.9
I0005287,O002810,P0001,1,66.41,66.41
I0005288,O002810,P0002,1,74.9,74.9
I0005289,O002810,P0043,1,294.9,294.9
I0005290,O002811,P0041,2,299.15,598.3
I0005291,O002811,P0024,2,169.9,339.8
I0005292,O002812,P0032,1,174.9,174.9
I0005293,O002813,P0015,2,44.9,89.8
I0005294,O002813,P0024,1,169.9,169.9
I0005295,O002813,P0022,1,197.91,197.91
I0005296,O002813,P0047,2,39.9,79.8
I0005297,O002814,P0013,1,384.9,384.9
I0005298,O002814,P0006,1,49.9,49.9
I0005299,O002814,P0004,1,154.9,154.9
I0005300,O002814,P0015,1,40.41,40.41
I0005301,O002815,P0038,1,314.9,314.9
I0005302,O002815,P0017,1,309.9,309.9
I0005303,O002815,P0004,1,139.41,139.41
I0005304,O002816,P0046,3,84.9,254.7
I0005305,O002816,P0028,2,189.9,379.8
I0005306,O002816,P0025,1,269.9,269.9
I0005307,O002817,P0014,1,185.16,185.16
I0005308,O002818,P0010,1,31.41,31.41
I0005309,O002819,P0004,2,154.9,309.8
I0005310,O002819,P0016,1,261.15,261.15
I0005311,O002820,P0046,1,76.41,76.41
I0005312,O002821,P0029,1,39.9,39.9
I0005313,O002821,P0020,1,79.9,79.9
I0005314,O002821,P0008,1,99.9,99.9
I0005315,O002822,P0039,1,52.15,52.15
I0005316,O002823,P0005,1,69.9,69.9
I0005317,O002824,P0029,2,39.9,79.8
I0005318,O002824,P0003,1,69.9,69.9
I0005319,O002825,P0029,1,39.9,39.9
I0005320,O002826,P0038,1,314.9,314.9
I0005321,O002826,P0007,1,134.9,134.9
I0005322,O002827,P0036,2,349.9,699.8
I0005323,O002827,P0002,1,71.16,71.16
I0005324,O002828,P0002,3,67.41,202.23
I0005325,O002829,P0009,1,215.91,215.91
I0005326,O002830,P0002,2,74.9,149.8
I0005327,O002831,P0035,1,197.91,197.91
I0005328,O002831,P0037,1,356.15,356.15
I0005329,O002832,P0046,1,84.9,84.9
I0005330,O002832,P0019,1,144.9,144.9
I0005331,O002832,P0003,1,66.41,66.41
I0005332,O002833,P0006,1,49.9,49.9
I0005333,O002833,P0004,1,154.9,154.9
I0005334,O002833,P0014,1,194.9,194.9
I0005335,O002834,P0032,1,174.9,174.9
I0005336,O002834,P0024,2,152.91,305.82
I0005337,O002835,P0024,3,169.9,509.7
I0005338,O002835,P0028,1,170.91,170.91
I0005339,O002836,P0022,1,219.9,219.9
I0005340,O002837,P0001,1,69.9,69.9
I0005341,O002837,P0005,1,66.41,66.41
I0005342,O002838,P0007,2,121.41,242.82
I0005343,O002838,P0013,1,346.41,346.41
I0005344,O002839,P0045,1,204.9,204.9
I0005345,O002840,P0036,3,349.9,1049.7
I0005346,O002841,P0010,1,33.15,33.15
I0005347,O002841,P0025,3,269.9,809.7
I0005348,O002842,P0005,1,69.9,69.9
I0005349,O002842,P0009,1,239.9,239.9
I0005350,O002842,P0018,1,19.9,19.9
I0005351,O002843,P0036,1,349.9,349.9
I0005352,O002843,P0007,1,134.9,134.9
I0005353,O002843,P0046,1,84.9,84.9
I0005354,O002843,P0019,1,144.9,144.9
I0005355,O002844,P0043,1,280.15,280.15
I0005356,O002844,P0014,1,194.9,194.9
I0005357,O002844,P0042,2,144.9,289.8
I0005358,O002845,P0008,1,99.9,99.9
I0005359,O002845,P0042,1,137.66,137.66
I0005360,O002846,P0017,1,309.9,309.9
I0005361,O002846,P0026,1,351.4,351.4
I0005362,O002846,P0023,1,219.9,219.9
I0005363,O002847,P0016,1,261.15,261.15
I0005364,O002848,P0016,1,274.9,274.9
I0005365,O002849,P0001,1,62.91,62.91
I0005366,O002849,P0017,2,309.9,619.8
I0005367,O002850,P0032,2,174.9,349.8
I0005368,O002851,P0001,1,69.9,69.9
I0005369,O002852,P0012,1,274.9,274.9
I0005370,O002852,P0006,2,49.9,99.8
I0005371,O002852,P0005,2,69.9,139.8
I0005372,O002853,P0007,1,134.9,134.9
I0005373,O002853,P0033,3,324.9,974.7
I0005374,O002854,P0006,2,49.9,99.8
I0005375,O002854,P0008,1,99.9,99.9
I0005376,O002854,P0043,1,280.15,280.15
I0005377,O002855,P0044,1,294.4,294.4
I0005378,O002856,P0037,1,374.9,374.9
I0005379,O002856,P0016,2,261.15,522.3
I0005380,O002856,P0004,1,154.9,154.9
I0005381,O002857,P0045,2,204.9,409.8
I0005382,O002857,P0002,1,74.9,74.9
I0005383,O002857,P0029,2,37.9,75.8
I0005384,O002857,P0035,1,219.9,219.9
I0005385,O002858,P0018,1,19.9,19.9
I0005386,O002858,P0040,1,89.9,89.9
I0005387,O002859,P0031,2,346.65,693.3
I0005388,O002860,P0001,1,69.9,69.9
I0005389,O002861,P0008,1,99.9,99.9
I0005390,O002861,P0013,1,384.9,384.9
I0005391,O002861,P0027,2,314.9,629.8
I0005392,O002861,P0022,2,219.9,439.8
I0005393,O002862,P0039,3,52.15,156.45
I0005394,O002862,P0018,2,19.9,39.8
I0005395,O002862,P0017,2,294.4,588.8
I0005396,O002863,P0005,2,66.41,132.82
I0005397,O002864,P0007,1,128.16,128.16
I0005398,O002864,P0004,1,139.41,139.41
I0005399,O002864,P0030,1,161.91,161.91
I0005400,O002865,P0009,1,239.9,239.9
I0005401,O002865,P0023,1,208.91,208.91
I0005402,O002865,P0005,1,69.9,69.9
I0005403,O002866,P0035,1,219.9,219.9
I0005404,O002867,P0034,1,80.66,80.66
I0005405,O002867,P0046,1,84.9,84.9
I0005406,O002868,P0010,1,33.15,33.15
I0005407,O002869,P0020,1,79.9,79.9
I0005408,O002870,P0025,1,269.9,269.9
I0005409,O002870,P0017,1,309.9,309.9
I0005410,O002871,P0006,1,49.9,49.9
I0005411,O002872,P0001,1,66.41,66.41
I0005412,O002873,P0020,1,79.9,79.9
I0005413,O002874,P0029,2,37.9,75.8
I0005414,O002874,P0040,1,89.9,89.9
I0005415,O002874,P0047,1,39.9,39.9
I0005416,O002874,P0045,1,194.66,194.66
I0005417,O002875,P0038,1,299.15,299.15
I0005418,O002876,P0008,1,94.91,94.91
I0005419,O002877,P0029,2,39.9,79.8
I0005420,O002877,P0046,2,84.9,169.8
I0005421,O002878,P0015,2,44.9,89.8
I0005422,O002878,P0020,1,71.91,71.91
I0005423,O002879,P0008,1,94.91,94.91
I0005424,O002880,P0010,1,34.9,34.9
I0005425,O002880,P0009,1,239.9,239.9
I0005426,O002881,P0023,1,219.9,219.9
I0005427,O002882,P0001,2,69.9,139.8
I0005428,O002882,P0023,1,208.91,208.91
I0005429,O002883,P0017,1,309.9,309.9
I0005430,O002883,P0028,1,189.9,189.9
I0005431,O002884,P0024,1,169.9,169.9
I0005432,O002884,P0041,1,314.9,314.9
I0005433,O002885,P0025,1,256.4,256.4
I0005434,O002886,P0014,2,194.9,389.8
I0005435,O002886,P0024,2,169.9,339.8
I0005436,O002887,P0025,1,269.9,269.9
I0005437,O002888,P0038,1,314.9,314.9
I0005438,O002888,P0029,1,37.9,37.9
I0005439,O002888,P0024,2,161.41,322.82
I0005440,O002889,P0036,1,349.9,349.9
I0005441,O002890,P0035,1,219.9,219.9
I0005442,O002891,P0001,1,62.91,62.91
I0005443,O002892,P0011,1,139.9,139.9
I0005444,O002893,P0039,2,54.9,109.8
I0005445,O002894,P0009,1,227.91,227.91
I0005446,O002894,P0016,1,247.41,247.41
I0005447,O002894,P0021,2,159.9,319.8
I0005448,O002895,P0004,1,147.16,147.16
I0005449,O002896,P0010,3,31.41,94.23
I0005450,O002896,P0015,1,44.9,44.9
I0005451,O002897,P0029,1,39.9,39.9
I0005452,O002898,P0028,1,170.91,170.91
I0005453,O002898,P0004,2,154.9,309.8
I0005454,O002898,P0042,1,144.9,144.9
I0005455,O002898,P0030,1,170.91,170.91
I0005456,O002899,P0029,2,39.9,79.8
I0005457,O002899,P0043,1,294.9,294.9
I0005458,O002899,P0036,1,349.9,349.9
I0005459,O002900,P0020,1,79.9,79.9
I0005460,O002900,P0003,1,69.9,69.9
I0005461,O002900,P0025,1,269.9,269.9
I0005462,O002901,P0015,1,44.9,44.9
I0005463,O002901,P0039,1,54.9,54.9
I0005464,O002902,P0001,2,69.9,139.8
I0005465,O002903,P0002,1,71.16,71.16
I0005466,O002903,P0017,1,278.91,278.91
I0005467,O002904,P0009,1,239.9,239.9
I0005468,O002905,P0018,3,19.9,59.7
I0005469,O002905,P0011,1,139.9,139.9
I0005470,O002906,P0038,1,314.9,314.9
I0005471,O002907,P0002,1,67.41,67.41
I0005472,O002908,P0007,1,134.9,134.9
I0005473,O002909,P0032,1,174.9,174.9
I0005474,O002909,P0014,2,194.9,389.8
I0005475,O002909,P0025,3,269.9,809.7
I0005476,O002909,P0015,2,44.9,89.8
I0005477,O002910,P0002,1,74.9,74.9
I0005478,O002911,P0044,3,294.4,883.2
I0005479,O002911,P0036,1,349.9,349.9
I0005480,O002911,P0003,2,69.9,139.8
I0005481,O002912,P0022,1,219.9,219.9
I0005482,O002912,P0003,2,62.91,125.82
I0005483,O002913,P0012,1,274.9,274.9
I0005484,O002914,P0028,1,189.9,189.9
I0005485,O002914,P0022,2,219.9,439.8
I0005486,O002915,P0019,1,130.41,130.41
I0005487,O002916,P0025,1,269.9,269.9
I0005488,O002917,P0030,1,161.91,161.91
I0005489,O002917,P0011,3,139.9,419.7
I0005490,O002917,P0004,1,154.9,154.9
I0005491,O002918,P0016,1,274.9,274.9
I0005492,O002919,P0047,1,39.9,39.9
I0005493,O002919,P0010,1,34.9,34.9
I0005494,O002920,P0031,1,364.9,364.9
I0005495,O002921,P0016,3,274.9,824.7
I0005496,O002921,P0035,1,197.91,197.91
I0005497,O002922,P0032,1,174.9,174.9
I0005498,O002922,P0016,1,274.9,274.9
I0005499,O002922,P0030,3,179.9,539.7
I0005500,O002923,P0040,1,85.41,85.41
I0005501,O002923,P0046,1,80.66,80.66
I0005502,O002924,P0040,2,89.9,179.8
I0005503,O002924,P0013,1,384.9,384.9
I0005504,O002925,P0026,1,332.91,332.91
I0005505,O002926,P0046,2,84.9,169.8
I0005506,O002926,P0008,1,99.9,99.9
I0005507,O002927,P0003,1,69.9,69.9
I0005508,O002928,P0003,1,69.9,69.9
I0005509,O002929,P0018,1,19.9,19.9
I0005510,O002930,P0025,1,269.9,269.9
I0005511,O002930,P0016,1,261.15,261.15
I0005512,O002931,P0015,1,44.9,44.9
I0005513,O002932,P0018,1,19.9,19.9
I0005514,O002932,P0017,1,309.9,309.9
I0005515,O002933,P0006,1,44.91,44.91
I0005516,O002933,P0001,1,62.91,62.91
I0005517,O002934,P0029,1,39.9,39.9
I0005518,O002934,P0011,3,139.9,419.7
I0005519,O002934,P0012,1,274.9,274.9
I0005520,O002935,P0026,1,369.9,369.9
I0005521,O002935,P0005,1,69.9,69.9
I0005522,O002935,P0012,2,261.15,522.3
I0005523,O002936,P0016,1,261.15,261.15
I0005524,O002937,P0015,1,44.9,44.9
I0005525,O002938,P0019,1,144.9,144.9
I0005526,O002938,P0002,1,67.41,67.41
I0005527,O002939,P0020,1,79.9,79.9
I0005528,O002939,P0042,1,130.41,130.41
I0005529,O002940,P0011,1,139.9,139.9
I0005530,O002941,P0036,1,349.9,349.9
I0005531,O002942,P0012,1,247.41,247.41
I0005532,O002942,P0019,2,144.9,289.8
I0005533,O002943,P0039,1,52.15,52.15
I0005534,O002944,P0005,1,62.91,62.91
I0005535,O002945,P0048,3,238.41,715.23
I0005536,O002945,P0009,2,227.91,455.82
I0005537,O002946,P0026,1,332.91,332.91
I0005538,O002947,P0006,1,49.9,49.9
I0005539,O002948,P0016,1,274.9,274.9
I0005540,O002949,P0003,1,62.91,62.91
I0005541,O002950,P0046,1,84.9,84.9
I0005542,O002950,P0005,1,69.9,69.9
I0005543,O002951,P0004,1,154.9,154.9
I0005544,O002952,P0003,1,62.91,62.91
I0005545,O002952,P0037,1,374.9,374.9
I0005546,O002953,P0009,2,239.9,479.8
I0005547,O002954,P0039,1,54.9,54.9
I0005548,O002955,P0022,2,208.91,417.82
I0005549,O002955,P0033,1,324.9,324.9
I0005550,O002956,P0030,1,179.9,179.9
I0005551,O002956,P0045,2,204.9,409.8
I0005552,O002956,P0038,2,314.9,629.8
I0005553,O002957,P0006,2,44.91,89.82
I0005554,O002957,P0018,1,19.9,19.9
I0005555,O002958,P0029,1,37.9,37.9
I0005556,O002958,P0028,1,170.91,170.91
I0005557,O002958,P0024,1,169.9,169.9
I0005558,O002958,P0004,1,154.9,154.9
I0005559,O002959,P0035,1,219.9,219.9
I0005560,O002959,P0014,2,175.41,350.82
I0005561,O002960,P0005,1,62.91,62.91
I0005562,O002960,P0035,1,219.9,219.9
I0005563,O002961,P0031,1,346.65,346.65
I0005564,O002962,P0035,1,219.9,219.9
I0005565,O002962,P0002,1,71.16,71.16
I0005566,O002963,P0004,1,154.9,154.9
I0005567,O002963,P0041,1,314.9,314.9
I0005568,O002964,P0032,1,166.16,166.16
I0005569,O002964,P0041,2,314.9,629.8
I0005570,O002964,P0029,1,35.91,35.91
I0005571,O002965,P0011,2,132.91,265.82
I0005572,O002966,P0025,3,269.9,809.7
I0005573,O002967,P0013,1,365.65,365.65
I0005574,O002967,P0002,1,67.41,67.41
I0005575,O002968,P0029,1,35.91,35.91
I0005576,O002968,P0001,2,69.9,139.8
I0005577,O002969,P0037,1,374.9,374.9
I0005578,O002969,P0042,2,137.66,275.32
I0005579,O002970,P0026,1,332.91,332.91
I0005580,O002970,P0025,1,269.9,269.9
I0005581,O002971,P0024,2,152.91,305.82
I0005582,O002971,P0042,1,144.9,144.9
I0005583,O002971,P0033,2,324.9,649.8
I0005584,O002972,P0018,1,18.9,18.9
I0005585,O002972,P0046,2,84.9,169.8
I0005586,O002973,P0022,1,219.9,219.9
I0005587,O002974,P0045,1,204.9,204.9
I0005588,O002974,P0042,1,137.66,137.66
I0005589,O002974,P0026,1,369.9,369.9
I0005590,O002975,P0019,2,144.9,289.8
I0005591,O002975,P0042,3,137.66,412.98
I0005592,O002976,P0014,2,175.41,350.82
I0005593,O002977,P0003,1,66.41,66.41
I0005594,O002977,P0026,2,351.4,702.8
I0005595,O002978,P0003,1,69.9,69.9
I0005596,O002978,P0023,1,208.91,208.91
I0005597,O002979,P0039,1,54.9,54.9
I0005598,O002980,P0006,1,47.4,47.4
I0005599,O002980,P0002,1,74.9,74.9
I0005600,O002981,P0021,1,143.91,143.91
I0005601,O002981,P0007,1,134.9,134.9
I0005602,O002982,P0012,1,274.9,274.9
I0005603,O002982,P0017,1,294.4,294.4
I0005604,O002983,P0009,1,215.91,215.91
I0005605,O002983,P0008,1,99.9,99.9
I0005606,O002984,P0008,1,99.9,99.9
I0005607,O002984,P0032,2,174.9,349.8
I0005608,O002985,P0008,1,89.91,89.91
I0005609,O002986,P0013,1,346.41,346.41
I0005610,O002986,P0008,1,89.91,89.91
I0005611,O002987,P0039,2,54.9,109.8
I0005612,O002987,P0037,1,374.9,374.9
I0005613,O002987,P0041,1,299.15,299.15
I0005614,O002987,P0007,3,134.9,404.7
I0005615,O002988,P0036,2,349.9,699.8
I0005616,O002989,P0005,1,62.91,62.91
I0005617,O002990,P0008,1,99.9,99.9
I0005618,O002991,P0009,1,239.9,239.9
I0005619,O002991,P0018,1,19.9,19.9
I0005620,O002992,P0001,1,69.9,69.9
I0005621,O002992,P0012,2,261.15,522.3
I0005622,O002992,P0031,1,364.9,364.9
I0005623,O002992,P0018,2,17.91,35.82
I0005624,O002993,P0031,1,328.41,328.41
I0005625,O002993,P0015,1,44.9,44.9
I0005626,O002993,P0038,1,283.41,283.41
I0005627,O002994,P0001,1,69.9,69.9
I0005628,O002995,P0016,1,274.9,274.9
I0005629,O002995,P0023,1,197.91,197.91
I0005630,O002996,P0004,1,147.16,147.16
I0005631,O002996,P0022,2,208.91,417.82
I0005632,O002996,P0014,1,194.9,194.9
I0005633,O002997,P0010,1,34.9,34.9
I0005634,O002997,P0025,1,242.91,242.91
I0005635,O002997,P0029,1,39.9,39.9
I0005636,O002998,P0039,1,52.15,52.15
I0005637,O002998,P0005,1,69.9,69.9
I0005638,O002998,P0035,1,197.91,197.91
I0005639,O002998,P0036,1,332.4,332.4
I0005640,O002999,P0006,1,49.9,49.9
I0005641,O002999,P0032,1,157.41,157.41
I0005642,O002999,P0027,2,314.9,629.8
I0005643,O003000,P0014,2,194.9,389.8
I0005644,O003000,P0001,1,69.9,69.9
I0005645,O003001,P0040,1,89.9,89.9
I0005646,O003001,P0003,1,69.9,69.9
I0005647,O003002,P0048,2,264.9,529.8
I0005648,O003002,P0032,3,166.16,498.48
I0005649,O003003,P0013,1,346.41,346.41
I0005650,O003003,P0007,1,128.16,128.16
I0005651,O003003,P0044,2,309.9,619.8
I0005652,O003004,P0008,1,99.9,99.9
I0005653,O003005,P0003,1,69.9,69.9
I0005654,O003005,P0027,1,314.9,314.9
I0005655,O003005,P0008,1,89.91,89.91
I0005656,O003006,P0008,2,99.9,199.8
I0005657,O003007,P0009,3,239.9,719.7
I0005658,O003008,P0011,2,125.91,251.82
I0005659,O003008,P0029,2,37.9,75.8
I0005660,O003009,P0008,1,99.9,99.9
I0005661,O003009,P0012,1,261.15,261.15
I0005662,O003010,P0031,1,364.9,364.9
I0005663,O003010,P0008,1,89.91,89.91
I0005664,O003011,P0040,1,85.41,85.41
I0005665,O003011,P0028,1,189.9,189.9
I0005666,O003012,P0022,2,219.9,439.8
I0005667,O003012,P0031,1,328.41,328.41
I0005668,O003012,P0024,2,169.9,339.8
I0005669,O003013,P0010,1,34.9,34.9
I0005670,O003013,P0021,1,159.9,159.9
I0005671,O003014,P0034,1,80.66,80.66
I0005672,O003015,P0042,1,130.41,130.41
I0005673,O003015,P0018,1,19.9,19.9
I0005674,O003016,P0005,1,62.91,62.91
I0005675,O003016,P0022,1,208.91,208.91
I0005676,O003016,P0015,2,44.9,89.8
I0005677,O003016,P0009,2,227.91,455.82
I0005678,O003017,P0002,1,74.9,74.9
I0005679,O003017,P0005,1,69.9,69.9
I0005680,O003017,P0027,1,314.9,314.9
I0005681,O003017,P0019,1,137.66,137.66
I0005682,O003018,P0018,1,19.9,19.9
I0005683,O003018,P0007,1,134.9,134.9
I0005684,O003019,P0012,1,274.9,274.9
I0005685,O003019,P0024,2,169.9,339.8
I0005686,O003019,P0046,1,84.9,84.9
I0005687,O003020,P0041,1,314.9,314.9
I0005688,O003021,P0025,1,269.9,269.9
I0005689,O003022,P0001,1,69.9,69.9
I0005690,O003022,P0030,1,179.9,179.9
I0005691,O003022,P0015,2,44.9,89.8
I0005692,O003023,P0022,1,219.9,219.9
I0005693,O003024,P0022,1,197.91,197.91
I0005694,O003024,P0009,1,227.91,227.91
I0005695,O003025,P0015,1,42.65,42.65
I0005696,O003026,P0004,1,139.41,139.41
I0005697,O003027,P0035,1,208.91,208.91
I0005698,O003028,P0005,2,69.9,139.8
I0005699,O003029,P0008,1,89.91,89.91
I0005700,O003029,P0011,1,139.9,139.9
I0005701,O003029,P0046,1,84.9,84.9
I0005702,O003029,P0004,1,154.9,154.9
I0005703,O003030,P0023,1,219.9,219.9
I0005704,O003031,P0024,1,169.9,169.9
I0005705,O003031,P0034,1,80.66,80.66
I0005706,O003032,P0028,1,189.9,189.9
I0005707,O003032,P0034,1,84.9,84.9
I0005708,O003033,P0041,1,314.9,314.9
I0005709,O003033,P0026,1,369.9,369.9
I0005710,O003034,P0028,1,189.9,189.9
I0005711,O003034,P0039,2,54.9,109.8
I0005712,O003035,P0013,1,384.9,384.9
I0005713,O003036,P0028,1,170.91,170.91
I0005714,O003036,P0043,1,280.15,280.15
I0005715,O003037,P0016,2,274.9,549.8
I0005716,O003037,P0022,1,219.9,219.9
I0005717,O003038,P0014,1,194.9,194.9
I0005718,O003038,P0009,1,239.9,239.9
I0005719,O003038,P0041,2,283.41,566.82
I0005720,O003039,P0001,1,69.9,69.9
I0005721,O003040,P0002,2,74.9,149.8
I0005722,O003040,P0012,1,261.15,261.15
I0005723,O003041,P0013,2,384.9,769.8
I0005724,O003041,P0028,1,189.9,189.9
I0005725,O003041,P0016,1,274.9,274.9
I0005726,O003042,P0007,1,134.9,134.9
I0005727,O003042,P0033,1,324.9,324.9
I0005728,O003042,P0016,1,274.9,274.9
I0005729,O003043,P0048,1,251.65,251.65
I0005730,O003044,P0037,1,337.41,337.41
I0005731,O003044,P0015,2,40.41,80.82
I0005732,O003044,P0001,2,69.9,139.8
I0005733,O003045,P0015,1,44.9,44.9
I0005734,O003045,P0029,1,37.9,37.9
I0005735,O003046,P0039,1,49.41,49.41
I0005736,O003046,P0020,1,79.9,79.9
I0005737,O003046,P0013,3,365.65,1096.95
I0005738,O003047,P0043,1,265.41,265.41
I0005739,O003048,P0018,1,19.9,19.9
I0005740,O003048,P0004,1,139.41,139.41
I0005741,O003048,P0035,1,197.91,197.91
I0005742,O003048,P0013,1,365.65,365.65
I0005743,O003049,P0045,1,204.9,204.9
I0005744,O003049,P0001,1,69.9,69.9
I0005745,O003050,P0034,1,84.9,84.9
I0005746,O003050,P0042,2,144.9,289.8
I0005747,O003050,P0013,2,384.9,769.8
I0005748,O003051,P0040,1,85.41,85.41
I0005749,O003052,P0048,1,264.9,264.9
I0005750,O003053,P0002,1,74.9,74.9
I0005751,O003053,P0037,1,356.15,356.15
I0005752,O003054,P0042,1,130.41,130.41
I0005753,O003054,P0026,1,332.91,332.91
I0005754,O003055,P0032,1,174.9,174.9
I0005755,O003055,P0043,1,294.9,294.9
I0005756,O003056,P0005,1,62.91,62.91
I0005757,O003056,P0008,1,94.91,94.91
I0005758,O003057,P0021,2,151.91,303.82
I0005759,O003058,P0006,1,49.9,49.9
I0005760,O003058,P0026,1,369.9,369.9
I0005761,O003058,P0039,1,54.9,54.9
I0005762,O003059,P0003,1,69.9,69.9
I0005763,O003060,P0024,1,169.9,169.9
I0005764,O003061,P0033,2,324.9,649.8
I0005765,O003062,P0019,1,144.9,144.9
I0005766,O003062,P0002,1,71.16,71.16
I0005767,O003062,P0024,1,169.9,169.9
I0005768,O003063,P0005,1,69.9,69.9
I0005769,O003064,P0027,1,314.9,314.9
I0005770,O003064,P0014,1,194.9,194.9
I0005771,O003065,P0034,2,76.41,152.82
I0005772,O003065,P0010,1,31.41,31.41
I0005773,O003066,P0001,2,62.91,125.82
I0005774,O003067,P0010,1,34.9,34.9
I0005775,O003067,P0028,1,189.9,189.9
I0005776,O003067,P0036,1,314.91,314.91
I0005777,O003068,P0035,2,219.9,439.8
I0005778,O003068,P0006,1,49.9,49.9
I0005779,O003069,P0034,1,84.9,84.9
I0005780,O003070,P0009,1,239.9,239.9
I0005781,O003071,P0008,1,94.91,94.91
I0005782,O003071,P0011,1,139.9,139.9
I0005783,O003072,P0028,2,170.91,341.82
I0005784,O003072,P0002,1,74.9,74.9
I0005785,O003073,P0042,2,130.41,260.82
I0005786,O003073,P0016,1,261.15,261.15
I0005787,O003074,P0003,1,66.41,66.41
I0005788,O003074,P0004,1,154.9,154.9
I0005789,O003074,P0006,1,47.4,47.4
I0005790,O003075,P0025,1,256.4,256.4
I0005791,O003076,P0045,1,204.9,204.9
I0005792,O003076,P0014,1,194.9,194.9
I0005793,O003077,P0014,2,185.16,370.32
I0005794,O003077,P0012,3,247.41,742.23
I0005795,O003078,P0022,1,219.9,219.9
I0005796,O003078,P0010,1,34.9,34.9
I0005797,O003079,P0027,1,314.9,314.9
I0005798,O003079,P0042,1,130.41,130.41
I0005799,O003079,P0018,2,19.9,39.8
I0005800,O003080,P0018,2,19.9,39.8
I0005801,O003081,P0044,1,309.9,309.9
I0005802,O003081,P0025,2,256.4,512.8
I0005803,O003082,P0012,1,274.9,274.9
I0005804,O003083,P0039,1,49.41,49.41
I0005805,O003083,P0011,1,139.9,139.9
I0005806,O003083,P0047,1,39.9,39.9
I0005807,O003084,P0025,1,269.9,269.9
I0005808,O003084,P0002,1,71.16,71.16
I0005809,O003084,P0005,1,69.9,69.9
I0005810,O003085,P0008,1,99.9,99.9
I0005811,O003085,P0037,1,374.9,374.9
I0005812,O003086,P0013,1,384.9,384.9
I0005813,O003087,P0042,1,130.41,130.41
I0005814,O003087,P0027,1,283.41,283.41
I0005815,O003087,P0022,1,219.9,219.9
I0005816,O003088,P0048,1,238.41,238.41
I0005817,O003088,P0035,1,219.9,219.9
I0005818,O003089,P0012,1,247.41,247.41
I0005819,O003090,P0033,1,324.9,324.9
I0005820,O003091,P0042,1,130.41,130.41
I0005821,O003092,P0008,1,94.91,94.91
I0005822,O003093,P0048,1,264.9,264.9
I0005823,O003094,P0001,1,66.41,66.41
I0005824,O003094,P0024,1,161.41,161.41
I0005825,O003095,P0004,2,154.9,309.8
I0005826,O003095,P0002,1,67.41,67.41
I0005827,O003095,P0043,1,280.15,280.15
I0005828,O003095,P0017,1,278.91,278.91
I0005829,O003096,P0002,1,71.16,71.16
I0005830,O003097,P0046,1,76.41,76.41
I0005831,O003097,P0033,1,324.9,324.9
I0005832,O003098,P0009,1,239.9,239.9
I0005833,O003098,P0028,1,189.9,189.9
I0005834,O003098,P0041,2,314.9,629.8
I0005835,O003099,P0040,1,89.9,89.9
I0005836,O003099,P0016,1,247.41,247.41
I0005837,O003099,P0020,2,75.91,151.82
I0005838,O003100,P0022,1,219.9,219.9
I0005839,O003101,P0028,3,170.91,512.73
I0005840,O003102,P0045,2,194.66,389.32
I0005841,O003102,P0037,1,356.15,356.15
I0005842,O003103,P0002,1,74.9,74.9
I0005843,O003103,P0033,1,324.9,324.9
I0005844,O003104,P0026,1,332.91,332.91
I0005845,O003104,P0031,1,328.41,328.41
I0005846,O003105,P0025,1,269.9,269.9
I0005847,O003106,P0004,1,154.9,154.9
I0005848,O003106,P0032,1,157.41,157.41
I0005849,O003106,P0028,2,189.9,379.8
I0005850,O003107,P0045,2,204.9,409.8
I0005851,O003108,P0029,1,39.9,39.9
I0005852,O003108,P0007,1,134.9,134.9
I0005853,O003108,P0043,1,294.9,294.9
I0005854,O003108,P0021,1,151.91,151.91
I0005855,O003109,P0047,1,37.9,37.9
I0005856,O003109,P0033,2,308.65,617.3
I0005857,O003110,P0022,1,219.9,219.9
I0005858,O003111,P0012,2,261.15,522.3
I0005859,O003112,P0048,1,264.9,264.9
I0005860,O003113,P0013,2,365.65,731.3
I0005861,O003113,P0023,1,219.9,219.9
I0005862,O003114,P0037,1,374.9,374.9
I0005863,O003114,P0025,1,269.9,269.9
I0005864,O003115,P0011,1,125.91,125.91
I0005865,O003115,P0003,1,69.9,69.9
I0005866,O003116,P0042,1,144.9,144.9
I0005867,O003116,P0040,1,89.9,89.9
I0005868,O003116,P0015,2,42.65,85.3
I0005869,O003116,P0045,1,204.9,204.9
I0005870,O003117,P0004,1,154.9,154.9
I0005871,O003117,P0037,2,356.15,712.3
I0005872,O003117,P0003,2,69.9,139.8
I0005873,O003118,P0047,2,39.9,79.8
I0005874,O003118,P0022,1,208.91,208.91
I0005875,O003119,P0046,2,84.9,169.8
I0005876,O003119,P0006,1,44.91,44.91
I0005877,O003119,P0048,1,251.65,251.65
I0005878,O003120,P0015,1,40.41,40.41
I0005879,O003120,P0044,1,309.9,309.9
I0005880,O003121,P0028,2,189.9,379.8
I0005881,O003121,P0034,3,84.9,254.7
I0005882,O003122,P0003,2,69.9,139.8
I0005883,O003122,P0046,1,84.9,84.9
I0005884,O003122,P0031,3,346.65,1039.95
I0005885,O003122,P0039,1,54.9,54.9
I0005886,O003123,P0039,1,49.41,49.41
I0005887,O003123,P0042,1,144.9,144.9
I0005888,O003123,P0021,1,159.9,159.9
I0005889,O003124,P0039,1,54.9,54.9
I0005890,O003125,P0032,2,157.41,314.82
I0005891,O003126,P0004,1,139.41,139.41
I0005892,O003126,P0005,1,69.9,69.9
I0005893,O003126,P0038,1,314.9,314.9
I0005894,O003127,P0001,1,69.9,69.9
I0005895,O003127,P0003,1,62.91,62.91
I0005896,O003128,P0042,1,137.66,137.66
I0005897,O003128,P0001,2,62.91,125.82
I0005898,O003129,P0015,1,44.9,44.9
I0005899,O003129,P0029,1,35.91,35.91
I0005900,O003130,P0004,1,154.9,154.9
I0005901,O003130,P0039,1,52.15,52.15
I0005902,O003130,P0009,1,227.91,227.91
I0005903,O003131,P0007,1,134.9,134.9
I0005904,O003132,P0008,1,99.9,99.9
I0005905,O003132,P0020,1,79.9,79.9
I0005906,O003133,P0048,1,251.65,251.65
I0005907,O003133,P0009,1,239.9,239.9
I0005908,O003133,P0018,1,19.9,19.9
I0005909,O003133,P0007,1,121.41,121.41
I0005910,O003134,P0013,1,384.9,384.9
I0005911,O003135,P0028,1,180.41,180.41
I0005912,O003136,P0003,2,69.9,139.8
I0005913,O003136,P0036,1,314.91,314.91
I0005914,O003137,P0013,3,384.9,1154.7
I0005915,O003138,P0023,1,219.9,219.9
I0005916,O003138,P0046,1,76.41,76.41
I0005917,O003139,P0025,1,256.4,256.4
I0005918,O003139,P0026,1,332.91,332.91
I0005919,O003139,P0038,2,299.15,598.3
I0005920,O003140,P0047,3,35.91,107.73
I0005921,O003141,P0022,2,219.9,439.8
I0005922,O003142,P0034,1,84.9,84.9
I0005923,O003142,P0002,3,74.9,224.7
I0005924,O003143,P0017,1,294.4,294.4
I0005925,O003144,P0035,2,197.91,395.82
I0005926,O003144,P0031,1,346.65,346.65
I0005927,O003144,P0041,1,283.41,283.41
I0005928,O003145,P0026,1,351.4,351.4
I0005929,O003145,P0003,1,62.91,62.91
I0005930,O003145,P0018,1,19.9,19.9
I0005931,O003146,P0018,1,17.91,17.91
I0005932,O003146,P0003,1,69.9,69.9
I0005933,O003147,P0028,1,180.41,180.41
I0005934,O003148,P0031,1,364.9,364.9
I0005935,O003148,P0010,1,34.9,34.9
I0005936,O003149,P0030,1,179.9,179.9
I0005937,O003150,P0003,1,69.9,69.9
I0005938,O003150,P0031,1,328.41,328.41
I0005939,O003150,P0044,1,294.4,294.4
I0005940,O003151,P0003,1,62.91,62.91
I0005941,O003151,P0005,1,69.9,69.9
I0005942,O003151,P0047,1,39.9,39.9
I0005943,O003151,P0009,1,227.91,227.91
I0005944,O003152,P0025,3,269.9,809.7
I0005945,O003153,P0038,2,314.9,629.8
I0005946,O003153,P0005,2,66.41,132.82
I0005947,O003154,P0011,2,139.9,279.8
I0005948,O003154,P0015,1,42.65,42.65
I0005949,O003154,P0024,1,169.9,169.9
I0005950,O003155,P0040,1,89.9,89.9
I0005951,O003156,P0028,1,170.91,170.91
I0005952,O003157,P0016,1,274.9,274.9
I0005953,O003158,P0044,1,309.9,309.9
I0005954,O003158,P0003,2,62.91,125.82
I0005955,O003159,P0001,1,69.9,69.9
I0005956,O003159,P0040,2,89.9,179.8
I0005957,O003160,P0023,1,208.91,208.91
I0005958,O003161,P0036,2,349.9,699.8
I0005959,O003161,P0005,1,69.9,69.9
I0005960,O003162,P0010,1,34.9,34.9
I0005961,O003162,P0021,1,159.9,159.9
I0005962,O003162,P0018,3,19.9,59.7
I0005963,O003163,P0017,1,294.4,294.4
I0005964,O003163,P0024,2,169.9,339.8
I0005965,O003164,P0012,1,274.9,274.9
I0005966,O003164,P0043,1,294.9,294.9
I0005967,O003164,P0023,1,219.9,219.9
I0005968,O003165,P0004,1,147.16,147.16
I0005969,O003166,P0044,1,309.9,309.9
I0005970,O003167,P0030,1,161.91,161.91
I0005971,O003168,P0014,1,194.9,194.9
I0005972,O003168,P0013,1,384.9,384.9
I0005973,O003168,P0006,1,47.4,47.4
I0005974,O003169,P0008,2,89.91,179.82
I0005975,O003169,P0012,1,274.9,274.9
I0005976,O003170,P0027,2,299.15,598.3
I0005977,O003171,P0042,1,137.66,137.66
I0005978,O003172,P0046,1,84.9,84.9
I0005979,O003172,P0020,1,75.91,75.91
I0005980,O003173,P0028,2,170.91,341.82
I0005981,O003173,P0034,2,76.41,152.82
I0005982,O003174,P0016,1,247.41,247.41
I0005983,O003174,P0008,1,99.9,99.9
I0005984,O003174,P0038,1,314.9,314.9
I0005985,O003175,P0006,1,49.9,49.9
I0005986,O003176,P0016,1,247.41,247.41
I0005987,O003176,P0048,1,264.9,264.9
I0005988,O003177,P0029,2,39.9,79.8
I0005989,O003177,P0030,1,161.91,161.91
I0005990,O003177,P0020,1,79.9,79.9
I0005991,O003177,P0042,1,144.9,144.9
I0005992,O003178,P0047,1,39.9,39.9
I0005993,O003179,P0016,1,274.9,274.9
I0005994,O003179,P0045,1,184.41,184.41
I0005995,O003179,P0022,1,219.9,219.9
I0005996,O003180,P0047,1,39.9,39.9
I0005997,O003180,P0019,1,144.9,144.9
I0005998,O003180,P0044,1,278.91,278.91
I0005999,O003180,P0030,1,161.91,161.91
I0006000,O003181,P0012,1,274.9,274.9
I0006001,O003181,P0043,2,265.41,530.82
I0006002,O003181,P0014,2,175.41,350.82
I0006003,O003182,P0006,1,49.9,49.9
I0006004,O003182,P0032,1,174.9,174.9
I0006005,O003183,P0003,1,69.9,69.9
I0006006,O003183,P0042,1,130.41,130.41
I0006007,O003184,P0004,1,154.9,154.9
I0006008,O003184,P0028,1,170.91,170.91
I0006009,O003184,P0039,1,54.9,54.9
I0006010,O003185,P0021,1,159.9,159.9
I0006011,O003186,P0018,3,19.9,59.7
I0006012,O003186,P0048,1,251.65,251.65
I0006013,O003187,P0017,1,294.4,294.4
I0006014,O003187,P0006,1,47.4,47.4
I0006015,O003187,P0004,1,147.16,147.16
I0006016,O003188,P0014,1,175.41,175.41
I0006017,O003188,P0005,2,69.9,139.8
I0006018,O003189,P0037,1,356.15,356.15
I0006019,O003190,P0019,1,137.66,137.66
I0006020,O003191,P0029,1,35.91,35.91
I0006021,O003192,P0047,1,39.9,39.9
I0006022,O003193,P0042,1,144.9,144.9
I0006023,O003193,P0025,3,242.91,728.73
I0006024,O003194,P0026,1,369.9,369.9
I0006025,O003195,P0003,1,69.9,69.9
I0006026,O003196,P0002,1,67.41,67.41
I0006027,O003197,P0004,1,147.16,147.16
I0006028,O003198,P0008,1,89.91,89.91
I0006029,O003198,P0011,1,125.91,125.91
I0006030,O003199,P0007,1,134.9,134.9
I0006031,O003200,P0002,1,74.9,74.9
I0006032,O003201,P0048,1,264.9,264.9
I0006033,O003201,P0017,2,278.91,557.82
I0006034,O003202,P0011,1,139.9,139.9
I0006035,O003202,P0025,1,269.9,269.9
I0006036,O003202,P0004,2,147.16,294.32
I0006037,O003203,P0013,1,384.9,384.9
I0006038,O003203,P0021,1,159.9,159.9
I0006039,O003203,P0003,1,69.9,69.9
I0006040,O003204,P0008,1,89.91,89.91
I0006041,O003204,P0033,1,324.9,324.9
I0006042,O003205,P0023,1,219.9,219.9
I0006043,O003205,P0009,1,239.9,239.9
I0006044,O003206,P0002,1,71.16,71.16
I0006045,O003206,P0041,1,283.41,283.41
I0006046,O003207,P0008,1,94.91,94.91
I0006047,O003207,P0029,2,35.91,71.82
I0006048,O003207,P0017,1,309.9,309.9
I0006049,O003207,P0021,1,159.9,159.9
I0006050,O003208,P0035,1,219.9,219.9
I0006051,O003208,P0015,1,44.9,44.9
I0006052,O003209,P0043,2,280.15,560.3
I0006053,O003210,P0020,1,79.9,79.9
I0006054,O003211,P0032,1,174.9,174.9
I0006055,O003212,P0037,1,374.9,374.9
I0006056,O003213,P0005,1,66.41,66.41
I0006057,O003213,P0016,1,261.15,261.15
I0006058,O003214,P0036,1,349.9,349.9
I0006059,O003214,P0023,1,219.9,219.9
I0006060,O003214,P0030,2,170.91,341.82
I0006061,O003215,P0015,1,40.41,40.41
I0006062,O003216,P0015,2,44.9,89.8
I0006063,O003216,P0018,1,19.9,19.9
I0006064,O003216,P0032,1,174.9,174.9
I0006065,O003217,P0031,2,364.9,729.8
I0006066,O003218,P0031,1,364.9,364.9
I0006067,O003219,P0007,1,134.9,134.9
I0006068,O003219,P0023,1,219.9,219.9
I0006069,O003220,P0024,2,161.41,322.82
I0006070,O003221,P0011,1,139.9,139.9
I0006071,O003222,P0021,1,159.9,159.9
I0006072,O003222,P0023,2,208.91,417.82
I0006073,O003223,P0021,1,159.9,159.9
I0006074,O003224,P0019,1,137.66,137.66
I0006075,O003224,P0013,1,384.9,384.9
I0006076,O003224,P0011,1,125.91,125.91
I0006077,O003224,P0040,1,80.91,80.91
I0006078,O003225,P0019,2,144.9,289.8
I0006079,O003225,P0017,1,309.9,309.9
I0006080,O003226,P0006,1,49.9,49.9
I0006081,O003226,P0003,1,69.9,69.9
I0006082,O003226,P0002,1,67.41,67.41
I0006083,O003227,P0026,1,351.4,351.4
I0006084,O003228,P0013,1,384.9,384.9
I0006085,O003228,P0030,1,179.9,179.9
I0006086,O003228,P0020,1,79.9,79.9
I0006087,O003229,P0026,1,369.9,369.9
I0006088,O003229,P0040,3,89.9,269.7
I0006089,O003230,P0039,1,54.9,54.9
I0006090,O003231,P0014,1,185.16,185.16
I0006091,O003232,P0013,1,384.9,384.9
I0006092,O003233,P0001,1,66.41,66.41
I0006093,O003233,P0036,2,349.9,699.8
I0006094,O003234,P0018,1,19.9,19.9
I0006095,O003235,P0005,1,69.9,69.9
I0006096,O003236,P0007,1,128.16,128.16
I0006097,O003237,P0034,1,84.9,84.9
I0006098,O003237,P0008,1,99.9,99.9
I0006099,O003238,P0003,1,62.91,62.91
I0006100,O003239,P0009,1,239.9,239.9
I0006101,O003239,P0003,1,69.9,69.9
I0006102,O003240,P0031,1,364.9,364.9
I0006103,O003241,P0015,2,44.9,89.8
I0006104,O003241,P0026,2,369.9,739.8
I0006105,O003242,P0032,1,166.16,166.16
I0006106,O003242,P0001,1,69.9,69.9
I0006107,O003243,P0045,1,194.66,194.66
I0006108,O003244,P0002,3,74.9,224.7
I0006109,O003245,P0014,2,185.16,370.32
I0006110,O003246,P0010,1,34.9,34.9
I0006111,O003247,P0011,1,139.9,139.9
I0006112,O003247,P0037,1,337.41,337.41
I0006113,O003248,P0006,1,44.91,44.91
I0006114,O003248,P0020,2,79.9,159.8
I0006115,O003248,P0010,1,33.15,33.15
I0006116,O003249,P0033,1,308.65,308.65
I0006117,O003250,P0028,1,180.41,180.41
I0006118,O003251,P0030,1,170.91,170.91
I0006119,O003252,P0034,1,84.9,84.9
I0006120,O003253,P0005,1,62.91,62.91
I0006121,O003253,P0018,2,17.91,35.82
I0006122,O003253,P0046,1,84.9,84.9
I0006123,O003254,P0009,2,239.9,479.8
I0006124,O003254,P0011,1,139.9,139.9
I0006125,O003255,P0032,2,174.9,349.8
I0006126,O003256,P0031,1,328.41,328.41
I0006127,O003257,P0041,1,314.9,314.9
I0006128,O003257,P0004,1,154.9,154.9
I0006129,O003258,P0047,1,35.91,35.91
I0006130,O003259,P0024,1,169.9,169.9
I0006131,O003259,P0003,3,69.9,209.7
I0006132,O003259,P0007,1,121.41,121.41
I0006133,O003260,P0032,1,174.9,174.9
I0006134,O003260,P0037,1,337.41,337.41
I0006135,O003261,P0017,1,309.9,309.9
I0006136,O003261,P0042,1,130.41,130.41
I0006137,O003262,P0034,1,80.66,80.66
I0006138,O003263,P0004,2,147.16,294.32
I0006139,O003263,P0032,1,166.16,166.16
I0006140,O003264,P0046,1,84.9,84.9
I0006141,O003265,P0005,1,66.41,66.41
I0006142,O003266,P0046,2,80.66,161.32
I0006143,O003266,P0043,1,280.15,280.15
I0006144,O003266,P0014,1,194.9,194.9
I0006145,O003266,P0032,1,166.16,166.16
I0006146,O003267,P0032,2,157.41,314.82
I0006147,O003267,P0029,1,37.9,37.9
I0006148,O003268,P0015,1,44.9,44.9
I0006149,O003269,P0024,1,169.9,169.9
I0006150,O003269,P0018,1,17.91,17.91
I0006151,O003269,P0001,1,69.9,69.9
I0006152,O003270,P0010,2,34.9,69.8
I0006153,O003270,P0013,1,384.9,384.9
I0006154,O003270,P0039,2,49.41,98.82
I0006155,O003271,P0044,1,294.4,294.4
I0006156,O003272,P0015,1,44.9,44.9
I0006157,O003273,P0019,2,144.9,289.8
I0006158,O003273,P0005,2,69.9,139.8
I0006159,O003274,P0005,2,69.9,139.8
I0006160,O003275,P0032,1,166.16,166.16
I0006161,O003276,P0024,1,169.9,169.9
I0006162,O003276,P0010,1,31.41,31.41
I0006163,O003276,P0026,2,369.9,739.8
I0006164,O003276,P0036,2,349.9,699.8
I0006165,O003277,P0027,2,314.9,629.8
I0006166,O003278,P0041,1,283.41,283.41
I0006167,O003279,P0028,1,189.9,189.9
I0006168,O003279,P0033,2,324.9,649.8
I0006169,O003280,P0016,1,274.9,274.9
I0006170,O003280,P0011,1,139.9,139.9
I0006171,O003281,P0015,1,44.9,44.9
I0006172,O003281,P0021,1,151.91,151.91
I0006173,O003282,P0021,1,143.91,143.91
I0006174,O003282,P0044,1,309.9,309.9
I0006175,O003283,P0022,1,197.91,197.91
I0006176,O003284,P0014,1,185.16,185.16
I0006177,O003284,P0048,1,238.41,238.41
I0006178,O003285,P0015,1,44.9,44.9
I0006179,O003285,P0034,1,80.66,80.66
I0006180,O003286,P0008,1,94.91,94.91
I0006181,O003287,P0005,1,69.9,69.9
I0006182,O003287,P0029,3,39.9,119.7
I0006183,O003288,P0047,2,39.9,79.8
I0006184,O003289,P0029,1,39.9,39.9
I0006185,O003289,P0046,1,76.41,76.41
I0006186,O003289,P0020,1,79.9,79.9
I0006187,O003290,P0002,1,67.41,67.41
I0006188,O003290,P0039,1,54.9,54.9
I0006189,O003290,P0008,1,99.9,99.9
I0006190,O003291,P0032,1,174.9,174.9
I0006191,O003291,P0027,2,299.15,598.3
I0006192,O003291,P0045,1,194.66,194.66
I0006193,O003292,P0002,1,71.16,71.16
I0006194,O003292,P0046,1,76.41,76.41
I0006195,O003293,P0002,2,74.9,149.8
I0006196,O003293,P0024,1,169.9,169.9
I0006197,O003293,P0005,1,69.9,69.9
I0006198,O003293,P0043,1,294.9,294.9
I0006199,O003294,P0020,2,79.9,159.8
I0006200,O003294,P0042,1,130.41,130.41
I0006201,O003295,P0020,1,75.91,75.91
I0006202,O003295,P0006,1,49.9,49.9
I0006203,O003295,P0036,1,349.9,349.9
I0006204,O003296,P0017,1,278.91,278.91
I0006205,O003296,P0015,1,44.9,44.9
I0006206,O003296,P0039,1,54.9,54.9
I0006207,O003297,P0022,1,197.91,197.91
I0006208,O003297,P0025,3,256.4,769.2
I0006209,O003297,P0048,1,264.9,264.9
I0006210,O003298,P0022,1,219.9,219.9
I0006211,O003298,P0048,2,251.65,503.3
I0006212,O003299,P0043,1,280.15,280.15
I0006213,O003299,P0033,2,308.65,617.3
I0006214,O003299,P0004,1,139.41,139.41
I0006215,O003300,P0025,2,269.9,539.8
I0006216,O003300,P0014,1,185.16,185.16
I0006217,O003301,P0002,1,71.16,71.16
I0006218,O003302,P0047,1,39.9,39.9
I0006219,O003302,P0012,1,274.9,274.9
I0006220,O003302,P0032,1,174.9,174.9
I0006221,O003302,P0011,1,139.9,139.9
I0006222,O003303,P0006,1,49.9,49.9
I0006223,O003304,P0018,2,19.9,39.8
I0006224,O003304,P0019,1,144.9,144.9
I0006225,O003304,P0006,3,44.91,134.73
I0006226,O003305,P0039,1,54.9,54.9
I0006227,O003305,P0028,1,170.91,170.91
I0006228,O003306,P0018,1,17.91,17.91
I0006229,O003306,P0009,1,239.9,239.9
I0006230,O003306,P0025,2,269.9,539.8
I0006231,O003307,P0017,1,294.4,294.4
I0006232,O003307,P0009,1,239.9,239.9
I0006233,O003307,P0036,2,349.9,699.8
I0006234,O003307,P0035,1,219.9,219.9
I0006235,O003308,P0023,2,219.9,439.8
I0006236,O003308,P0008,1,99.9,99.9
I0006237,O003309,P0001,1,69.9,69.9
I0006238,O003310,P0006,1,44.91,44.91
I0006239,O003310,P0030,1,179.9,179.9
I0006240,O003311,P0047,2,39.9,79.8
I0006241,O003312,P0043,1,294.9,294.9
I0006242,O003312,P0012,1,247.41,247.41
I0006243,O003312,P0013,1,384.9,384.9
I0006244,O003313,P0025,1,242.91,242.91
I0006245,O003314,P0037,1,374.9,374.9
I0006246,O003314,P0019,1,130.41,130.41
I0006247,O003314,P0006,1,49.9,49.9
I0006248,O003315,P0032,2,157.41,314.82
I0006249,O003315,P0043,2,280.15,560.3
I0006250,O003315,P0027,1,299.15,299.15
I0006251,O003316,P0043,1,294.9,294.9
I0006252,O003317,P0036,1,332.4,332.4
I0006253,O003317,P0032,1,174.9,174.9
I0006254,O003318,P0005,1,69.9,69.9
I0006255,O003318,P0044,2,294.4,588.8
I0006256,O003319,P0039,1,49.41,49.41
I0006257,O003320,P0020,1,71.91,71.91
I0006258,O003320,P0025,1,269.9,269.9
I0006259,O003320,P0003,2,66.41,132.82
I0006260,O003321,P0025,1,269.9,269.9
I0006261,O003322,P0040,1,85.41,85.41
I0006262,O003322,P0025,2,256.4,512.8
I0006263,O003322,P0010,1,34.9,34.9
I0006264,O003323,P0006,1,49.9,49.9
I0006265,O003324,P0030,1,179.9,179.9
I0006266,O003325,P0004,1,154.9,154.9
I0006267,O003325,P0019,1,137.66,137.66
I0006268,O003325,P0037,1,374.9,374.9
I0006269,O003326,P0012,1,261.15,261.15
I0006270,O003326,P0007,2,134.9,269.8
I0006271,O003326,P0011,1,139.9,139.9
I0006272,O003327,P0014,1,185.16,185.16
I0006273,O003327,P0009,1,227.91,227.91
I0006274,O003327,P0012,2,274.9,549.8
I0006275,O003327,P0018,1,19.9,19.9
I0006276,O003328,P0011,1,139.9,139.9
I0006277,O003329,P0039,1,54.9,54.9
I0006278,O003330,P0031,1,346.65,346.65
I0006279,O003331,P0022,1,197.91,197.91
I0006280,O003331,P0040,2,85.41,170.82
I0006281,O003332,P0012,1,247.41,247.41
I0006282,O003332,P0046,1,84.9,84.9
I0006283,O003332,P0040,1,80.91,80.91
I0006284,O003333,P0027,1,314.9,314.9
I0006285,O003333,P0047,2,39.9,79.8
I0006286,O003334,P0002,1,74.9,74.9
I0006287,O003334,P0007,1,128.16,128.16
I0006288,O003334,P0001,1,69.9,69.9
I0006289,O003335,P0045,1,204.9,204.9
I0006290,O003335,P0005,1,62.91,62.91
I0006291,O003335,P0048,1,264.9,264.9
I0006292,O003336,P0029,1,35.91,35.91
I0006293,O003336,P0027,1,314.9,314.9
I0006294,O003337,P0002,1,67.41,67.41
I0006295,O003338,P0034,1,84.9,84.9
I0006296,O003339,P0036,1,349.9,349.9
I0006297,O003340,P0038,2,314.9,629.8
I0006298,O003340,P0048,1,264.9,264.9
I0006299,O003340,P0043,1,280.15,280.15
I0006300,O003340,P0028,1,180.41,180.41
I0006301,O003341,P0039,1,52.15,52.15
I0006302,O003342,P0029,3,37.9,113.7
I0006303,O003342,P0006,2,49.9,99.8
I0006304,O003342,P0005,1,66.41,66.41
I0006305,O003343,P0013,1,365.65,365.65
I0006306,O003343,P0044,1,309.9,309.9
I0006307,O003343,P0047,2,39.9,79.8
I0006308,O003344,P0046,1,80.66,80.66
I0006309,O003345,P0022,1,208.91,208.91
I0006310,O003345,P0037,1,374.9,374.9
I0006311,O003345,P0003,1,62.91,62.91
I0006312,O003346,P0031,2,346.65,693.3
I0006313,O003347,P0004,1,154.9,154.9
I0006314,O003348,P0011,1,139.9,139.9
I0006315,O003348,P0021,1,159.9,159.9
I0006316,O003348,P0014,1,194.9,194.9
I0006317,O003349,P0007,1,134.9,134.9
I0006318,O003349,P0008,1,94.91,94.91
I0006319,O003350,P0001,1,69.9,69.9
I0006320,O003350,P0044,1,309.9,309.9
I0006321,O003351,P0036,1,349.9,349.9
I0006322,O003352,P0004,1,147.16,147.16
I0006323,O003352,P0028,1,170.91,170.91
I0006324,O003353,P0041,1,283.41,283.41
I0006325,O003354,P0015,1,44.9,44.9
I0006326,O003354,P0035,1,219.9,219.9
I0006327,O003354,P0002,1,71.16,71.16
I0006328,O003354,P0021,1,143.91,143.91
I0006329,O003355,P0038,2,314.9,629.8
I0006330,O003356,P0034,1,80.66,80.66
I0006331,O003356,P0007,2,134.9,269.8
I0006332,O003356,P0038,3,314.9,944.7
I0006333,O003356,P0012,1,274.9,274.9
I0006334,O003357,P0038,1,299.15,299.15
I0006335,O003357,P0004,1,147.16,147.16
I0006336,O003357,P0009,1,239.9,239.9
I0006337,O003358,P0009,3,239.9,719.7
I0006338,O003358,P0020,1,79.9,79.9
I0006339,O003358,P0032,1,174.9,174.9
I0006340,O003359,P0023,1,219.9,219.9
I0006341,O003359,P0022,2,208.91,417.82
I0006342,O003360,P0033,2,324.9,649.8
I0006343,O003360,P0036,1,349.9,349.9
I0006344,O003361,P0029,1,39.9,39.9
I0006345,O003361,P0028,1,189.9,189.9
I0006346,O003362,P0040,1,89.9,89.9
I0006347,O003362,P0048,1,251.65,251.65
I0006348,O003363,P0014,1,194.9,194.9
I0006349,O003364,P0015,1,40.41,40.41
I0006350,O003364,P0007,1,128.16,128.16
I0006351,O003364,P0002,1,71.16,71.16
I0006352,O003365,P0010,1,34.9,34.9
I0006353,O003365,P0012,2,274.9,549.8
I0006354,O003365,P0022,2,208.91,417.82
I0006355,O003366,P0029,1,35.91,35.91
I0006356,O003366,P0004,1,147.16,147.16
I0006357,O003367,P0005,1,66.41,66.41
I0006358,O003368,P0013,1,384.9,384.9
I0006359,O003369,P0030,3,161.91,485.73
I0006360,O003369,P0006,2,49.9,99.8
I0006361,O003370,P0002,3,74.9,224.7
I0006362,O003370,P0007,1,134.9,134.9
I0006363,O003370,P0015,3,44.9,134.7
I0006364,O003370,P0003,1,69.9,69.9
I0006365,O003371,P0013,1,346.41,346.41
I0006366,O003372,P0023,1,197.91,197.91
I0006367,O003372,P0017,1,309.9,309.9
I0006368,O003373,P0042,1,144.9,144.9
I0006369,O003374,P0038,1,314.9,314.9
I0006370,O003374,P0032,1,174.9,174.9
I0006371,O003374,P0013,1,384.9,384.9
I0006372,O003375,P0031,1,364.9,364.9
I0006373,O003375,P0030,2,179.9,359.8
I0006374,O003376,P0015,2,40.41,80.82
I0006375,O003377,P0006,1,44.91,44.91
I0006376,O003377,P0008,1,99.9,99.9
I0006377,O003378,P0048,1,264.9,264.9
I0006378,O003379,P0038,2,314.9,629.8
I0006379,O003379,P0021,1,143.91,143.91
I0006380,O003379,P0004,1,154.9,154.9
I0006381,O003380,P0012,1,274.9,274.9
I0006382,O003380,P0001,1,69.9,69.9
I0006383,O003381,P0024,1,169.9,169.9
I0006384,O003382,P0046,1,84.9,84.9
I0006385,O003383,P0002,1,74.9,74.9
I0006386,O003383,P0034,2,84.9,169.8
I0006387,O003383,P0018,2,17.91,35.82
I0006388,O003383,P0042,1,130.41,130.41
I0006389,O003384,P0019,1,144.9,144.9
I0006390,O003384,P0021,1,159.9,159.9
I0006391,O003385,P0010,1,31.41,31.41
I0006392,O003385,P0011,1,125.91,125.91
I0006393,O003386,P0034,3,84.9,254.7
I0006394,O003387,P0011,2,125.91,251.82
I0006395,O003387,P0029,1,39.9,39.9
I0006396,O003388,P0013,1,365.65,365.65
I0006397,O003388,P0015,1,44.9,44.9
I0006398,O003388,P0020,1,79.9,79.9
I0006399,O003389,P0008,1,99.9,99.9
I0006400,O003390,P0003,2,66.41,132.82
I0006401,O003390,P0013,1,365.65,365.65
I0006402,O003391,P0007,1,121.41,121.41
I0006403,O003391,P0004,2,154.9,309.8
I0006404,O003392,P0017,1,294.4,294.4
I0006405,O003392,P0026,1,369.9,369.9
I0006406,O003392,P0047,2,39.9,79.8
I0006407,O003392,P0010,3,34.9,104.7
I0006408,O003393,P0029,2,39.9,79.8
I0006409,O003394,P0037,1,374.9,374.9
I0006410,O003394,P0043,1,265.41,265.41
I0006411,O003394,P0010,1,34.9,34.9
I0006412,O003394,P0044,1,309.9,309.9
I0006413,O003395,P0027,1,299.15,299.15
I0006414,O003396,P0014,1,175.41,175.41
I0006415,O003397,P0035,3,219.9,659.7
I0006416,O003397,P0008,1,89.91,89.91
I0006417,O003397,P0006,1,44.91,44.91
I0006418,O003398,P0012,1,274.9,274.9
I0006419,O003398,P0015,2,42.65,85.3
I0006420,O003399,P0004,1,147.16,147.16
I0006421,O003399,P0026,1,351.4,351.4
I0006422,O003399,P0027,1,314.9,314.9
I0006423,O003399,P0001,1,69.9,69.9
I0006424,O003400,P0005,2,69.9,139.8
I0006425,O003400,P0007,1,134.9,134.9
I0006426,O003400,P0043,1,294.9,294.9
I0006427,O003401,P0014,2,194.9,389.8
I0006428,O003402,P0016,1,274.9,274.9
I0006429,O003403,P0001,1,69.9,69.9
I0006430,O003403,P0011,1,125.91,125.91
I0006431,O003404,P0002,1,67.41,67.41
I0006432,O003404,P0029,2,39.9,79.8
I0006433,O003405,P0045,1,204.9,204.9
I0006434,O003405,P0043,1,294.9,294.9
I0006435,O003406,P0014,1,194.9,194.9
I0006436,O003406,P0039,2,49.41,98.82
I0006437,O003407,P0043,1,294.9,294.9
I0006438,O003408,P0025,1,269.9,269.9
I0006439,O003409,P0002,2,74.9,149.8
I0006440,O003410,P0017,1,309.9,309.9
I0006441,O003411,P0041,1,299.15,299.15
I0006442,O003411,P0012,1,274.9,274.9
I0006443,O003412,P0047,2,37.9,75.8
I0006444,O003412,P0035,1,219.9,219.9
I0006445,O003413,P0025,2,269.9,539.8
I0006446,O003413,P0021,1,159.9,159.9
I0006447,O003414,P0018,1,19.9,19.9
I0006448,O003415,P0041,2,314.9,629.8
I0006449,O003415,P0040,2,80.91,161.82
I0006450,O003416,P0006,1,47.4,47.4
I0006451,O003417,P0013,1,346.41,346.41
I0006452,O003418,P0048,1,251.65,251.65
I0006453,O003418,P0030,1,179.9,179.9
I0006454,O003418,P0037,1,374.9,374.9
I0006455,O003419,P0010,1,34.9,34.9
I0006456,O003420,P0003,1,66.41,66.41
I0006457,O003420,P0028,1,180.41,180.41
I0006458,O003421,P0004,2,154.9,309.8
I0006459,O003421,P0009,2,239.9,479.8
I0006460,O003422,P0021,1,159.9,159.9
I0006461,O003422,P0040,1,89.9,89.9
I0006462,O003422,P0030,1,161.91,161.91
I0006463,O003423,P0002,1,71.16,71.16
I0006464,O003423,P0015,1,44.9,44.9
I0006465,O003424,P0009,1,227.91,227.91
I0006466,O003425,P0021,1,159.9,159.9
I0006467,O003426,P0003,1,69.9,69.9
I0006468,O003426,P0008,1,99.9,99.9
I0006469,O003427,P0007,1,128.16,128.16
I0006470,O003428,P0011,1,139.9,139.9
I0006471,O003428,P0023,2,219.9,439.8
I0006472,O003428,P0019,1,137.66,137.66
I0006473,O003429,P0021,1,159.9,159.9
I0006474,O003429,P0034,1,76.41,76.41
I0006475,O003429,P0006,1,44.91,44.91
I0006476,O003430,P0004,1,154.9,154.9
I0006477,O003430,P0024,1,152.91,152.91
I0006478,O003430,P0008,1,99.9,99.9
I0006479,O003431,P0034,1,84.9,84.9
I0006480,O003431,P0024,1,152.91,152.91
I0006481,O003432,P0023,1,197.91,197.91
I0006482,O003432,P0012,1,247.41,247.41
I0006483,O003432,P0044,2,309.9,619.8
I0006484,O003433,P0011,1,139.9,139.9
I0006485,O003433,P0012,1,247.41,247.41
I0006486,O003434,P0027,1,299.15,299.15
I0006487,O003434,P0008,1,89.91,89.91
I0006488,O003434,P0001,1,69.9,69.9
I0006489,O003434,P0044,1,278.91,278.91
I0006490,O003435,P0030,1,170.91,170.91
I0006491,O003436,P0007,1,134.9,134.9
I0006492,O003436,P0010,1,33.15,33.15
I0006493,O003437,P0048,1,251.65,251.65
I0006494,O003438,P0002,1,74.9,74.9
I0006495,O003438,P0047,1,39.9,39.9
I0006496,O003438,P0023,1,219.9,219.9
I0006497,O003439,P0002,1,74.9,74.9
I0006498,O003440,P0041,1,314.9,314.9
I0006499,O003440,P0048,2,264.9,529.8
I0006500,O003441,P0018,1,19.9,19.9
I0006501,O003442,P0028,1,189.9,189.9
I0006502,O003442,P0001,2,69.9,139.8
I0006503,O003443,P0028,1,180.41,180.41
I0006504,O003443,P0014,1,194.9,194.9
I0006505,O003444,P0001,1,69.9,69.9
I0006506,O003445,P0038,2,314.9,629.8
I0006507,O003445,P0007,1,121.41,121.41
I0006508,O003446,P0007,2,134.9,269.8
I0006509,O003446,P0026,1,351.4,351.4
I0006510,O003447,P0030,1,179.9,179.9
I0006511,O003448,P0002,1,74.9,74.9
I0006512,O003449,P0004,1,154.9,154.9
I0006513,O003450,P0048,1,238.41,238.41
I0006514,O003450,P0041,1,314.9,314.9
I0006515,O003450,P0042,2,137.66,275.32
I0006516,O003451,P0005,1,66.41,66.41
I0006517,O003451,P0038,2,314.9,629.8
I0006518,O003451,P0025,1,242.91,242.91
I0006519,O003452,P0034,1,84.9,84.9
I0006520,O003453,P0044,3,309.9,929.7
I0006521,O003454,P0010,1,34.9,34.9
I0006522,O003454,P0017,1,309.9,309.9
I0006523,O003455,P0007,1,128.16,128.16
I0006524,O003456,P0038,2,283.41,566.82
I0006525,O003456,P0003,3,69.9,209.7
I0006526,O003457,P0034,1,84.9,84.9
I0006527,O003457,P0006,1,47.4,47.4
I0006528,O003457,P0017,2,309.9,619.8
I0006529,O003457,P0003,1,69.9,69.9
I0006530,O003458,P0025,1,256.4,256.4
I0006531,O003458,P0016,1,274.9,274.9
I0006532,O003459,P0008,1,89.91,89.91
I0006533,O003459,P0015,2,44.9,89.8
I0006534,O003460,P0001,1,69.9,69.9
I0006535,O003460,P0048,1,264.9,264.9
I0006536,O003460,P0038,1,283.41,283.41
I0006537,O003461,P0042,1,130.41,130.41
I0006538,O003462,P0027,3,314.9,944.7
I0006539,O003463,P0022,2,208.91,417.82
I0006540,O003463,P0010,1,34.9,34.9
I0006541,O003463,P0032,2,166.16,332.32
I0006542,O003464,P0008,1,99.9,99.9
I0006543,O003465,P0006,1,49.9,49.9
I0006544,O003466,P0019,1,137.66,137.66
I0006545,O003466,P0005,1,69.9,69.9
I0006546,O003467,P0015,1,44.9,44.9
I0006547,O003467,P0023,1,219.9,219.9
I0006548,O003468,P0010,1,34.9,34.9
I0006549,O003468,P0032,1,166.16,166.16
I0006550,O003468,P0002,1,71.16,71.16
I0006551,O003469,P0037,1,374.9,374.9
I0006552,O003470,P0033,2,308.65,617.3
I0006553,O003470,P0036,1,349.9,349.9
I0006554,O003471,P0044,1,309.9,309.9
I0006555,O003471,P0034,1,84.9,84.9
I0006556,O003471,P0007,2,134.9,269.8
I0006557,O003471,P0015,1,42.65,42.65
I0006558,O003472,P0004,1,147.16,147.16
I0006559,O003473,P0032,1,166.16,166.16
I0006560,O003473,P0008,1,99.9,99.9
I0006561,O003473,P0035,1,219.9,219.9
I0006562,O003474,P0012,1,274.9,274.9
I0006563,O003474,P0003,1,69.9,69.9
I0006564,O003474,P0046,2,80.66,161.32
I0006565,O003474,P0002,1,74.9,74.9
I0006566,O003475,P0015,1,42.65,42.65
I0006567,O003476,P0020,1,79.9,79.9
I0006568,O003477,P0031,1,364.9,364.9
I0006569,O003477,P0017,1,309.9,309.9
I0006570,O003478,P0030,1,179.9,179.9
I0006571,O003478,P0029,1,39.9,39.9
I0006572,O003479,P0021,1,159.9,159.9
I0006573,O003479,P0006,1,49.9,49.9
I0006574,O003480,P0022,1,219.9,219.9
I0006575,O003481,P0015,2,40.41,80.82
I0006576,O003481,P0021,1,151.91,151.91
I0006577,O003482,P0036,1,349.9,349.9
I0006578,O003482,P0007,2,121.41,242.82
I0006579,O003483,P0040,1,85.41,85.41
I0006580,O003483,P0023,2,197.91,395.82
I0006581,O003484,P0027,1,314.9,314.9
I0006582,O003485,P0029,2,39.9,79.8
I0006583,O003486,P0041,1,314.9,314.9
I0006584,O003487,P0046,1,84.9,84.9
I0006585,O003488,P0023,2,208.91,417.82
I0006586,O003488,P0039,1,54.9,54.9
I0006587,O003488,P0004,2,147.16,294.32
I0006588,O003489,P0027,2,314.9,629.8
I0006589,O003490,P0015,1,44.9,44.9
I0006590,O003490,P0005,1,66.41,66.41
I0006591,O003491,P0042,1,144.9,144.9
I0006592,O003492,P0025,1,242.91,242.91
I0006593,O003492,P0035,1,219.9,219.9
I0006594,O003493,P0033,1,324.9,324.9
I0006595,O003493,P0009,1,227.91,227.91
I0006596,O003493,P0012,1,274.9,274.9
I0006597,O003494,P0027,2,299.15,598.3
I0006598,O003495,P0006,2,49.9,99.8
I0006599,O003496,P0030,1,179.9,179.9
I0006600,O003497,P0038,1,283.41,283.41
I0006601,O003498,P0021,1,143.91,143.91
I0006602,O003499,P0004,1,154.9,154.9
I0006603,O003499,P0032,1,174.9,174.9
I0006604,O003500,P0003,1,69.9,69.9
I0006605,O003500,P0002,1,74.9,74.9
I0006606,O003501,P0001,2,62.91,125.82
I0006607,O003501,P0023,1,219.9,219.9
I0006608,O003501,P0011,2,139.9,279.8
I0006609,O003502,P0029,1,39.9,39.9
I0006610,O003502,P0005,2,69.9,139.8
I0006611,O003502,P0047,1,37.9,37.9
I0006612,O003503,P0028,1,180.41,180.41
I0006613,O003503,P0005,1,69.9,69.9
I0006614,O003503,P0011,1,139.9,139.9
I0006615,O003504,P0002,1,74.9,74.9
I0006616,O003505,P0044,1,309.9,309.9
I0006617,O003506,P0001,2,62.91,125.82
I0006618,O003506,P0021,1,159.9,159.9
I0006619,O003506,P0022,2,197.91,395.82
I0006620,O003507,P0035,1,197.91,197.91
I0006621,O003507,P0002,2,67.41,134.82
I0006622,O003507,P0010,1,34.9,34.9
I0006623,O003508,P0026,1,369.9,369.9
I0006624,O003509,P0037,1,374.9,374.9
I0006625,O003509,P0008,1,94.91,94.91
I0006626,O003509,P0005,1,69.9,69.9
I0006627,O003510,P0031,1,364.9,364.9
I0006628,O003510,P0005,1,69.9,69.9
I0006629,O003510,P0015,1,42.65,42.65
I0006630,O003511,P0004,1,154.9,154.9
I0006631,O003512,P0011,2,132.91,265.82
I0006632,O003512,P0028,1,189.9,189.9
I0006633,O003513,P0012,3,247.41,742.23
I0006634,O003513,P0019,1,144.9,144.9
I0006635,O003513,P0010,1,31.41,31.41
I0006636,O003514,P0011,1,125.91,125.91
I0006637,O003514,P0030,1,170.91,170.91
I0006638,O003515,P0004,1,154.9,154.9
I0006639,O003516,P0019,1,144.9,144.9
I0006640,O003516,P0014,2,194.9,389.8
I0006641,O003517,P0039,3,54.9,164.7
I0006642,O003517,P0027,1,299.15,299.15
I0006643,O003518,P0031,1,346.65,346.65
I0006644,O003519,P0010,2,34.9,69.8
I0006645,O003520,P0037,2,374.9,749.8
I0006646,O003521,P0008,2,89.91,179.82
I0006647,O003521,P0032,1,174.9,174.9
I0006648,O003521,P0001,1,69.9,69.9
I0006649,O003522,P0007,1,134.9,134.9
I0006650,O003522,P0045,2,204.9,409.8
I0006651,O003522,P0025,1,242.91,242.91
I0006652,O003522,P0038,2,314.9,629.8
I0006653,O003523,P0039,1,54.9,54.9
I0006654,O003523,P0011,1,139.9,139.9
I0006655,O003524,P0023,2,219.9,439.8
I0006656,O003525,P0007,2,128.16,256.32
I0006657,O003525,P0014,1,175.41,175.41
I0006658,O003525,P0021,1,159.9,159.9
I0006659,O003525,P0027,2,283.41,566.82
I0006660,O003526,P0004,1,154.9,154.9
I0006661,O003526,P0020,1,75.91,75.91
I0006662,O003527,P0020,1,79.9,79.9
I0006663,O003527,P0014,1,194.9,194.9
I0006664,O003527,P0038,1,314.9,314.9
I0006665,O003528,P0029,3,39.9,119.7
I0006666,O003528,P0006,1,49.9,49.9
I0006667,O003528,P0022,1,208.91,208.91
I0006668,O003529,P0011,1,139.9,139.9
I0006669,O003529,P0021,2,159.9,319.8
I0006670,O003530,P0006,1,44.91,44.91
I0006671,O003530,P0038,1,283.41,283.41
I0006672,O003531,P0004,2,154.9,309.8
I0006673,O003531,P0026,1,332.91,332.91
I0006674,O003532,P0007,3,134.9,404.7
I0006675,O003533,P0044,1,309.9,309.9
I0006676,O003533,P0032,1,166.16,166.16
I0006677,O003534,P0005,3,62.91,188.73
I0006678,O003535,P0013,1,346.41,346.41
I0006679,O003535,P0008,1,99.9,99.9
I0006680,O003535,P0002,1,71.16,71.16
I0006681,O003536,P0004,1,139.41,139.41
I0006682,O003537,P0043,2,294.9,589.8
I0006683,O003537,P0008,1,99.9,99.9
I0006684,O003537,P0048,2,264.9,529.8
I0006685,O003537,P0022,1,219.9,219.9
I0006686,O003538,P0044,1,294.4,294.4
I0006687,O003538,P0018,1,19.9,19.9
I0006688,O003538,P0022,1,219.9,219.9
I0006689,O003539,P0003,1,66.41,66.41
I0006690,O003540,P0028,1,170.91,170.91
I0006691,O003541,P0001,1,69.9,69.9
I0006692,O003542,P0047,1,39.9,39.9
I0006693,O003542,P0011,1,125.91,125.91
I0006694,O003543,P0005,1,66.41,66.41
I0006695,O003544,P0034,1,84.9,84.9
I0006696,O003544,P0009,1,239.9,239.9
I0006697,O003544,P0013,1,365.65,365.65
I0006698,O003545,P0047,1,39.9,39.9
I0006699,O003546,P0033,1,324.9,324.9
I0006700,O003546,P0048,1,264.9,264.9
I0006701,O003547,P0009,1,215.91,215.91
I0006702,O003548,P0045,1,204.9,204.9
I0006703,O003548,P0015,1,44.9,44.9
I0006704,O003548,P0041,2,314.9,629.8
I0006705,O003549,P0002,1,67.41,67.41
I0006706,O003550,P0014,2,194.9,389.8
I0006707,O003550,P0007,1,134.9,134.9
I0006708,O003550,P0027,1,314.9,314.9
I0006709,O003551,P0033,1,324.9,324.9
I0006710,O003552,P0022,1,208.91,208.91
I0006711,O003552,P0006,1,49.9,49.9
I0006712,O003552,P0002,3,74.9,224.7
I0006713,O003553,P0041,1,314.9,314.9
I0006714,O003553,P0012,3,261.15,783.45
I0006715,O003553,P0010,1,34.9,34.9
I0006716,O003553,P0023,1,197.91,197.91
I0006717,O003554,P0031,2,328.41,656.82
I0006718,O003554,P0019,1,144.9,144.9
I0006719,O003555,P0006,1,49.9,49.9
I0006720,O003556,P0004,1,147.16,147.16
I0006721,O003556,P0028,1,189.9,189.9
I0006722,O003557,P0010,1,31.41,31.41
I0006723,O003557,P0009,1,239.9,239.9
I0006724,O003558,P0038,1,314.9,314.9
I0006725,O003558,P0037,1,374.9,374.9
I0006726,O003559,P0030,2,161.91,323.82
I0006727,O003559,P0009,1,215.91,215.91
I0006728,O003559,P0035,1,219.9,219.9
I0006729,O003559,P0007,2,134.9,269.8
I0006730,O003560,P0013,1,384.9,384.9
I0006731,O003561,P0014,1,194.9,194.9
I0006732,O003561,P0027,1,299.15,299.15
I0006733,O003562,P0047,2,39.9,79.8
I0006734,O003563,P0048,1,264.9,264.9
I0006735,O003563,P0024,1,152.91,152.91
I0006736,O003563,P0022,2,219.9,439.8
I0006737,O003564,P0023,1,219.9,219.9
I0006738,O003564,P0048,1,264.9,264.9
I0006739,O003565,P0048,2,264.9,529.8
I0006740,O003565,P0010,2,34.9,69.8
I0006741,O003565,P0019,1,144.9,144.9
I0006742,O003566,P0023,1,219.9,219.9
I0006743,O003566,P0039,1,52.15,52.15
I0006744,O003566,P0035,2,219.9,439.8
I0006745,O003566,P0037,1,374.9,374.9
I0006746,O003567,P0015,1,40.41,40.41
I0006747,O003568,P0010,3,34.9,104.7
I0006748,O003568,P0002,2,71.16,142.32
I0006749,O003569,P0041,1,314.9,314.9
I0006750,O003569,P0011,1,125.91,125.91
I0006751,O003570,P0002,1,71.16,71.16
I0006752,O003571,P0029,2,39.9,79.8
I0006753,O003572,P0012,1,274.9,274.9
I0006754,O003572,P0007,2,134.9,269.8
I0006755,O003573,P0001,1,69.9,69.9
I0006756,O003573,P0041,2,314.9,629.8
I0006757,O003573,P0039,1,52.15,52.15
I0006758,O003573,P0008,1,89.91,89.91
I0006759,O003574,P0006,1,44.91,44.91
I0006760,O003575,P0048,2,264.9,529.8
I0006761,O003575,P0043,2,265.41,530.82
I0006762,O003576,P0040,1,89.9,89.9
I0006763,O003577,P0031,2,328.41,656.82
I0006764,O003577,P0016,1,261.15,261.15
I0006765,O003578,P0045,1,204.9,204.9
I0006766,O003578,P0006,1,49.9,49.9
I0006767,O003579,P0007,1,121.41,121.41
I0006768,O003579,P0017,1,294.4,294.4
I0006769,O003579,P0006,1,47.4,47.4
I0006770,O003580,P0008,1,99.9,99.9
I0006771,O003581,P0028,1,189.9,189.9
I0006772,O003581,P0014,1,194.9,194.9
I0006773,O003582,P0008,2,99.9,199.8
I0006774,O003583,P0021,1,159.9,159.9
I0006775,O003584,P0010,2,33.15,66.3
I0006776,O003584,P0041,2,314.9,629.8
I0006777,O003584,P0026,1,369.9,369.9
I0006778,O003585,P0037,1,356.15,356.15
I0006779,O003585,P0027,1,314.9,314.9
I0006780,O003585,P0011,3,139.9,419.7
I0006781,O003586,P0032,1,174.9,174.9
I0006782,O003586,P0047,1,39.9,39.9
I0006783,O003587,P0028,1,180.41,180.41
I0006784,O003588,P0012,1,247.41,247.41
I0006785,O003588,P0030,2,161.91,323.82
I0006786,O003588,P0015,1,44.9,44.9
I0006787,O003589,P0035,1,219.9,219.9
I0006788,O003589,P0030,1,170.91,170.91
I0006789,O003590,P0037,2,374.9,749.8
I0006790,O003590,P0015,1,42.65,42.65
I0006791,O003590,P0014,1,185.16,185.16
I0006792,O003591,P0001,1,62.91,62.91
I0006793,O003591,P0026,2,369.9,739.8
I0006794,O003592,P0046,1,76.41,76.41
I0006795,O003593,P0021,3,159.9,479.7
I0006796,O003594,P0007,1,134.9,134.9
I0006797,O003595,P0043,1,294.9,294.9
I0006798,O003595,P0044,1,309.9,309.9
I0006799,O003596,P0033,1,324.9,324.9
I0006800,O003596,P0032,1,166.16,166.16
I0006801,O003596,P0037,1,374.9,374.9
I0006802,O003596,P0005,1,66.41,66.41
I0006803,O003597,P0007,1,134.9,134.9
I0006804,O003597,P0020,2,79.9,159.8
I0006805,O003598,P0008,1,89.91,89.91
I0006806,O003598,P0004,1,147.16,147.16
I0006807,O003599,P0007,1,121.41,121.41
I0006808,O003599,P0010,1,34.9,34.9
I0006809,O003599,P0043,1,280.15,280.15
I0006810,O003600,P0012,2,274.9,549.8
I0006811,O003600,P0014,1,194.9,194.9
I0006812,O003601,P0040,1,89.9,89.9
I0006813,O003601,P0020,1,71.91,71.91
I0006814,O003602,P0004,1,154.9,154.9
I0006815,O003603,P0045,1,194.66,194.66
I0006816,O003604,P0008,1,99.9,99.9
I0006817,O003604,P0001,1,66.41,66.41
I0006818,O003605,P0014,1,194.9,194.9
I0006819,O003605,P0027,1,314.9,314.9
I0006820,O003605,P0015,1,44.9,44.9
I0006821,O003605,P0041,1,314.9,314.9
I0006822,O003606,P0040,1,89.9,89.9
I0006823,O003606,P0014,1,175.41,175.41
I0006824,O003606,P0043,3,294.9,884.7
I0006825,O003606,P0002,1,74.9,74.9
I0006826,O003607,P0008,1,99.9,99.9
I0006827,O003607,P0006,1,49.9,49.9
I0006828,O003608,P0036,2,332.4,664.8
I0006829,O003608,P0007,1,134.9,134.9
I0006830,O003608,P0012,1,274.9,274.9
I0006831,O003608,P0028,1,170.91,170.91
I0006832,O003609,P0003,1,69.9,69.9
I0006833,O003610,P0036,3,349.9,1049.7
I0006834,O003610,P0022,2,219.9,439.8
I0006835,O003610,P0041,1,283.41,283.41
I0006836,O003610,P0011,1,132.91,132.91
I0006837,O003611,P0022,1,219.9,219.9
I0006838,O003612,P0017,1,278.91,278.91
I0006839,O003613,P0002,1,71.16,71.16
I0006840,O003614,P0040,1,89.9,89.9
I0006841,O003615,P0014,1,194.9,194.9
I0006842,O003615,P0002,1,74.9,74.9
I0006843,O003616,P0012,1,261.15,261.15
I0006844,O003616,P0024,1,169.9,169.9
I0006845,O003617,P0035,1,197.91,197.91
I0006846,O003618,P0028,2,189.9,379.8
I0006847,O003619,P0021,1,159.9,159.9
I0006848,O003620,P0037,1,374.9,374.9
I0006849,O003620,P0007,1,134.9,134.9
I0006850,O003621,P0025,1,269.9,269.9
I0006851,O003621,P0022,2,208.91,417.82
I0006852,O003621,P0004,2,139.41,278.82
I0006853,O003621,P0046,1,80.66,80.66
I0006854,O003622,P0028,1,180.41,180.41
I0006855,O003623,P0015,1,44.9,44.9
I0006856,O003623,P0045,1,204.9,204.9
I0006857,O003624,P0015,1,42.65,42.65
I0006858,O003624,P0026,1,332.91,332.91
I0006859,O003625,P0026,1,369.9,369.9
I0006860,O003625,P0034,1,76.41,76.41
I0006861,O003626,P0042,1,144.9,144.9
I0006862,O003626,P0006,1,49.9,49.9
I0006863,O003627,P0027,1,314.9,314.9
I0006864,O003628,P0021,1,159.9,159.9
I0006865,O003629,P0006,1,44.91,44.91
I0006866,O003629,P0043,2,294.9,589.8
I0006867,O003629,P0042,1,144.9,144.9
I0006868,O003630,P0008,1,89.91,89.91
I0006869,O003630,P0015,3,40.41,121.23
I0006870,O003631,P0029,2,39.9,79.8
I0006871,O003631,P0015,1,40.41,40.41
I0006872,O003632,P0002,1,74.9,74.9
I0006873,O003632,P0004,2,139.41,278.82
I0006874,O003632,P0039,1,52.15,52.15
I0006875,O003633,P0015,1,44.9,44.9
I0006876,O003634,P0009,1,215.91,215.91
I0006877,O003634,P0018,3,18.9,56.7
I0006878,O003634,P0023,2,208.91,417.82
I0006879,O003635,P0005,1,69.9,69.9
I0006880,O003636,P0015,1,44.9,44.9
I0006881,O003636,P0013,2,346.41,692.82
I0006882,O003637,P0018,1,19.9,19.9
I0006883,O003638,P0008,1,99.9,99.9
I0006884,O003638,P0012,1,274.9,274.9
I0006885,O003638,P0016,1,274.9,274.9
I0006886,O003638,P0005,1,66.41,66.41
I0006887,O003639,P0036,1,332.4,332.4
I0006888,O003640,P0022,1,197.91,197.91
I0006889,O003640,P0002,1,74.9,74.9
I0006890,O003640,P0011,2,125.91,251.82
I0006891,O003641,P0018,1,18.9,18.9
I0006892,O003642,P0004,1,147.16,147.16
I0006893,O003642,P0034,2,80.66,161.32
I0006894,O003643,P0047,1,37.9,37.9
I0006895,O003643,P0014,1,194.9,194.9
I0006896,O003643,P0013,1,384.9,384.9
I0006897,O003644,P0003,2,69.9,139.8
I0006898,O003645,P0005,1,69.9,69.9
I0006899,O003646,P0023,1,219.9,219.9
I0006900,O003646,P0007,1,134.9,134.9
I0006901,O003647,P0038,1,314.9,314.9
I0006902,O003647,P0020,1,79.9,79.9
I0006903,O003648,P0048,1,238.41,238.41
I0006904,O003648,P0029,1,35.91,35.91
I0006905,O003649,P0022,1,219.9,219.9
I0006906,O003649,P0031,1,328.41,328.41
I0006907,O003650,P0011,1,125.91,125.91
I0006908,O003651,P0005,1,69.9,69.9
I0006909,O003652,P0004,1,154.9,154.9
I0006910,O003653,P0011,1,139.9,139.9
I0006911,O003653,P0003,1,62.91,62.91
I0006912,O003653,P0041,1,299.15,299.15
I0006913,O003654,P0001,1,69.9,69.9
I0006914,O003654,P0017,1,309.9,309.9
I0006915,O003655,P0004,1,154.9,154.9
I0006916,O003655,P0048,1,264.9,264.9
I0006917,O003655,P0007,1,128.16,128.16
I0006918,O003656,P0002,1,74.9,74.9
I0006919,O003656,P0036,1,314.91,314.91
I0006920,O003656,P0019,1,144.9,144.9
I0006921,O003657,P0010,1,34.9,34.9
I0006922,O003658,P0005,1,69.9,69.9
I0006923,O003658,P0001,1,69.9,69.9
I0006924,O003659,P0033,1,324.9,324.9
I0006925,O003659,P0013,1,365.65,365.65
I0006926,O003660,P0015,1,44.9,44.9
I0006927,O003660,P0002,1,74.9,74.9
I0006928,O003661,P0047,1,37.9,37.9
I0006929,O003662,P0019,1,144.9,144.9
I0006930,O003662,P0008,2,99.9,199.8
I0006931,O003663,P0011,2,132.91,265.82
I0006932,O003663,P0028,1,180.41,180.41
I0006933,O003664,P0046,2,76.41,152.82
I0006934,O003664,P0025,1,242.91,242.91
I0006935,O003664,P0014,1,194.9,194.9
I0006936,O003665,P0014,3,194.9,584.7
I0006937,O003666,P0037,1,374.9,374.9
I0006938,O003666,P0048,1,264.9,264.9
I0006939,O003666,P0003,1,69.9,69.9
I0006940,O003667,P0038,2,314.9,629.8
I0006941,O003668,P0047,2,37.9,75.8
I0006942,O003669,P0029,2,35.91,71.82
I0006943,O003670,P0001,1,69.9,69.9
I0006944,O003671,P0005,3,62.91,188.73
I0006945,O003671,P0048,1,264.9,264.9
I0006946,O003671,P0023,1,219.9,219.9
I0006947,O003672,P0012,2,247.41,494.82
I0006948,O003672,P0013,1,365.65,365.65
I0006949,O003673,P0045,1,204.9,204.9
I0006950,O003673,P0029,1,39.9,39.9
I0006951,O003673,P0034,1,80.66,80.66
I0006952,O003674,P0025,1,269.9,269.9
I0006953,O003674,P0027,1,283.41,283.41
I0006954,O003674,P0023,1,197.91,197.91
I0006955,O003675,P0022,1,219.9,219.9
I0006956,O003675,P0009,1,215.91,215.91
I0006957,O003676,P0025,1,269.9,269.9
I0006958,O003676,P0029,1,39.9,39.9
I0006959,O003677,P0046,1,76.41,76.41
I0006960,O003677,P0025,1,242.91,242.91
I0006961,O003677,P0012,1,247.41,247.41
I0006962,O003678,P0021,1,143.91,143.91
I0006963,O003678,P0029,1,39.9,39.9
I0006964,O003679,P0021,1,159.9,159.9
I0006965,O003679,P0034,2,84.9,169.8
I0006966,O003679,P0009,1,239.9,239.9
I0006967,O003680,P0023,1,208.91,208.91
I0006968,O003680,P0047,1,37.9,37.9
I0006969,O003681,P0002,2,67.41,134.82
I0006970,O003682,P0009,1,215.91,215.91
I0006971,O003683,P0007,1,128.16,128.16
I0006972,O003684,P0002,3,74.9,224.7
I0006973,O003685,P0020,2,79.9,159.8
I0006974,O003685,P0043,1,294.9,294.9
I0006975,O003685,P0002,1,71.16,71.16
I0006976,O003686,P0004,1,139.41,139.41
I0006977,O003686,P0008,2,89.91,179.82
I0006978,O003687,P0013,1,384.9,384.9
I0006979,O003687,P0014,2,194.9,389.8
I0006980,O003688,P0017,1,309.9,309.9
I0006981,O003688,P0002,1,71.16,71.16
I0006982,O003689,P0003,2,69.9,139.8
I0006983,O003689,P0006,1,49.9,49.9
I0006984,O003690,P0042,1,144.9,144.9
I0006985,O003690,P0029,1,39.9,39.9
I0006986,O003691,P0040,1,85.41,85.41
I0006987,O003691,P0037,1,374.9,374.9
I0006988,O003692,P0043,2,265.41,530.82
I0006989,O003693,P0003,1,69.9,69.9
I0006990,O003694,P0004,1,147.16,147.16
I0006991,O003695,P0028,1,189.9,189.9
I0006992,O003696,P0011,1,125.91,125.91
I0006993,O003696,P0004,3,154.9,464.7
I0006994,O003697,P0044,1,309.9,309.9
I0006995,O003698,P0007,1,128.16,128.16
I0006996,O003698,P0022,2,208.91,417.82
I0006997,O003699,P0012,2,274.9,549.8
I0006998,O003699,P0037,3,374.9,1124.7
I0006999,O003700,P0013,1,384.9,384.9
I0007000,O003701,P0002,1,74.9,74.9
I0007001,O003701,P0008,1,99.9,99.9
I0007002,O003701,P0044,1,309.9,309.9
I0007003,O003702,P0006,1,47.4,47.4
I0007004,O003702,P0024,1,152.91,152.91
I0007005,O003703,P0007,1,134.9,134.9
I0007006,O003704,P0011,1,125.91,125.91
I0007007,O003704,P0007,1,128.16,128.16
I0007008,O003704,P0027,1,299.15,299.15
I0007009,O003705,P0011,1,139.9,139.9
I0007010,O003705,P0030,2,170.91,341.82
I0007011,O003706,P0035,1,219.9,219.9
I0007012,O003707,P0017,3,309.9,929.7
I0007013,O003708,P0030,2,161.91,323.82
I0007014,O003709,P0025,1,256.4,256.4
I0007015,O003709,P0048,1,251.65,251.65
I0007016,O003709,P0027,1,314.9,314.9
I0007017,O003709,P0002,1,74.9,74.9
I0007018,O003710,P0004,1,154.9,154.9
I0007019,O003711,P0002,1,71.16,71.16
I0007020,O003712,P0046,2,76.41,152.82
I0007021,O003713,P0041,1,314.9,314.9
I0007022,O003713,P0023,1,197.91,197.91
I0007023,O003714,P0014,1,194.9,194.9
I0007024,O003715,P0020,2,79.9,159.8
I0007025,O003715,P0047,1,39.9,39.9
I0007026,O003716,P0030,1,170.91,170.91
I0007027,O003717,P0044,1,294.4,294.4
I0007028,O003717,P0007,1,128.16,128.16
I0007029,O003718,P0009,2,239.9,479.8
I0007030,O003718,P0031,1,364.9,364.9
I0007031,O003718,P0005,1,69.9,69.9
I0007032,O003718,P0032,1,174.9,174.9
I0007033,O003719,P0015,1,42.65,42.65
I0007034,O003719,P0037,1,374.9,374.9
I0007035,O003720,P0002,1,74.9,74.9
I0007036,O003720,P0004,2,154.9,309.8
I0007037,O003720,P0017,1,309.9,309.9
I0007038,O003721,P0004,1,154.9,154.9
I0007039,O003721,P0035,1,197.91,197.91
I0007040,O003721,P0021,1,159.9,159.9
I0007041,O003722,P0014,1,185.16,185.16
I0007042,O003722,P0011,1,125.91,125.91
I0007043,O003723,P0012,1,274.9,274.9
I0007044,O003724,P0031,1,328.41,328.41
I0007045,O003724,P0028,1,170.91,170.91
I0007046,O003725,P0002,2,67.41,134.82
I0007047,O003725,P0001,1,69.9,69.9
I0007048,O003726,P0025,2,269.9,539.8
I0007049,O003726,P0031,1,364.9,364.9
I0007050,O003727,P0021,2,159.9,319.8
I0007051,O003728,P0003,1,69.9,69.9
I0007052,O003728,P0025,1,269.9,269.9
I0007053,O003729,P0003,1,69.9,69.9
I0007054,O003729,P0019,1,137.66,137.66
I0007055,O003730,P0010,1,31.41,31.41
I0007056,O003730,P0012,1,247.41,247.41
I0007057,O003730,P0003,1,62.91,62.91
I0007058,O003731,P0009,1,239.9,239.9
I0007059,O003732,P0025,1,242.91,242.91
I0007060,O003733,P0039,3,52.15,156.45
I0007061,O003733,P0001,2,62.91,125.82
I0007062,O003734,P0016,3,274.9,824.7
I0007063,O003735,P0022,2,219.9,439.8
I0007064,O003735,P0010,1,33.15,33.15
I0007065,O003735,P0039,1,54.9,54.9
I0007066,O003736,P0008,1,99.9,99.9
I0007067,O003737,P0019,1,137.66,137.66
I0007068,O003738,P0002,1,74.9,74.9
I0007069,O003738,P0006,1,49.9,49.9
I0007070,O003738,P0028,1,170.91,170.91
I0007071,O003739,P0029,1,37.9,37.9
I0007072,O003740,P0048,1,264.9,264.9
I0007073,O003740,P0007,2,134.9,269.8
I0007074,O003740,P0030,2,179.9,359.8
I0007075,O003740,P0006,1,47.4,47.4
I0007076,O003741,P0033,1,324.9,324.9
I0007077,O003742,P0036,1,332.4,332.4
I0007078,O003742,P0046,1,84.9,84.9
I0007079,O003742,P0037,1,374.9,374.9
I0007080,O003742,P0022,1,219.9,219.9
I0007081,O003743,P0047,3,39.9,119.7
I0007082,O003743,P0001,1,69.9,69.9
I0007083,O003744,P0022,1,219.9,219.9
I0007084,O003744,P0035,1,219.9,219.9
I0007085,O003745,P0041,1,283.41,283.41
I0007086,O003745,P0012,1,247.41,247.41
I0007087,O003746,P0007,2,134.9,269.8
I0007088,O003747,P0014,3,194.9,584.7
I0007089,O003747,P0005,1,62.91,62.91
I0007090,O003747,P0017,1,309.9,309.9
I0007091,O003748,P0001,1,69.9,69.9
I0007092,O003748,P0035,1,197.91,197.91
I0007093,O003749,P0030,1,179.9,179.9
I0007094,O003749,P0046,1,84.9,84.9
I0007095,O003749,P0027,1,314.9,314.9
I0007096,O003750,P0002,2,71.16,142.32
I0007097,O003751,P0047,2,37.9,75.8
I0007098,O003752,P0027,1,314.9,314.9
I0007099,O003752,P0013,1,365.65,365.65
I0007100,O003752,P0005,1,69.9,69.9
I0007101,O003753,P0005,2,69.9,139.8
I0007102,O003753,P0031,1,346.65,346.65
I0007103,O003753,P0034,1,84.9,84.9
I0007104,O003754,P0018,2,19.9,39.8
I0007105,O003754,P0035,1,208.91,208.91
I0007106,O003755,P0014,1,194.9,194.9
I0007107,O003755,P0020,1,71.91,71.91
I0007108,O003756,P0017,2,278.91,557.82
I0007109,O003757,P0040,1,89.9,89.9
I0007110,O003757,P0043,1,294.9,294.9
I0007111,O003758,P0009,2,239.9,479.8
I0007112,O003758,P0005,1,62.91,62.91
I0007113,O003758,P0032,1,166.16,166.16
I0007114,O003759,P0003,1,69.9,69.9
I0007115,O003760,P0023,1,219.9,219.9
I0007116,O003760,P0013,1,346.41,346.41
I0007117,O003761,P0002,1,67.41,67.41
I0007118,O003762,P0007,1,134.9,134.9
I0007119,O003763,P0048,1,251.65,251.65
I0007120,O003763,P0024,1,152.91,152.91
I0007121,O003764,P0009,1,227.91,227.91
I0007122,O003764,P0036,1,349.9,349.9
I0007123,O003765,P0009,2,239.9,479.8
I0007124,O003765,P0021,1,151.91,151.91
I0007125,O003766,P0041,3,314.9,944.7
I0007126,O003767,P0009,1,239.9,239.9
I0007127,O003768,P0008,1,99.9,99.9
I0007128,O003768,P0006,1,49.9,49.9
I0007129,O003769,P0005,1,69.9,69.9
I0007130,O003769,P0014,1,194.9,194.9
I0007131,O003770,P0029,1,35.91,35.91
I0007132,O003770,P0005,1,62.91,62.91
I0007133,O003770,P0015,3,42.65,127.95
I0007134,O003771,P0033,1,324.9,324.9
I0007135,O003771,P0046,1,76.41,76.41
I0007136,O003772,P0036,1,349.9,349.9
I0007137,O003772,P0006,1,47.4,47.4
I0007138,O003772,P0019,2,137.66,275.32
I0007139,O003772,P0029,1,39.9,39.9
I0007140,O003773,P0011,1,139.9,139.9
I0007141,O003773,P0043,1,294.9,294.9
I0007142,O003774,P0008,2,94.91,189.82
I0007143,O003774,P0005,1,69.9,69.9
I0007144,O003775,P0007,1,134.9,134.9
I0007145,O003775,P0033,1,292.41,292.41
I0007146,O003776,P0027,2,283.41,566.82
I0007147,O003777,P0028,1,189.9,189.9
I0007148,O003777,P0004,1,154.9,154.9
I0007149,O003777,P0003,1,62.91,62.91
I0007150,O003777,P0015,1,42.65,42.65
I0007151,O003778,P0018,1,19.9,19.9
I0007152,O003778,P0004,1,154.9,154.9
I0007153,O003779,P0016,1,274.9,274.9
I0007154,O003780,P0016,2,274.9,549.8
I0007155,O003780,P0009,2,239.9,479.8
I0007156,O003781,P0037,1,374.9,374.9
I0007157,O003781,P0035,1,219.9,219.9
I0007158,O003782,P0005,1,69.9,69.9
I0007159,O003782,P0004,1,154.9,154.9
I0007160,O003782,P0041,1,314.9,314.9
I0007161,O003783,P0034,1,80.66,80.66
I0007162,O003783,P0021,1,159.9,159.9
I0007163,O003784,P0028,1,170.91,170.91
I0007164,O003784,P0015,1,42.65,42.65
I0007165,O003785,P0004,1,139.41,139.41
I0007166,O003785,P0018,1,17.91,17.91
I0007167,O003785,P0006,2,49.9,99.8
I0007168,O003786,P0002,1,74.9,74.9
I0007169,O003786,P0042,2,137.66,275.32
I0007170,O003786,P0014,2,175.41,350.82
I0007171,O003786,P0034,1,84.9,84.9
I0007172,O003787,P0010,1,34.9,34.9
I0007173,O003788,P0020,1,71.91,71.91
I0007174,O003788,P0041,1,299.15,299.15
I0007175,O003789,P0001,1,66.41,66.41
I0007176,O003790,P0011,1,139.9,139.9
I0007177,O003790,P0020,1,75.91,75.91
I0007178,O003791,P0001,1,69.9,69.9
I0007179,O003791,P0009,1,227.91,227.91
I0007180,O003792,P0036,1,314.91,314.91
I0007181,O003792,P0004,2,147.16,294.32
I0007182,O003793,P0002,1,74.9,74.9
I0007183,O003793,P0026,2,369.9,739.8
I0007184,O003793,P0013,2,346.41,692.82
I0007185,O003793,P0035,2,208.91,417.82
I0007186,O003794,P0016,1,274.9,274.9
I0007187,O003794,P0014,2,194.9,389.8
I0007188,O003794,P0020,2,79.9,159.8
I0007189,O003795,P0025,1,269.9,269.9
I0007190,O003795,P0005,2,69.9,139.8
I0007191,O003796,P0034,1,84.9,84.9
I0007192,O003796,P0006,1,44.91,44.91
I0007193,O003797,P0041,1,314.9,314.9
I0007194,O003797,P0019,1,144.9,144.9
I0007195,O003797,P0014,1,194.9,194.9
I0007196,O003798,P0003,2,69.9,139.8
I0007197,O003799,P0015,1,44.9,44.9
I0007198,O003799,P0021,2,159.9,319.8
I0007199,O003800,P0048,1,251.65,251.65
I0007200,O003801,P0008,2,99.9,199.8
I0007201,O003801,P0006,1,44.91,44.91
I0007202,O003802,P0029,2,37.9,75.8
I0007203,O003802,P0021,2,159.9,319.8
I0007204,O003803,P0003,2,69.9,139.8
I0007205,O003804,P0005,1,66.41,66.41
I0007206,O003804,P0012,1,247.41,247.41
I0007207,O003805,P0039,1,54.9,54.9
I0007208,O003805,P0014,2,194.9,389.8
I0007209,O003806,P0006,1,47.4,47.4
I0007210,O003806,P0038,2,299.15,598.3
I0007211,O003806,P0013,1,346.41,346.41
I0007212,O003807,P0006,1,47.4,47.4
I0007213,O003807,P0001,1,69.9,69.9
I0007214,O003807,P0026,1,332.91,332.91
I0007215,O003808,P0016,1,274.9,274.9
I0007216,O003808,P0028,1,170.91,170.91
I0007217,O003808,P0031,1,364.9,364.9
I0007218,O003809,P0004,2,154.9,309.8
I0007219,O003809,P0002,1,71.16,71.16
I0007220,O003809,P0018,1,19.9,19.9
I0007221,O003810,P0002,1,74.9,74.9
I0007222,O003811,P0002,1,74.9,74.9
I0007223,O003811,P0011,1,139.9,139.9
I0007224,O003811,P0013,1,365.65,365.65
I0007225,O003812,P0027,1,314.9,314.9
I0007226,O003813,P0042,1,130.41,130.41
I0007227,O003814,P0007,1,134.9,134.9
I0007228,O003814,P0001,1,62.91,62.91
I0007229,O003815,P0025,1,269.9,269.9
I0007230,O003816,P0023,2,197.91,395.82
I0007231,O003817,P0046,1,76.41,76.41
I0007232,O003818,P0001,2,66.41,132.82
I0007233,O003819,P0022,1,208.91,208.91
I0007234,O003820,P0024,1,169.9,169.9
I0007235,O003820,P0014,1,185.16,185.16
I0007236,O003820,P0027,1,283.41,283.41
I0007237,O003821,P0002,1,74.9,74.9
I0007238,O003822,P0035,2,219.9,439.8
I0007239,O003822,P0030,1,161.91,161.91
I0007240,O003823,P0004,1,139.41,139.41
I0007241,O003823,P0032,1,166.16,166.16
I0007242,O003824,P0023,1,197.91,197.91
I0007243,O003825,P0043,2,294.9,589.8
I0007244,O003825,P0018,1,17.91,17.91
I0007245,O003825,P0023,2,219.9,439.8
I0007246,O003825,P0007,2,121.41,242.82
I0007247,O003826,P0045,1,204.9,204.9
I0007248,O003826,P0016,2,247.41,494.82
I0007249,O003827,P0023,1,219.9,219.9
I0007250,O003827,P0009,1,239.9,239.9
I0007251,O003828,P0004,2,154.9,309.8
I0007252,O003829,P0018,1,17.91,17.91
I0007253,O003830,P0018,1,19.9,19.9
I0007254,O003830,P0006,1,49.9,49.9
I0007255,O003831,P0023,1,197.91,197.91
I0007256,O003832,P0038,1,299.15,299.15
I0007257,O003832,P0018,1,17.91,17.91
I0007258,O003832,P0003,2,62.91,125.82
I0007259,O003833,P0028,1,170.91,170.91
I0007260,O003833,P0046,1,84.9,84.9
I0007261,O003833,P0021,1,151.91,151.91
I0007262,O003833,P0039,1,49.41,49.41
I0007263,O003834,P0026,1,369.9,369.9
I0007264,O003835,P0017,1,309.9,309.9
I0007265,O003836,P0018,1,19.9,19.9
I0007266,O003837,P0008,1,99.9,99.9
I0007267,O003838,P0011,1,139.9,139.9
I0007268,O003839,P0003,1,62.91,62.91
I0007269,O003839,P0020,1,71.91,71.91
I0007270,O003839,P0027,1,283.41,283.41
I0007271,O003840,P0038,2,314.9,629.8
I0007272,O003841,P0033,1,324.9,324.9
I0007273,O003841,P0030,1,179.9,179.9
I0007274,O003841,P0015,3,44.9,134.7
I0007275,O003842,P0032,1,174.9,174.9
I0007276,O003843,P0038,1,314.9,314.9
I0007277,O003844,P0006,1,44.91,44.91
I0007278,O003844,P0003,1,69.9,69.9
I0007279,O003845,P0027,1,283.41,283.41
I0007280,O003845,P0004,1,139.41,139.41
I0007281,O003845,P0030,1,179.9,179.9
I0007282,O003845,P0047,1,39.9,39.9
I0007283,O003846,P0036,3,332.4,997.2
I0007284,O003847,P0028,1,189.9,189.9
I0007285,O003847,P0001,3,62.91,188.73
I0007286,O003847,P0038,1,314.9,314.9
I0007287,O003848,P0020,2,79.9,159.8
I0007288,O003849,P0003,3,62.91,188.73
I0007289,O003850,P0040,1,89.9,89.9
I0007290,O003850,P0012,2,274.9,549.8
I0007291,O003850,P0014,1,194.9,194.9
I0007292,O003851,P0005,3,69.9,209.7
I0007293,O003851,P0006,2,49.9,99.8
I0007294,O003851,P0026,1,369.9,369.9
I0007295,O003852,P0023,1,219.9,219.9
I0007296,O003853,P0003,3,62.91,188.73
I0007297,O003854,P0005,1,62.91,62.91
I0007298,O003854,P0009,1,239.9,239.9
I0007299,O003854,P0002,1,74.9,74.9
I0007300,O003855,P0005,3,69.9,209.7
I0007301,O003855,P0006,1,49.9,49.9
I0007302,O003856,P0028,2,189.9,379.8
I0007303,O003856,P0015,2,44.9,89.8
I0007304,O003856,P0027,1,314.9,314.9
I0007305,O003857,P0032,1,174.9,174.9
I0007306,O003858,P0010,1,34.9,34.9
I0007307,O003858,P0015,3,40.41,121.23
I0007308,O003858,P0029,1,39.9,39.9
I0007309,O003859,P0019,2,130.41,260.82
I0007310,O003860,P0021,2,143.91,287.82
I0007311,O003861,P0037,1,356.15,356.15
I0007312,O003862,P0023,1,208.91,208.91
I0007313,O003863,P0006,1,47.4,47.4
I0007314,O003864,P0039,1,52.15,52.15
I0007315,O003865,P0028,2,189.9,379.8
I0007316,O003866,P0032,2,166.16,332.32
I0007317,O003866,P0038,1,299.15,299.15
I0007318,O003867,P0004,1,154.9,154.9
I0007319,O003868,P0028,1,170.91,170.91
I0007320,O003868,P0017,2,294.4,588.8
I0007321,O003868,P0011,1,139.9,139.9
I0007322,O003869,P0034,1,76.41,76.41
I0007323,O003870,P0022,2,219.9,439.8
I0007324,O003871,P0004,1,154.9,154.9
I0007325,O003872,P0015,1,42.65,42.65
I0007326,O003872,P0006,1,49.9,49.9
I0007327,O003872,P0034,1,76.41,76.41
I0007328,O003873,P0018,1,19.9,19.9
I0007329,O003874,P0024,1,152.91,152.91
I0007330,O003874,P0046,1,80.66,80.66
I0007331,O003875,P0037,1,374.9,374.9
I0007332,O003876,P0003,2,69.9,139.8
I0007333,O003877,P0047,1,39.9,39.9
I0007334,O003877,P0005,1,62.91,62.91
I0007335,O003877,P0032,1,174.9,174.9
I0007336,O003878,P0028,1,170.91,170.91
I0007337,O003879,P0021,1,159.9,159.9
I0007338,O003880,P0047,2,35.91,71.82
I0007339,O003880,P0011,1,139.9,139.9
I0007340,O003881,P0046,2,84.9,169.8
I0007341,O003881,P0025,1,269.9,269.9
I0007342,O003881,P0024,1,152.91,152.91
I0007343,O003882,P0031,2,328.41,656.82
I0007344,O003882,P0048,2,264.9,529.8
I0007345,O003882,P0037,1,374.9,374.9
I0007346,O003883,P0029,1,39.9,39.9
I0007347,O003883,P0025,1,269.9,269.9
I0007348,O003883,P0035,1,219.9,219.9
I0007349,O003883,P0031,2,364.9,729.8
I0007350,O003884,P0022,1,197.91,197.91
I0007351,O003884,P0012,1,274.9,274.9
I0007352,O003885,P0035,1,219.9,219.9
I0007353,O003886,P0021,1,143.91,143.91
I0007354,O003886,P0041,1,314.9,314.9
I0007355,O003887,P0010,1,31.41,31.41
I0007356,O003887,P0026,2,369.9,739.8
I0007357,O003888,P0027,1,314.9,314.9
I0007358,O003889,P0024,1,169.9,169.9
I0007359,O003889,P0031,2,364.9,729.8
I0007360,O003889,P0041,1,299.15,299.15
I0007361,O003890,P0044,1,278.91,278.91
I0007362,O003891,P0020,1,71.91,71.91
I0007363,O003891,P0028,1,189.9,189.9
I0007364,O003891,P0025,1,242.91,242.91
I0007365,O003892,P0015,2,44.9,89.8
I0007366,O003893,P0043,2,265.41,530.82
I0007367,O003893,P0040,1,89.9,89.9
I0007368,O003893,P0028,2,180.41,360.82
I0007369,O003894,P0015,2,44.9,89.8
I0007370,O003894,P0047,2,39.9,79.8
I0007371,O003895,P0035,1,219.9,219.9
I0007372,O003896,P0046,1,80.66,80.66
I0007373,O003897,P0045,1,204.9,204.9
I0007374,O003897,P0022,1,208.91,208.91
I0007375,O003898,P0033,2,324.9,649.8
I0007376,O003898,P0032,2,166.16,332.32
I0007377,O003898,P0017,1,309.9,309.9
I0007378,O003899,P0001,1,66.41,66.41
I0007379,O003900,P0035,1,219.9,219.9
I0007380,O003901,P0013,2,384.9,769.8
I0007381,O003902,P0042,1,137.66,137.66
I0007382,O003902,P0028,1,189.9,189.9
I0007383,O003903,P0001,1,69.9,69.9
I0007384,O003904,P0007,1,134.9,134.9
I0007385,O003904,P0005,2,69.9,139.8
I0007386,O003904,P0031,3,364.9,1094.7
I0007387,O003905,P0006,1,49.9,49.9
I0007388,O003906,P0008,1,94.91,94.91
I0007389,O003906,P0002,1,67.41,67.41
I0007390,O003907,P0025,1,256.4,256.4
I0007391,O003907,P0037,1,374.9,374.9
I0007392,O003908,P0001,2,69.9,139.8
I0007393,O003908,P0009,1,239.9,239.9
I0007394,O003909,P0002,1,67.41,67.41
I0007395,O003909,P0013,1,384.9,384.9
I0007396,O003910,P0030,1,170.91,170.91
I0007397,O003911,P0011,1,132.91,132.91
I0007398,O003911,P0006,1,49.9,49.9
I0007399,O003912,P0004,1,147.16,147.16
I0007400,O003912,P0022,1,197.91,197.91
I0007401,O003913,P0018,1,18.9,18.9
I0007402,O003913,P0007,1,134.9,134.9
I0007403,O003914,P0021,2,151.91,303.82
I0007404,O003915,P0015,1,42.65,42.65
I0007405,O003915,P0008,1,99.9,99.9
I0007406,O003915,P0035,1,219.9,219.9
I0007407,O003916,P0003,2,66.41,132.82
I0007408,O003917,P0047,2,39.9,79.8
I0007409,O003917,P0010,2,34.9,69.8
I0007410,O003918,P0046,1,84.9,84.9
I0004145,O002206,P0009,1,239.9,239.9
I0000741,O000393,P0015,2,44.9,89.8
I0000243,O000131,P0028,1,189.9,189.9
I0001546,O000817,P0006,1,49.9,49.9
I0007031,O003718,P0005,1,69.9,69.9
I0007263,O003834,P0026,1,369.9,369.9
I0006124,O003254,P0011,1,139.9,139.9
I0006254,O003318,P0005,1,69.9,69.9
I0005592,O002976,P0014,2,175.41,350.82
I0006842,O003615,P0002,1,74.9,74.9
