session_id,customer_id,session_start,channel,device,ab_group,converted,order_id
S000001,C01154,2025-05-19 07:39:35,email,mobile,A,0,
S000002,C01540,2025-08-09 08:45:45,email,desktop,A,0,
S000003,C01900,2025-01-09 12:35:28,email,mobile,A,0,
S000004,C00285,2025-09-21 20:12:56,social,tablet,B,1,O000001
S000005,C00286,2025-02-08 15:43:27,paid_search,mobile,A,0,
S000006,C01950,2025-06-24 23:26:15,email,desktop,A,0,
S000007,C01186,2025-10-04 19:05:27,referral,mobile,A,0,
S000008,C01249,2025-06-28 08:44:19,email,mobile,B,0,
S000009,C01484,2025-10-10 23:04:55,paid_search,mobile,A,1,O000002
S000010,C00243,2025-06-29 07:21:00,referral,desktop,B,0,
S000011,C00892,2025-08-06 23:21:59,referral,desktop,A,1,O000003
S000012,C01310,2025-02-07 10:47:54,email,mobile,A,0,
S000013,C00315,2025-07-02 19:27:42,organic,mobile,B,0,
S000014,C01447,2025-06-07 16:47:52,social,mobile,B,0,
S000015,C01537,2025-08-05 22:23:04,paid_search,desktop,B,0,
S000016,C00329,2025-01-23 10:26:46,referral,desktop,B,0,
S000017,C00508,2025-06-07 07:52:42,organic,desktop,A,0,
S000018,C01463,2025-06-14 07:47:56,paid_search,mobile,B,0,
S000019,C01929,2025-11-06 09:31:14,paid_search,mobile,B,0,
S000020,C00375,2025-10-27 10:00:23,email,mobile,B,0,
S000021,C00458,2025-07-13 09:47:32,organic,desktop,A,0,
S000022,C00265,2025-10-22 11:29:08,organic,desktop,B,1,O000004
S000023,C00937,2025-11-12 16:20:06,social,mobile,B,0,
S000024,C00443,2025-10-13 12:08:18,social,mobile,B,0,
S000025,C00544,2025-05-14 21:07:16,referral,mobile,A,0,
S000026,C00338,2025-04-19 12:03:03,referral,desktop,A,1,O000005
S000027,C00507,2025-08-29 07:41:01,referral,tablet,B,0,
S000028,C01697,2025-07-24 13:38:16,email,mobile,B,0,
S000029,C00897,2025-05-13 15:59:43,email,mobile,B,0,
S000030,C01881,2025-01-25 13:53:18,referral,desktop,B,0,
S000031,C01246,2025-11-13 17:41:28,organic,mobile,A,0,
S000032,C00450,2025-01-25 13:22:35,paid_search,mobile,A,0,
S000033,C01112,2025-03-20 15:30:50,paid_search,mobile,A,0,
S000034,C00545,2025-01-06 23:18:31,organic,mobile,B,0,
S000035,C00429,2025-02-14 13:52:17,email,desktop,B,0,
S000036,C00685,2025-03-14 18:12:19,organic,mobile,B,0,
S000037,C00745,2025-11-05 09:13:35,referral,mobile,B,1,O000006
S000038,C01684,2025-12-20 20:47:02,organic,desktop,A,1,O000007
S000039,C00535,2025-12-15 18:41:09,referral,mobile,B,0,
S000040,C00200,2025-06-04 07:34:21,paid_search,desktop,A,1,O000008
S000041,C01855,2025-01-25 16:10:02,organic,mobile,B,0,
S000042,C01918,2025-05-31 11:17:06,organic,mobile,A,0,
S000043,C01154,2025-12-28 10:45:24,paid_search,mobile,A,0,
S000044,C00665,2025-04-17 08:51:46,social,mobile,B,1,O000009
S000045,C01275,2025-01-09 17:08:31,paid_search,mobile,B,0,
S000046,C00861,2025-10-22 13:09:12,paid_search,mobile,B,0,
S000047,C01303,2025-09-21 21:17:37,organic,mobile,B,0,
S000048,C00308,2025-05-15 20:34:17,social,desktop,A,1,O000010
S000049,C01189,2025-05-12 11:39:36,paid_search,desktop,B,0,
S000050,C01319,2025-02-26 09:47:05,email,mobile,B,0,
S000051,C00714,2025-01-11 10:31:49,paid_search,mobile,A,1,O000011
S000052,C00747,2025-12-10 23:30:47,organic,mobile,B,0,
S000053,C00879,2025-08-05 08:45:40,referral,mobile,B,0,
S000054,C00873,2025-06-24 21:11:55,organic,mobile,B,0,
S000055,C00939,2025-10-25 22:30:03,referral,tablet,B,0,
S000056,C01230,2025-08-16 16:39:33,organic,mobile,A,0,
S000057,C01180,2025-12-29 15:00:07,paid_search,desktop,A,0,
S000058,C00566,2025-05-04 20:39:37,paid_search,desktop,A,0,
S000059,C00779,2025-01-18 10:19:16,paid_search,mobile,B,1,O000012
S000060,C01128,2025-11-26 16:16:41,paid_search,mobile,A,0,
S000061,C01843,2025-03-26 16:50:30,social,tablet,B,0,
S000062,C01469,2025-06-30 13:42:09,organic,desktop,B,0,
S000063,C01490,2025-10-08 10:42:28,organic,mobile,A,0,
S000064,C01427,2025-02-07 13:03:35,email,mobile,B,0,
S000065,C00478,2025-12-28 13:18:00,social,mobile,A,1,O000013
S000066,C00521,2025-06-12 08:36:47,paid_search,mobile,B,0,
S000067,C01698,2025-03-08 18:33:52,organic,mobile,A,0,
S000068,C00508,2025-04-05 11:32:47,paid_search,mobile,A,0,
S000069,C00810,2025-06-21 11:36:38,referral,mobile,A,0,
S000070,C01621,2025-12-05 15:09:09,social,desktop,B,1,O000014
S000071,C00136,2025-10-13 14:32:26,paid_search,tablet,A,1,O000015
S000072,C00488,2025-03-25 14:30:21,organic,desktop,A,0,
S000073,C00197,2025-05-15 12:57:07,referral,mobile,B,0,
S000074,C00140,2025-07-20 09:45:01,paid_search,desktop,A,1,O000016
S000075,C00734,2025-09-19 09:41:44,referral,mobile,A,0,
S000076,C01102,2025-01-15 14:37:48,paid_search,desktop,A,1,O000017
S000077,C00052,2025-01-07 21:42:14,organic,mobile,A,0,
S000078,C00959,2025-04-23 12:39:08,organic,mobile,B,1,O000018
S000079,C00016,2025-12-08 15:11:19,organic,mobile,A,0,
S000080,C01230,2025-05-13 19:30:13,paid_search,mobile,A,1,O000019
S000081,C00193,2025-11-19 11:51:53,organic,desktop,B,0,
S000082,C01126,2025-12-13 23:52:54,organic,desktop,A,0,
S000083,C00737,2025-10-21 20:57:15,paid_search,mobile,B,0,
S000084,C01760,2025-04-10 18:05:25,paid_search,mobile,A,0,
S000085,C00898,2025-11-21 14:39:18,email,desktop,A,0,
S000086,C00148,2025-01-02 09:24:30,paid_search,desktop,A,0,
S000087,C01820,2025-12-02 22:04:25,email,mobile,A,0,
S000088,C01469,2025-12-03 15:29:37,email,desktop,B,0,
S000089,C01614,2025-11-28 19:32:32,organic,mobile,A,0,
S000090,C00592,2025-11-08 23:47:03,organic,desktop,A,1,O000020
S000091,C00354,2025-06-03 22:47:46,paid_search,mobile,A,0,
S000092,C00281,2025-08-26 08:16:44,referral,mobile,B,1,O000021
S000093,C00393,2025-12-24 15:54:29,social,mobile,B,0,
S000094,C01953,2025-08-15 07:09:25,organic,mobile,B,0,
S000095,C00177,2025-05-12 07:34:52,referral,mobile,B,0,
S000096,C00981,2025-08-13 09:31:52,paid_search,desktop,B,1,O000022
S000097,C01238,2025-11-19 16:26:51,social,mobile,A,0,
S000098,C00998,2025-10-18 20:51:18,social,mobile,A,0,
S000099,C01824,2025-05-09 09:45:49,referral,desktop,A,0,
S000100,C01895,2025-08-16 19:49:29,social,tablet,B,1,O000023
S000101,C00488,2025-07-02 11:28:29,paid_search,desktop,A,1,O000024
S000102,C01219,2025-08-18 08:45:44,organic,mobile,B,1,O000025
S000103,C00837,2025-08-25 11:24:18,paid_search,mobile,B,0,
S000104,C01945,2025-07-02 16:08:29,organic,desktop,B,0,
S000105,C01863,2025-03-29 15:33:27,social,desktop,B,0,
S000106,C00209,2025-06-21 23:50:14,email,desktop,B,0,
S000107,C00654,2025-07-27 17:30:11,organic,mobile,A,0,
S000108,C00672,2025-06-08 14:19:28,paid_search,mobile,A,1,O000026
S000109,C00117,2025-05-13 21:56:04,organic,tablet,B,0,
S000110,C00402,2025-08-10 12:25:27,email,mobile,A,0,
S000111,C01766,2025-03-07 12:05:04,social,mobile,A,0,
S000112,C01952,2025-06-16 11:42:30,referral,desktop,A,1,O000027
S000113,C01411,2025-07-02 14:52:16,paid_search,mobile,B,0,
S000114,C01079,2025-04-03 16:16:18,referral,mobile,B,0,
S000115,C01119,2025-04-21 21:50:11,Unknown,mobile,B,0,
S000116,C01934,2025-09-01 08:13:01,referral,mobile,A,0,
S000117,C01799,2025-09-29 11:20:23,paid_search,desktop,B,1,O000028
S000118,C00981,2025-05-19 12:01:48,paid_search,desktop,B,1,O000029
S000119,C00068,2025-04-14 23:29:57,organic,mobile,A,0,
S000120,C01288,2025-04-14 09:18:56,paid_search,mobile,A,0,
S000121,C00202,2025-06-10 21:47:03,email,mobile,A,1,O000030
S000122,C00498,2025-12-27 21:39:58,email,mobile,A,1,O000031
S000123,C00380,2025-12-20 17:56:32,organic,mobile,A,0,
S000124,C00988,2025-04-23 07:10:06,paid_search,desktop,A,0,
S000125,C00663,2025-01-27 08:38:12,email,desktop,B,0,
S000126,C00257,2025-05-19 18:15:47,organic,mobile,B,0,
S000127,C00267,2025-06-21 08:10:32,paid_search,desktop,B,1,O000032
S000128,C00557,2025-01-18 13:52:39,organic,mobile,B,0,
S000129,C01477,2025-08-03 08:11:41,organic,mobile,B,0,
S000130,C00870,2025-07-26 19:50:07,organic,tablet,A,0,
S000131,C00099,2025-10-18 07:56:32,organic,mobile,B,0,
S000132,C00590,2025-10-24 22:31:06,paid_search,mobile,A,0,
S000133,C00735,2025-05-02 11:38:40,email,mobile,B,1,O000033
S000134,C01221,2025-10-07 12:59:06,paid_search,mobile,B,0,
S000135,C00024,2025-10-05 10:26:48,social,desktop,A,0,
S000136,C01277,2025-03-12 10:23:52,organic,mobile,B,1,O000034
S000137,C01008,2025-08-16 12:43:42,referral,desktop,A,1,O000035
S000138,C01203,2025-09-23 07:07:15,organic,mobile,B,1,O000036
S000139,C01475,2025-04-08 23:31:51,paid_search,mobile,B,0,
S000140,C00954,2025-01-28 16:54:22,social,mobile,A,0,
S000141,C01986,2025-02-09 20:10:04,social,mobile,A,0,
S000142,C01759,2025-09-02 22:09:51,referral,desktop,B,0,
S000143,C01338,2025-08-14 20:29:29,organic,mobile,A,0,
S000144,C01975,2025-12-26 09:25:44,referral,mobile,B,1,O000037
S000145,C01680,2025-04-18 18:43:30,organic,mobile,A,0,
S000146,C01661,2025-06-10 09:31:41,social,desktop,B,0,
S000147,C00354,2025-11-15 14:23:53,organic,desktop,A,0,
S000148,C00849,2025-04-10 16:45:12,paid_search,mobile,B,0,
S000149,C00675,2025-09-13 13:18:39,social,mobile,B,0,
S000150,C01582,2025-08-12 16:21:56,social,mobile,A,0,
S000151,C00621,2025-12-14 08:51:04,social,desktop,B,1,O000038
S000152,C01203,2025-03-30 14:39:10,paid_search,desktop,B,0,
S000153,C00263,2025-04-30 09:19:27,email,desktop,B,0,
S000154,C01015,2025-12-21 21:30:10,social,mobile,B,0,
S000155,C01539,2025-03-28 21:08:12,organic,desktop,B,0,
S000156,C01693,2025-12-19 09:22:59,organic,desktop,B,0,
S000157,C00663,2025-11-08 10:13:15,paid_search,mobile,B,1,O000039
S000158,C00890,2025-09-24 13:57:40,referral,desktop,A,0,
S000159,C01530,2025-10-02 08:06:12,organic,mobile,A,1,O000040
S000160,C01662,2025-07-07 08:57:47,email,mobile,A,0,
S000161,C00845,2025-08-18 12:29:37,paid_search,mobile,B,1,O000041
S000162,C00108,2025-11-19 19:48:26,paid_search,mobile,A,0,
S000163,C01511,2025-10-26 07:59:46,organic,mobile,B,0,
S000164,C01328,2025-02-17 10:17:05,email,mobile,A,1,O000042
S000165,C00775,2025-02-25 10:39:11,social,desktop,B,1,O000043
S000166,C01498,2025-08-10 07:06:29,social,mobile,A,0,
S000167,C01575,2025-01-22 07:34:21,organic,mobile,B,0,
S000168,C00449,2025-06-06 12:29:10,email,desktop,B,0,
S000169,C00564,2025-12-26 16:38:19,paid_search,desktop,A,0,
S000170,C01989,2025-06-08 08:11:46,social,mobile,B,1,O000044
S000171,C01791,2025-01-29 19:52:30,organic,mobile,B,1,O000045
S000172,C01900,2025-08-24 08:23:18,organic,mobile,A,0,
S000173,C01013,2025-06-04 08:55:30,social,desktop,B,0,
S000174,C00125,2025-01-27 08:19:38,social,mobile,B,0,
S000175,C01419,2025-11-09 17:11:52,paid_search,desktop,B,1,O000046
S000176,C01541,2025-04-18 12:02:20,paid_search,mobile,B,0,
S000177,C01094,2025-05-18 15:13:11,social,mobile,A,1,O000047
S000178,C00777,2025-12-22 09:22:20,organic,mobile,B,0,
S000179,C00208,2025-03-19 12:41:19,paid_search,mobile,A,0,
S000180,C00361,2025-09-11 15:30:38,email,mobile,B,1,O000048
S000181,C00789,2025-04-08 13:44:49,email,mobile,B,0,
S000182,C00693,2025-06-04 18:24:48,organic,desktop,B,0,
S000183,C00348,2025-04-19 09:52:31,organic,mobile,A,1,O000049
S000184,C01996,2025-12-04 10:56:10,organic,desktop,A,1,O000050
S000185,C00208,2025-03-24 13:15:33,organic,mobile,A,0,
S000186,C01984,2025-12-18 12:44:42,paid_search,mobile,A,0,
S000187,C00870,2025-05-05 15:13:28,organic,mobile,A,0,
S000188,C01641,2025-01-06 19:22:29,organic,mobile,B,0,
S000189,C01640,2025-12-09 18:19:19,paid_search,mobile,A,0,
S000190,C00203,2025-08-09 10:46:52,email,mobile,B,0,
S000191,C01218,2025-07-26 10:26:02,organic,mobile,A,1,O000051
S000192,C01186,2025-09-09 20:38:32,social,desktop,A,0,
S000193,C00539,2025-10-23 13:45:36,organic,mobile,B,0,
S000194,C00935,2025-02-02 13:26:31,email,mobile,B,0,
S000195,C00234,2025-12-23 12:19:35,social,mobile,A,0,
S000196,C01205,2025-03-24 11:39:54,organic,desktop,B,0,
S000197,C00677,2025-08-31 18:06:55,social,desktop,B,0,
S000198,C01474,2025-09-13 16:22:42,paid_search,desktop,A,1,O000052
S000199,C01745,2025-12-09 23:32:29,paid_search,mobile,B,1,O000053
S000200,C01859,2025-04-29 11:06:09,paid_search,mobile,B,0,
S000201,C01891,2025-08-20 14:39:33,organic,mobile,B,0,
S000202,C01102,2025-07-06 19:23:32,paid_search,mobile,A,0,
S000203,C01136,2025-11-10 19:46:02,social,desktop,A,0,
S000204,C00735,2025-09-15 17:22:11,referral,mobile,B,1,O000054
S000205,C00852,2025-04-24 17:52:34,social,desktop,A,0,
S000206,C01216,2025-12-01 14:38:47,email,desktop,A,0,
S000207,C01729,2025-04-06 21:24:03,organic,mobile,B,0,
S000208,C01528,2025-08-05 21:23:51,paid_search,desktop,A,0,
S000209,C01879,2025-01-21 15:35:29,organic,mobile,B,0,
S000210,C01033,2025-06-02 21:12:12,organic,mobile,B,0,
S000211,C01873,2025-02-03 22:50:31,social,desktop,B,0,
S000212,C01999,2025-11-01 19:14:49,social,mobile,B,0,
S000213,C01232,2025-04-15 20:39:16,organic,mobile,A,1,O000055
S000214,C01081,2025-04-15 13:58:05,organic,mobile,B,1,O000056
S000215,C00342,2025-04-13 08:55:33,referral,desktop,A,1,O000057
S000216,C00412,2025-12-14 18:03:28,referral,tablet,A,1,O000058
S000217,C01193,2025-03-10 09:46:26,organic,mobile,B,0,
S000218,C01946,2025-05-24 14:50:29,paid_search,tablet,A,0,
S000219,C00856,2025-04-01 08:53:38,paid_search,mobile,A,0,
S000220,C01891,2025-01-29 18:22:12,organic,mobile,B,0,
S000221,C01025,2025-10-22 16:14:45,social,mobile,B,0,
S000222,C01566,2025-03-28 15:52:38,social,mobile,A,0,
S000223,C01419,2025-07-04 14:14:07,email,mobile,B,0,
S000224,C01115,2025-04-09 16:57:50,email,desktop,B,1,O000059
S000225,C00634,2025-03-06 20:09:26,paid_search,tablet,A,1,O000060
S000226,C00859,2025-12-03 17:25:04,organic,mobile,B,0,
S000227,C01735,2025-12-16 22:29:16,social,mobile,B,1,O000061
S000228,C01618,2025-06-26 22:55:20,organic,mobile,A,1,O000062
S000229,C00886,2025-07-24 15:52:22,organic,desktop,A,0,
S000230,C00843,2025-12-08 23:12:57,social,mobile,B,0,
S000231,C01652,2025-09-01 19:37:17,organic,desktop,A,0,
S000232,C00855,2025-09-01 17:59:42,social,tablet,B,0,
S000233,C01203,2025-08-12 09:36:12,referral,mobile,B,0,
S000234,C00793,2025-05-25 07:41:49,referral,mobile,B,0,
S000235,C01956,2025-11-20 22:16:15,paid_search,desktop,A,0,
S000236,C00226,2025-05-19 19:27:34,social,tablet,A,1,O000063
S000237,C00093,2025-09-23 07:51:51,email,mobile,B,0,
S000238,C01363,2025-03-06 20:36:36,paid_search,mobile,B,0,
S000239,C01469,2025-11-21 20:09:08,organic,mobile,B,0,
S000240,C00363,2025-02-10 13:28:25,social,mobile,B,1,O000064
S000241,C01344,2025-01-01 11:22:31,email,desktop,A,0,
S000242,C01580,2025-07-09 22:30:59,paid_search,desktop,A,0,
S000243,C01773,2025-08-09 15:16:22,paid_search,mobile,B,1,O000065
S000244,C00051,2025-10-28 20:02:18,email,mobile,B,0,
S000245,C01673,2025-04-28 14:49:37,organic,desktop,B,0,
S000246,C00413,2025-05-05 23:23:56,organic,mobile,B,0,
S000247,C00847,2025-02-18 22:11:58,organic,desktop,B,1,O000066
S000248,C00414,2025-06-09 16:18:40,social,desktop,A,0,
S000249,C01111,2025-09-21 18:01:04,organic,mobile,B,0,
S000250,C01656,2025-05-29 09:38:14,organic,desktop,A,0,
S000251,C00071,2025-06-28 11:17:46,referral,mobile,B,0,
S000252,C01326,2025-11-10 10:49:36,paid_search,mobile,A,0,
S000253,C00121,2025-04-24 17:00:49,organic,mobile,B,0,
S000254,C00623,2025-09-18 15:27:29,organic,desktop,B,1,O000067
S000255,C01772,2025-08-01 09:46:42,paid_search,mobile,A,0,
S000256,C01021,2025-09-02 17:39:10,organic,desktop,B,1,O000068
S000257,C01562,2025-06-15 10:06:51,social,desktop,A,0,
S000258,C01728,2025-02-10 20:23:26,referral,mobile,A,0,
S000259,C00083,2025-02-22 08:28:08,email,mobile,B,0,
S000260,C01363,2025-07-11 15:15:58,social,mobile,B,1,O000069
S000261,C00333,2025-12-15 16:40:53,paid_search,mobile,B,0,
S000262,C01512,2025-04-29 13:32:21,paid_search,mobile,A,0,
S000263,C01234,2025-07-20 08:49:08,organic,desktop,A,0,
S000264,C00169,2025-08-07 23:57:34,social,tablet,B,0,
S000265,C01509,2025-06-22 21:02:34,email,mobile,B,0,
S000266,C01750,2025-09-06 23:08:43,referral,mobile,A,0,
S000267,C01076,2025-07-06 23:15:58,referral,desktop,A,0,
S000268,C00133,2025-06-29 14:37:51,email,mobile,B,0,
S000269,C01175,2025-12-08 18:59:48,paid_search,tablet,B,0,
S000270,C01146,2025-06-23 15:44:26,organic,desktop,A,0,
S000271,C01569,2025-06-21 23:40:22,paid_search,desktop,B,1,O000070
S000272,C01142,2025-09-20 12:57:30,referral,mobile,A,0,
S000273,C00247,2025-11-21 20:38:41,organic,desktop,B,1,O000071
S000274,C01476,2025-02-18 10:18:15,social,desktop,A,0,
S000275,C00434,2025-09-07 16:22:25,organic,desktop,A,0,
S000276,C00751,2025-08-18 16:48:40,organic,mobile,B,0,
S000277,C01797,2025-09-22 17:19:48,email,mobile,B,1,O000072
S000278,C00549,2025-11-06 10:18:01,organic,tablet,B,1,O000073
S000279,C01267,2025-09-05 16:26:45,email,desktop,B,0,
S000280,C01034,2025-12-29 22:13:37,paid_search,mobile,A,0,
S000281,C00411,2025-12-04 08:20:58,email,desktop,B,1,O000074
S000282,C01705,2025-12-26 11:01:29,social,desktop,B,0,
S000283,C01768,2025-11-16 18:18:45,referral,desktop,A,1,O000075
S000284,C00899,2025-06-19 21:14:24,organic,mobile,B,0,
S000285,C01928,2025-03-29 07:58:06,organic,mobile,A,1,O000076
S000286,C01946,2025-01-10 08:43:58,social,mobile,A,0,
S000287,C01989,2025-09-11 08:16:38,social,mobile,B,0,
S000288,C01671,2025-12-14 19:38:03,social,mobile,B,0,
S000289,C01486,2025-09-22 09:53:31,organic,desktop,A,0,
S000290,C00582,2025-06-30 16:35:34,organic,desktop,A,0,
S000291,C00249,2025-12-11 23:54:51,referral,desktop,B,0,
S000292,C00988,2025-06-25 18:47:30,social,desktop,A,0,
S000293,C00710,2025-07-15 13:29:11,organic,desktop,A,0,
S000294,C01294,2025-01-17 20:24:41,paid_search,mobile,A,0,
S000295,C00710,2025-08-18 23:28:56,organic,desktop,A,1,O000077
S000296,C01110,2025-05-03 12:05:23,social,desktop,A,0,
S000297,C00022,2025-02-11 15:33:06,email,mobile,A,1,O000078
S000298,C00655,2025-04-16 18:24:19,social,mobile,B,0,
S000299,C00276,2025-10-03 07:19:41,paid_search,mobile,A,0,
S000300,C01731,2025-06-11 14:48:46,organic,desktop,B,0,
S000301,C01218,2025-05-19 16:12:11,organic,desktop,A,1,O000079
S000302,C00952,2025-12-19 11:37:50,organic,mobile,A,0,
S000303,C00299,2025-12-08 07:27:05,social,desktop,B,1,O000080
S000304,C01451,2025-07-30 08:15:45,paid_search,desktop,B,1,O000081
S000305,C00407,2025-02-19 07:45:40,social,desktop,B,1,O000082
S000306,C00039,2025-03-16 11:29:50,social,mobile,B,0,
S000307,C01680,2025-09-29 15:11:56,organic,mobile,A,0,
S000308,C01277,2025-08-03 22:35:30,email,desktop,B,0,
S000309,C00362,2025-05-24 19:26:18,organic,mobile,A,0,
S000310,C01652,2025-10-30 11:51:02,organic,mobile,A,0,
S000311,C00184,2025-09-16 08:02:52,paid_search,mobile,A,0,
S000312,C00019,2025-01-08 21:09:58,social,desktop,B,0,
S000313,C01629,2025-10-10 23:59:48,social,mobile,B,1,O000083
S000314,C01618,2025-05-07 14:21:19,organic,mobile,A,1,O000084
S000315,C00361,2025-08-20 22:22:28,email,desktop,B,0,
S000316,C00840,2025-07-29 17:55:24,paid_search,mobile,A,0,
S000317,C01428,2025-10-29 14:43:56,paid_search,desktop,A,0,
S000318,C00025,2025-05-05 13:53:41,organic,desktop,B,0,
S000319,C01588,2025-10-03 11:31:14,organic,desktop,A,0,
S000320,C01937,2025-07-25 21:31:55,social,mobile,B,0,
S000321,C00363,2025-11-06 20:03:14,social,desktop,B,0,
S000322,C01553,2025-09-29 20:05:35,email,desktop,B,0,
S000323,C00349,2025-03-10 10:47:23,organic,mobile,B,0,
S000324,C01347,2025-11-03 18:45:24,social,mobile,B,0,
S000325,C01686,2025-09-22 21:04:33,organic,mobile,A,1,O000085
S000326,C00152,2025-03-02 22:51:58,paid_search,desktop,A,0,
S000327,C01437,2025-03-21 22:20:26,paid_search,desktop,B,0,
S000328,C00466,2025-08-24 17:33:07,social,desktop,A,0,
S000329,C00950,2025-08-11 20:08:22,social,mobile,A,0,
S000330,C01918,2025-06-23 07:27:53,social,desktop,A,0,
S000331,C00403,2025-05-21 22:58:44,paid_search,desktop,B,1,O000086
S000332,C00761,2025-12-05 13:19:44,organic,mobile,B,0,
S000333,C00598,2025-11-12 23:18:54,paid_search,mobile,A,0,
S000334,C00582,2025-11-02 21:08:26,email,mobile,A,0,
S000335,C00040,2025-11-05 20:57:14,referral,mobile,A,1,O000087
S000336,C00030,2025-09-29 23:18:31,email,mobile,A,1,O000088
S000337,C00768,2025-11-17 14:54:58,paid_search,mobile,A,0,
S000338,C00510,2025-04-26 13:55:48,email,mobile,A,1,O000089
S000339,C01656,2025-01-04 08:33:13,organic,mobile,A,0,
S000340,C00340,2025-12-23 10:25:03,social,mobile,A,1,O000090
S000341,C00557,2025-12-17 15:44:13,email,desktop,B,1,O000091
S000342,C00440,2025-02-06 09:36:53,paid_search,mobile,A,0,
S000343,C00898,2025-11-05 20:42:44,organic,desktop,A,1,O000092
S000344,C00225,2025-01-20 08:34:50,organic,mobile,B,0,
S000345,C00130,2025-12-12 19:03:54,paid_search,desktop,A,0,
S000346,C01204,2025-01-27 16:07:59,email,mobile,A,1,O000093
S000347,C01359,2025-02-20 18:36:06,paid_search,mobile,B,1,O000094
S000348,C01866,2025-07-21 21:15:27,social,mobile,A,0,
S000349,C00092,2025-11-02 08:46:09,social,mobile,A,0,
S000350,C00304,2025-10-14 16:27:53,social,mobile,A,0,
S000351,C01611,2025-03-11 17:19:11,paid_search,mobile,B,0,
S000352,C01457,2025-10-10 18:16:37,email,desktop,B,0,
S000353,C01210,2025-03-05 11:34:34,paid_search,mobile,A,0,
S000354,C00397,2025-07-31 11:11:12,email,tablet,B,1,O000095
S000355,C00685,2025-02-03 16:27:53,paid_search,mobile,B,1,O000096
S000356,C00582,2025-10-23 22:37:36,social,desktop,A,0,
S000357,C00959,2025-12-27 17:47:56,paid_search,mobile,B,1,O000097
S000358,C00615,2025-02-16 08:55:54,organic,desktop,B,0,
S000359,C01838,2025-08-25 08:43:21,paid_search,mobile,A,0,
S000360,C01277,2025-07-26 15:51:49,paid_search,desktop,B,0,
S000361,C00984,2025-11-18 23:57:52,referral,mobile,A,0,
S000362,C01042,2025-02-12 10:57:41,paid_search,mobile,A,0,
S000363,C01766,2025-08-24 13:17:03,organic,desktop,A,0,
S000364,C01960,2025-06-06 16:43:23,paid_search,mobile,A,0,
S000365,C00351,2025-05-18 15:46:05,email,mobile,B,1,O000098
S000366,C01139,2025-11-04 18:32:12,social,desktop,B,0,
S000367,C00654,2025-09-14 21:06:10,referral,mobile,A,0,
S000368,C00409,2025-11-10 20:00:34,email,mobile,B,1,O000099
S000369,C01980,2025-06-28 19:30:41,organic,mobile,A,0,
S000370,C00595,2025-11-27 10:18:51,email,desktop,B,0,
S000371,C00338,2025-08-03 09:59:34,social,tablet,A,1,O000100
S000372,C01828,2025-11-07 17:20:35,organic,mobile,A,0,
S000373,C00426,2025-01-31 23:41:33,social,desktop,A,0,
S000374,C01298,2025-10-09 17:17:10,referral,mobile,A,0,
S000375,C00174,2025-10-06 10:44:52,social,desktop,A,0,
S000376,C01285,2025-12-25 16:28:56,organic,mobile,B,0,
S000377,C00488,2025-07-24 21:36:57,paid_search,mobile,A,1,O000101
S000378,C01941,2025-05-07 12:30:08,social,desktop,B,0,
S000379,C00978,2025-05-12 19:39:46,social,desktop,A,0,
S000380,C00962,2025-06-24 18:59:24,paid_search,mobile,A,0,
S000381,C01869,2025-10-08 08:03:07,organic,mobile,B,1,O000102
S000382,C00637,2025-10-22 08:02:42,paid_search,desktop,B,1,O000103
S000383,C01434,2025-09-08 14:54:53,email,mobile,A,0,
S000384,C00083,2025-11-16 23:04:12,organic,mobile,B,0,
S000385,C00111,2025-05-29 21:14:25,referral,mobile,B,1,O000104
S000386,C01110,2025-06-08 07:30:26,email,desktop,A,0,
S000387,C01648,2025-07-25 12:36:05,organic,mobile,A,0,
S000388,C00712,2025-07-22 09:29:11,paid_search,mobile,A,0,
S000389,C00526,2025-09-08 11:16:08,paid_search,mobile,A,1,O000105
S000390,C01306,2025-03-14 12:23:52,email,mobile,A,1,O000106
S000391,C00914,2025-02-03 18:10:19,social,desktop,A,0,
S000392,C01397,2025-10-31 23:47:37,organic,desktop,B,1,O000107
S000393,C00015,2025-05-09 16:23:46,referral,tablet,B,1,O000108
S000394,C01165,2025-04-12 19:23:25,organic,mobile,B,1,O000109
S000395,C00397,2025-06-27 16:46:46,social,desktop,B,1,O000110
S000396,C01587,2025-10-05 14:33:47,paid_search,desktop,B,0,
S000397,C01968,2025-08-17 17:03:08,organic,desktop,A,1,O000111
S000398,C00732,2025-04-28 18:32:30,paid_search,mobile,A,0,
S000399,C00857,2025-10-21 21:40:21,social,desktop,B,0,
S000400,C01369,2025-12-09 20:15:43,paid_search,mobile,B,0,
S000401,C00847,2025-11-22 13:55:37,organic,desktop,B,0,
S000402,C00538,2025-10-21 09:01:43,organic,mobile,A,1,O000112
S000403,C01199,2025-02-09 18:17:13,paid_search,mobile,B,1,O000113
S000404,C01332,2025-06-11 08:05:28,organic,mobile,A,0,
S000405,C01901,2025-11-06 13:32:56,email,desktop,B,0,
S000406,C01395,2025-04-30 20:43:50,email,desktop,B,1,O000114
S000407,C01376,2025-01-11 09:02:53,paid_search,mobile,A,0,
S000408,C00392,2025-08-05 18:38:13,organic,mobile,A,1,O000115
S000409,C01556,2025-01-24 15:48:20,paid_search,desktop,A,1,O000116
S000410,C01637,2025-12-22 18:01:12,organic,desktop,B,1,O000117
S000411,C01683,2025-10-24 18:17:03,paid_search,mobile,B,0,
S000412,C00453,2025-11-02 15:21:44,referral,desktop,B,0,
S000413,C01187,2025-10-27 11:41:59,organic,tablet,B,0,
S000414,C00453,2025-11-18 09:22:46,referral,mobile,B,1,O000118
S000415,C00942,2025-05-27 09:21:57,organic,mobile,A,1,O000119
S000416,C00875,2025-06-14 17:50:09,paid_search,desktop,B,1,O000120
S000417,C00167,2025-05-26 10:22:07,organic,mobile,B,0,
S000418,C01133,2025-10-02 17:05:44,organic,mobile,B,1,O000121
S000419,C00427,2025-03-21 21:12:38,social,mobile,B,1,O000122
S000420,C00733,2025-11-06 22:26:30,social,desktop,B,0,
S000421,C00563,2025-11-24 22:21:56,paid_search,mobile,B,0,
S000422,C01061,2025-09-21 20:01:53,referral,mobile,B,0,
S000423,C00096,2025-05-13 22:04:34,referral,desktop,A,0,
S000424,C01515,2025-03-06 13:00:16,social,mobile,B,0,
S000425,C01817,2025-01-04 16:25:41,referral,tablet,B,1,O000123
S000426,C00456,2025-07-29 10:03:10,organic,desktop,A,1,O000124
S000427,C01137,2025-12-23 16:42:12,organic,mobile,B,1,O000125
S000428,C00343,2025-02-26 08:23:12,referral,desktop,B,1,O000126
S000429,C01288,2025-01-13 11:16:44,social,desktop,A,0,
S000430,C01816,2025-10-25 23:41:08,referral,mobile,A,1,O000127
S000431,C01762,2025-09-10 13:09:05,organic,mobile,A,0,
S000432,C01195,2025-10-10 23:26:12,social,mobile,B,1,O000128
S000433,C00200,2025-10-17 17:57:34,paid_search,mobile,A,0,
S000434,C01875,2025-10-05 17:36:52,email,mobile,B,1,O000129
S000435,C01570,2025-04-20 18:53:37,organic,mobile,A,0,
S000436,C00561,2025-04-25 22:51:45,organic,mobile,B,0,
S000437,C00782,2025-12-04 11:26:50,social,desktop,A,0,
S000438,C00336,2025-09-25 16:58:37,paid_search,desktop,A,0,
S000439,C00020,2025-07-11 20:50:18,social,mobile,A,1,O000130
S000440,C01754,2025-08-07 18:39:26,social,mobile,A,0,
S000441,C01501,2025-10-13 23:39:30,email,mobile,B,1,O000131
S000442,C01664,2025-08-26 09:04:11,social,mobile,A,0,
S000443,C01465,2025-11-16 22:33:58,email,mobile,B,0,
S000444,C00430,2025-05-17 18:13:48,organic,desktop,A,1,O000132
S000445,C01133,2025-10-19 23:02:17,paid_search,mobile,B,0,
S000446,C01627,2025-05-08 15:17:33,organic,desktop,B,1,O000133
S000447,C01943,2025-12-09 11:34:16,paid_search,desktop,B,0,
S000448,C00540,2025-02-24 15:00:23,email,mobile,A,0,
S000449,C01669,2025-03-18 08:10:47,referral,desktop,B,0,
S000450,C01021,2025-03-02 20:43:30,social,mobile,B,0,
S000451,C00175,2025-02-21 19:43:57,paid_search,desktop,B,0,
S000452,C00305,2025-09-02 08:20:21,paid_search,mobile,B,0,
S000453,C00672,2025-12-29 07:12:47,referral,mobile,A,0,
S000454,C01712,2025-01-07 20:08:53,email,mobile,A,0,
S000455,C00244,2025-11-10 11:42:32,social,mobile,A,0,
S000456,C01321,2025-06-25 08:58:16,referral,mobile,B,1,O000134
S000457,C00098,2025-01-05 17:27:08,organic,mobile,A,1,O000135
S000458,C01450,2025-05-07 12:23:32,social,desktop,A,0,
S000459,C00893,2025-12-04 09:09:48,social,mobile,B,0,
S000460,C00421,2025-07-18 20:03:12,organic,mobile,B,0,
S000461,C00684,2025-09-06 08:15:17,email,tablet,A,0,
S000462,C01749,2025-07-04 16:15:02,paid_search,mobile,B,1,O000136
S000463,C00269,2025-10-07 20:54:49,organic,desktop,B,0,
S000464,C01051,2025-09-23 23:16:02,organic,mobile,B,1,O000137
S000465,C01901,2025-06-29 12:09:39,social,tablet,B,1,O000138
S000466,C00929,2025-10-07 09:48:49,organic,desktop,B,0,
S000467,C00309,2025-03-18 09:44:28,referral,mobile,B,0,
S000468,C01054,2025-08-05 10:01:37,organic,mobile,A,1,O000139
S000469,C00958,2025-04-06 09:36:22,organic,mobile,A,1,O000140
S000470,C00664,2025-06-05 15:04:15,email,tablet,A,0,
S000471,C01260,2025-10-21 13:57:00,organic,mobile,A,0,
S000472,C00894,2025-08-12 16:10:08,organic,mobile,A,1,O000141
S000473,C00241,2025-10-16 16:09:21,organic,mobile,B,0,
S000474,C01326,2025-02-06 22:14:04,email,mobile,A,1,O000142
S000475,C00762,2025-09-10 13:12:13,organic,desktop,A,0,
S000476,C00964,2025-03-15 20:49:25,referral,mobile,A,0,
S000477,C00788,2025-06-07 15:12:30,referral,desktop,A,0,
S000478,C01511,2025-06-14 15:47:50,organic,mobile,B,0,
S000479,C00926,2025-08-06 10:49:22,paid_search,desktop,A,0,
S000480,C01190,2025-06-05 18:08:15,paid_search,desktop,A,1,O000143
S000481,C00228,2025-05-24 14:41:39,paid_search,mobile,A,0,
S000482,C00688,2025-11-06 18:59:13,organic,mobile,A,0,
S000483,C01746,2025-12-28 21:17:59,social,mobile,A,0,
S000484,C01636,2025-11-18 14:36:39,referral,mobile,A,1,O000144
S000485,C00685,2025-03-10 13:25:23,email,mobile,B,1,O000145
S000486,C01441,2025-04-02 07:26:19,organic,mobile,B,0,
S000487,C00737,2025-06-15 09:17:23,organic,mobile,B,0,
S000488,C00812,2025-09-16 19:01:06,referral,desktop,A,0,
S000489,C00240,2025-03-01 08:22:00,referral,desktop,A,1,O000146
S000490,C01988,2025-04-02 11:17:22,paid_search,mobile,A,0,
S000491,C01145,2025-04-02 10:51:56,referral,desktop,B,0,
S000492,C01010,2025-10-16 07:49:03,social,mobile,A,1,O000147
S000493,C01259,2025-10-24 15:48:59,email,mobile,B,0,
S000494,C00486,2025-08-08 19:43:39,paid_search,mobile,A,0,
S000495,C00554,2025-01-08 15:43:20,paid_search,mobile,A,0,
S000496,C00024,2025-06-07 17:35:58,referral,mobile,A,0,
S000497,C00477,2025-06-15 22:49:47,social,mobile,B,0,
S000498,C00410,2025-02-08 12:40:40,paid_search,mobile,A,1,O000148
S000499,C00967,2025-08-13 20:39:54,email,mobile,B,0,
S000500,C01456,2025-09-18 11:24:57,email,desktop,A,0,
S000501,C00780,2025-10-17 09:57:20,social,mobile,A,0,
S000502,C01665,2025-05-25 20:05:18,email,mobile,B,1,O000149
S000503,C01496,2025-04-20 21:29:07,organic,desktop,A,0,
S000504,C01671,2025-07-02 21:26:37,email,mobile,B,1,O000150
S000505,C00879,2025-06-10 14:40:18,referral,mobile,B,1,O000151
S000506,C00945,2025-04-04 20:01:35,email,mobile,B,0,
S000507,C00719,2025-06-18 15:52:58,paid_search,mobile,B,0,
S000508,C01538,2025-09-26 12:43:56,organic,mobile,A,1,O000152
S000509,C00727,2025-03-22 19:20:26,email,mobile,B,0,
S000510,C01123,2025-12-17 23:28:06,referral,tablet,B,1,O000153
S000511,C01971,2025-12-26 14:39:28,social,desktop,B,0,
S000512,C00434,2025-06-14 15:07:54,paid_search,mobile,A,0,
S000513,C01820,2025-12-22 12:29:24,organic,mobile,A,0,
S000514,C01343,2025-07-28 16:22:53,organic,mobile,B,0,
S000515,C00150,2025-11-18 09:29:45,organic,tablet,A,0,
S000516,C01302,2025-05-08 19:09:41,social,mobile,A,0,
S000517,C01855,2025-08-30 22:48:36,email,mobile,B,1,O000154
S000518,C01040,2025-12-16 16:01:37,social,tablet,A,0,
S000519,C01939,2025-06-04 09:26:30,referral,mobile,B,0,
S000520,C01229,2025-03-22 08:55:51,referral,desktop,B,1,O000155
S000521,C01671,2025-12-28 23:25:01,email,desktop,B,1,O000156
S000522,C01470,2025-06-26 21:37:13,referral,mobile,A,0,
S000523,C00155,2025-08-14 09:21:57,paid_search,tablet,B,0,
S000524,C00569,2025-07-21 20:42:56,referral,mobile,B,1,O000157
S000525,C01119,2025-07-14 18:36:36,paid_search,desktop,B,0,
S000526,C00960,2025-02-13 13:17:04,organic,desktop,A,0,
S000527,C00748,2025-07-04 20:49:01,paid_search,mobile,A,0,
S000528,C01836,2025-10-27 12:16:47,organic,mobile,A,1,O000158
S000529,C00934,2025-12-31 20:49:10,paid_search,mobile,A,0,
S000530,C00032,2025-06-09 08:56:35,paid_search,mobile,A,0,
S000531,C00334,2025-07-24 18:28:40,organic,desktop,A,0,
S000532,C00604,2025-10-12 17:06:03,organic,mobile,A,1,O000159
S000533,C00837,2025-11-01 15:24:58,email,tablet,B,0,
S000534,C01672,2025-09-06 07:17:57,social,mobile,A,0,
S000535,C01888,2025-11-25 16:40:47,paid_search,mobile,A,0,
S000536,C01467,2025-07-30 16:36:36,social,mobile,B,0,
S000537,C01581,2025-11-12 10:07:59,organic,desktop,B,0,
S000538,C01188,2025-07-21 12:40:05,paid_search,desktop,A,1,O000160
S000539,C00339,2025-09-22 12:24:26,paid_search,mobile,B,1,O000161
S000540,C01244,2025-11-27 21:55:46,email,mobile,A,0,
S000541,C00344,2025-01-10 17:14:27,organic,desktop,A,1,O000162
S000542,C00259,2025-11-21 18:02:59,paid_search,desktop,B,0,
S000543,C00129,2025-01-13 21:22:39,paid_search,mobile,B,1,O000163
S000544,C00826,2025-05-29 16:41:35,organic,mobile,A,0,
S000545,C01957,2025-05-11 14:10:39,email,mobile,B,0,
S000546,C01567,2025-08-20 16:04:17,email,mobile,B,1,O000164
S000547,C00943,2025-06-26 17:23:52,email,mobile,B,0,
S000548,C00836,2025-09-11 08:56:31,paid_search,mobile,A,1,O000165
S000549,C01123,2025-10-13 22:31:04,referral,mobile,B,0,
S000550,C01942,2025-12-02 13:43:17,organic,mobile,A,0,
S000551,C01667,2025-05-04 15:05:48,email,desktop,B,0,
S000552,C00656,2025-02-16 12:05:56,organic,mobile,A,0,
S000553,C00976,2025-02-19 21:45:05,referral,mobile,A,0,
S000554,C01063,2025-02-15 23:43:16,organic,desktop,B,0,
S000555,C01082,2025-03-12 12:11:24,paid_search,desktop,A,0,
S000556,C01055,2025-11-20 10:25:03,social,mobile,B,0,
S000557,C01408,2025-06-13 12:24:16,referral,tablet,A,0,
S000558,C00271,2025-08-10 13:04:54,email,mobile,B,0,
S000559,C01130,2025-09-22 12:40:07,email,mobile,A,1,O000166
S000560,C00745,2025-04-15 08:56:04,organic,mobile,B,1,O000167
S000561,C01667,2025-09-05 23:55:41,organic,mobile,B,0,
S000562,C00624,2025-10-25 15:47:24,social,desktop,A,0,
S000563,C01061,2025-06-17 22:09:37,social,mobile,B,0,
S000564,C01435,2025-04-27 12:58:45,paid_search,mobile,B,1,O000168
S000565,C00223,2025-01-18 23:25:25,paid_search,desktop,B,1,O000169
S000566,C01053,2025-12-13 13:29:58,organic,mobile,B,1,O000170
S000567,C00287,2025-06-19 23:55:45,social,mobile,B,0,
S000568,C01539,2025-11-06 13:27:18,social,mobile,B,1,O000171
S000569,C01369,2025-09-07 13:43:36,paid_search,mobile,B,0,
S000570,C01113,2025-02-20 11:16:57,email,desktop,B,0,
S000571,C00571,2025-08-17 17:19:49,referral,mobile,B,1,O000172
S000572,C01791,2025-08-27 14:37:41,organic,mobile,B,0,
S000573,C01944,2025-04-13 17:19:21,social,desktop,A,0,
S000574,C01521,2025-03-29 12:59:26,organic,desktop,B,0,
S000575,C00859,2025-12-23 21:38:40,organic,mobile,B,1,O000173
S000576,C01084,2025-07-18 09:51:15,organic,mobile,A,0,
S000577,C00364,2025-11-20 12:17:49,organic,mobile,A,0,
S000578,C00646,2025-03-07 11:53:23,organic,desktop,A,0,
S000579,C01491,2025-08-08 18:36:56,email,desktop,B,1,O000174
S000580,C00737,2025-03-03 12:21:11,referral,mobile,B,1,O000175
S000581,C01963,2025-10-16 13:33:29,organic,mobile,B,0,
S000582,C00670,2025-03-02 21:12:59,paid_search,mobile,A,0,
S000583,C00343,2025-11-24 09:23:43,organic,mobile,B,0,
S000584,C00461,2025-04-02 10:11:16,paid_search,mobile,B,1,O000176
S000585,C00615,2025-04-16 13:02:55,email,desktop,B,0,
S000586,C00360,2025-11-21 21:02:48,paid_search,mobile,A,0,
S000587,C00530,2025-08-12 13:04:11,email,mobile,A,0,
S000588,C01782,2025-11-20 07:45:36,referral,desktop,A,0,
S000589,C01768,2025-06-21 21:00:53,paid_search,mobile,A,0,
S000590,C01488,2025-12-14 14:03:26,organic,desktop,A,0,
S000591,C01317,2025-03-23 08:35:33,referral,mobile,B,0,
S000592,C01086,2025-03-07 08:07:25,paid_search,mobile,A,0,
S000593,C01644,2025-07-16 12:23:56,organic,mobile,A,1,O000177
S000594,C01216,2025-04-15 18:30:59,paid_search,desktop,A,1,O000178
S000595,C00160,2025-03-15 12:14:10,paid_search,mobile,A,0,
S000596,C01126,2025-05-12 08:50:16,email,mobile,A,1,O000179
S000597,C00366,2025-10-26 12:25:30,email,mobile,A,0,
S000598,C00225,2025-09-21 23:23:30,paid_search,mobile,B,1,O000180
S000599,C00067,2025-06-20 18:08:52,social,desktop,B,1,O000181
S000600,C01850,2025-07-10 22:30:24,social,tablet,A,1,O000182
S000601,C01668,2025-09-27 17:52:52,paid_search,mobile,A,1,O000183
S000602,C01653,2025-09-18 23:46:13,social,mobile,B,0,
S000603,C01528,2025-05-22 08:15:36,referral,mobile,A,1,O000184
S000604,C00073,2025-12-01 15:45:00,organic,tablet,B,1,O000185
S000605,C01290,2025-12-07 21:06:53,paid_search,mobile,A,0,
S000606,C01417,2025-08-16 14:00:43,organic,desktop,B,0,
S000607,C00825,2025-02-14 20:15:36,paid_search,mobile,B,0,
S000608,C00605,2025-06-18 18:03:34,referral,mobile,B,0,
S000609,C01285,2025-05-18 17:57:54,organic,mobile,B,1,O000186
S000610,C00910,2025-11-06 15:35:33,referral,mobile,A,0,
S000611,C01816,2025-10-31 09:15:20,organic,mobile,A,0,
S000612,C00582,2025-12-25 18:16:22,organic,tablet,A,1,O000187
S000613,C00526,2025-12-01 15:03:22,referral,mobile,A,0,
S000614,C01552,2025-02-11 14:56:59,email,mobile,A,1,O000188
S000615,C01937,2025-08-26 13:39:36,social,mobile,B,0,
S000616,C01232,2025-10-30 10:49:29,organic,mobile,A,1,O000189
S000617,C01572,2025-10-03 20:59:12,organic,mobile,A,0,
S000618,C00277,2025-06-18 07:14:13,paid_search,mobile,B,1,O000190
S000619,C00523,2025-10-24 14:13:42,organic,desktop,B,0,
S000620,C01647,2025-03-26 10:56:30,organic,mobile,B,1,O000191
S000621,C00916,2025-05-31 11:04:03,organic,mobile,A,0,
S000622,C01266,2025-01-19 18:12:24,organic,mobile,A,0,
S000623,C01223,2025-10-18 20:36:25,organic,desktop,B,0,
S000624,C01247,2025-04-28 14:57:25,social,desktop,B,0,
S000625,C01997,2025-06-23 11:56:26,organic,mobile,B,0,
S000626,C00612,2025-01-03 20:05:17,organic,desktop,A,0,
S000627,C01926,2025-09-11 22:58:08,social,mobile,A,0,
S000628,C00205,2025-12-06 20:26:23,referral,mobile,B,0,
S000629,C01670,2025-03-04 15:32:08,email,mobile,A,0,
S000630,C01915,2025-06-19 17:12:13,social,desktop,B,0,
S000631,C00022,2025-07-14 20:48:44,paid_search,mobile,A,0,
S000632,C01277,2025-09-12 19:58:42,paid_search,mobile,B,0,
S000633,C01070,2025-12-27 08:12:24,referral,mobile,A,0,
S000634,C01863,2025-01-21 08:28:50,paid_search,desktop,B,1,O000192
S000635,C01356,2025-04-21 13:13:40,social,desktop,A,0,
S000636,C01351,2025-10-01 21:26:39,social,mobile,B,0,
S000637,C00974,2025-03-12 22:34:39,referral,desktop,A,0,
S000638,C01226,2025-09-06 10:23:56,paid_search,desktop,A,0,
S000639,C00877,2025-11-13 17:06:23,organic,mobile,B,0,
S000640,C00835,2025-12-03 09:08:48,referral,mobile,B,0,
S000641,C01400,2025-04-14 20:46:06,email,mobile,A,1,O000193
S000642,C01955,2025-12-21 13:43:19,paid_search,mobile,B,1,O000194
S000643,C01511,2025-07-17 12:50:26,social,desktop,B,0,
S000644,C01605,2025-03-14 22:17:35,referral,mobile,B,1,O000195
S000645,C01659,2025-09-03 23:31:28,social,mobile,B,0,
S000646,C01293,2025-07-09 10:16:21,paid_search,mobile,B,0,
S000647,C01080,2025-06-17 20:29:41,social,desktop,A,1,O000196
S000648,C00324,2025-07-18 16:31:20,email,mobile,A,0,
S000649,C01857,2025-11-24 23:25:46,paid_search,mobile,B,0,
S000650,C00782,2025-11-23 10:56:19,social,mobile,A,0,
S000651,C01789,2025-11-30 08:56:53,organic,mobile,B,1,O000197
S000652,C00338,2025-01-29 18:30:16,referral,mobile,A,0,
S000653,C01160,2025-10-27 18:25:28,organic,mobile,A,1,O000198
S000654,C01685,2025-11-25 21:00:26,referral,mobile,B,1,O000199
S000655,C01120,2025-02-13 22:25:17,paid_search,mobile,A,0,
S000656,C00306,2025-08-29 16:37:03,referral,mobile,A,0,
S000657,C01116,2025-09-17 10:25:55,referral,mobile,A,0,
S000658,C00431,2025-12-29 20:24:22,organic,mobile,B,0,
S000659,C01669,2025-02-02 14:24:55,paid_search,desktop,B,0,
S000660,C01020,2025-01-02 20:27:41,paid_search,mobile,A,1,O000200
S000661,C01862,2025-04-07 21:43:12,organic,tablet,A,0,
S000662,C01016,2025-03-17 08:18:29,organic,desktop,A,0,
S000663,C01802,2025-12-16 22:10:39,organic,mobile,A,1,O000201
S000664,C01052,2025-12-13 22:07:25,referral,mobile,A,0,
S000665,C01483,2025-06-30 22:15:47,email,desktop,B,0,
S000666,C00522,2025-11-23 10:38:25,organic,mobile,A,0,
S000667,C01885,2025-03-02 08:59:49,organic,mobile,B,0,
S000668,C01157,2025-11-23 10:50:18,email,mobile,B,1,O000202
S000669,C01391,2025-02-03 19:37:57,email,desktop,B,1,O000203
S000670,C01034,2025-09-26 10:24:42,paid_search,mobile,A,0,
S000671,C00228,2025-12-17 08:33:53,organic,tablet,A,0,
S000672,C00141,2025-08-22 22:06:27,social,mobile,B,0,
S000673,C00765,2025-10-07 18:28:07,paid_search,mobile,B,0,
S000674,C01858,2025-03-12 18:06:29,organic,tablet,A,0,
S000675,C00936,2025-03-05 09:18:09,social,desktop,A,1,O000204
S000676,C00107,2025-06-07 08:26:19,social,mobile,B,1,O000205
S000677,C00229,2025-10-12 23:57:43,email,desktop,B,1,O000206
S000678,C00533,2025-10-10 19:33:12,social,mobile,B,1,O000207
S000679,C01283,2025-12-09 17:09:47,organic,mobile,B,0,
S000680,C01689,2025-12-14 08:59:19,social,mobile,B,0,
S000681,C01719,2025-05-31 16:21:32,referral,mobile,B,1,O000208
S000682,C01333,2025-12-14 20:57:24,organic,mobile,B,0,
S000683,C01453,2025-03-15 15:33:11,paid_search,tablet,B,1,O000209
S000684,C00292,2025-06-04 16:13:45,paid_search,mobile,A,0,
S000685,C00758,2025-12-10 10:30:38,organic,mobile,A,0,
S000686,C00124,2025-12-13 08:21:09,email,mobile,A,0,
S000687,C01958,2025-03-04 22:21:11,referral,mobile,A,0,
S000688,C01046,2025-11-15 11:14:38,paid_search,desktop,A,0,
S000689,C00883,2025-02-04 21:13:57,paid_search,desktop,B,0,
S000690,C00154,2025-11-17 18:19:35,organic,desktop,A,0,
S000691,C00444,2025-01-30 15:46:21,Unknown,mobile,A,0,
S000692,C00034,2025-07-13 16:50:30,organic,mobile,A,0,
S000693,C01167,2025-12-01 17:11:07,organic,tablet,B,1,O000210
S000694,C01048,2025-11-11 13:10:33,organic,mobile,A,0,
S000695,C01102,2025-02-22 13:26:35,email,mobile,A,1,O000211
S000696,C00139,2025-05-16 10:10:03,organic,mobile,B,0,
S000697,C01299,2025-09-11 07:20:56,paid_search,mobile,B,0,
S000698,C01305,2025-07-27 07:31:13,email,mobile,B,0,
S000699,C01225,2025-10-09 18:21:24,social,tablet,B,0,
S000700,C01285,2025-08-08 11:27:09,email,desktop,B,1,O000212
S000701,C00932,2025-08-11 16:13:09,organic,mobile,A,1,O000213
S000702,C01772,2025-10-29 10:56:48,email,tablet,A,0,
S000703,C00638,2025-05-30 19:35:43,organic,desktop,A,1,O000214
S000704,C01751,2025-11-08 14:45:45,email,mobile,B,0,
S000705,C01153,2025-03-09 11:16:43,paid_search,mobile,B,0,
S000706,C01735,2025-10-04 22:29:20,referral,mobile,B,1,O000215
S000707,C01687,2025-02-12 12:48:32,paid_search,desktop,B,0,
S000708,C01658,2025-12-05 15:30:38,organic,mobile,A,1,O000216
S000709,C01273,2025-10-19 19:56:56,social,tablet,B,0,
S000710,C01583,2025-04-24 13:20:19,social,mobile,B,1,O000217
S000711,C00435,2025-01-18 10:17:14,organic,desktop,B,0,
S000712,C01770,2025-11-25 15:25:46,organic,mobile,A,0,
S000713,C01019,2025-11-07 11:40:31,social,mobile,B,0,
S000714,C01180,2025-07-03 22:42:04,referral,desktop,A,1,O000218
S000715,C01141,2025-05-12 19:53:11,organic,mobile,B,0,
S000716,C00526,2025-12-13 20:47:00,social,mobile,A,0,
S000717,C00863,2025-12-26 11:22:22,email,mobile,B,0,
S000718,C00556,2025-02-04 22:07:07,referral,desktop,A,1,O000219
S000719,C00152,2025-10-17 15:45:13,organic,tablet,A,1,O000220
S000720,C00273,2025-05-13 15:57:49,social,mobile,B,0,
S000721,C01174,2025-05-19 19:45:00,email,mobile,A,0,
S000722,C01527,2025-03-24 21:28:19,social,desktop,B,1,O000221
S000723,C01287,2025-12-23 07:04:48,email,desktop,B,1,O000222
S000724,C00816,2025-11-13 08:38:19,paid_search,mobile,A,0,
S000725,C00062,2025-03-18 09:19:38,organic,desktop,A,0,
S000726,C01800,2025-12-14 16:37:17,referral,mobile,A,1,O000223
S000727,C00329,2025-10-20 14:01:35,social,mobile,B,0,
S000728,C00947,2025-05-22 14:20:56,paid_search,mobile,B,0,
S000729,C00932,2025-08-11 07:58:13,paid_search,mobile,A,0,
S000730,C01950,2025-09-10 15:06:30,paid_search,mobile,A,1,O000224
S000731,C00654,2025-12-27 14:52:12,paid_search,desktop,A,0,
S000732,C01796,2025-10-11 08:25:35,referral,tablet,A,0,
S000733,C00217,2025-12-16 22:06:37,paid_search,desktop,B,1,O000225
S000734,C01024,2025-05-07 20:39:38,social,mobile,A,1,O000226
S000735,C00701,2025-08-28 22:38:42,referral,mobile,B,0,
S000736,C00324,2025-01-04 16:47:45,email,mobile,A,0,
S000737,C01256,2025-08-10 13:38:47,paid_search,mobile,A,0,
S000738,C01046,2025-11-19 15:48:42,social,mobile,A,0,
S000739,C01149,2025-10-08 14:42:18,referral,mobile,B,0,
S000740,C01953,2025-06-17 10:21:22,paid_search,mobile,B,0,
S000741,C01168,2025-12-05 11:15:16,organic,mobile,A,1,O000227
S000742,C01640,2025-08-09 09:00:57,social,mobile,A,1,O000228
S000743,C00300,2025-06-13 10:42:13,social,mobile,A,0,
S000744,C00768,2025-05-13 21:17:48,paid_search,mobile,A,1,O000229
S000745,C00367,2025-08-25 16:46:15,organic,mobile,B,1,O000230
S000746,C01560,2025-03-18 21:32:43,social,mobile,A,0,
S000747,C00977,2025-12-16 07:02:48,paid_search,mobile,B,0,
S000748,C00236,2025-09-13 15:14:15,email,mobile,A,0,
S000749,C01766,2025-08-21 23:29:02,email,mobile,A,1,O000231
S000750,C01931,2025-05-12 09:05:57,social,mobile,B,0,
S000751,C01502,2025-04-10 11:40:23,referral,desktop,A,0,
S000752,C00859,2025-05-11 07:24:33,paid_search,mobile,B,0,
S000753,C00993,2025-05-22 19:06:26,social,mobile,B,1,O000232
S000754,C00949,2025-10-29 09:57:26,organic,mobile,B,0,
S000755,C00951,2025-06-18 19:17:11,paid_search,mobile,B,0,
S000756,C01278,2025-03-06 07:37:01,paid_search,mobile,A,1,O000233
S000757,C01937,2025-10-25 22:01:51,organic,desktop,B,0,
S000758,C01052,2025-11-14 23:35:39,organic,mobile,A,1,O000234
S000759,C00649,2025-04-13 11:16:45,paid_search,tablet,B,1,O000235
S000760,C00476,2025-01-25 22:35:08,referral,desktop,A,1,O000236
S000761,C00478,2025-10-27 22:49:37,organic,mobile,A,0,
S000762,C01665,2025-04-16 18:59:01,organic,desktop,B,0,
S000763,C01665,2025-07-03 10:10:37,social,desktop,B,0,
S000764,C00675,2025-11-13 21:05:00,referral,desktop,B,1,O000237
S000765,C00512,2025-01-02 13:04:10,paid_search,mobile,A,0,
S000766,C01640,2025-09-27 08:41:49,organic,mobile,A,0,
S000767,C01100,2025-02-03 20:55:57,email,desktop,A,0,
S000768,C01814,2025-03-08 13:50:28,referral,mobile,A,0,
S000769,C00348,2025-06-27 08:33:02,organic,mobile,A,1,O000238
S000770,C01485,2025-10-27 11:40:13,paid_search,mobile,B,0,
S000771,C01556,2025-07-20 17:30:29,referral,desktop,A,1,O000239
S000772,C00677,2025-04-20 11:42:20,organic,mobile,B,1,O000240
S000773,C01037,2025-09-17 18:59:23,email,desktop,B,1,O000241
S000774,C00791,2025-06-04 15:03:12,paid_search,mobile,B,0,
S000775,C01006,2025-06-23 07:38:36,referral,desktop,A,0,
S000776,C00981,2025-05-19 07:54:58,paid_search,desktop,B,1,O000242
S000777,C00009,2025-02-14 11:05:50,social,mobile,B,1,O000243
S000778,C01900,2025-11-02 11:15:27,organic,mobile,A,0,
S000779,C00629,2025-10-13 14:11:33,paid_search,mobile,B,1,O000244
S000780,C01550,2025-10-11 09:42:08,organic,desktop,A,0,
S000781,C01341,2025-01-11 22:37:48,paid_search,desktop,B,0,
S000782,C01505,2025-11-29 17:06:06,paid_search,mobile,B,0,
S000783,C00351,2025-11-05 16:29:40,email,mobile,B,0,
S000784,C00739,2025-10-12 12:48:04,email,desktop,B,0,
S000785,C00132,2025-06-06 17:44:23,organic,mobile,A,0,
S000786,C01533,2025-10-11 15:02:46,organic,mobile,B,0,
S000787,C01066,2025-09-24 16:04:59,organic,desktop,A,1,O000245
S000788,C01775,2025-07-30 10:15:42,email,desktop,B,0,
S000789,C01855,2025-06-26 16:11:45,organic,desktop,B,0,
S000790,C01639,2025-09-10 18:05:49,social,desktop,B,1,O000246
S000791,C01503,2025-07-27 22:31:46,paid_search,mobile,B,0,
S000792,C00527,2025-05-10 18:09:50,organic,tablet,B,0,
S000793,C01319,2025-11-16 12:27:13,social,desktop,B,0,
S000794,C00238,2025-08-31 21:39:05,paid_search,desktop,A,0,
S000795,C01265,2025-05-19 08:47:35,paid_search,desktop,B,0,
S000796,C00424,2025-11-02 18:57:50,referral,mobile,A,1,O000247
S000797,C01337,2025-07-15 11:04:39,organic,tablet,B,1,O000248
S000798,C01960,2025-12-22 10:53:50,paid_search,mobile,A,0,
S000799,C00457,2025-01-13 14:04:16,organic,mobile,B,1,O000249
S000800,C01999,2025-06-30 20:34:31,social,mobile,B,0,
S000801,C00024,2025-12-21 22:43:09,referral,desktop,A,1,O000250
S000802,C01177,2025-11-29 15:40:56,organic,mobile,B,1,O000251
S000803,C00550,2025-04-18 14:16:43,organic,tablet,A,0,
S000804,C00173,2025-03-17 16:22:19,organic,desktop,B,0,
S000805,C01295,2025-07-10 14:45:04,social,mobile,B,0,
S000806,C01777,2025-12-19 11:03:22,email,desktop,B,1,O000252
S000807,C00565,2025-05-07 20:59:31,organic,mobile,B,0,
S000808,C00608,2025-08-08 21:03:18,email,desktop,A,1,O000253
S000809,C01255,2025-08-25 22:28:59,email,tablet,B,0,
S000810,C01294,2025-12-28 20:45:54,organic,mobile,A,0,
S000811,C00481,2025-08-09 19:15:40,paid_search,desktop,B,1,O000254
S000812,C00695,2025-01-05 14:34:30,paid_search,mobile,B,0,
S000813,C01530,2025-12-06 23:44:00,paid_search,mobile,A,0,
S000814,C01517,2025-08-20 10:39:06,organic,desktop,B,0,
S000815,C01793,2025-09-27 19:33:16,social,desktop,B,0,
S000816,C01989,2025-03-03 23:04:14,social,mobile,B,0,
S000817,C00285,2025-08-22 15:05:18,organic,desktop,B,0,
S000818,C00077,2025-12-06 14:11:12,paid_search,mobile,B,1,O000255
S000819,C01341,2025-05-13 15:16:13,social,tablet,B,1,O000256
S000820,C00665,2025-10-07 07:42:31,organic,mobile,B,0,
S000821,C01669,2025-04-08 22:44:26,organic,mobile,B,0,
S000822,C01933,2025-11-12 16:38:14,organic,desktop,B,1,O000257
S000823,C00139,2025-12-19 10:50:01,paid_search,mobile,B,0,
S000824,C01370,2025-05-25 18:32:14,social,desktop,A,0,
S000825,C01687,2025-01-27 09:06:52,organic,mobile,B,0,
S000826,C01006,2025-07-30 20:04:08,organic,mobile,A,1,O000258
S000827,C01786,2025-11-17 09:38:42,organic,tablet,A,0,
S000828,C00949,2025-07-18 17:06:29,email,desktop,B,0,
S000829,C01303,2025-04-20 18:52:52,organic,mobile,B,0,
S000830,C00191,2025-12-30 23:13:40,paid_search,mobile,B,0,
S000831,C00813,2025-11-12 11:04:51,social,mobile,B,0,
S000832,C01738,2025-06-12 09:51:30,email,desktop,A,1,O000259
S000833,C01873,2025-11-27 11:32:59,social,mobile,B,0,
S000834,C01770,2025-12-21 13:04:55,paid_search,mobile,A,1,O000260
S000835,C00559,2025-08-04 17:28:19,organic,mobile,B,0,
S000836,C01322,2025-04-07 21:42:17,paid_search,desktop,A,0,
S000837,C00816,2025-07-13 14:41:51,organic,mobile,A,0,
S000838,C01093,2025-09-21 07:49:45,social,desktop,B,0,
S000839,C01346,2025-05-25 22:01:30,social,mobile,A,0,
S000840,C00778,2025-05-15 10:21:47,organic,desktop,A,1,O000261
S000841,C00823,2025-06-13 23:53:55,email,mobile,B,0,
S000842,C01344,2025-09-03 12:05:47,organic,mobile,A,1,O000262
S000843,C00534,2025-11-18 09:09:03,social,mobile,A,0,
S000844,C00747,2025-11-08 13:09:03,referral,tablet,B,0,
S000845,C01883,2025-09-30 09:32:56,paid_search,mobile,B,0,
S000846,C00924,2025-09-20 09:17:55,referral,mobile,A,0,
S000847,C00757,2025-08-17 21:53:26,referral,mobile,B,0,
S000848,C01303,2025-12-03 21:03:43,email,desktop,B,1,O000263
S000849,C00517,2025-11-06 07:03:50,social,desktop,B,1,O000264
S000850,C01875,2025-01-18 18:57:29,referral,mobile,B,1,O000265
S000851,C00436,2025-03-17 21:39:36,paid_search,mobile,A,0,
S000852,C00606,2025-10-30 08:11:40,email,mobile,A,0,
S000853,C01146,2025-04-23 12:50:42,email,mobile,A,1,O000266
S000854,C01819,2025-05-17 17:50:38,organic,mobile,B,1,O000267
S000855,C01921,2025-03-19 20:49:41,referral,mobile,B,1,O000268
S000856,C01689,2025-06-15 14:36:06,paid_search,mobile,B,0,
S000857,C00271,2025-08-31 10:44:00,social,desktop,B,1,O000269
S000858,C01659,2025-10-08 22:34:22,referral,mobile,B,0,
S000859,C01514,2025-08-31 12:35:45,referral,mobile,A,1,O000270
S000860,C01485,2025-03-26 14:49:48,paid_search,mobile,B,0,
S000861,C00995,2025-03-02 12:43:56,referral,mobile,B,1,O000271
S000862,C01963,2025-11-03 22:04:26,email,tablet,B,1,O000272
S000863,C01158,2025-10-31 12:15:19,email,mobile,A,1,O000273
S000864,C00993,2025-12-31 20:28:44,paid_search,mobile,B,0,
S000865,C00935,2025-07-15 12:23:42,email,mobile,B,1,O000274
S000866,C00100,2025-08-23 11:41:05,email,mobile,A,0,
S000867,C01463,2025-10-17 07:37:01,organic,mobile,B,0,
S000868,C00834,2025-12-28 23:07:13,email,desktop,A,1,O000275
S000869,C01400,2025-08-07 12:13:50,organic,mobile,A,0,
S000870,C00643,2025-03-23 22:26:05,paid_search,mobile,B,1,O000276
S000871,C00951,2025-07-01 21:17:37,organic,mobile,B,0,
S000872,C00165,2025-03-27 09:10:17,social,desktop,B,0,
S000873,C01386,2025-04-16 19:32:45,organic,mobile,A,0,
S000874,C00617,2025-05-11 20:16:09,organic,mobile,B,0,
S000875,C00739,2025-07-26 11:57:31,organic,mobile,B,1,O000277
S000876,C00249,2025-11-10 09:13:49,social,mobile,B,0,
S000877,C01149,2025-10-09 23:39:27,organic,mobile,B,0,
S000878,C00468,2025-12-23 15:51:41,organic,mobile,A,1,O000278
S000879,C00305,2025-11-04 22:50:18,organic,desktop,B,0,
S000880,C00913,2025-08-25 20:38:25,paid_search,desktop,B,0,
S000881,C00357,2025-04-17 18:54:59,social,desktop,B,1,O000279
S000882,C00870,2025-01-10 12:12:42,paid_search,mobile,A,0,
S000883,C00208,2025-01-01 13:05:06,referral,mobile,A,0,
S000884,C01344,2025-06-20 13:49:29,email,mobile,A,0,
S000885,C01642,2025-08-14 17:43:24,social,mobile,A,0,
S000886,C01715,2025-10-10 19:03:43,referral,mobile,B,0,
S000887,C01033,2025-10-22 22:36:51,Unknown,mobile,B,1,O000280
S000888,C00922,2025-05-15 15:15:42,social,mobile,A,0,
S000889,C00273,2025-02-07 09:18:43,paid_search,mobile,B,0,
S000890,C01588,2025-07-08 09:30:18,organic,mobile,A,1,O000281
S000891,C01197,2025-07-06 16:10:06,email,tablet,B,0,
S000892,C01013,2025-02-01 21:07:20,organic,mobile,B,1,O000282
S000893,C01663,2025-05-02 17:52:57,social,desktop,B,1,O000283
S000894,C00284,2025-05-23 12:48:53,referral,desktop,A,0,
S000895,C01845,2025-10-07 19:18:01,social,desktop,B,1,O000284
S000896,C01279,2025-07-02 18:40:41,organic,mobile,B,0,
S000897,C01024,2025-12-08 08:02:46,referral,desktop,A,1,O000285
S000898,C01300,2025-08-22 17:58:44,social,mobile,A,0,
S000899,C00429,2025-04-13 20:59:31,paid_search,mobile,B,1,O000286
S000900,C00847,2025-11-07 19:12:24,social,tablet,B,1,O000287
S000901,C00155,2025-03-28 19:48:13,social,mobile,B,1,O000288
S000902,C01645,2025-01-07 20:02:11,social,tablet,B,1,O000289
S000903,C01026,2025-12-01 11:24:38,paid_search,mobile,A,1,O000290
S000904,C00059,2025-08-15 07:39:25,referral,desktop,B,1,O000291
S000905,C01469,2025-08-19 11:34:34,social,mobile,B,0,
S000906,C01975,2025-03-30 12:22:37,paid_search,mobile,B,1,O000292
S000907,C01473,2025-02-06 13:56:59,social,mobile,B,0,
S000908,C00391,2025-09-03 15:27:17,social,desktop,B,0,
S000909,C01003,2025-03-15 23:40:53,paid_search,mobile,B,1,O000293
S000910,C01218,2025-12-25 10:05:04,social,mobile,A,1,O000294
S000911,C00216,2025-03-06 15:15:08,organic,mobile,A,1,O000295
S000912,C01768,2025-05-04 20:55:40,email,desktop,A,0,
S000913,C01201,2025-11-24 10:43:38,paid_search,desktop,B,1,O000296
S000914,C00816,2025-02-09 17:15:49,organic,desktop,A,0,
S000915,C01453,2025-11-14 20:53:44,organic,mobile,B,0,
S000916,C01907,2025-05-15 11:48:51,paid_search,mobile,B,0,
S000917,C01719,2025-06-24 21:39:55,paid_search,mobile,B,0,
S000918,C01189,2025-12-19 22:46:47,email,mobile,B,1,O000297
S000919,C01473,2025-04-04 14:36:11,organic,mobile,B,0,
S000920,C01776,2025-06-08 19:11:00,email,mobile,A,1,O000298
S000921,C01835,2025-04-08 23:48:44,social,mobile,B,1,O000299
S000922,C00549,2025-09-27 22:40:50,paid_search,mobile,B,0,
S000923,C01518,2025-08-03 13:33:29,email,tablet,A,0,
S000924,C01589,2025-12-21 15:26:40,email,mobile,B,0,
S000925,C00407,2025-11-16 21:58:32,social,desktop,B,1,O000300
S000926,C01327,2025-11-05 18:52:39,paid_search,desktop,B,0,
S000927,C01339,2025-02-16 13:16:03,email,mobile,B,0,
S000928,C01266,2025-04-28 22:56:09,social,mobile,A,0,
S000929,C00579,2025-12-15 11:12:09,social,mobile,B,0,
S000930,C01702,2025-11-26 23:56:19,paid_search,mobile,A,1,O000301
S000931,C01402,2025-03-21 10:56:07,paid_search,mobile,A,1,O000302
S000932,C01774,2025-11-30 09:50:30,organic,mobile,A,1,O000303
S000933,C00427,2025-02-15 21:28:30,organic,mobile,B,0,
S000934,C01468,2025-04-11 14:23:11,social,desktop,A,0,
S000935,C01415,2025-03-05 17:06:45,organic,mobile,B,1,O000304
S000936,C01599,2025-12-26 13:33:03,paid_search,desktop,B,0,
S000937,C00903,2025-11-22 18:57:44,paid_search,mobile,B,1,O000305
S000938,C01281,2025-07-03 12:35:37,organic,desktop,B,0,
S000939,C01526,2025-10-09 12:03:28,social,desktop,A,0,
S000940,C00210,2025-01-14 11:26:58,referral,mobile,A,0,
S000941,C01420,2025-05-30 07:54:55,organic,tablet,A,0,
S000942,C01077,2025-11-24 08:38:50,paid_search,mobile,B,0,
S000943,C01173,2025-11-17 21:36:34,organic,mobile,B,1,O000306
S000944,C01057,2025-12-21 17:38:44,paid_search,mobile,B,0,
S000945,C01158,2025-10-22 14:01:28,referral,tablet,A,0,
S000946,C01564,2025-12-01 08:17:30,organic,mobile,A,0,
S000947,C00556,2025-12-05 19:26:55,email,desktop,A,1,O000307
S000948,C01651,2025-08-07 10:05:39,organic,tablet,B,1,O000308
S000949,C01941,2025-10-15 13:46:07,social,mobile,B,1,O000309
S000950,C00006,2025-08-12 19:46:54,email,mobile,A,0,
S000951,C01663,2025-05-07 07:15:31,paid_search,desktop,B,0,
S000952,C00331,2025-04-03 23:47:25,paid_search,mobile,B,1,O000310
S000953,C01467,2025-09-07 15:58:05,email,mobile,B,1,O000311
S000954,C01311,2025-09-29 17:55:54,referral,desktop,B,1,O000312
S000955,C00697,2025-12-10 23:26:33,paid_search,mobile,B,0,
S000956,C00280,2025-11-29 23:48:28,paid_search,desktop,A,0,
S000957,C00880,2025-01-29 12:30:44,email,mobile,A,1,O000313
S000958,C01307,2025-10-30 10:36:33,email,desktop,B,1,O000314
S000959,C00031,2025-03-10 19:28:08,email,mobile,B,0,
S000960,C00125,2025-11-14 21:40:31,social,mobile,B,0,
S000961,C00022,2025-08-15 22:03:25,email,mobile,A,0,
S000962,C01618,2025-06-28 14:16:52,organic,desktop,A,0,
S000963,C01739,2025-12-30 14:39:14,social,desktop,B,0,
S000964,C00809,2025-02-19 23:39:32,referral,desktop,B,1,O000315
S000965,C00636,2025-03-03 21:07:13,email,mobile,A,0,
S000966,C01742,2025-10-14 16:28:27,paid_search,desktop,A,1,O000316
S000967,C00187,2025-03-31 10:13:38,social,mobile,B,0,
S000968,C01957,2025-02-24 08:21:40,organic,mobile,B,1,O000317
S000969,C01582,2025-03-02 13:02:58,email,desktop,A,1,O000318
S000970,C00227,2025-03-22 09:35:35,social,mobile,B,0,
S000971,C00151,2025-03-27 20:00:46,social,mobile,B,1,O000319
S000972,C01419,2025-12-19 21:14:16,paid_search,mobile,B,0,
S000973,C01626,2025-04-13 22:45:08,organic,mobile,A,0,
S000974,C00751,2025-04-02 16:00:53,email,mobile,B,1,O000320
S000975,C00904,2025-07-21 18:40:57,paid_search,mobile,A,0,
S000976,C01970,2025-06-29 12:48:21,email,mobile,A,0,
S000977,C01997,2025-11-30 07:28:00,paid_search,desktop,B,1,O000321
S000978,C01572,2025-01-13 23:16:34,paid_search,mobile,A,0,
S000979,C00214,2025-10-07 14:33:49,referral,mobile,A,0,
S000980,C00719,2025-04-25 07:34:54,organic,tablet,B,1,O000322
S000981,C00844,2025-11-18 23:10:59,paid_search,mobile,A,0,
S000982,C00415,2025-11-05 13:22:36,organic,mobile,B,1,O000323
S000983,C01701,2025-09-26 10:51:31,social,mobile,B,0,
S000984,C01064,2025-07-08 22:56:53,referral,mobile,A,0,
S000985,C00204,2025-10-21 17:06:31,referral,mobile,A,0,
S000986,C01154,2025-06-05 16:34:31,referral,mobile,A,0,
S000987,C01148,2025-01-10 20:18:07,social,mobile,A,0,
S000988,C00539,2025-11-19 08:17:52,email,mobile,B,1,O000324
S000989,C00932,2025-11-12 09:53:44,referral,desktop,A,0,
S000990,C00679,2025-04-07 13:14:01,paid_search,desktop,B,0,
S000991,C00313,2025-01-27 13:12:18,referral,desktop,B,1,O000325
S000992,C00067,2025-03-01 10:44:30,paid_search,desktop,B,0,
S000993,C01737,2025-08-24 13:34:07,email,mobile,B,1,O000326
S000994,C00158,2025-09-07 09:02:15,social,mobile,A,0,
S000995,C01709,2025-12-08 13:32:16,paid_search,mobile,B,1,O000327
S000996,C01072,2025-09-24 17:36:49,referral,desktop,A,1,O000328
S000997,C00554,2025-10-23 08:25:51,organic,mobile,A,0,
S000998,C00831,2025-12-26 14:08:36,referral,mobile,B,0,
S000999,C01347,2025-10-17 11:12:59,paid_search,mobile,B,0,
S001000,C01164,2025-06-30 12:27:35,paid_search,tablet,A,1,O000329
S001001,C00044,2025-02-10 19:25:54,social,desktop,A,1,O000330
S001002,C00059,2025-10-30 10:53:37,social,mobile,B,0,
S001003,C00803,2025-04-09 14:02:36,paid_search,desktop,B,0,
S001004,C00037,2025-05-06 22:03:28,organic,mobile,B,0,
S001005,C00289,2025-05-15 08:53:48,organic,desktop,B,1,O000331
S001006,C01520,2025-03-09 23:20:23,organic,mobile,A,0,
S001007,C01122,2025-05-03 13:29:38,organic,mobile,A,0,
S001008,C01024,2025-03-30 08:15:52,email,tablet,A,0,
S001009,C01082,2025-03-25 09:45:37,organic,mobile,A,0,
S001010,C00151,2025-08-04 14:49:36,organic,mobile,B,1,O000332
S001011,C01696,2025-07-27 19:13:48,paid_search,mobile,A,0,
S001012,C00286,2025-06-14 16:10:02,organic,mobile,A,0,
S001013,C01711,2025-07-14 13:33:12,social,mobile,B,0,
S001014,C01267,2025-02-01 19:38:05,organic,desktop,B,1,O000333
S001015,C00408,2025-02-18 09:19:41,organic,mobile,A,0,
S001016,C00325,2025-11-14 17:02:16,paid_search,desktop,B,1,O000334
S001017,C00615,2025-12-31 08:15:15,organic,mobile,B,1,O000335
S001018,C01613,2025-10-02 14:17:55,organic,mobile,B,0,
S001019,C01666,2025-02-19 19:01:53,organic,mobile,A,0,
S001020,C00307,2025-09-02 14:27:46,social,mobile,B,0,
S001021,C01013,2025-11-08 11:57:37,referral,mobile,B,1,O000336
S001022,C00537,2025-01-27 23:07:48,social,mobile,B,0,
S001023,C01797,2025-10-12 13:53:19,social,mobile,B,0,
S001024,C01059,2025-02-02 20:09:37,referral,mobile,B,0,
S001025,C01683,2025-12-04 18:01:48,referral,desktop,B,0,
S001026,C00003,2025-09-30 19:20:14,email,mobile,B,0,
S001027,C00499,2025-01-04 22:58:45,social,mobile,B,0,
S001028,C00672,2025-12-12 07:01:58,paid_search,mobile,A,1,O000337
S001029,C01575,2025-07-18 12:59:27,organic,desktop,B,0,
S001030,C01122,2025-07-13 20:18:40,referral,desktop,A,0,
S001031,C01990,2025-11-12 12:39:38,social,desktop,A,0,
S001032,C00809,2025-05-10 16:42:15,social,desktop,B,0,
S001033,C01411,2025-08-23 10:51:26,email,desktop,B,0,
S001034,C01616,2025-11-26 19:16:13,paid_search,mobile,A,0,
S001035,C00567,2025-10-02 23:42:23,email,mobile,B,1,O000338
S001036,C00066,2025-09-28 23:27:29,referral,mobile,A,0,
S001037,C01914,2025-08-06 16:35:49,referral,mobile,A,0,
S001038,C01668,2025-06-25 14:08:30,paid_search,mobile,A,0,
S001039,C00914,2025-06-10 16:35:26,paid_search,mobile,A,0,
S001040,C00597,2025-04-27 18:28:29,referral,desktop,B,1,O000339
S001041,C00761,2025-11-29 20:06:13,email,mobile,B,1,O000340
S001042,C01838,2025-03-29 12:08:51,referral,mobile,A,1,O000341
S001043,C00834,2025-05-08 07:20:52,email,mobile,A,0,
S001044,C00361,2025-03-13 11:09:54,email,mobile,B,1,O000342
S001045,C00649,2025-06-01 22:12:02,organic,mobile,B,0,
S001046,C00907,2025-10-30 22:09:45,paid_search,mobile,B,1,O000343
S001047,C00019,2025-09-28 17:00:01,email,desktop,B,1,O000344
S001048,C00183,2025-05-22 18:26:13,organic,desktop,B,0,
S001049,C00774,2025-02-24 10:51:56,paid_search,mobile,A,1,O000345
S001050,C01028,2025-07-19 19:19:12,organic,desktop,A,1,O000346
S001051,C01515,2025-11-24 18:12:18,paid_search,desktop,B,0,
S001052,C01553,2025-02-08 10:52:06,email,desktop,B,0,
S001053,C01104,2025-11-21 22:32:01,email,desktop,A,1,O000347
S001054,C00319,2025-11-30 07:45:21,paid_search,mobile,B,0,
S001055,C01692,2025-05-18 09:07:15,email,mobile,A,0,
S001056,C01670,2025-06-13 13:13:37,paid_search,mobile,A,0,
S001057,C00461,2025-10-23 18:31:17,social,mobile,B,0,
S001058,C01994,2025-03-09 23:26:21,paid_search,desktop,A,1,O000348
S001059,C00142,2025-10-14 23:44:07,social,mobile,A,1,O000349
S001060,C01347,2025-11-19 07:58:30,organic,mobile,B,0,
S001061,C00234,2025-04-06 17:36:15,social,mobile,A,0,
S001062,C01811,2025-09-01 15:04:23,paid_search,mobile,B,0,
S001063,C01170,2025-12-18 22:31:13,referral,mobile,A,0,
S001064,C00878,2025-12-25 16:18:10,referral,mobile,A,1,O000350
S001065,C00803,2025-11-28 11:34:46,email,desktop,B,1,O000351
S001066,C00496,2025-11-28 18:36:10,social,desktop,A,1,O000352
S001067,C00569,2025-02-04 12:49:34,email,desktop,B,0,
S001068,C00905,2025-08-02 12:20:59,referral,tablet,B,1,O000353
S001069,C00367,2025-04-29 20:57:43,social,desktop,B,0,
S001070,C01187,2025-04-23 11:30:35,social,mobile,B,1,O000354
S001071,C01223,2025-03-18 19:46:06,social,mobile,B,1,O000355
S001072,C00377,2025-06-08 15:54:56,organic,desktop,B,1,O000356
S001073,C01438,2025-10-15 10:48:03,paid_search,desktop,A,1,O000357
S001074,C01158,2025-10-18 23:19:40,paid_search,desktop,A,0,
S001075,C00019,2025-09-24 22:05:19,social,mobile,B,1,O000358
S001076,C00904,2025-08-13 16:02:13,referral,mobile,A,1,O000359
S001077,C01311,2025-06-18 16:52:22,paid_search,mobile,B,0,
S001078,C00374,2025-08-25 20:12:33,organic,mobile,A,1,O000360
S001079,C01176,2025-04-01 16:54:05,social,mobile,A,0,
S001080,C01323,2025-08-26 22:03:33,paid_search,mobile,B,0,
S001081,C00098,2025-12-08 11:31:01,email,desktop,A,0,
S001082,C00741,2025-11-23 07:19:12,paid_search,mobile,B,1,O000361
S001083,C01415,2025-03-26 13:07:01,organic,mobile,B,0,
S001084,C00658,2025-03-09 12:16:17,paid_search,desktop,A,1,O000362
S001085,C01488,2025-11-30 17:27:16,email,desktop,A,1,O000363
S001086,C00287,2025-06-14 08:44:31,paid_search,desktop,B,0,
S001087,C01461,2025-06-12 15:02:49,paid_search,mobile,B,0,
S001088,C01440,2025-01-03 10:03:17,social,mobile,A,0,
S001089,C01131,2025-11-20 22:07:15,paid_search,desktop,B,1,O000364
S001090,C01177,2025-04-18 20:03:03,paid_search,mobile,B,0,
S001091,C01053,2025-07-29 08:49:57,paid_search,mobile,B,0,
S001092,C00880,2025-06-03 10:56:27,email,desktop,A,1,O000365
S001093,C00098,2025-10-23 08:54:38,paid_search,mobile,A,0,
S001094,C00492,2025-06-21 20:29:02,referral,mobile,A,0,
S001095,C00314,2025-05-09 19:33:47,referral,desktop,A,1,O000366
S001096,C01206,2025-10-01 16:12:57,referral,tablet,A,0,
S001097,C01781,2025-12-23 12:42:44,organic,mobile,B,1,O000367
S001098,C00201,2025-06-29 10:39:17,paid_search,mobile,B,0,
S001099,C00416,2025-03-26 17:35:22,email,mobile,A,0,
S001100,C01437,2025-03-12 10:01:11,email,mobile,B,1,O000368
S001101,C01439,2025-12-02 22:19:06,organic,mobile,B,0,
S001102,C01143,2025-07-05 11:53:42,referral,mobile,B,0,
S001103,C01314,2025-01-22 15:28:26,referral,mobile,A,0,
S001104,C01662,2025-05-31 15:22:11,paid_search,desktop,A,0,
S001105,C01874,2025-10-17 10:48:11,organic,mobile,A,0,
S001106,C01230,2025-01-07 09:07:08,paid_search,desktop,A,0,
S001107,C01193,2025-09-01 09:38:31,referral,desktop,B,1,O000369
S001108,C00093,2025-09-17 17:50:55,social,mobile,B,0,
S001109,C00423,2025-10-20 12:23:59,email,mobile,B,1,O000370
S001110,C01923,2025-05-17 21:17:46,social,mobile,B,1,O000371
S001111,C01583,2025-09-11 10:16:38,paid_search,mobile,B,1,O000372
S001112,C01874,2025-05-26 18:57:50,paid_search,mobile,A,0,
S001113,C00055,2025-08-05 23:20:30,paid_search,mobile,B,0,
S001114,C01038,2025-06-20 10:48:02,referral,mobile,A,1,O000373
S001115,C01830,2025-02-14 08:34:20,paid_search,mobile,A,0,
S001116,C00736,2025-05-16 21:56:59,referral,mobile,A,1,O000374
S001117,C01677,2025-05-24 12:40:27,social,tablet,B,1,O000375
S001118,C00636,2025-12-22 19:11:37,email,desktop,A,1,O000376
S001119,C00866,2025-12-09 10:37:15,organic,mobile,A,1,O000377
S001120,C00316,2025-05-08 09:53:51,referral,mobile,A,1,O000378
S001121,C00650,2025-12-20 20:02:20,organic,mobile,A,1,O000379
S001122,C00978,2025-06-08 16:34:22,organic,desktop,A,0,
S001123,C00294,2025-08-02 12:48:41,paid_search,mobile,A,0,
S001124,C00833,2025-07-08 18:02:33,email,mobile,B,0,
S001125,C00025,2025-03-27 18:43:54,organic,tablet,B,0,
S001126,C01408,2025-08-21 15:56:18,organic,desktop,A,1,O000380
S001127,C00240,2025-10-26 17:50:13,social,desktop,A,0,
S001128,C01644,2025-06-01 12:09:13,social,mobile,A,1,O000381
S001129,C01160,2025-03-28 22:54:25,referral,mobile,A,0,
S001130,C01198,2025-08-15 19:52:05,referral,mobile,A,0,
S001131,C01259,2025-12-24 12:29:51,social,mobile,B,0,
S001132,C00868,2025-04-03 08:08:54,organic,mobile,A,1,O000382
S001133,C00946,2025-01-13 14:03:20,social,desktop,A,1,O000383
S001134,C00333,2025-01-27 10:20:54,referral,desktop,B,1,O000384
S001135,C01583,2025-06-12 11:27:41,social,desktop,B,1,O000385
S001136,C01799,2025-11-14 21:47:40,referral,mobile,B,0,
S001137,C01308,2025-05-03 20:49:13,email,mobile,A,0,
S001138,C00747,2025-04-11 20:03:27,referral,desktop,B,0,
S001139,C01925,2025-03-16 17:00:38,organic,mobile,B,0,
S001140,C01602,2025-03-29 17:06:02,paid_search,mobile,A,0,
S001141,C00499,2025-04-07 23:45:20,organic,mobile,B,0,
S001142,C01435,2025-10-23 16:55:32,organic,desktop,B,1,O000386
S001143,C01966,2025-09-05 15:43:27,organic,mobile,A,1,O000387
S001144,C00929,2025-11-03 09:56:13,organic,mobile,B,0,
S001145,C01937,2025-09-13 23:38:03,organic,mobile,B,0,
S001146,C00114,2025-06-22 12:23:59,organic,desktop,A,0,
S001147,C01768,2025-06-27 15:37:04,organic,mobile,A,1,O000388
S001148,C00085,2025-11-04 12:42:08,social,mobile,B,0,
S001149,C01565,2025-11-27 23:14:33,social,mobile,B,0,
S001150,C00166,2025-11-24 22:58:29,email,mobile,A,0,
S001151,C00746,2025-06-02 07:10:09,paid_search,tablet,A,1,O000389
S001152,C01440,2025-12-28 09:44:37,organic,mobile,A,0,
S001153,C01191,2025-02-09 08:16:54,paid_search,tablet,B,0,
S001154,C01718,2025-04-14 12:27:28,organic,desktop,A,0,
S001155,C01837,2025-06-07 09:12:59,paid_search,desktop,B,1,O000390
S001156,C01125,2025-04-18 08:26:57,social,desktop,B,0,
S001157,C01043,2025-01-30 18:41:48,paid_search,desktop,B,0,
S001158,C00716,2025-03-25 22:52:08,referral,mobile,A,0,
S001159,C00794,2025-12-09 16:07:38,email,mobile,A,1,O000391
S001160,C01893,2025-04-30 23:15:07,social,desktop,B,1,O000392
S001161,C00818,2025-10-10 10:06:43,organic,desktop,A,0,
S001162,C01818,2025-01-26 08:34:04,organic,mobile,A,1,O000393
S001163,C01419,2025-11-13 11:03:39,social,mobile,B,0,
S001164,C01516,2025-11-17 11:23:56,referral,mobile,A,0,
S001165,C01022,2025-06-10 16:48:16,social,mobile,A,0,
S001166,C01511,2025-07-01 13:31:40,email,mobile,B,0,
S001167,C01112,2025-01-19 21:17:08,referral,desktop,A,0,
S001168,C00732,2025-10-05 20:45:27,social,desktop,A,0,
S001169,C00816,2025-02-22 17:59:36,organic,mobile,A,0,
S001170,C01478,2025-11-13 11:17:34,paid_search,mobile,A,0,
S001171,C01000,2025-11-03 11:16:53,organic,mobile,A,1,O000394
S001172,C00801,2025-11-12 10:11:14,social,mobile,B,0,
S001173,C00479,2025-03-11 23:30:30,referral,mobile,B,1,O000395
S001174,C00618,2025-11-09 09:31:39,referral,mobile,A,0,
S001175,C00239,2025-06-13 22:56:58,social,mobile,B,1,O000396
S001176,C00208,2025-07-17 10:47:38,email,desktop,A,1,O000397
S001177,C01146,2025-11-29 16:56:19,email,desktop,A,0,
S001178,C01954,2025-08-01 18:26:13,social,mobile,A,0,
S001179,C01563,2025-11-23 18:38:20,social,tablet,B,1,O000398
S001180,C00134,2025-01-28 17:42:36,paid_search,tablet,A,0,
S001181,C00128,2025-10-24 15:31:03,organic,mobile,A,0,
S001182,C00170,2025-07-25 19:20:12,organic,mobile,A,0,
S001183,C01943,2025-05-24 21:08:36,social,mobile,B,1,O000399
S001184,C00417,2025-08-17 18:22:02,organic,mobile,B,0,
S001185,C00220,2025-12-03 15:47:45,paid_search,mobile,A,0,
S001186,C01606,2025-06-29 16:11:19,paid_search,mobile,A,0,
S001187,C01638,2025-10-07 22:47:04,referral,desktop,A,0,
S001188,C01916,2025-06-15 16:16:17,organic,mobile,A,0,
S001189,C00960,2025-04-24 16:34:56,organic,mobile,A,1,O000400
S001190,C01838,2025-04-02 11:31:53,paid_search,mobile,A,0,
S001191,C00044,2025-01-30 18:07:35,organic,mobile,A,0,
S001192,C01555,2025-02-01 11:46:41,social,mobile,B,1,O000401
S001193,C01565,2025-11-27 19:31:14,referral,mobile,B,0,
S001194,C01794,2025-11-13 09:07:00,email,mobile,A,0,
S001195,C00616,2025-10-06 23:47:20,social,desktop,A,0,
S001196,C00494,2025-09-08 10:16:40,organic,mobile,A,1,O000402
S001197,C00318,2025-10-25 08:37:10,paid_search,mobile,A,0,
S001198,C01396,2025-08-22 12:28:27,social,desktop,A,1,O000403
S001199,C01919,2025-08-03 15:57:06,paid_search,mobile,B,0,
S001200,C01303,2025-12-08 14:37:42,referral,desktop,B,0,
S001201,C00893,2025-08-21 19:19:40,referral,desktop,B,0,
S001202,C00283,2025-06-25 12:09:45,referral,mobile,B,1,O000404
S001203,C00349,2025-11-09 08:41:40,paid_search,tablet,B,0,
S001204,C00955,2025-06-28 21:49:52,social,mobile,B,0,
S001205,C01723,2025-01-04 16:03:41,organic,desktop,B,0,
S001206,C01881,2025-11-26 18:42:10,email,mobile,B,1,O000405
S001207,C01018,2025-12-23 23:17:55,organic,mobile,A,0,
S001208,C01314,2025-02-09 14:51:59,organic,mobile,A,0,
S001209,C01905,2025-01-11 22:40:52,organic,mobile,B,0,
S001210,C00816,2025-11-22 23:26:38,email,tablet,A,0,
S001211,C01276,2025-11-03 07:39:16,social,mobile,A,1,O000406
S001212,C00352,2025-11-06 18:19:15,email,mobile,A,0,
S001213,C01329,2025-07-11 23:53:30,email,mobile,B,0,
S001214,C01385,2025-11-06 07:32:12,organic,mobile,B,0,
S001215,C01833,2025-12-01 08:03:49,organic,tablet,B,0,
S001216,C01034,2025-01-20 09:08:11,referral,mobile,A,0,
S001217,C01447,2025-07-19 17:23:03,organic,mobile,B,1,O000407
S001218,C01942,2025-12-07 07:33:22,referral,mobile,A,1,O000408
S001219,C00221,2025-10-09 23:01:48,referral,desktop,B,0,
S001220,C01573,2025-08-28 15:25:09,referral,mobile,B,1,O000409
S001221,C00206,2025-07-21 09:18:15,social,desktop,A,1,O000410
S001222,C01927,2025-10-23 07:32:17,social,mobile,B,1,O000411
S001223,C00962,2025-06-13 14:08:56,organic,mobile,A,1,O000412
S001224,C00973,2025-11-26 19:52:52,organic,mobile,B,1,O000413
S001225,C00463,2025-09-28 18:37:38,referral,mobile,B,0,
S001226,C01089,2025-09-10 07:29:13,paid_search,mobile,B,1,O000414
S001227,C00398,2025-10-22 08:31:59,referral,mobile,A,0,
S001228,C01235,2025-07-27 19:05:42,referral,mobile,B,1,O000415
S001229,C01557,2025-06-29 15:39:31,social,desktop,B,0,
S001230,C00269,2025-04-26 17:00:43,organic,mobile,B,0,
S001231,C00435,2025-08-18 10:56:20,paid_search,mobile,B,0,
S001232,C00150,2025-01-23 21:08:36,organic,desktop,A,0,
S001233,C00506,2025-07-27 09:21:13,organic,mobile,A,0,
S001234,C00970,2025-05-22 23:28:19,organic,mobile,A,0,
S001235,C01697,2025-08-16 13:17:50,organic,mobile,B,1,O000416
S001236,C00433,2025-04-26 12:04:40,paid_search,mobile,B,0,
S001237,C01329,2025-10-18 13:06:46,referral,mobile,B,0,
S001238,C01493,2025-12-17 13:18:23,referral,tablet,B,1,O000417
S001239,C01422,2025-10-10 14:46:12,paid_search,mobile,A,0,
S001240,C01470,2025-01-10 17:28:45,email,desktop,A,1,O000418
S001241,C01606,2025-04-15 13:48:49,paid_search,mobile,A,1,O000419
S001242,C01583,2025-07-28 07:38:57,paid_search,mobile,B,0,
S001243,C00191,2025-06-06 14:25:19,email,desktop,B,0,
S001244,C01576,2025-05-07 13:54:06,email,mobile,A,0,
S001245,C01566,2025-06-19 19:08:50,organic,desktop,A,0,
S001246,C01917,2025-12-17 13:28:46,organic,mobile,B,0,
S001247,C01906,2025-11-28 13:36:34,referral,mobile,A,1,O000420
S001248,C00274,2025-08-24 20:37:17,organic,mobile,A,0,
S001249,C00470,2025-11-03 14:33:32,organic,mobile,A,0,
S001250,C00240,2025-11-11 23:24:52,referral,desktop,A,0,
S001251,C01802,2025-11-04 12:32:40,email,desktop,A,0,
S001252,C01452,2025-04-18 22:02:25,referral,desktop,A,0,
S001253,C01221,2025-08-11 18:37:20,referral,mobile,B,0,
S001254,C00167,2025-11-26 15:09:51,social,mobile,B,0,
S001255,C01863,2025-12-29 23:45:58,paid_search,mobile,B,0,
S001256,C01643,2025-08-25 10:05:58,social,desktop,B,0,
S001257,C00300,2025-04-10 09:16:16,organic,mobile,A,1,O000421
S001258,C01505,2025-06-21 10:25:36,social,mobile,B,0,
S001259,C00726,2025-08-11 16:01:10,organic,tablet,A,0,
S001260,C00964,2025-12-12 22:11:19,organic,mobile,A,0,
S001261,C01188,2025-02-16 22:10:01,referral,mobile,A,0,
S001262,C00057,2025-11-03 10:58:04,referral,desktop,B,0,
S001263,C01919,2025-04-23 16:15:47,organic,tablet,B,0,
S001264,C00662,2025-05-13 21:20:44,paid_search,desktop,A,0,
S001265,C01787,2025-11-07 20:44:25,social,mobile,B,0,
S001266,C00556,2025-08-14 08:04:09,paid_search,desktop,A,0,
S001267,C00415,2025-10-11 15:44:01,social,mobile,B,0,
S001268,C01434,2025-11-22 17:39:55,email,desktop,A,0,
S001269,C00494,2025-03-14 08:52:56,organic,mobile,A,0,
S001270,C01584,2025-01-16 22:30:26,email,mobile,A,0,
S001271,C01404,2025-09-26 10:03:58,organic,mobile,A,0,
S001272,C01255,2025-12-17 08:53:46,social,mobile,B,0,
S001273,C01538,2025-05-01 12:28:01,email,desktop,A,0,
S001274,C00093,2025-02-19 20:34:41,social,mobile,B,0,
S001275,C01880,2025-04-18 17:22:37,social,mobile,A,0,
S001276,C01804,2025-08-10 12:28:54,social,mobile,A,0,
S001277,C01790,2025-11-21 12:07:35,organic,mobile,A,0,
S001278,C00810,2025-10-28 17:38:34,email,desktop,A,0,
S001279,C01273,2025-02-12 15:44:04,organic,desktop,B,0,
S001280,C00982,2025-09-01 23:42:18,paid_search,mobile,A,0,
S001281,C00442,2025-07-31 21:53:38,email,mobile,A,1,O000422
S001282,C01724,2025-01-09 09:00:49,paid_search,mobile,A,0,
S001283,C01299,2025-02-09 14:27:23,social,mobile,B,0,
S001284,C01862,2025-04-29 23:39:19,organic,mobile,A,0,
S001285,C00559,2025-10-25 23:02:46,social,tablet,B,0,
S001286,C00710,2025-05-08 21:34:14,email,mobile,A,1,O000423
S001287,C01495,2025-02-27 13:05:31,social,mobile,B,0,
S001288,C00035,2025-03-04 16:15:07,social,mobile,B,0,
S001289,C00297,2025-12-02 17:18:50,organic,desktop,B,0,
S001290,C01260,2025-10-01 11:39:27,organic,tablet,A,1,O000424
S001291,C01531,2025-07-04 23:59:55,organic,desktop,B,0,
S001292,C00171,2025-01-29 12:56:54,organic,desktop,B,0,
S001293,C01568,2025-10-30 10:05:36,social,mobile,A,0,
S001294,C00575,2025-02-17 08:51:46,social,mobile,B,1,O000425
S001295,C01191,2025-08-17 11:39:00,paid_search,mobile,B,0,
S001296,C00949,2025-10-29 15:01:56,paid_search,mobile,B,0,
S001297,C01353,2025-11-17 22:32:18,organic,mobile,B,0,
S001298,C01435,2025-01-08 16:08:18,social,mobile,B,1,O000426
S001299,C01588,2025-10-07 20:30:11,referral,mobile,A,0,
S001300,C00825,2025-06-05 08:09:57,referral,tablet,B,0,
S001301,C01836,2025-05-15 07:06:26,email,mobile,A,0,
S001302,C00773,2025-11-07 19:49:11,paid_search,mobile,B,0,
S001303,C00530,2025-11-10 21:06:44,paid_search,desktop,A,0,
S001304,C00614,2025-05-06 12:16:04,social,mobile,A,0,
S001305,C01323,2025-07-18 16:31:37,organic,mobile,B,0,
S001306,C01410,2025-05-04 20:18:44,organic,mobile,A,0,
S001307,C01216,2025-03-07 20:49:43,organic,mobile,A,0,
S001308,C01534,2025-06-20 18:50:17,organic,mobile,A,0,
S001309,C01148,2025-12-26 10:17:13,organic,desktop,A,1,O000427
S001310,C01228,2025-07-30 19:46:27,organic,desktop,A,1,O000428
S001311,C00761,2025-03-05 11:47:52,social,desktop,B,0,
S001312,C01984,2025-11-14 09:17:54,paid_search,mobile,A,0,
S001313,C01232,2025-10-15 21:34:22,referral,desktop,A,0,
S001314,C00880,2025-04-30 07:02:53,email,mobile,A,0,
S001315,C01331,2025-02-02 14:05:11,social,mobile,B,0,
S001316,C00742,2025-03-03 14:16:18,social,mobile,A,1,O000429
S001317,C01507,2025-04-08 19:30:33,organic,mobile,B,1,O000430
S001318,C01716,2025-11-10 07:38:36,paid_search,mobile,A,0,
S001319,C01530,2025-11-01 12:04:43,social,mobile,A,1,O000431
S001320,C01747,2025-04-13 22:02:39,paid_search,mobile,B,1,O000432
S001321,C01333,2025-08-21 17:00:02,organic,desktop,B,0,
S001322,C01031,2025-08-24 18:57:31,referral,desktop,B,1,O000433
S001323,C00567,2025-01-20 13:04:52,social,mobile,B,0,
S001324,C01892,2025-06-24 10:46:21,organic,desktop,A,0,
S001325,C00327,2025-02-23 13:44:16,organic,mobile,B,1,O000434
S001326,C01150,2025-11-16 23:53:18,organic,mobile,A,1,O000435
S001327,C00607,2025-11-10 18:48:56,paid_search,mobile,B,0,
S001328,C01093,2025-04-17 10:11:55,paid_search,desktop,B,0,
S001329,C01565,2025-07-23 22:56:23,organic,tablet,B,0,
S001330,C00481,2025-05-10 21:01:54,Unknown,desktop,B,0,
S001331,C00598,2025-05-07 07:26:39,email,mobile,A,1,O000436
S001332,C00476,2025-03-23 22:03:19,organic,mobile,A,0,
S001333,C01640,2025-08-27 07:52:24,referral,desktop,A,0,
S001334,C01181,2025-06-21 23:22:26,organic,mobile,B,0,
S001335,C01176,2025-04-12 17:57:27,social,mobile,A,0,
S001336,C01267,2025-10-17 08:52:12,organic,mobile,B,0,
S001337,C00496,2025-06-06 20:05:33,paid_search,mobile,A,0,
S001338,C01789,2025-10-24 16:04:46,organic,desktop,B,0,
S001339,C01403,2025-04-05 10:44:28,organic,mobile,B,1,O000437
S001340,C00848,2025-06-20 17:06:04,organic,desktop,A,0,
S001341,C01651,2025-05-31 21:18:33,organic,desktop,B,1,O000438
S001342,C00362,2025-10-21 16:24:39,organic,mobile,A,0,
S001343,C00164,2025-02-08 08:18:22,email,mobile,A,0,
S001344,C00254,2025-08-07 08:09:57,Unknown,mobile,A,0,
S001345,C00071,2025-11-23 16:22:37,email,mobile,B,1,O000439
S001346,C01553,2025-08-14 21:50:08,organic,mobile,B,1,O000440
S001347,C00711,2025-09-25 21:06:47,organic,mobile,B,1,O000441
S001348,C00271,2025-10-30 22:55:19,email,mobile,B,0,
S001349,C01738,2025-12-22 22:30:50,organic,mobile,A,0,
S001350,C01819,2025-06-05 17:18:25,paid_search,desktop,B,1,O000442
S001351,C01870,2025-08-13 14:49:20,email,desktop,A,0,
S001352,C01545,2025-09-29 15:16:57,social,desktop,B,1,O000443
S001353,C01989,2025-09-11 11:45:43,organic,mobile,B,0,
S001354,C01153,2025-11-17 18:35:18,organic,mobile,B,0,
S001355,C01521,2025-02-15 21:06:49,social,mobile,B,1,O000444
S001356,C00799,2025-05-26 19:33:57,referral,mobile,B,1,O000445
S001357,C01738,2025-01-28 07:06:23,paid_search,desktop,A,0,
S001358,C01003,2025-08-31 19:13:49,email,mobile,B,1,O000446
S001359,C01162,2025-01-24 12:52:39,social,desktop,A,0,
S001360,C00449,2025-04-17 13:16:04,paid_search,mobile,B,1,O000447
S001361,C00279,2025-02-19 19:30:30,organic,tablet,B,0,
S001362,C00254,2025-12-26 12:16:00,email,mobile,A,0,
S001363,C00545,2025-03-06 08:12:43,email,mobile,B,1,O000448
S001364,C00775,2025-02-06 19:47:11,organic,mobile,B,0,
S001365,C00454,2025-11-30 17:37:52,organic,mobile,A,0,
S001366,C01074,2025-11-09 14:35:22,referral,mobile,A,0,
S001367,C01606,2025-11-01 15:04:04,paid_search,mobile,A,1,O000449
S001368,C01497,2025-08-17 14:21:42,organic,tablet,B,0,
S001369,C00534,2025-04-01 13:34:58,paid_search,mobile,A,1,O000450
S001370,C00233,2025-12-05 11:45:22,organic,mobile,B,1,O000451
S001371,C00980,2025-11-29 17:11:58,organic,mobile,A,0,
S001372,C00889,2025-06-18 18:31:14,paid_search,mobile,B,0,
S001373,C00012,2025-12-26 08:17:27,paid_search,desktop,A,0,
S001374,C01205,2025-11-01 23:41:31,paid_search,desktop,B,0,
S001375,C01973,2025-12-11 14:41:20,organic,tablet,B,0,
S001376,C01487,2025-12-09 16:55:32,paid_search,desktop,B,1,O000452
S001377,C01904,2025-09-20 10:47:17,email,desktop,A,0,
S001378,C00592,2025-03-12 13:57:20,organic,desktop,A,0,
S001379,C01394,2025-12-22 18:39:51,social,mobile,A,0,
S001380,C01556,2025-05-19 18:59:18,email,mobile,A,1,O000453
S001381,C00933,2025-01-12 09:24:41,referral,mobile,B,0,
S001382,C01545,2025-01-23 18:24:13,social,mobile,B,0,
S001383,C01314,2025-12-19 15:49:49,organic,mobile,A,0,
S001384,C00893,2025-07-01 18:32:37,organic,mobile,B,0,
S001385,C00831,2025-10-15 19:15:37,referral,tablet,B,0,
S001386,C00629,2025-12-10 14:20:42,referral,desktop,B,1,O000454
S001387,C00743,2025-10-11 08:59:18,organic,desktop,B,0,
S001388,C01933,2025-05-22 11:48:11,social,mobile,B,0,
S001389,C01302,2025-09-27 12:52:41,email,mobile,A,1,O000455
S001390,C01119,2025-09-23 23:13:44,organic,mobile,B,0,
S001391,C01747,2025-12-05 18:38:44,referral,mobile,B,0,
S001392,C00085,2025-12-16 14:04:05,email,mobile,B,0,
S001393,C01680,2025-11-17 13:29:12,social,desktop,A,0,
S001394,C00038,2025-01-11 23:43:34,paid_search,mobile,A,1,O000456
S001395,C01059,2025-12-19 07:39:52,social,desktop,B,0,
S001396,C00678,2025-06-13 15:21:08,organic,mobile,A,0,
S001397,C01412,2025-05-30 22:59:32,referral,mobile,A,0,
S001398,C00485,2025-01-10 10:48:17,paid_search,mobile,B,0,
S001399,C00679,2025-12-12 14:52:31,paid_search,mobile,B,0,
S001400,C00182,2025-10-19 22:08:03,referral,desktop,A,0,
S001401,C01936,2025-12-04 16:06:37,organic,desktop,A,0,
S001402,C00009,2025-06-07 18:12:10,email,tablet,B,0,
S001403,C00473,2025-08-02 15:31:57,paid_search,desktop,B,0,
S001404,C00700,2025-10-30 19:39:25,organic,mobile,A,0,
S001405,C00932,2025-12-15 15:26:47,social,desktop,A,1,O000457
S001406,C01026,2025-04-06 15:22:22,organic,mobile,A,0,
S001407,C00671,2025-11-16 09:13:20,referral,mobile,B,1,O000458
S001408,C01566,2025-03-01 09:00:51,referral,mobile,A,0,
S001409,C00607,2025-05-16 09:07:16,paid_search,mobile,B,0,
S001410,C01875,2025-05-25 16:57:33,email,mobile,B,1,O000459
S001411,C01904,2025-09-20 14:02:50,social,tablet,A,0,
S001412,C00296,2025-04-11 10:36:37,paid_search,desktop,A,0,
S001413,C00560,2025-11-17 17:01:06,paid_search,mobile,A,0,
S001414,C01895,2025-04-18 22:28:01,organic,desktop,B,0,
S001415,C00779,2025-04-23 10:08:10,organic,mobile,B,1,O000460
S001416,C00126,2025-08-16 09:48:55,paid_search,mobile,A,0,
S001417,C00127,2025-12-14 14:33:02,organic,mobile,B,0,
S001418,C00452,2025-08-17 09:58:55,paid_search,mobile,A,0,
S001419,C00674,2025-08-11 08:21:42,referral,mobile,A,1,O000461
S001420,C00967,2025-01-05 15:21:03,referral,mobile,B,1,O000462
S001421,C01882,2025-06-22 12:39:29,referral,tablet,A,1,O000463
S001422,C01185,2025-12-16 23:51:03,organic,desktop,B,0,
S001423,C01687,2025-12-06 23:24:32,organic,desktop,B,1,O000464
S001424,C01204,2025-03-03 23:44:03,paid_search,desktop,A,0,
S001425,C01697,2025-11-02 20:18:25,referral,mobile,B,0,
S001426,C00530,2025-01-13 23:27:21,email,mobile,A,0,
S001427,C00693,2025-07-09 10:20:15,referral,mobile,B,0,
S001428,C00297,2025-04-01 19:06:28,email,desktop,B,0,
S001429,C01504,2025-07-08 21:25:06,referral,desktop,A,0,
S001430,C00059,2025-10-12 21:59:39,email,mobile,B,0,
S001431,C00711,2025-12-27 10:08:16,organic,mobile,B,1,O000465
S001432,C00049,2025-04-27 09:26:33,paid_search,mobile,B,0,
S001433,C00406,2025-01-27 23:07:00,social,mobile,A,0,
S001434,C01069,2025-12-07 16:01:48,email,mobile,B,1,O000466
S001435,C01669,2025-12-10 12:49:02,organic,desktop,B,0,
S001436,C01096,2025-11-02 14:44:13,paid_search,desktop,A,0,
S001437,C00762,2025-12-17 17:23:20,paid_search,desktop,A,0,
S001438,C01375,2025-11-18 13:53:18,organic,mobile,B,0,
S001439,C01823,2025-06-14 15:58:02,organic,mobile,B,1,O000467
S001440,C00565,2025-02-12 08:35:12,paid_search,desktop,B,0,
S001441,C00495,2025-07-16 18:54:08,organic,mobile,B,0,
S001442,C00201,2025-11-27 12:10:10,organic,mobile,B,0,
S001443,C00685,2025-11-10 19:06:24,social,mobile,B,1,O000468
S001444,C00937,2025-04-17 19:54:14,paid_search,mobile,B,0,
S001445,C00334,2025-06-28 19:21:18,organic,mobile,A,0,
S001446,C01797,2025-08-12 13:01:58,referral,desktop,B,1,O000469
S001447,C00916,2025-03-23 08:31:27,organic,desktop,A,0,
S001448,C01320,2025-07-18 22:25:54,referral,mobile,A,1,O000470
S001449,C01697,2025-04-08 11:48:07,paid_search,desktop,B,1,O000471
S001450,C00997,2025-01-13 08:21:58,organic,desktop,B,1,O000472
S001451,C00133,2025-03-10 23:06:52,email,mobile,B,0,
S001452,C01126,2025-05-26 19:54:07,email,mobile,A,0,
S001453,C01864,2025-11-23 14:22:39,organic,mobile,A,0,
S001454,C00251,2025-02-13 13:16:58,referral,mobile,B,0,
S001455,C00056,2025-02-01 11:18:05,email,tablet,A,1,O000473
S001456,C01762,2025-07-09 23:57:43,paid_search,desktop,A,0,
S001457,C01795,2025-05-30 09:29:54,organic,mobile,B,0,
S001458,C00882,2025-08-23 07:50:20,paid_search,mobile,A,0,
S001459,C00416,2025-11-29 08:20:23,referral,mobile,A,0,
S001460,C00162,2025-04-08 22:11:54,organic,mobile,A,1,O000474
S001461,C00192,2025-07-27 15:32:35,email,mobile,A,1,O000475
S001462,C00685,2025-04-28 22:59:12,paid_search,desktop,B,1,O000476
S001463,C01183,2025-04-05 07:00:36,organic,desktop,B,1,O000477
S001464,C01117,2025-12-10 07:40:08,organic,desktop,B,0,
S001465,C01599,2025-09-14 19:57:18,social,mobile,B,0,
S001466,C00930,2025-12-08 08:06:46,paid_search,mobile,A,1,O000478
S001467,C00866,2025-05-07 11:15:43,paid_search,mobile,A,1,O000479
S001468,C00872,2025-03-24 17:57:33,referral,mobile,A,1,O000480
S001469,C01652,2025-07-07 16:16:05,organic,mobile,A,0,
S001470,C01544,2025-12-02 10:43:31,organic,desktop,A,0,
S001471,C00193,2025-11-26 14:44:01,paid_search,mobile,B,1,O000481
S001472,C01986,2025-11-07 07:36:11,referral,desktop,A,0,
S001473,C01240,2025-06-07 18:52:18,email,mobile,A,0,
S001474,C01832,2025-08-01 12:41:17,referral,mobile,A,1,O000482
S001475,C01245,2025-12-20 07:01:50,email,desktop,B,1,O000483
S001476,C00223,2025-09-30 13:12:09,referral,mobile,B,1,O000484
S001477,C01708,2025-12-12 12:04:26,organic,desktop,A,1,O000485
S001478,C01553,2025-04-01 22:54:29,organic,mobile,B,0,
S001479,C00166,2025-02-21 09:06:13,organic,mobile,A,1,O000486
S001480,C01754,2025-10-06 21:08:40,social,mobile,A,0,
S001481,C01524,2025-10-18 13:10:08,paid_search,desktop,A,0,
S001482,C00250,2025-11-06 09:33:07,organic,mobile,A,0,
S001483,C00885,2025-07-29 21:42:06,organic,tablet,B,1,O000487
S001484,C00452,2025-01-11 12:37:00,email,desktop,A,1,O000488
S001485,C00217,2025-12-30 18:52:51,referral,desktop,B,1,O000489
S001486,C00959,2025-05-13 15:48:57,social,mobile,B,0,
S001487,C00125,2025-09-09 07:04:17,organic,mobile,B,0,
S001488,C01315,2025-02-02 20:41:57,paid_search,mobile,B,1,O000490
S001489,C00026,2025-02-13 16:45:46,organic,mobile,A,0,
S001490,C01917,2025-09-13 20:57:39,paid_search,mobile,B,0,
S001491,C00842,2025-09-12 15:48:42,email,tablet,A,1,O000491
S001492,C00625,2025-04-09 12:22:09,paid_search,mobile,B,0,
S001493,C01968,2025-09-08 07:18:59,paid_search,mobile,A,0,
S001494,C01714,2025-08-24 20:45:45,referral,mobile,A,0,
S001495,C01587,2025-11-02 10:44:04,email,desktop,B,0,
S001496,C00991,2025-10-11 15:56:29,social,mobile,B,0,
S001497,C00072,2025-01-03 08:23:01,paid_search,desktop,A,1,O000492
S001498,C00929,2025-08-23 23:15:53,social,mobile,B,0,
S001499,C00012,2025-12-19 11:26:28,email,desktop,A,0,
S001500,C00169,2025-09-25 22:02:31,paid_search,mobile,B,0,
S001501,C00065,2025-05-12 09:55:20,paid_search,mobile,B,1,O000493
S001502,C00039,2025-10-15 17:45:44,referral,desktop,B,0,
S001503,C00690,2025-03-19 17:49:11,referral,desktop,A,1,O000494
S001504,C01186,2025-08-01 11:58:15,social,desktop,A,0,
S001505,C00358,2025-02-20 07:40:50,organic,mobile,A,1,O000495
S001506,C00826,2025-05-02 07:58:20,organic,mobile,A,1,O000496
S001507,C00818,2025-10-08 10:35:47,referral,tablet,A,0,
S001508,C01651,2025-10-25 14:25:26,social,desktop,B,1,O000497
S001509,C00297,2025-05-13 11:23:53,referral,desktop,B,0,
S001510,C00274,2025-06-29 14:32:10,social,mobile,A,1,O000498
S001511,C01902,2025-08-28 15:29:19,social,mobile,A,0,
S001512,C00544,2025-11-04 09:27:38,email,desktop,A,1,O000499
S001513,C01016,2025-08-27 21:42:20,organic,mobile,A,0,
S001514,C01988,2025-07-25 11:24:16,social,mobile,A,0,
S001515,C01038,2025-06-07 07:57:50,organic,mobile,A,1,O000500
S001516,C01349,2025-12-25 21:20:30,social,mobile,B,0,
S001517,C00859,2025-10-06 18:17:20,organic,desktop,B,0,
S001518,C00299,2025-12-16 20:05:40,paid_search,desktop,B,0,
S001519,C00998,2025-07-08 20:24:44,referral,mobile,A,0,
S001520,C01684,2025-04-30 21:52:34,social,desktop,A,1,O000501
S001521,C01738,2025-12-08 18:52:36,organic,mobile,A,0,
S001522,C00942,2025-08-19 22:54:08,paid_search,mobile,A,0,
S001523,C01198,2025-02-06 09:02:19,organic,mobile,A,0,
S001524,C01561,2025-02-28 21:55:11,social,mobile,B,0,
S001525,C01210,2025-08-23 14:10:44,referral,mobile,A,0,
S001526,C00517,2025-06-12 20:13:28,organic,desktop,B,1,O000502
S001527,C00880,2025-12-08 17:36:48,organic,tablet,A,0,
S001528,C00365,2025-02-16 15:07:04,email,mobile,B,1,O000503
S001529,C00167,2025-03-30 08:42:52,social,mobile,B,1,O000504
S001530,C00651,2025-06-27 19:02:00,email,desktop,B,1,O000505
S001531,C00998,2025-05-13 22:22:47,organic,mobile,A,0,
S001532,C00755,2025-09-28 07:31:14,organic,mobile,B,1,O000506
S001533,C00211,2025-08-01 19:52:42,organic,desktop,B,0,
S001534,C01827,2025-12-20 14:31:51,organic,mobile,B,0,
S001535,C00566,2025-12-23 09:34:34,social,desktop,A,0,
S001536,C01213,2025-05-17 11:49:36,organic,mobile,B,0,
S001537,C01654,2025-09-22 16:07:30,referral,mobile,A,1,O000507
S001538,C01062,2025-12-03 19:22:26,organic,mobile,A,0,
S001539,C01553,2025-06-12 12:22:58,paid_search,desktop,B,0,
S001540,C01194,2025-04-09 18:48:09,paid_search,desktop,A,0,
S001541,C01683,2025-07-25 22:26:02,email,mobile,B,0,
S001542,C01410,2025-08-09 22:07:39,paid_search,tablet,A,0,
S001543,C00986,2025-05-22 17:24:11,referral,mobile,A,0,
S001544,C01024,2025-10-20 16:23:45,paid_search,mobile,A,0,
S001545,C00630,2025-08-11 14:59:41,referral,desktop,A,0,
S001546,C01017,2025-10-04 18:04:52,organic,desktop,B,0,
S001547,C00814,2025-08-19 22:10:11,referral,desktop,A,0,
S001548,C00449,2025-03-02 07:43:01,organic,mobile,B,1,O000508
S001549,C00276,2025-02-08 13:59:24,social,desktop,A,0,
S001550,C00847,2025-10-02 12:14:22,social,mobile,B,1,O000509
S001551,C00943,2025-10-29 16:19:44,organic,desktop,B,1,O000510
S001552,C00407,2025-05-26 17:45:44,referral,mobile,B,1,O000511
S001553,C00058,2025-06-20 16:38:54,referral,mobile,A,1,O000512
S001554,C01526,2025-12-29 12:47:45,organic,desktop,A,1,O000513
S001555,C01664,2025-03-16 20:17:51,organic,mobile,A,0,
S001556,C00982,2025-02-02 11:44:33,social,mobile,A,0,
S001557,C01555,2025-03-20 11:19:29,organic,mobile,B,0,
S001558,C01195,2025-12-31 13:02:52,organic,mobile,B,0,
S001559,C01010,2025-06-23 21:51:53,organic,mobile,A,0,
S001560,C01992,2025-06-12 07:51:26,paid_search,mobile,A,1,O000514
S001561,C00226,2025-09-30 15:12:10,organic,desktop,A,0,
S001562,C00824,2025-10-14 18:23:19,email,desktop,A,1,O000515
S001563,C01727,2025-07-12 21:28:23,social,mobile,B,1,O000516
S001564,C00398,2025-11-25 11:54:47,email,desktop,A,1,O000517
S001565,C01194,2025-11-12 17:21:08,social,mobile,A,0,
S001566,C01395,2025-01-21 08:15:08,email,desktop,B,0,
S001567,C01973,2025-02-08 19:26:11,paid_search,desktop,B,0,
S001568,C01349,2025-09-02 23:23:49,organic,desktop,B,1,O000518
S001569,C01867,2025-01-27 12:37:53,social,mobile,B,0,
S001570,C01768,2025-10-03 20:05:22,social,mobile,A,0,
S001571,C00794,2025-11-02 15:41:06,email,mobile,A,0,
S001572,C01536,2025-03-13 19:31:52,organic,mobile,A,0,
S001573,C01742,2025-08-14 13:44:55,organic,mobile,A,0,
S001574,C01744,2025-10-15 07:19:30,email,mobile,A,0,
S001575,C01866,2025-03-10 10:06:54,paid_search,mobile,A,0,
S001576,C01925,2025-09-13 14:40:47,organic,mobile,B,1,O000519
S001577,C00022,2025-09-16 13:51:45,email,desktop,A,0,
S001578,C01254,2025-12-21 14:26:17,social,desktop,A,0,
S001579,C00032,2025-02-10 18:04:17,referral,mobile,A,0,
S001580,C00087,2025-03-24 11:25:02,email,mobile,B,0,
S001581,C01110,2025-01-25 13:26:25,social,mobile,A,0,
S001582,C00440,2025-05-18 23:30:00,social,mobile,A,0,
S001583,C01465,2025-02-25 18:53:00,organic,tablet,B,0,
S001584,C01227,2025-12-27 09:22:42,organic,mobile,B,1,O000520
S001585,C00677,2025-03-24 22:30:12,paid_search,mobile,B,0,
S001586,C01012,2025-08-06 20:12:01,paid_search,mobile,A,0,
S001587,C01107,2025-03-20 20:02:54,referral,mobile,B,0,
S001588,C00714,2025-05-05 14:14:14,email,mobile,A,0,
S001589,C00453,2025-10-18 10:42:48,organic,mobile,B,0,
S001590,C00452,2025-11-12 23:16:36,social,desktop,A,0,
S001591,C01287,2025-01-04 21:01:33,organic,mobile,B,1,O000521
S001592,C00626,2025-02-16 17:41:18,referral,desktop,A,1,O000522
S001593,C00274,2025-08-06 16:25:32,social,mobile,A,1,O000523
S001594,C01481,2025-05-20 14:49:40,organic,mobile,B,1,O000524
S001595,C01792,2025-09-22 20:02:12,email,mobile,A,0,
S001596,C00631,2025-12-05 08:05:04,paid_search,desktop,B,0,
S001597,C00032,2025-11-24 12:44:15,referral,desktop,A,1,O000525
S001598,C00408,2025-04-14 20:14:51,paid_search,desktop,A,0,
S001599,C01927,2025-11-14 17:28:11,social,mobile,B,0,
S001600,C01904,2025-04-24 15:05:05,paid_search,mobile,A,0,
S001601,C01575,2025-07-28 11:59:21,organic,mobile,B,0,
S001602,C00785,2025-09-04 10:01:48,social,mobile,B,0,
S001603,C00764,2025-11-28 07:09:47,social,desktop,A,0,
S001604,C00087,2025-03-04 08:14:53,social,mobile,B,0,
S001605,C01474,2025-03-22 11:41:24,organic,desktop,A,0,
S001606,C01800,2025-01-14 16:14:46,referral,desktop,A,0,
S001607,C01324,2025-02-28 15:36:16,email,mobile,A,1,O000526
S001608,C00299,2025-08-15 15:36:43,organic,mobile,B,0,
S001609,C01490,2025-07-03 09:05:46,organic,tablet,A,1,O000527
S001610,C01035,2025-09-10 23:36:10,social,mobile,B,0,
S001611,C00116,2025-09-11 13:42:33,social,mobile,A,0,
S001612,C01264,2025-04-01 11:31:45,paid_search,mobile,A,0,
S001613,C00870,2025-10-12 10:05:06,organic,mobile,A,0,
S001614,C01611,2025-10-10 11:30:10,email,desktop,B,0,
S001615,C01254,2025-06-20 22:36:22,organic,mobile,A,0,
S001616,C00263,2025-08-28 13:40:37,paid_search,mobile,B,0,
S001617,C00884,2025-09-10 18:25:10,paid_search,mobile,A,0,
S001618,C00166,2025-04-15 10:17:50,paid_search,desktop,A,0,
S001619,C01112,2025-06-21 14:00:56,paid_search,tablet,A,1,O000528
S001620,C01567,2025-12-26 17:04:13,email,desktop,B,1,O000529
S001621,C01894,2025-08-31 17:24:38,organic,mobile,A,1,O000530
S001622,C00487,2025-06-07 19:25:58,referral,mobile,B,0,
S001623,C00168,2025-10-20 13:04:19,referral,desktop,A,0,
S001624,C00458,2025-05-06 17:25:32,organic,mobile,A,1,O000531
S001625,C00842,2025-03-20 17:42:11,paid_search,mobile,A,0,
S001626,C01181,2025-01-29 13:11:09,paid_search,desktop,B,0,
S001627,C01894,2025-06-29 09:37:16,email,mobile,A,0,
S001628,C00009,2025-01-02 22:18:54,paid_search,desktop,B,0,
S001629,C01445,2025-04-19 22:28:48,paid_search,mobile,B,0,
S001630,C00495,2025-11-01 08:06:38,organic,mobile,B,0,
S001631,C01139,2025-06-18 14:10:08,organic,mobile,B,1,O000532
S001632,C01384,2025-03-09 14:08:02,organic,mobile,A,0,
S001633,C01453,2025-09-30 19:16:13,paid_search,mobile,B,0,
S001634,C00198,2025-10-04 23:16:15,referral,mobile,A,0,
S001635,C00350,2025-12-30 11:18:20,email,desktop,A,0,
S001636,C00217,2025-12-19 14:23:43,paid_search,mobile,B,1,O000533
S001637,C01624,2025-12-31 09:49:36,email,desktop,A,1,O000534
S001638,C01730,2025-11-10 11:28:12,organic,mobile,A,0,
S001639,C00732,2025-12-15 23:35:32,email,desktop,A,0,
S001640,C01554,2025-11-17 07:45:15,email,mobile,A,0,
S001641,C00912,2025-02-21 08:50:53,social,desktop,A,0,
S001642,C00558,2025-08-10 18:46:52,social,mobile,A,0,
S001643,C00268,2025-06-18 20:21:37,social,mobile,A,0,
S001644,C00685,2025-01-11 12:06:51,paid_search,mobile,B,1,O000535
S001645,C01597,2025-12-30 20:32:16,social,desktop,B,1,O000536
S001646,C01560,2025-11-16 17:15:50,referral,desktop,A,0,
S001647,C01540,2025-10-27 15:33:57,email,mobile,A,0,
S001648,C01435,2025-10-29 11:46:52,organic,desktop,B,1,O000537
S001649,C01193,2025-09-23 18:53:39,organic,mobile,B,0,
S001650,C01017,2025-06-17 08:44:39,email,desktop,B,1,O000538
S001651,C00326,2025-08-01 10:24:52,organic,mobile,A,1,O000539
S001652,C00056,2025-08-21 07:49:45,referral,mobile,A,0,
S001653,C01623,2025-09-06 10:27:20,paid_search,mobile,B,1,O000540
S001654,C01557,2025-08-28 12:00:15,social,mobile,B,0,
S001655,C00769,2025-01-23 09:18:07,organic,mobile,B,1,O000541
S001656,C01727,2025-05-27 15:47:39,email,mobile,B,0,
S001657,C01651,2025-06-30 13:31:51,paid_search,mobile,B,0,
S001658,C00570,2025-09-13 09:56:47,paid_search,desktop,A,0,
S001659,C00887,2025-11-09 15:38:57,organic,desktop,B,0,
S001660,C00548,2025-06-27 18:08:45,organic,mobile,A,0,
S001661,C00086,2025-11-20 23:28:22,organic,mobile,A,0,
S001662,C00933,2025-09-17 21:29:50,referral,desktop,B,0,
S001663,C00932,2025-12-24 11:35:07,social,desktop,A,0,
S001664,C00320,2025-08-27 19:00:43,paid_search,mobile,A,0,
S001665,C01560,2025-12-26 16:56:49,organic,tablet,A,1,O000542
S001666,C00498,2025-11-03 14:49:06,social,tablet,A,0,
S001667,C01185,2025-06-01 09:57:59,email,tablet,B,0,
S001668,C00268,2025-01-18 12:26:38,organic,mobile,A,0,
S001669,C00881,2025-03-05 09:45:24,email,mobile,B,0,
S001670,C01816,2025-10-22 09:49:33,email,mobile,A,1,O000543
S001671,C00579,2025-06-01 19:07:58,social,desktop,B,0,
S001672,C01582,2025-12-28 08:35:05,social,desktop,A,0,
S001673,C00774,2025-09-12 12:00:31,organic,mobile,A,0,
S001674,C01999,2025-05-06 22:15:07,referral,mobile,B,0,
S001675,C00711,2025-05-12 09:47:41,email,desktop,B,1,O000544
S001676,C00880,2025-12-21 17:41:31,organic,desktop,A,0,
S001677,C01299,2025-08-12 23:17:16,email,mobile,B,0,
S001678,C01456,2025-04-11 20:39:11,social,mobile,A,0,
S001679,C00616,2025-09-26 11:26:40,social,mobile,A,0,
S001680,C01394,2025-12-30 16:52:49,referral,mobile,A,0,
S001681,C01114,2025-09-25 09:19:42,referral,mobile,A,1,O000545
S001682,C01688,2025-10-05 09:30:45,social,mobile,A,0,
S001683,C01936,2025-02-07 08:20:45,paid_search,mobile,A,1,O000546
S001684,C00381,2025-04-26 07:24:50,organic,mobile,B,0,
S001685,C01216,2025-02-23 19:25:00,social,desktop,A,0,
S001686,C00873,2025-11-14 23:08:16,referral,desktop,B,0,
S001687,C00905,2025-08-18 16:51:23,referral,desktop,B,1,O000547
S001688,C01555,2025-12-15 18:25:43,referral,desktop,B,0,
S001689,C01710,2025-01-28 08:32:40,paid_search,mobile,A,1,O000548
S001690,C00704,2025-03-13 12:40:25,organic,mobile,A,0,
S001691,C01554,2025-03-05 16:35:17,referral,desktop,A,0,
S001692,C00999,2025-01-30 20:51:55,organic,mobile,B,1,O000549
S001693,C01279,2025-08-19 22:28:42,email,desktop,B,1,O000550
S001694,C00019,2025-10-13 16:24:51,email,mobile,B,0,
S001695,C01530,2025-05-03 17:30:37,social,desktop,A,0,
S001696,C01590,2025-07-05 19:00:19,paid_search,mobile,A,1,O000551
S001697,C00792,2025-03-29 11:57:58,organic,desktop,A,0,
S001698,C01892,2025-12-10 11:31:33,referral,mobile,A,0,
S001699,C01739,2025-11-22 16:57:45,referral,desktop,B,1,O000552
S001700,C00743,2025-01-10 11:37:54,organic,mobile,B,0,
S001701,C01589,2025-03-17 16:22:40,organic,mobile,B,0,
S001702,C01451,2025-10-21 20:58:47,paid_search,desktop,B,0,
S001703,C01528,2025-08-29 20:33:30,paid_search,mobile,A,0,
S001704,C00825,2025-02-21 19:34:04,referral,mobile,B,0,
S001705,C01234,2025-11-19 16:06:45,organic,mobile,A,0,
S001706,C01518,2025-09-25 16:41:33,referral,mobile,A,0,
S001707,C01806,2025-05-11 15:55:50,social,mobile,A,0,
S001708,C01124,2025-06-14 07:33:04,social,desktop,A,0,
S001709,C01977,2025-12-07 22:10:36,email,desktop,B,1,O000553
S001710,C01229,2025-04-24 15:07:02,social,mobile,B,1,O000554
S001711,C00855,2025-03-13 10:47:03,paid_search,desktop,B,0,
S001712,C01179,2025-08-04 07:09:27,referral,mobile,B,0,
S001713,C01616,2025-07-21 07:22:17,email,mobile,A,1,O000555
S001714,C00278,2025-09-19 21:47:05,organic,mobile,A,1,O000556
S001715,C00899,2025-01-27 18:24:35,social,mobile,B,0,
S001716,C01517,2025-08-06 16:45:33,referral,desktop,B,0,
S001717,C00914,2025-07-05 21:09:14,organic,mobile,A,0,
S001718,C00515,2025-04-07 13:18:23,organic,mobile,B,0,
S001719,C01244,2025-11-29 08:46:21,referral,mobile,A,0,
S001720,C01553,2025-05-25 12:49:54,paid_search,desktop,B,1,O000557
S001721,C01130,2025-09-23 21:19:45,referral,mobile,A,0,
S001722,C01241,2025-03-12 21:22:57,organic,mobile,B,1,O000558
S001723,C01026,2025-07-27 08:56:16,organic,mobile,A,1,O000559
S001724,C01829,2025-09-21 08:15:49,email,mobile,B,0,
S001725,C00809,2025-06-19 12:02:58,email,tablet,B,1,O000560
S001726,C01689,2025-10-09 18:51:33,paid_search,mobile,B,0,
S001727,C01345,2025-03-09 22:15:49,email,mobile,B,0,
S001728,C00996,2025-04-13 18:53:45,email,desktop,A,1,O000561
S001729,C00903,2025-01-17 22:16:25,paid_search,mobile,B,1,O000562
S001730,C01968,2025-04-24 13:49:46,social,mobile,A,0,
S001731,C01007,2025-12-26 10:13:32,paid_search,mobile,B,0,
S001732,C01356,2025-12-30 09:15:02,organic,mobile,A,1,O000563
S001733,C00005,2025-09-28 12:26:29,social,desktop,B,0,
S001734,C00381,2025-01-22 15:16:40,referral,mobile,B,0,
S001735,C01361,2025-11-25 09:48:08,social,mobile,B,0,
S001736,C01606,2025-03-25 14:00:56,paid_search,mobile,A,0,
S001737,C01625,2025-04-28 21:41:39,organic,mobile,B,0,
S001738,C01742,2025-01-27 18:51:04,email,mobile,A,1,O000564
S001739,C00658,2025-11-08 15:26:55,paid_search,mobile,A,0,
S001740,C00545,2025-05-04 11:48:12,social,desktop,B,0,
S001741,C01274,2025-01-13 12:50:32,social,mobile,A,0,
S001742,C00718,2025-07-14 14:50:27,email,desktop,A,1,O000565
S001743,C01979,2025-11-14 20:45:04,paid_search,mobile,B,1,O000566
S001744,C01937,2025-11-21 14:08:56,social,mobile,B,1,O000567
S001745,C01437,2025-03-23 14:35:01,organic,mobile,B,0,
S001746,C00494,2025-06-04 11:37:16,referral,desktop,A,0,
S001747,C01803,2025-08-08 17:30:11,social,desktop,B,1,O000568
S001748,C01919,2025-12-19 18:26:43,social,mobile,B,0,
S001749,C01185,2025-11-15 22:21:13,organic,desktop,B,0,
S001750,C00024,2025-05-01 14:17:18,referral,mobile,A,1,O000569
S001751,C01265,2025-12-15 23:39:19,organic,mobile,B,1,O000570
S001752,C01735,2025-01-18 18:49:02,organic,desktop,B,0,
S001753,C00716,2025-08-25 20:55:15,organic,mobile,A,0,
S001754,C01641,2025-09-07 16:18:55,organic,mobile,B,0,
S001755,C01562,2025-03-02 11:25:03,organic,mobile,A,0,
S001756,C00487,2025-09-29 15:57:16,paid_search,mobile,B,1,O000571
S001757,C00489,2025-05-23 16:04:05,organic,mobile,B,0,
S001758,C01991,2025-03-17 09:02:26,social,mobile,B,1,O000572
S001759,C01738,2025-05-28 11:55:43,Unknown,desktop,A,0,
S001760,C01321,2025-10-12 18:32:30,social,mobile,B,0,
S001761,C01506,2025-06-07 18:45:23,social,mobile,A,1,O000573
S001762,C00138,2025-07-14 15:50:32,email,mobile,A,1,O000574
S001763,C01036,2025-08-15 18:32:05,referral,mobile,A,1,O000575
S001764,C01673,2025-12-13 10:27:01,paid_search,mobile,B,0,
S001765,C00516,2025-09-13 18:04:15,email,mobile,A,0,
S001766,C01414,2025-09-24 17:38:30,organic,mobile,A,0,
S001767,C01418,2025-02-20 23:11:49,organic,mobile,A,1,O000576
S001768,C01570,2025-12-17 17:46:59,email,mobile,A,1,O000577
S001769,C01370,2025-08-05 12:14:35,social,mobile,A,0,
S001770,C01488,2025-05-25 15:29:05,email,mobile,A,0,
S001771,C00956,2025-06-18 14:11:50,paid_search,mobile,A,0,
S001772,C01084,2025-09-17 10:30:05,paid_search,mobile,A,0,
S001773,C00742,2025-09-29 11:11:38,paid_search,desktop,A,0,
S001774,C00673,2025-08-07 09:55:18,social,desktop,B,0,
S001775,C01475,2025-03-27 22:59:47,organic,mobile,B,1,O000578
S001776,C00547,2025-10-11 09:20:46,organic,desktop,B,0,
S001777,C01079,2025-07-11 20:29:21,referral,desktop,B,1,O000579
S001778,C00442,2025-11-05 12:08:45,social,desktop,A,0,
S001779,C01494,2025-05-29 16:41:22,paid_search,mobile,A,0,
S001780,C00874,2025-07-06 12:08:06,social,mobile,A,0,
S001781,C01428,2025-10-09 10:41:18,referral,mobile,A,0,
S001782,C01707,2025-07-22 17:57:26,email,mobile,B,0,
S001783,C00967,2025-12-21 23:46:52,referral,desktop,B,0,
S001784,C01807,2025-10-30 19:56:28,organic,mobile,B,0,
S001785,C00640,2025-09-06 21:12:19,paid_search,mobile,A,0,
S001786,C01507,2025-12-06 16:56:56,organic,desktop,B,1,O000580
S001787,C01501,2025-11-17 17:26:15,paid_search,mobile,B,1,O000581
S001788,C01352,2025-01-22 20:23:45,organic,mobile,A,0,
S001789,C01499,2025-09-08 18:52:28,referral,desktop,B,0,
S001790,C01957,2025-07-25 21:18:04,email,mobile,B,0,
S001791,C01957,2025-07-25 11:35:54,email,mobile,B,0,
S001792,C00858,2025-12-03 16:12:14,paid_search,desktop,A,1,O000582
S001793,C00127,2025-06-06 15:42:41,paid_search,mobile,B,1,O000583
S001794,C01066,2025-10-21 09:17:42,email,mobile,A,0,
S001795,C01423,2025-12-28 09:42:28,referral,desktop,B,1,O000584
S001796,C00153,2025-10-22 14:10:16,organic,desktop,B,0,
S001797,C01926,2025-03-13 22:22:53,email,mobile,A,0,
S001798,C01335,2025-02-11 09:50:27,referral,desktop,B,1,O000585
S001799,C01862,2025-12-20 21:10:50,email,desktop,A,0,
S001800,C01769,2025-03-05 12:08:46,organic,mobile,B,0,
S001801,C00016,2025-04-25 17:36:11,paid_search,mobile,A,0,
S001802,C00467,2025-05-29 23:49:26,paid_search,tablet,B,1,O000586
S001803,C00042,2025-05-18 11:45:36,paid_search,mobile,A,0,
S001804,C01493,2025-10-22 14:26:55,email,mobile,B,0,
S001805,C00273,2025-03-09 09:44:21,paid_search,mobile,B,1,O000587
S001806,C00846,2025-04-07 18:29:30,paid_search,desktop,A,1,O000588
S001807,C00574,2025-07-20 08:48:58,social,mobile,A,0,
S001808,C01069,2025-02-22 23:41:06,organic,mobile,B,1,O000589
S001809,C00596,2025-07-26 23:05:08,email,mobile,A,1,O000590
S001810,C00803,2025-12-03 12:03:31,paid_search,tablet,B,1,O000591
S001811,C00559,2025-08-24 16:12:13,referral,mobile,B,1,O000592
S001812,C00756,2025-06-24 23:03:32,paid_search,mobile,A,0,
S001813,C00901,2025-12-20 23:35:49,social,desktop,B,1,O000593
S001814,C01557,2025-09-14 19:16:52,referral,mobile,B,0,
S001815,C01813,2025-01-20 09:29:51,referral,tablet,B,1,O000594
S001816,C01002,2025-03-03 07:46:30,paid_search,mobile,A,1,O000595
S001817,C01983,2025-02-16 19:47:02,social,mobile,B,0,
S001818,C01659,2025-02-23 23:37:54,social,tablet,B,0,
S001819,C01621,2025-07-17 12:17:49,organic,desktop,B,1,O000596
S001820,C01924,2025-02-15 16:13:05,referral,desktop,A,0,
S001821,C00424,2025-05-05 08:32:00,paid_search,desktop,A,1,O000597
S001822,C00864,2025-08-18 22:31:40,email,desktop,A,0,
S001823,C00253,2025-05-05 18:17:44,email,desktop,B,1,O000598
S001824,C00468,2025-03-22 18:45:27,referral,mobile,A,0,
S001825,C01540,2025-02-15 19:02:19,social,desktop,A,1,O000599
S001826,C00840,2025-11-28 20:59:24,social,desktop,A,0,
S001827,C00087,2025-09-29 12:20:48,referral,mobile,B,1,O000600
S001828,C01600,2025-12-29 17:22:05,email,desktop,A,1,O000601
S001829,C00016,2025-11-23 14:57:54,email,mobile,A,1,O000602
S001830,C00751,2025-04-28 16:36:25,organic,mobile,B,1,O000603
S001831,C01859,2025-11-21 23:45:46,social,tablet,B,0,
S001832,C00182,2025-08-18 10:32:13,social,mobile,A,0,
S001833,C01842,2025-10-08 11:10:07,email,desktop,A,1,O000604
S001834,C00321,2025-09-27 19:46:03,paid_search,mobile,B,1,O000605
S001835,C00581,2025-02-28 09:49:00,paid_search,desktop,B,0,
S001836,C00992,2025-08-30 08:21:16,paid_search,mobile,A,0,
S001837,C01666,2025-09-07 21:04:06,paid_search,desktop,A,0,
S001838,C00763,2025-06-23 19:40:18,social,mobile,B,0,
S001839,C01309,2025-01-20 16:14:02,social,desktop,B,0,
S001840,C00785,2025-11-07 11:18:00,organic,mobile,B,0,
S001841,C00975,2025-07-23 12:34:33,referral,mobile,B,0,
S001842,C00967,2025-12-10 17:06:28,paid_search,mobile,B,0,
S001843,C00296,2025-06-22 13:35:07,organic,mobile,A,1,O000606
S001844,C01170,2025-03-27 21:57:03,organic,mobile,A,0,
S001845,C00309,2025-02-08 13:16:46,social,mobile,B,1,O000607
S001846,C01217,2025-11-14 10:16:00,referral,mobile,B,0,
S001847,C00092,2025-09-21 14:27:07,paid_search,desktop,A,0,
S001848,C00602,2025-12-14 08:59:06,paid_search,mobile,A,0,
S001849,C00536,2025-01-05 10:44:49,email,mobile,A,0,
S001850,C00430,2025-03-09 21:39:51,email,mobile,A,0,
S001851,C00878,2025-06-14 17:40:12,organic,mobile,A,0,
S001852,C01110,2025-05-03 18:40:41,social,mobile,A,1,O000608
S001853,C00911,2025-12-18 17:41:53,referral,desktop,B,1,O000609
S001854,C01771,2025-02-01 07:34:05,referral,mobile,B,0,
S001855,C01782,2025-05-03 19:53:00,paid_search,desktop,A,1,O000610
S001856,C01115,2025-04-29 07:25:17,social,desktop,B,0,
S001857,C01806,2025-07-19 22:10:23,email,mobile,A,1,O000611
S001858,C00166,2025-06-14 07:45:41,organic,mobile,A,0,
S001859,C00847,2025-10-13 11:06:35,paid_search,mobile,B,0,
S001860,C00652,2025-11-15 17:07:38,organic,mobile,A,1,O000612
S001861,C00582,2025-04-30 23:26:46,paid_search,mobile,A,0,
S001862,C00986,2025-10-07 11:48:48,email,tablet,A,1,O000613
S001863,C00965,2025-09-16 14:43:46,paid_search,mobile,B,1,O000614
S001864,C01290,2025-12-26 14:45:29,paid_search,mobile,A,0,
S001865,C01094,2025-10-13 09:07:08,organic,mobile,A,0,
S001866,C01404,2025-08-24 15:26:49,paid_search,desktop,A,0,
S001867,C01492,2025-07-29 11:09:36,social,mobile,A,0,
S001868,C00481,2025-03-28 16:40:06,organic,desktop,B,0,
S001869,C01147,2025-06-26 20:22:34,referral,mobile,B,0,
S001870,C01875,2025-04-27 23:52:20,email,mobile,B,1,O000615
S001871,C01868,2025-08-21 23:17:49,paid_search,mobile,A,0,
S001872,C01259,2025-05-14 21:30:51,referral,desktop,B,1,O000616
S001873,C01904,2025-11-19 19:02:52,paid_search,desktop,A,0,
S001874,C01344,2025-12-12 15:50:50,referral,mobile,A,0,
S001875,C01322,2025-11-19 11:11:22,email,desktop,A,0,
S001876,C01419,2025-08-26 17:16:35,email,desktop,B,0,
S001877,C00812,2025-02-11 14:06:17,social,desktop,A,0,
S001878,C01672,2025-06-07 16:52:00,organic,mobile,A,1,O000617
S001879,C00169,2025-02-08 17:45:53,organic,mobile,B,1,O000618
S001880,C01968,2025-02-17 17:21:55,paid_search,mobile,A,1,O000619
S001881,C00929,2025-11-18 21:56:13,social,mobile,B,0,
S001882,C00937,2025-01-24 22:06:14,email,desktop,B,0,
S001883,C01693,2025-03-10 09:02:33,organic,mobile,B,0,
S001884,C01664,2025-12-03 21:04:18,email,desktop,A,1,O000620
S001885,C00143,2025-07-17 18:49:12,paid_search,mobile,B,1,O000621
S001886,C01289,2025-05-18 08:10:49,organic,mobile,B,0,
S001887,C00763,2025-11-06 09:29:42,organic,mobile,B,0,
S001888,C00238,2025-04-02 21:57:30,paid_search,mobile,A,0,
S001889,C01796,2025-10-22 21:49:40,paid_search,mobile,A,0,
S001890,C01594,2025-10-30 15:59:31,social,mobile,A,0,
S001891,C01415,2025-03-14 20:22:53,organic,tablet,B,0,
S001892,C00118,2025-07-18 17:35:40,email,desktop,A,0,
S001893,C01194,2025-05-08 21:58:12,organic,mobile,A,0,
S001894,C01993,2025-06-04 23:33:04,paid_search,desktop,B,1,O000622
S001895,C00899,2025-02-03 23:22:47,organic,mobile,B,0,
S001896,C01138,2025-05-09 16:30:58,organic,desktop,A,0,
S001897,C01873,2025-03-04 22:04:19,organic,mobile,B,1,O000623
S001898,C00356,2025-05-06 16:27:24,paid_search,mobile,A,0,
S001899,C00123,2025-11-30 07:12:10,email,mobile,B,1,O000624
S001900,C00693,2025-02-13 09:13:26,organic,mobile,B,1,O000625
S001901,C00954,2025-11-02 20:34:23,social,desktop,A,0,
S001902,C00869,2025-09-04 21:05:01,paid_search,tablet,B,0,
S001903,C00014,2025-04-22 10:17:11,social,mobile,A,1,O000626
S001904,C00210,2025-12-23 18:13:45,organic,mobile,A,1,O000627
S001905,C00026,2025-10-31 11:14:45,social,mobile,A,0,
S001906,C01809,2025-04-04 17:54:25,organic,mobile,B,0,
S001907,C01193,2025-12-29 14:42:59,social,mobile,B,1,O000628
S001908,C00827,2025-02-02 15:51:12,email,desktop,B,0,
S001909,C01326,2025-10-14 19:04:07,email,desktop,A,0,
S001910,C01956,2025-04-23 08:03:32,organic,desktop,A,0,
S001911,C00268,2025-02-16 17:07:47,paid_search,mobile,A,0,
S001912,C00482,2025-03-18 19:31:51,organic,mobile,A,0,
S001913,C01193,2025-08-23 09:33:27,social,desktop,B,0,
S001914,C01451,2025-09-19 10:26:50,social,mobile,B,1,O000629
S001915,C01955,2025-05-25 09:27:25,organic,mobile,B,0,
S001916,C00350,2025-06-12 08:54:58,organic,mobile,A,0,
S001917,C01684,2025-12-22 13:11:45,organic,mobile,A,1,O000630
S001918,C00032,2025-02-27 10:35:27,email,mobile,A,1,O000631
S001919,C00590,2025-01-18 21:38:11,email,desktop,A,1,O000632
S001920,C01753,2025-04-09 16:07:28,paid_search,mobile,B,1,O000633
S001921,C00240,2025-12-07 20:41:19,paid_search,mobile,A,0,
S001922,C00620,2025-09-15 22:40:23,social,mobile,A,0,
S001923,C00572,2025-01-18 09:39:36,paid_search,tablet,A,0,
S001924,C01201,2025-08-01 23:29:52,paid_search,tablet,B,0,
S001925,C00508,2025-04-08 15:30:47,organic,mobile,A,0,
S001926,C01943,2025-07-15 16:24:44,paid_search,mobile,B,0,
S001927,C01594,2025-01-15 17:09:27,social,mobile,A,0,
S001928,C00873,2025-01-11 08:27:13,paid_search,desktop,B,1,O000634
S001929,C01340,2025-10-05 15:59:09,social,mobile,A,0,
S001930,C00412,2025-06-09 09:44:01,organic,desktop,A,0,
S001931,C00232,2025-10-15 20:24:58,social,desktop,A,0,
S001932,C01596,2025-03-11 10:26:29,social,mobile,A,0,
S001933,C01424,2025-09-04 09:12:01,organic,mobile,A,0,
S001934,C01589,2025-05-15 13:37:28,organic,mobile,B,0,
S001935,C00829,2025-11-15 18:35:16,paid_search,mobile,B,0,
S001936,C01133,2025-10-21 10:07:12,email,mobile,B,1,O000635
S001937,C01604,2025-09-22 20:29:50,organic,mobile,A,1,O000636
S001938,C01779,2025-11-05 21:21:22,email,mobile,B,0,
S001939,C00648,2025-06-02 10:37:21,organic,desktop,A,0,
S001940,C01395,2025-10-28 08:56:29,email,mobile,B,1,O000637
S001941,C00660,2025-11-03 11:05:19,organic,mobile,A,1,O000638
S001942,C00683,2025-06-11 07:30:05,referral,tablet,B,0,
S001943,C00962,2025-04-01 21:35:20,referral,desktop,A,1,O000639
S001944,C00212,2025-06-18 07:41:40,email,desktop,A,1,O000640
S001945,C00874,2025-05-14 21:42:38,organic,desktop,A,0,
S001946,C01463,2025-07-12 21:12:43,paid_search,mobile,B,0,
S001947,C00344,2025-04-21 14:46:44,social,tablet,A,0,
S001948,C00097,2025-12-30 09:02:42,social,desktop,B,0,
S001949,C01925,2025-06-27 15:45:37,referral,tablet,B,0,
S001950,C00426,2025-06-07 09:55:50,organic,tablet,A,0,
S001951,C01979,2025-07-26 16:26:19,paid_search,desktop,B,1,O000641
S001952,C00812,2025-07-16 22:05:15,paid_search,mobile,A,0,
S001953,C01866,2025-01-24 08:19:06,paid_search,mobile,A,0,
S001954,C01631,2025-04-04 13:55:25,referral,mobile,B,0,
S001955,C01062,2025-01-18 18:51:35,referral,mobile,A,1,O000642
S001956,C00807,2025-02-07 07:22:34,organic,mobile,B,0,
S001957,C01607,2025-04-26 20:53:08,referral,mobile,B,0,
S001958,C01810,2025-06-18 10:27:16,referral,tablet,A,1,O000643
S001959,C01113,2025-12-12 18:27:00,paid_search,desktop,B,1,O000644
S001960,C01882,2025-04-13 18:10:36,email,mobile,A,0,
S001961,C01557,2025-12-11 23:55:31,paid_search,mobile,B,0,
S001962,C01135,2025-10-12 07:07:48,social,mobile,B,0,
S001963,C00664,2025-01-02 19:13:22,referral,mobile,A,1,O000645
S001964,C01099,2025-10-18 11:05:39,email,mobile,B,0,
S001965,C00494,2025-04-27 09:49:46,paid_search,mobile,A,1,O000646
S001966,C01375,2025-12-04 14:33:10,paid_search,desktop,B,1,O000647
S001967,C01391,2025-11-08 13:27:34,paid_search,mobile,B,1,O000648
S001968,C01976,2025-11-26 15:32:38,email,desktop,A,0,
S001969,C00892,2025-02-12 14:58:43,organic,mobile,A,0,
S001970,C01933,2025-04-21 22:03:24,organic,mobile,B,0,
S001971,C00666,2025-08-26 17:23:24,organic,tablet,A,0,
S001972,C00180,2025-10-12 17:44:49,organic,tablet,A,0,
S001973,C00450,2025-04-20 23:01:28,paid_search,desktop,A,0,
S001974,C01767,2025-06-03 09:47:11,social,desktop,B,0,
S001975,C00445,2025-07-04 19:42:39,email,desktop,B,1,O000649
S001976,C00382,2025-12-10 20:56:40,referral,mobile,A,0,
S001977,C00716,2025-04-17 11:48:44,email,tablet,A,1,O000650
S001978,C00288,2025-08-23 13:40:52,social,mobile,A,0,
S001979,C01831,2025-06-12 17:10:47,email,desktop,B,0,
S001980,C01808,2025-11-22 12:05:02,social,tablet,A,1,O000651
S001981,C01139,2025-07-12 11:47:12,organic,desktop,B,1,O000652
S001982,C00289,2025-09-07 20:59:32,social,mobile,B,1,O000653
S001983,C00010,2025-06-26 11:26:36,organic,desktop,A,0,
S001984,C00835,2025-06-01 19:23:17,social,desktop,B,0,
S001985,C00040,2025-03-31 21:36:51,email,desktop,A,1,O000654
S001986,C01964,2025-09-30 12:01:07,paid_search,mobile,A,0,
S001987,C01356,2025-07-14 08:58:18,organic,mobile,A,0,
S001988,C00957,2025-08-31 22:27:28,referral,tablet,B,0,
S001989,C00021,2025-08-09 17:31:44,referral,desktop,B,0,
S001990,C01678,2025-07-03 15:31:26,organic,desktop,A,1,O000655
S001991,C00832,2025-10-17 10:02:48,social,mobile,A,1,O000656
S001992,C01304,2025-02-12 15:53:54,email,mobile,A,0,
S001993,C00561,2025-04-23 11:51:47,paid_search,mobile,B,0,
S001994,C01801,2025-02-17 12:41:54,paid_search,mobile,B,0,
S001995,C00187,2025-05-24 23:47:33,social,tablet,B,0,
S001996,C01089,2025-08-24 08:07:46,paid_search,mobile,B,0,
S001997,C01615,2025-06-17 14:12:31,paid_search,mobile,B,0,
S001998,C00405,2025-10-25 10:07:41,referral,mobile,B,0,
S001999,C00420,2025-01-02 16:10:16,organic,tablet,A,1,O000657
S002000,C01189,2025-05-31 12:35:58,organic,tablet,B,0,
S002001,C00674,2025-02-28 08:36:02,paid_search,mobile,A,0,
S002002,C01354,2025-07-22 17:32:55,social,mobile,A,1,O000658
S002003,C00975,2025-06-14 07:34:46,paid_search,mobile,B,0,
S002004,C01934,2025-12-18 19:07:16,social,mobile,A,0,
S002005,C01460,2025-02-10 13:34:59,referral,mobile,A,0,
S002006,C00319,2025-05-04 18:39:15,email,mobile,B,0,
S002007,C00979,2025-01-11 18:37:12,organic,desktop,B,0,
S002008,C01928,2025-01-28 11:05:32,email,desktop,A,0,
S002009,C01415,2025-01-23 19:02:57,referral,mobile,B,1,O000659
S002010,C01017,2025-10-17 10:21:06,organic,tablet,B,1,O000660
S002011,C00345,2025-12-09 18:16:29,referral,tablet,B,1,O000661
S002012,C00800,2025-05-14 15:50:56,social,mobile,A,0,
S002013,C00768,2025-10-26 13:42:30,organic,mobile,A,0,
S002014,C00963,2025-11-12 20:58:56,organic,desktop,B,0,
S002015,C01341,2025-02-10 07:07:10,organic,desktop,B,0,
S002016,C00589,2025-12-20 09:28:37,organic,desktop,B,0,
S002017,C01969,2025-09-22 11:35:23,organic,mobile,B,0,
S002018,C01191,2025-08-27 10:12:21,referral,desktop,B,0,
S002019,C01243,2025-11-16 09:01:04,organic,tablet,B,1,O000662
S002020,C01447,2025-06-07 12:11:39,paid_search,mobile,B,0,
S002021,C00896,2025-11-22 20:31:34,organic,desktop,A,0,
S002022,C01929,2025-02-01 22:46:41,organic,mobile,B,0,
S002023,C01758,2025-12-27 18:44:43,organic,desktop,A,1,O000663
S002024,C00781,2025-02-22 12:38:51,paid_search,mobile,B,1,O000664
S002025,C01066,2025-09-24 16:26:46,organic,tablet,A,0,
S002026,C00051,2025-06-14 11:22:31,organic,mobile,B,0,
S002027,C00708,2025-01-12 08:48:17,social,mobile,A,0,
S002028,C00729,2025-12-21 08:38:12,organic,tablet,B,0,
S002029,C00817,2025-08-19 12:00:05,referral,desktop,B,1,O000665
S002030,C01833,2025-05-18 23:41:05,organic,mobile,B,0,
S002031,C00274,2025-12-22 07:40:29,organic,desktop,A,0,
S002032,C00457,2025-09-20 14:05:20,organic,desktop,B,0,
S002033,C01424,2025-11-19 14:56:00,organic,mobile,A,0,
S002034,C00688,2025-12-02 11:03:04,paid_search,mobile,A,1,O000666
S002035,C00410,2025-04-30 18:48:01,social,desktop,A,1,O000667
S002036,C01342,2025-02-15 21:06:48,social,tablet,A,0,
S002037,C01789,2025-10-29 23:24:54,organic,mobile,B,0,
S002038,C01166,2025-08-15 12:05:22,email,desktop,A,1,O000668
S002039,C00303,2025-12-07 14:49:23,email,mobile,B,1,O000669
S002040,C00442,2025-09-21 09:02:36,social,desktop,A,0,
S002041,C00394,2025-04-24 14:26:02,paid_search,mobile,A,0,
S002042,C01021,2025-06-30 14:20:01,organic,mobile,B,0,
S002043,C00139,2025-02-16 21:34:25,paid_search,mobile,B,0,
S002044,C01716,2025-02-11 09:04:21,paid_search,mobile,A,0,
S002045,C01367,2025-11-21 08:26:34,paid_search,mobile,B,0,
S002046,C01562,2025-02-22 09:15:01,organic,mobile,A,0,
S002047,C00223,2025-11-01 19:24:20,paid_search,desktop,B,0,
S002048,C00790,2025-05-08 20:11:56,organic,desktop,A,0,
S002049,C01262,2025-05-19 10:16:11,referral,mobile,A,0,
S002050,C00667,2025-06-06 08:07:28,organic,desktop,B,1,O000670
S002051,C00186,2025-03-23 21:26:34,organic,desktop,A,0,
S002052,C01923,2025-11-25 11:25:57,paid_search,tablet,B,0,
S002053,C01674,2025-05-27 21:19:51,referral,desktop,A,0,
S002054,C00592,2025-05-24 17:40:20,organic,desktop,A,0,
S002055,C01605,2025-07-21 12:21:19,organic,mobile,B,0,
S002056,C00868,2025-05-17 12:31:24,social,mobile,A,1,O000671
S002057,C00067,2025-12-25 11:21:44,paid_search,mobile,B,0,
S002058,C00538,2025-02-07 15:23:02,paid_search,tablet,A,0,
S002059,C01861,2025-12-23 10:48:35,organic,mobile,B,0,
S002060,C01604,2025-02-19 20:04:05,referral,desktop,A,0,
S002061,C01350,2025-06-23 16:09:18,email,mobile,A,0,
S002062,C01987,2025-12-14 19:08:16,organic,tablet,B,0,
S002063,C01797,2025-12-17 10:06:39,referral,mobile,B,1,O000672
S002064,C00729,2025-05-23 09:10:34,organic,mobile,B,1,O000673
S002065,C00005,2025-04-01 13:18:42,social,mobile,B,0,
S002066,C01386,2025-04-20 20:59:36,paid_search,mobile,A,1,O000674
S002067,C00744,2025-04-21 09:53:37,social,mobile,A,0,
S002068,C01779,2025-04-16 21:24:16,organic,mobile,B,1,O000675
S002069,C01879,2025-07-11 11:30:37,email,mobile,B,0,
S002070,C01288,2025-06-16 20:03:18,paid_search,mobile,A,0,
S002071,C00660,2025-07-13 09:14:45,organic,mobile,A,1,O000676
S002072,C01885,2025-03-28 19:23:06,social,mobile,B,1,O000677
S002073,C00909,2025-12-10 22:13:27,email,mobile,B,0,
S002074,C00039,2025-06-25 23:21:46,organic,mobile,B,0,
S002075,C00505,2025-11-24 11:01:36,organic,mobile,B,0,
S002076,C00608,2025-01-12 10:02:45,social,mobile,A,0,
S002077,C00245,2025-09-11 11:29:48,email,tablet,B,1,O000678
S002078,C01060,2025-08-12 23:45:28,email,desktop,A,1,O000679
S002079,C01005,2025-03-24 11:31:11,referral,mobile,B,0,
S002080,C00442,2025-12-22 22:20:54,organic,desktop,A,1,O000680
S002081,C00215,2025-09-08 17:20:07,referral,desktop,B,1,O000681
S002082,C01001,2025-10-26 22:17:12,organic,tablet,B,1,O000682
S002083,C00586,2025-05-14 19:53:32,referral,mobile,A,1,O000683
S002084,C01954,2025-08-01 22:07:27,email,mobile,A,0,
S002085,C00377,2025-09-04 21:55:37,organic,mobile,B,0,
S002086,C00818,2025-07-12 19:38:03,email,desktop,A,1,O000684
S002087,C00679,2025-03-03 21:37:34,social,mobile,B,0,
S002088,C01190,2025-10-05 18:10:50,referral,mobile,A,1,O000685
S002089,C01872,2025-12-30 07:53:47,referral,mobile,A,0,
S002090,C00657,2025-11-20 09:33:09,paid_search,mobile,B,1,O000686
S002091,C01829,2025-03-06 22:03:51,paid_search,mobile,B,0,
S002092,C00761,2025-06-25 15:48:02,referral,desktop,B,0,
S002093,C01401,2025-03-23 21:06:40,email,mobile,B,0,
S002094,C01641,2025-01-01 23:02:27,social,desktop,B,0,
S002095,C01542,2025-12-13 15:00:09,referral,mobile,A,0,
S002096,C00425,2025-12-19 22:51:35,paid_search,mobile,B,0,
S002097,C01596,2025-02-09 20:11:26,paid_search,mobile,A,0,
S002098,C00229,2025-12-25 14:18:17,organic,desktop,B,0,
S002099,C00636,2025-11-10 09:28:09,referral,desktop,A,1,O000687
S002100,C01904,2025-04-04 13:45:16,email,desktop,A,1,O000688
S002101,C01648,2025-06-26 20:48:17,social,desktop,A,1,O000689
S002102,C00604,2025-12-05 19:54:54,social,mobile,A,0,
S002103,C00161,2025-04-12 21:58:35,organic,mobile,B,1,O000690
S002104,C00459,2025-11-01 16:46:12,email,mobile,B,1,O000691
S002105,C00286,2025-12-30 11:21:07,organic,desktop,A,0,
S002106,C01635,2025-08-23 16:29:04,email,mobile,B,0,
S002107,C01451,2025-07-30 20:40:34,paid_search,desktop,B,1,O000692
S002108,C01357,2025-03-06 14:17:45,organic,desktop,B,0,
S002109,C00729,2025-10-11 15:18:37,paid_search,mobile,B,0,
S002110,C01788,2025-11-13 10:53:24,social,desktop,A,0,
S002111,C00169,2025-08-27 15:25:22,organic,mobile,B,0,
S002112,C01449,2025-01-22 14:02:04,social,desktop,B,1,O000693
S002113,C00337,2025-11-28 07:41:54,paid_search,mobile,B,1,O000694
S002114,C01308,2025-12-10 10:59:06,social,tablet,A,0,
S002115,C00988,2025-06-17 14:53:09,organic,desktop,A,1,O000695
S002116,C00879,2025-07-29 11:41:52,email,mobile,B,0,
S002117,C01139,2025-07-01 13:47:38,social,desktop,B,1,O000696
S002118,C01033,2025-05-27 08:25:38,organic,mobile,B,0,
S002119,C00537,2025-11-16 13:04:34,organic,mobile,B,1,O000697
S002120,C01215,2025-11-13 17:09:59,organic,desktop,B,1,O000698
S002121,C00509,2025-05-31 10:32:24,social,mobile,B,0,
S002122,C01870,2025-01-31 16:32:11,paid_search,desktop,A,0,
S002123,C01048,2025-03-14 14:13:39,organic,mobile,A,1,O000699
S002124,C00412,2025-08-22 11:53:38,social,mobile,A,0,
S002125,C00310,2025-12-07 14:06:44,social,mobile,A,1,O000700
S002126,C00327,2025-10-02 17:10:56,email,mobile,B,0,
S002127,C00814,2025-09-22 08:13:45,social,desktop,A,1,O000701
S002128,C00841,2025-07-22 20:32:32,referral,mobile,B,1,O000702
S002129,C00417,2025-08-06 14:34:42,email,mobile,B,1,O000703
S002130,C00634,2025-03-27 09:40:04,paid_search,mobile,A,0,
S002131,C00413,2025-12-10 23:55:04,paid_search,mobile,B,0,
S002132,C01376,2025-01-26 10:34:50,referral,mobile,A,1,O000704
S002133,C01170,2025-04-12 17:43:03,referral,tablet,A,1,O000705
S002134,C00388,2025-07-02 21:38:16,paid_search,mobile,A,0,
S002135,C01274,2025-09-17 08:21:15,social,mobile,A,0,
S002136,C01203,2025-09-01 17:10:06,organic,desktop,B,0,
S002137,C00491,2025-05-28 17:02:43,social,mobile,B,0,
S002138,C01661,2025-07-24 23:29:02,paid_search,desktop,B,0,
S002139,C00787,2025-11-20 23:22:59,referral,desktop,B,0,
S002140,C00019,2025-01-23 10:28:48,email,mobile,B,1,O000706
S002141,C01417,2025-11-13 18:15:59,email,desktop,B,0,
S002142,C00147,2025-02-21 22:49:25,email,mobile,B,1,O000707
S002143,C01135,2025-09-01 10:43:59,email,mobile,B,1,O000708
S002144,C01948,2025-04-07 14:00:32,organic,desktop,A,1,O000709
S002145,C00771,2025-09-14 07:16:38,paid_search,desktop,B,1,O000710
S002146,C01158,2025-12-07 21:09:28,paid_search,mobile,A,1,O000711
S002147,C01693,2025-02-19 07:27:52,social,tablet,B,1,O000712
S002148,C01407,2025-11-28 15:02:08,email,mobile,B,1,O000713
S002149,C01313,2025-06-23 16:10:08,paid_search,desktop,B,1,O000714
S002150,C00443,2025-05-24 13:20:06,email,desktop,B,1,O000715
S002151,C00373,2025-12-29 15:03:50,organic,mobile,B,0,
S002152,C00381,2025-08-06 22:55:34,paid_search,tablet,B,1,O000716
S002153,C01925,2025-07-10 20:46:41,organic,mobile,B,0,
S002154,C00115,2025-06-11 10:53:20,paid_search,mobile,B,0,
S002155,C00306,2025-08-06 21:35:40,email,mobile,A,0,
S002156,C01688,2025-09-18 10:28:02,social,desktop,A,0,
S002157,C00994,2025-07-30 18:45:30,social,desktop,A,0,
S002158,C00379,2025-12-01 20:19:50,referral,mobile,B,0,
S002159,C01775,2025-09-27 10:39:32,paid_search,mobile,B,1,O000717
S002160,C01962,2025-11-22 14:17:36,referral,desktop,A,1,O000718
S002161,C01640,2025-11-07 08:59:01,organic,desktop,A,0,
S002162,C01009,2025-05-18 12:40:27,social,mobile,B,0,
S002163,C00995,2025-02-04 12:59:01,organic,desktop,B,0,
S002164,C00563,2025-06-01 23:01:39,paid_search,desktop,B,0,
S002165,C01705,2025-09-13 11:13:37,social,mobile,B,1,O000719
S002166,C01870,2025-11-27 10:00:40,email,mobile,A,0,
S002167,C00519,2025-02-27 09:03:39,organic,desktop,B,0,
S002168,C01715,2025-07-11 08:32:29,email,mobile,B,0,
S002169,C01181,2025-12-21 09:36:26,social,desktop,B,0,
S002170,C01919,2025-06-06 21:47:49,email,mobile,B,1,O000720
S002171,C01715,2025-03-25 21:07:46,paid_search,desktop,B,1,O000721
S002172,C01279,2025-11-11 14:07:14,paid_search,mobile,B,0,
S002173,C01966,2025-02-23 18:27:40,social,mobile,A,0,
S002174,C01730,2025-04-18 10:28:09,social,mobile,A,0,
S002175,C01869,2025-04-10 08:23:21,organic,desktop,B,0,
S002176,C01965,2025-10-21 10:43:00,paid_search,desktop,B,0,
S002177,C01485,2025-12-18 22:25:44,paid_search,mobile,B,1,O000722
S002178,C00383,2025-03-01 14:33:34,referral,mobile,B,0,
S002179,C00427,2025-02-24 08:39:05,social,mobile,B,0,
S002180,C00877,2025-07-31 10:01:45,social,mobile,B,0,
S002181,C00006,2025-11-16 15:20:59,paid_search,desktop,A,0,
S002182,C00405,2025-04-03 12:02:22,social,desktop,B,0,
S002183,C00457,2025-12-23 22:45:06,organic,mobile,B,0,
S002184,C01744,2025-01-27 15:52:28,social,mobile,A,0,
S002185,C00909,2025-11-29 19:58:56,social,desktop,B,0,
S002186,C01814,2025-12-12 18:29:15,paid_search,mobile,A,0,
S002187,C01923,2025-08-18 23:04:42,email,mobile,B,0,
S002188,C00868,2025-09-07 18:56:39,referral,mobile,A,0,
S002189,C01129,2025-08-09 09:59:08,social,mobile,B,0,
S002190,C00738,2025-06-07 18:28:16,social,mobile,A,0,
S002191,C01738,2025-05-09 09:31:00,organic,desktop,A,0,
S002192,C01954,2025-04-25 14:35:20,referral,tablet,A,0,
S002193,C00909,2025-12-25 12:54:33,referral,desktop,B,0,
S002194,C01376,2025-06-14 23:02:18,social,mobile,A,0,
S002195,C01013,2025-11-22 23:48:49,referral,mobile,B,1,O000723
S002196,C01114,2025-06-29 09:28:05,referral,mobile,A,1,O000724
S002197,C00913,2025-04-11 14:52:25,referral,mobile,B,0,
S002198,C00437,2025-12-08 18:48:06,social,mobile,B,0,
S002199,C00481,2025-08-26 20:02:20,social,desktop,B,1,O000725
S002200,C01762,2025-11-12 11:47:45,social,mobile,A,0,
S002201,C01669,2025-05-22 15:16:38,referral,mobile,B,1,O000726
S002202,C01900,2025-11-11 17:51:36,paid_search,desktop,A,0,
S002203,C00786,2025-08-29 20:02:56,email,mobile,A,0,
S002204,C00472,2025-01-20 10:33:01,referral,desktop,A,1,O000727
S002205,C00006,2025-09-07 15:49:56,paid_search,mobile,A,1,O000728
S002206,C01937,2025-10-06 14:17:59,referral,desktop,B,0,
S002207,C00421,2025-08-04 09:23:41,paid_search,mobile,B,1,O000729
S002208,C01277,2025-06-20 11:10:22,organic,desktop,B,0,
S002209,C01005,2025-06-02 21:15:08,organic,mobile,B,0,
S002210,C01729,2025-05-01 23:40:00,referral,mobile,B,1,O000730
S002211,C01650,2025-09-24 07:28:58,organic,mobile,A,0,
S002212,C01544,2025-02-03 21:33:10,paid_search,mobile,A,1,O000731
S002213,C01252,2025-10-13 07:22:31,organic,mobile,A,1,O000732
S002214,C00478,2025-11-02 07:55:55,referral,mobile,A,1,O000733
S002215,C00094,2025-02-06 16:46:15,paid_search,desktop,A,0,
S002216,C00760,2025-10-16 11:18:14,social,mobile,A,1,O000734
S002217,C00970,2025-01-10 07:18:02,email,mobile,A,1,O000735
S002218,C01325,2025-05-18 15:10:46,referral,mobile,B,1,O000736
S002219,C01021,2025-03-09 07:20:54,organic,desktop,B,0,
S002220,C00406,2025-06-19 22:42:32,organic,mobile,A,1,O000737
S002221,C00498,2025-07-31 12:42:16,referral,mobile,A,1,O000738
S002222,C00952,2025-05-12 07:32:15,paid_search,desktop,A,0,
S002223,C01804,2025-01-09 21:48:45,email,mobile,A,0,
S002224,C00086,2025-12-19 12:46:32,organic,mobile,A,1,O000739
S002225,C01910,2025-12-25 21:22:10,referral,desktop,A,1,O000740
S002226,C01567,2025-07-03 18:37:14,email,mobile,B,1,O000741
S002227,C00048,2025-03-14 12:14:14,referral,mobile,A,1,O000742
S002228,C00005,2025-01-22 08:32:16,social,desktop,B,0,
S002229,C01680,2025-08-29 15:28:27,organic,mobile,A,0,
S002230,C00048,2025-06-27 14:14:57,paid_search,mobile,A,0,
S002231,C00344,2025-01-31 16:18:54,email,desktop,A,1,O000743
S002232,C01633,2025-05-23 14:47:29,email,mobile,B,0,
S002233,C00337,2025-04-10 14:53:10,organic,tablet,B,0,
S002234,C01955,2025-10-19 10:30:17,email,desktop,B,0,
S002235,C01381,2025-10-11 17:50:21,organic,mobile,B,0,
S002236,C01271,2025-09-21 16:33:20,social,desktop,B,0,
S002237,C00403,2025-04-16 22:32:15,paid_search,tablet,B,0,
S002238,C01111,2025-12-27 20:01:39,referral,mobile,B,1,O000744
S002239,C01862,2025-08-07 21:33:08,email,desktop,A,0,
S002240,C00365,2025-09-17 19:02:56,social,mobile,B,1,O000745
S002241,C00253,2025-07-23 21:28:41,organic,desktop,B,0,
S002242,C00231,2025-05-29 17:25:07,organic,mobile,B,0,
S002243,C00418,2025-09-03 23:13:14,organic,mobile,A,0,
S002244,C01787,2025-05-25 11:46:17,organic,mobile,B,0,
S002245,C00140,2025-10-07 18:02:29,paid_search,mobile,A,0,
S002246,C01769,2025-02-28 07:46:54,referral,mobile,B,0,
S002247,C01464,2025-08-16 20:11:22,organic,mobile,A,0,
S002248,C00916,2025-05-21 22:20:46,organic,mobile,A,0,
S002249,C01772,2025-11-24 18:47:53,paid_search,desktop,A,0,
S002250,C00497,2025-06-18 14:21:59,organic,desktop,B,1,O000746
S002251,C01103,2025-05-08 20:40:47,paid_search,mobile,B,0,
S002252,C00602,2025-12-30 23:03:59,social,desktop,A,1,O000747
S002253,C00940,2025-10-31 19:18:26,email,mobile,A,1,O000748
S002254,C01633,2025-12-01 23:19:50,organic,desktop,B,0,
S002255,C00611,2025-09-28 23:24:38,social,mobile,B,1,O000749
S002256,C00534,2025-07-29 15:37:24,referral,tablet,A,1,O000750
S002257,C00680,2025-05-17 18:05:51,referral,mobile,A,0,
S002258,C00365,2025-02-11 10:05:36,organic,desktop,B,0,
S002259,C00353,2025-05-12 19:18:32,referral,mobile,B,0,
S002260,C01754,2025-10-08 10:12:29,social,mobile,A,0,
S002261,C00526,2025-01-31 17:16:13,organic,mobile,A,0,
S002262,C01970,2025-09-27 11:22:51,email,mobile,A,0,
S002263,C00985,2025-07-23 13:28:51,organic,mobile,B,1,O000751
S002264,C00037,2025-08-29 07:05:02,social,tablet,B,0,
S002265,C01534,2025-02-21 08:51:50,email,mobile,A,0,
S002266,C00873,2025-06-06 14:43:57,referral,mobile,B,1,O000752
S002267,C00765,2025-05-09 07:13:34,paid_search,mobile,B,0,
S002268,C00593,2025-05-22 17:00:31,paid_search,desktop,B,1,O000753
S002269,C01837,2025-06-10 22:50:11,organic,desktop,B,1,O000754
S002270,C00544,2025-10-10 08:06:43,organic,desktop,A,0,
S002271,C00156,2025-04-16 08:28:00,social,desktop,A,0,
S002272,C01048,2025-05-05 20:13:24,email,desktop,A,0,
S002273,C00800,2025-09-04 11:25:18,organic,mobile,A,0,
S002274,C00980,2025-06-21 13:19:45,organic,desktop,A,1,O000755
S002275,C01763,2025-01-01 16:59:32,paid_search,mobile,B,0,
S002276,C00725,2025-09-30 11:57:51,social,mobile,B,0,
S002277,C01760,2025-11-29 22:36:14,referral,desktop,A,0,
S002278,C00584,2025-11-24 13:54:57,paid_search,desktop,A,0,
S002279,C00157,2025-05-13 21:31:27,organic,mobile,B,0,
S002280,C00818,2025-12-01 08:16:01,organic,desktop,A,0,
S002281,C01993,2025-09-23 14:19:00,referral,mobile,B,1,O000756
S002282,C01110,2025-07-25 23:41:11,organic,mobile,A,0,
S002283,C00671,2025-01-31 13:16:53,paid_search,mobile,B,0,
S002284,C01517,2025-11-26 23:14:00,social,desktop,B,0,
S002285,C00724,2025-08-21 14:15:48,social,mobile,A,0,
S002286,C01922,2025-06-03 21:02:22,social,desktop,A,0,
S002287,C00745,2025-07-25 09:56:16,referral,mobile,B,1,O000757
S002288,C01771,2025-09-12 20:42:53,email,mobile,B,0,
S002289,C01661,2025-10-14 17:40:52,referral,mobile,B,0,
S002290,C00176,2025-08-25 08:25:37,organic,mobile,A,1,O000758
S002291,C01179,2025-12-15 19:51:43,organic,desktop,B,1,O000759
S002292,C01130,2025-08-01 19:53:34,referral,desktop,A,0,
S002293,C01188,2025-02-14 22:13:30,organic,mobile,A,1,O000760
S002294,C00459,2025-06-12 15:20:52,paid_search,mobile,B,0,
S002295,C01459,2025-07-11 23:27:57,email,mobile,B,0,
S002296,C00011,2025-10-10 12:32:16,email,tablet,B,1,O000761
S002297,C01146,2025-04-11 11:58:19,paid_search,mobile,A,0,
S002298,C01099,2025-08-13 18:40:26,paid_search,mobile,B,0,
S002299,C01986,2025-02-23 12:38:52,organic,mobile,A,0,
S002300,C00386,2025-12-31 21:18:44,paid_search,mobile,A,0,
S002301,C00950,2025-07-06 16:22:38,organic,mobile,A,0,
S002302,C00799,2025-12-20 12:18:45,referral,mobile,B,0,
S002303,C01233,2025-01-08 22:26:52,social,mobile,B,0,
S002304,C01658,2025-02-19 14:35:33,paid_search,mobile,A,0,
S002305,C00135,2025-10-05 16:35:47,email,mobile,B,0,
S002306,C00658,2025-11-15 22:52:33,organic,mobile,A,0,
S002307,C00767,2025-01-13 12:35:03,organic,desktop,B,1,O000762
S002308,C01440,2025-01-14 15:31:05,email,desktop,A,1,O000763
S002309,C01087,2025-11-21 07:50:20,organic,mobile,B,1,O000764
S002310,C00466,2025-08-01 15:36:26,paid_search,mobile,A,0,
S002311,C01806,2025-10-08 11:40:58,paid_search,mobile,A,0,
S002312,C01745,2025-03-17 14:07:17,email,desktop,B,0,
S002313,C01950,2025-06-10 07:57:31,social,tablet,A,0,
S002314,C00939,2025-04-11 23:44:17,organic,desktop,B,0,
S002315,C00093,2025-12-19 17:52:01,referral,mobile,B,1,O000765
S002316,C01298,2025-01-19 14:55:44,paid_search,desktop,A,0,
S002317,C00238,2025-05-19 22:51:50,paid_search,mobile,A,0,
S002318,C01722,2025-05-07 20:08:27,paid_search,desktop,A,1,O000766
S002319,C01419,2025-03-30 09:16:15,organic,desktop,B,0,
S002320,C01889,2025-09-27 07:16:26,social,desktop,B,0,
S002321,C01311,2025-08-12 12:11:18,paid_search,mobile,B,1,O000767
S002322,C00111,2025-08-30 09:28:04,paid_search,desktop,B,0,
S002323,C01182,2025-08-20 21:01:41,paid_search,desktop,A,0,
S002324,C01094,2025-10-27 07:14:44,organic,desktop,A,0,
S002325,C00365,2025-11-19 20:43:51,email,mobile,B,0,
S002326,C01200,2025-10-01 17:22:06,organic,mobile,A,0,
S002327,C01149,2025-03-03 11:49:00,social,mobile,B,0,
S002328,C01734,2025-02-10 18:11:09,email,mobile,A,0,
S002329,C00523,2025-02-15 09:48:20,social,desktop,B,0,
S002330,C01411,2025-11-17 19:06:55,social,desktop,B,0,
S002331,C01155,2025-11-22 22:56:00,referral,mobile,B,0,
S002332,C01291,2025-03-05 17:01:29,social,mobile,B,0,
S002333,C01735,2025-12-11 15:11:23,organic,desktop,B,0,
S002334,C00501,2025-02-05 22:18:43,organic,mobile,B,0,
S002335,C00456,2025-03-31 20:21:55,email,mobile,A,0,
S002336,C01437,2025-02-16 15:41:42,organic,desktop,B,1,O000768
S002337,C00836,2025-03-29 22:30:24,organic,desktop,A,0,
S002338,C00254,2025-11-05 08:39:08,paid_search,desktop,A,0,
S002339,C01226,2025-01-20 19:14:59,organic,mobile,A,0,
S002340,C01931,2025-08-23 08:31:42,organic,mobile,B,0,
S002341,C01497,2025-06-23 10:23:20,email,desktop,B,1,O000769
S002342,C01185,2025-11-25 20:17:12,organic,desktop,B,1,O000770
S002343,C00883,2025-02-09 22:52:48,organic,desktop,B,0,
S002344,C00194,2025-12-03 19:15:34,paid_search,mobile,A,1,O000771
S002345,C01104,2025-08-12 21:05:03,email,mobile,A,0,
S002346,C00656,2025-02-07 11:23:32,referral,mobile,A,0,
S002347,C01060,2025-03-13 19:15:18,social,desktop,A,0,
S002348,C00267,2025-02-04 19:53:36,paid_search,mobile,B,0,
S002349,C00609,2025-08-15 10:56:49,organic,mobile,B,1,O000772
S002350,C01442,2025-05-05 16:48:38,organic,desktop,A,1,O000773
S002351,C01779,2025-11-17 18:48:25,email,mobile,B,0,
S002352,C01708,2025-10-29 11:58:59,organic,mobile,A,1,O000774
S002353,C00899,2025-12-18 19:53:36,referral,mobile,B,0,
S002354,C01904,2025-04-27 11:38:52,organic,mobile,A,0,
S002355,C00435,2025-10-19 13:26:22,organic,desktop,B,1,O000775
S002356,C00209,2025-03-29 08:38:51,organic,mobile,B,1,O000776
S002357,C01177,2025-06-14 22:14:55,email,desktop,B,1,O000777
S002358,C00750,2025-09-21 21:52:12,paid_search,mobile,A,0,
S002359,C00638,2025-09-05 12:39:33,email,desktop,A,1,O000778
S002360,C01048,2025-01-11 08:24:37,organic,desktop,A,0,
S002361,C01285,2025-09-24 21:08:33,referral,desktop,B,1,O000779
S002362,C00116,2025-12-12 09:30:17,paid_search,mobile,A,0,
S002363,C01137,2025-01-22 23:34:15,organic,desktop,B,0,
S002364,C01327,2025-11-02 17:19:49,email,desktop,B,1,O000780
S002365,C01220,2025-09-23 16:00:38,organic,tablet,A,0,
S002366,C01509,2025-11-20 14:56:30,social,mobile,B,0,
S002367,C00103,2025-09-25 20:41:48,referral,mobile,B,0,
S002368,C00988,2025-07-15 11:20:04,organic,mobile,A,1,O000781
S002369,C00405,2025-11-12 09:35:59,referral,mobile,B,0,
S002370,C01520,2025-12-26 19:02:45,paid_search,mobile,A,0,
S002371,C01961,2025-01-19 22:06:02,social,tablet,B,1,O000782
S002372,C01751,2025-01-09 13:00:39,paid_search,desktop,B,0,
S002373,C01397,2025-05-16 13:50:46,organic,desktop,B,0,
S002374,C01400,2025-04-18 09:43:38,social,desktop,A,0,
S002375,C01166,2025-07-20 14:39:07,social,desktop,A,0,
S002376,C00733,2025-07-22 19:20:04,organic,desktop,B,1,O000783
S002377,C00846,2025-11-06 15:58:16,organic,mobile,A,1,O000784
S002378,C01407,2025-08-06 08:35:11,paid_search,mobile,B,1,O000785
S002379,C00084,2025-03-15 09:05:39,referral,mobile,A,0,
S002380,C00911,2025-02-09 21:38:05,social,desktop,B,0,
S002381,C01427,2025-11-18 14:34:21,paid_search,mobile,B,1,O000786
S002382,C00088,2025-06-15 15:13:19,social,mobile,A,0,
S002383,C00641,2025-11-14 22:25:19,paid_search,mobile,B,0,
S002384,C01837,2025-12-23 19:25:01,organic,mobile,B,0,
S002385,C00122,2025-12-27 10:18:16,referral,desktop,A,1,O000787
S002386,C00379,2025-01-22 07:16:31,social,mobile,B,1,O000788
S002387,C00786,2025-03-06 21:21:35,organic,desktop,A,0,
S002388,C00265,2025-09-29 13:35:18,email,mobile,B,1,O000789
S002389,C00998,2025-05-31 15:16:00,paid_search,mobile,A,0,
S002390,C01031,2025-11-14 16:50:30,organic,mobile,B,1,O000790
S002391,C01513,2025-12-17 12:20:30,social,mobile,B,0,
S002392,C01930,2025-12-30 14:14:59,email,mobile,A,0,
S002393,C00748,2025-11-30 19:13:23,email,mobile,A,0,
S002394,C01956,2025-11-22 20:17:21,referral,mobile,A,0,
S002395,C01893,2025-12-09 23:25:19,paid_search,mobile,B,0,
S002396,C01303,2025-04-21 22:29:14,paid_search,mobile,B,0,
S002397,C01780,2025-03-08 21:04:44,organic,mobile,A,0,
S002398,C01536,2025-05-25 17:00:40,email,tablet,A,0,
S002399,C00490,2025-04-29 16:36:30,social,mobile,A,0,
S002400,C00759,2025-11-15 21:10:06,organic,desktop,B,0,
S002401,C01010,2025-12-03 20:35:01,email,desktop,A,0,
S002402,C01678,2025-03-30 17:24:56,paid_search,mobile,A,0,
S002403,C01000,2025-11-08 21:22:06,social,desktop,A,0,
S002404,C00080,2025-01-24 11:03:51,organic,mobile,A,0,
S002405,C00819,2025-03-28 19:30:51,social,desktop,B,0,
S002406,C01817,2025-09-23 22:19:06,social,mobile,B,1,O000791
S002407,C01794,2025-01-09 12:00:19,organic,mobile,A,0,
S002408,C00773,2025-12-09 13:18:37,paid_search,mobile,B,1,O000792
S002409,C01808,2025-12-16 14:23:41,email,desktop,A,1,O000793
S002410,C00834,2025-08-26 21:25:21,referral,mobile,A,0,
S002411,C00709,2025-12-16 21:47:53,email,mobile,B,1,O000794
S002412,C01548,2025-08-17 09:31:11,email,desktop,A,0,
S002413,C00303,2025-05-05 21:01:57,paid_search,mobile,B,1,O000795
S002414,C00738,2025-08-29 17:11:23,paid_search,desktop,A,0,
S002415,C00078,2025-01-08 23:03:54,referral,mobile,A,0,
S002416,C00753,2025-06-14 12:59:49,organic,desktop,B,1,O000796
S002417,C01283,2025-12-03 08:00:21,referral,tablet,B,0,
S002418,C01405,2025-03-24 13:49:37,organic,mobile,B,0,
S002419,C00494,2025-04-02 09:54:19,paid_search,mobile,A,1,O000797
S002420,C00801,2025-02-06 07:27:46,paid_search,mobile,B,0,
S002421,C00081,2025-09-21 17:30:12,social,tablet,B,0,
S002422,C00870,2025-12-24 22:55:08,paid_search,desktop,A,1,O000798
S002423,C01270,2025-08-10 23:14:28,social,desktop,A,0,
S002424,C00407,2025-12-20 18:18:41,email,tablet,B,1,O000799
S002425,C01837,2025-08-15 12:00:10,referral,desktop,B,0,
S002426,C01800,2025-06-06 18:11:31,social,desktop,A,0,
S002427,C00123,2025-10-23 09:12:25,email,desktop,B,0,
S002428,C00477,2025-02-27 15:20:46,paid_search,desktop,B,0,
S002429,C01114,2025-12-04 23:49:47,referral,mobile,A,0,
S002430,C00288,2025-02-06 17:26:48,paid_search,desktop,A,1,O000800
S002431,C00282,2025-09-12 13:03:39,organic,mobile,A,1,O000801
S002432,C01771,2025-11-28 15:15:04,organic,tablet,B,0,
S002433,C00097,2025-07-09 12:28:18,paid_search,tablet,B,0,
S002434,C00313,2025-07-19 10:47:48,paid_search,desktop,B,1,O000802
S002435,C00524,2025-09-19 21:23:26,referral,desktop,A,1,O000803
S002436,C00591,2025-09-23 17:38:34,email,mobile,B,0,
S002437,C01213,2025-02-07 08:46:40,referral,desktop,B,0,
S002438,C00359,2025-12-05 12:22:58,referral,mobile,B,1,O000804
S002439,C00464,2025-03-09 13:00:15,referral,mobile,A,0,
S002440,C01546,2025-12-01 14:01:41,email,mobile,A,0,
S002441,C01139,2025-09-26 23:46:11,social,mobile,B,0,
S002442,C01138,2025-10-23 11:36:39,organic,mobile,A,0,
S002443,C00830,2025-03-13 14:56:08,email,mobile,A,1,O000805
S002444,C01903,2025-02-20 23:12:00,referral,mobile,B,0,
S002445,C00478,2025-08-06 17:28:38,social,tablet,A,0,
S002446,C01571,2025-10-06 10:02:39,referral,mobile,B,0,
S002447,C00630,2025-10-17 22:57:23,social,mobile,A,0,
S002448,C01430,2025-09-27 09:55:49,social,mobile,A,0,
S002449,C01691,2025-03-11 23:55:04,paid_search,desktop,B,1,O000806
S002450,C01619,2025-07-05 22:11:46,referral,tablet,B,0,
S002451,C01906,2025-09-01 16:41:43,referral,desktop,A,1,O000807
S002452,C01147,2025-10-07 22:55:29,organic,mobile,B,1,O000808
S002453,C01202,2025-12-30 16:19:08,organic,mobile,A,0,
S002454,C00869,2025-10-11 19:27:23,organic,mobile,B,1,O000809
S002455,C00112,2025-12-17 22:53:20,email,mobile,A,0,
S002456,C00102,2025-04-18 08:14:06,organic,mobile,A,1,O000810
S002457,C01820,2025-07-20 18:34:34,social,mobile,A,0,
S002458,C00466,2025-05-12 19:48:08,paid_search,mobile,A,0,
S002459,C00333,2025-12-27 14:02:10,paid_search,mobile,B,0,
S002460,C00119,2025-10-25 10:11:50,email,tablet,B,0,
S002461,C01690,2025-12-20 07:03:07,referral,mobile,A,1,O000811
S002462,C00343,2025-03-25 08:08:13,social,mobile,B,1,O000812
S002463,C00685,2025-12-23 20:09:16,paid_search,mobile,B,0,
S002464,C01175,2025-03-01 17:34:31,organic,desktop,B,0,
S002465,C01269,2025-11-13 08:57:26,social,mobile,B,0,
S002466,C01579,2025-04-20 23:28:28,referral,desktop,B,1,O000813
S002467,C00737,2025-10-28 12:16:24,organic,tablet,B,0,
S002468,C01671,2025-04-09 19:26:01,social,desktop,B,0,
S002469,C00607,2025-05-12 18:07:01,social,desktop,B,0,
S002470,C01244,2025-05-13 10:24:41,referral,desktop,A,0,
S002471,C00630,2025-03-06 22:09:55,paid_search,desktop,A,0,
S002472,C01193,2025-03-24 08:58:48,paid_search,desktop,B,0,
S002473,C01079,2025-09-16 12:34:41,paid_search,desktop,B,0,
S002474,C01737,2025-12-25 20:26:14,referral,mobile,B,1,O000814
S002475,C00077,2025-10-15 19:07:20,organic,mobile,B,0,
S002476,C01150,2025-03-05 12:05:08,social,mobile,A,0,
S002477,C01619,2025-04-22 17:01:16,paid_search,desktop,B,0,
S002478,C00315,2025-08-03 16:37:14,social,mobile,B,0,
S002479,C00538,2025-10-13 10:31:46,social,mobile,A,0,
S002480,C01356,2025-02-13 20:58:25,referral,desktop,A,1,O000815
S002481,C00831,2025-10-10 09:05:43,paid_search,mobile,B,1,O000816
S002482,C00745,2025-01-06 17:45:58,referral,mobile,B,0,
S002483,C00517,2025-09-08 19:59:07,referral,desktop,B,0,
S002484,C01039,2025-08-29 19:13:52,organic,desktop,B,0,
S002485,C00004,2025-08-31 22:21:49,organic,mobile,A,1,O000817
S002486,C01126,2025-05-21 08:36:53,organic,desktop,A,1,O000818
S002487,C00583,2025-11-13 12:30:12,email,tablet,B,0,
S002488,C00779,2025-03-27 22:02:07,organic,mobile,B,0,
S002489,C00653,2025-03-14 12:02:18,email,mobile,B,1,O000819
S002490,C01107,2025-07-16 13:57:28,paid_search,desktop,B,0,
S002491,C00171,2025-10-01 12:05:27,paid_search,mobile,B,1,O000820
S002492,C00771,2025-03-03 10:16:00,organic,desktop,B,0,
S002493,C00970,2025-09-18 09:16:39,organic,desktop,A,0,
S002494,C00237,2025-08-10 21:15:54,organic,mobile,B,1,O000821
S002495,C00401,2025-08-28 18:23:26,paid_search,mobile,B,0,
S002496,C00077,2025-02-13 12:22:25,paid_search,desktop,B,1,O000822
S002497,C01229,2025-04-06 19:53:51,social,mobile,B,0,
S002498,C01091,2025-02-19 19:27:06,referral,desktop,B,0,
S002499,C00412,2025-05-01 11:29:45,organic,mobile,A,0,
S002500,C00679,2025-03-11 14:14:12,paid_search,mobile,B,0,
S002501,C00693,2025-06-27 10:29:02,organic,tablet,B,0,
S002502,C01149,2025-10-27 23:21:55,social,desktop,B,0,
S002503,C01518,2025-09-03 13:51:58,social,mobile,A,1,O000823
S002504,C01601,2025-09-07 20:24:03,organic,desktop,B,0,
S002505,C01260,2025-05-23 19:15:26,social,mobile,A,1,O000824
S002506,C00008,2025-12-23 19:43:28,referral,mobile,A,1,O000825
S002507,C00113,2025-06-16 09:19:22,organic,mobile,B,0,
S002508,C00635,2025-10-08 08:46:07,paid_search,mobile,B,1,O000826
S002509,C00572,2025-05-12 18:56:30,social,desktop,A,1,O000827
S002510,C01824,2025-08-28 09:34:58,email,desktop,A,0,
S002511,C00817,2025-03-02 23:56:03,social,mobile,B,1,O000828
S002512,C01973,2025-03-11 23:55:58,paid_search,mobile,B,0,
S002513,C00070,2025-11-19 14:56:22,social,mobile,A,1,O000829
S002514,C01477,2025-06-17 14:04:07,paid_search,mobile,B,0,
S002515,C00087,2025-07-05 08:50:04,organic,mobile,B,1,O000830
S002516,C00890,2025-09-03 18:27:24,organic,mobile,A,0,
S002517,C00307,2025-05-13 07:05:12,organic,mobile,B,1,O000831
S002518,C01015,2025-03-28 14:08:00,social,desktop,B,0,
S002519,C01273,2025-07-19 18:59:14,organic,desktop,B,0,
S002520,C01755,2025-12-25 09:29:28,paid_search,mobile,B,0,
S002521,C00313,2025-10-04 20:51:31,email,tablet,B,0,
S002522,C01345,2025-04-03 09:41:13,referral,mobile,B,1,O000832
S002523,C01004,2025-11-28 21:57:00,organic,desktop,A,0,
S002524,C00258,2025-11-08 16:20:27,referral,mobile,A,1,O000833
S002525,C01253,2025-09-14 15:21:35,social,desktop,B,1,O000834
S002526,C00352,2025-06-02 13:17:48,paid_search,mobile,A,0,
S002527,C00368,2025-09-24 11:39:56,organic,mobile,A,0,
S002528,C01367,2025-02-18 22:32:29,organic,desktop,B,1,O000835
S002529,C01899,2025-01-30 13:53:05,email,mobile,B,1,O000836
S002530,C00359,2025-07-03 21:02:18,email,mobile,B,0,
S002531,C01335,2025-06-25 14:21:34,organic,mobile,B,1,O000837
S002532,C01098,2025-08-23 09:30:21,referral,mobile,A,0,
S002533,C00566,2025-06-22 23:53:37,organic,desktop,A,1,O000838
S002534,C00003,2025-01-05 12:03:53,organic,mobile,B,1,O000839
S002535,C00582,2025-03-23 22:25:50,social,mobile,A,0,
S002536,C01447,2025-10-15 15:28:24,social,mobile,B,0,
S002537,C00149,2025-05-30 13:01:17,social,mobile,B,0,
S002538,C01542,2025-02-28 14:02:51,paid_search,mobile,A,0,
S002539,C01828,2025-04-06 22:07:12,organic,mobile,A,1,O000840
S002540,C01140,2025-11-06 10:41:54,email,mobile,A,0,
S002541,C00264,2025-01-28 12:26:18,email,mobile,A,0,
S002542,C01517,2025-09-16 20:01:51,referral,mobile,B,0,
S002543,C01961,2025-10-03 14:43:14,paid_search,mobile,B,0,
S002544,C01780,2025-07-31 11:00:44,organic,desktop,A,1,O000841
S002545,C00009,2025-02-19 12:10:39,social,mobile,B,0,
S002546,C00414,2025-02-09 12:57:32,organic,desktop,A,0,
S002547,C01361,2025-05-01 13:38:54,paid_search,desktop,B,0,
S002548,C00943,2025-10-23 14:34:28,social,desktop,B,1,O000842
S002549,C00310,2025-08-01 17:41:09,organic,desktop,A,0,
S002550,C00957,2025-07-30 08:42:39,referral,mobile,B,1,O000843
S002551,C01630,2025-08-01 07:02:52,social,mobile,A,1,O000844
S002552,C01012,2025-01-02 17:38:31,email,desktop,A,1,O000845
S002553,C01922,2025-07-22 21:49:08,social,desktop,A,0,
S002554,C01962,2025-10-26 21:52:42,organic,mobile,A,0,
S002555,C00938,2025-11-24 13:14:08,paid_search,tablet,A,1,O000846
S002556,C01554,2025-09-08 13:09:04,paid_search,mobile,A,0,
S002557,C01964,2025-07-02 07:15:12,email,desktop,A,0,
S002558,C01794,2025-05-07 21:54:12,organic,mobile,A,0,
S002559,C00539,2025-06-11 08:51:55,email,mobile,B,0,
S002560,C00072,2025-10-16 08:11:36,organic,desktop,A,1,O000847
S002561,C01370,2025-11-15 10:22:31,social,tablet,A,0,
S002562,C01960,2025-03-16 22:07:40,social,desktop,A,1,O000848
S002563,C01368,2025-09-09 15:43:03,referral,mobile,A,0,
S002564,C00067,2025-03-20 21:29:52,social,mobile,B,1,O000849
S002565,C01309,2025-02-28 12:35:30,social,desktop,B,1,O000850
S002566,C01313,2025-11-06 14:39:53,referral,mobile,B,0,
S002567,C00329,2025-10-31 15:07:10,organic,mobile,B,0,
S002568,C00820,2025-12-22 10:53:26,social,mobile,A,0,
S002569,C00359,2025-08-18 18:02:13,email,mobile,B,0,
S002570,C00492,2025-10-17 15:26:05,organic,mobile,A,1,O000851
S002571,C01267,2025-04-13 19:48:09,email,desktop,B,0,
S002572,C00478,2025-10-21 07:38:35,organic,desktop,A,0,
S002573,C00707,2025-11-20 14:19:56,organic,mobile,B,0,
S002574,C00583,2025-03-04 18:08:24,paid_search,mobile,B,1,O000852
S002575,C00382,2025-08-03 12:33:23,email,mobile,A,0,
S002576,C01278,2025-04-03 21:24:32,paid_search,mobile,A,0,
S002577,C01376,2025-06-25 10:18:37,social,mobile,A,0,
S002578,C01524,2025-12-08 21:40:11,social,mobile,A,0,
S002579,C00973,2025-11-08 11:03:44,referral,mobile,B,1,O000853
S002580,C01061,2025-09-25 13:57:08,email,mobile,B,0,
S002581,C00038,2025-06-17 21:19:58,referral,desktop,A,0,
S002582,C00526,2025-11-26 18:47:20,email,mobile,A,0,
S002583,C01016,2025-05-23 07:19:51,paid_search,mobile,A,1,O000854
S002584,C00135,2025-12-15 12:48:17,social,tablet,B,1,O000855
S002585,C00099,2025-10-25 20:33:57,organic,mobile,B,1,O000856
S002586,C01070,2025-11-04 15:42:37,organic,mobile,A,1,O000857
S002587,C01533,2025-08-03 21:30:00,email,mobile,B,1,O000858
S002588,C01247,2025-05-01 10:33:47,organic,desktop,B,0,
S002589,C00434,2025-12-07 21:22:48,paid_search,mobile,A,0,
S002590,C01049,2025-06-02 23:14:08,referral,desktop,B,0,
S002591,C01636,2025-11-03 18:52:49,organic,desktop,A,0,
S002592,C01136,2025-11-28 07:15:41,email,desktop,A,0,
S002593,C00724,2025-02-05 22:19:24,social,mobile,A,0,
S002594,C01415,2025-07-13 15:51:21,social,mobile,B,1,O000859
S002595,C00960,2025-08-26 18:18:23,paid_search,tablet,A,1,O000860
S002596,C01509,2025-11-24 19:12:54,social,mobile,B,1,O000861
S002597,C00848,2025-08-26 22:23:52,email,mobile,A,0,
S002598,C00337,2025-04-10 13:24:53,referral,mobile,B,0,
S002599,C01315,2025-12-07 15:00:40,paid_search,mobile,B,0,
S002600,C01152,2025-04-05 23:23:19,paid_search,desktop,A,0,
S002601,C00957,2025-02-02 17:57:06,social,mobile,B,1,O000862
S002602,C01292,2025-10-25 18:41:33,social,mobile,A,0,
S002603,C00830,2025-05-01 21:46:46,referral,mobile,A,0,
S002604,C01629,2025-03-22 18:05:48,referral,mobile,B,0,
S002605,C00649,2025-05-04 15:37:41,referral,mobile,B,1,O000863
S002606,C00780,2025-12-06 21:59:11,organic,desktop,A,0,
S002607,C01773,2025-06-03 17:02:27,social,mobile,B,1,O000864
S002608,C00800,2025-10-22 13:29:34,email,desktop,A,1,O000865
S002609,C00610,2025-07-17 21:37:33,paid_search,mobile,A,0,
S002610,C01021,2025-08-15 14:21:17,email,mobile,B,1,O000866
S002611,C00192,2025-01-08 19:12:16,organic,mobile,A,0,
S002612,C01393,2025-07-11 07:43:56,email,mobile,B,1,O000867
S002613,C01498,2025-03-16 23:59:30,paid_search,mobile,A,0,
S002614,C00463,2025-08-04 20:11:40,referral,mobile,B,0,
S002615,C00004,2025-02-02 14:31:14,paid_search,mobile,A,0,
S002616,C00231,2025-09-05 20:36:01,social,mobile,B,0,
S002617,C00323,2025-01-11 07:34:47,paid_search,desktop,B,0,
S002618,C01558,2025-10-18 14:09:15,email,mobile,A,0,
S002619,C01484,2025-06-30 08:47:06,paid_search,mobile,A,0,
S002620,C00195,2025-08-06 17:43:55,paid_search,mobile,B,0,
S002621,C01069,2025-10-16 18:44:26,paid_search,mobile,B,1,O000868
S002622,C01218,2025-11-13 14:05:47,social,mobile,A,1,O000869
S002623,C00011,2025-09-02 23:45:14,paid_search,desktop,B,0,
S002624,C00326,2025-11-05 09:53:16,paid_search,mobile,A,0,
S002625,C00985,2025-03-22 15:32:47,email,mobile,B,0,
S002626,C00954,2025-08-10 10:40:07,organic,mobile,A,1,O000870
S002627,C00740,2025-02-05 10:32:39,referral,desktop,A,0,
S002628,C00979,2025-01-31 07:32:37,organic,mobile,B,0,
S002629,C00816,2025-08-19 17:56:33,referral,mobile,A,1,O000871
S002630,C01547,2025-09-25 11:49:36,referral,mobile,B,0,
S002631,C00899,2025-08-22 21:12:56,email,desktop,B,1,O000872
S002632,C00613,2025-02-05 17:06:59,organic,mobile,B,1,O000873
S002633,C00527,2025-01-21 10:57:23,email,mobile,B,0,
S002634,C00188,2025-12-08 22:07:25,paid_search,desktop,A,0,
S002635,C01487,2025-04-11 21:40:25,organic,mobile,B,0,
S002636,C01554,2025-08-31 14:53:44,paid_search,mobile,A,0,
S002637,C01602,2025-08-30 22:44:49,social,desktop,A,0,
S002638,C00585,2025-08-05 11:43:14,organic,desktop,B,1,O000874
S002639,C00058,2025-07-09 15:33:58,paid_search,desktop,A,0,
S002640,C00910,2025-12-03 09:16:14,paid_search,desktop,A,0,
S002641,C01001,2025-04-28 22:22:21,referral,mobile,B,0,
S002642,C01794,2025-01-16 15:04:16,email,desktop,A,1,O000875
S002643,C00761,2025-05-28 09:30:52,referral,mobile,B,0,
S002644,C00285,2025-05-23 15:27:58,organic,mobile,B,0,
S002645,C01445,2025-05-14 12:31:15,paid_search,desktop,B,0,
S002646,C01707,2025-12-03 23:42:22,organic,mobile,B,1,O000876
S002647,C01708,2025-03-10 21:18:52,organic,mobile,A,0,
S002648,C01377,2025-10-02 08:12:21,organic,desktop,B,0,
S002649,C00969,2025-01-31 20:33:40,paid_search,mobile,B,0,
S002650,C00532,2025-12-01 20:54:09,referral,mobile,A,0,
S002651,C01582,2025-11-20 16:24:43,paid_search,tablet,A,1,O000877
S002652,C00257,2025-01-26 09:32:46,email,mobile,B,1,O000878
S002653,C01297,2025-03-25 11:44:10,organic,mobile,B,1,O000879
S002654,C01224,2025-04-22 09:55:36,social,mobile,A,0,
S002655,C01535,2025-08-15 12:38:09,paid_search,mobile,B,1,O000880
S002656,C00341,2025-10-25 07:21:25,organic,tablet,B,0,
S002657,C01727,2025-06-21 15:42:30,organic,mobile,B,1,O000881
S002658,C01409,2025-11-30 08:46:46,organic,mobile,B,0,
S002659,C01221,2025-08-29 22:20:05,paid_search,mobile,B,1,O000882
S002660,C01542,2025-06-14 20:51:49,paid_search,mobile,A,0,
S002661,C01185,2025-09-11 15:23:30,organic,mobile,B,0,
S002662,C01608,2025-09-24 20:39:54,organic,mobile,A,0,
S002663,C00932,2025-03-28 20:54:58,organic,mobile,A,1,O000883
S002664,C00266,2025-11-15 22:36:40,paid_search,desktop,A,0,
S002665,C01946,2025-04-11 18:45:18,paid_search,mobile,A,0,
S002666,C00732,2025-09-29 17:34:08,organic,tablet,A,0,
S002667,C01378,2025-08-07 08:19:15,organic,desktop,A,1,O000884
S002668,C00097,2025-09-18 18:36:39,email,desktop,B,1,O000885
S002669,C00053,2025-11-25 11:07:47,social,mobile,B,0,
S002670,C00022,2025-04-18 10:25:56,paid_search,desktop,A,0,
S002671,C01679,2025-07-24 09:51:30,paid_search,desktop,B,0,
S002672,C01156,2025-12-17 11:59:08,organic,desktop,A,1,O000886
S002673,C01788,2025-12-14 19:08:14,organic,mobile,A,1,O000887
S002674,C00654,2025-02-03 07:46:33,paid_search,mobile,A,0,
S002675,C01542,2025-04-25 15:20:24,referral,mobile,A,0,
S002676,C01067,2025-07-22 12:45:00,social,mobile,B,1,O000888
S002677,C01298,2025-09-20 10:22:19,organic,mobile,A,0,
S002678,C00792,2025-06-03 08:31:33,social,desktop,A,0,
S002679,C00315,2025-09-29 16:55:38,social,mobile,B,0,
S002680,C00840,2025-05-30 21:46:22,paid_search,mobile,A,1,O000889
S002681,C00445,2025-11-22 17:35:47,organic,desktop,B,1,O000890
S002682,C01454,2025-05-12 19:44:50,referral,desktop,A,1,O000891
S002683,C01116,2025-03-24 15:19:38,paid_search,mobile,A,0,
S002684,C01487,2025-02-03 21:48:44,email,mobile,B,1,O000892
S002685,C01819,2025-02-23 16:11:19,organic,mobile,B,0,
S002686,C01508,2025-12-08 07:55:49,organic,mobile,A,0,
S002687,C00517,2025-07-31 19:59:54,paid_search,mobile,B,0,
S002688,C00657,2025-12-25 14:29:33,paid_search,mobile,B,1,O000893
S002689,C01280,2025-08-17 16:14:11,email,mobile,A,0,
S002690,C00504,2025-11-06 10:21:08,organic,mobile,A,0,
S002691,C00734,2025-12-28 19:19:52,organic,mobile,A,0,
S002692,C01298,2025-03-10 08:47:28,referral,mobile,A,0,
S002693,C01535,2025-06-12 21:37:51,organic,desktop,B,0,
S002694,C00716,2025-03-08 11:07:34,social,desktop,A,0,
S002695,C01523,2025-09-12 10:52:57,organic,mobile,B,0,
S002696,C00613,2025-07-16 19:46:20,email,desktop,B,0,
S002697,C01089,2025-07-25 10:07:06,organic,desktop,B,0,
S002698,C00361,2025-06-12 15:11:26,organic,mobile,B,0,
S002699,C00296,2025-11-12 07:23:52,organic,mobile,A,0,
S002700,C00721,2025-10-01 08:26:35,email,desktop,B,0,
S002701,C00853,2025-07-16 09:44:11,paid_search,tablet,B,0,
S002702,C01421,2025-12-07 22:21:38,social,mobile,B,1,O000894
S002703,C00853,2025-10-28 12:14:21,paid_search,mobile,B,0,
S002704,C00764,2025-05-20 07:52:39,organic,desktop,A,0,
S002705,C01701,2025-02-03 21:53:14,social,mobile,B,1,O000895
S002706,C00264,2025-11-23 07:18:53,organic,mobile,A,0,
S002707,C01296,2025-01-12 10:37:11,organic,mobile,A,0,
S002708,C01569,2025-02-03 20:31:27,organic,desktop,B,0,
S002709,C01919,2025-12-29 23:39:54,social,mobile,B,0,
S002710,C00407,2025-04-10 14:30:01,organic,mobile,B,1,O000896
S002711,C01854,2025-11-25 19:45:04,referral,mobile,A,1,O000897
S002712,C01487,2025-11-20 11:15:09,email,mobile,B,0,
S002713,C01096,2025-06-13 13:27:12,referral,mobile,A,0,
S002714,C00919,2025-09-20 22:48:34,referral,mobile,B,1,O000898
S002715,C01643,2025-06-10 17:22:15,organic,desktop,B,0,
S002716,C00721,2025-05-08 22:58:53,paid_search,desktop,B,1,O000899
S002717,C01481,2025-09-05 22:00:15,paid_search,mobile,B,0,
S002718,C00396,2025-11-29 17:37:12,paid_search,mobile,A,0,
S002719,C00171,2025-12-08 18:12:48,social,desktop,B,0,
S002720,C01646,2025-12-30 22:42:36,organic,mobile,A,0,
S002721,C01021,2025-01-27 23:40:52,organic,desktop,B,1,O000900
S002722,C00278,2025-07-04 23:21:44,organic,desktop,A,1,O000901
S002723,C00806,2025-01-05 13:35:49,social,mobile,A,0,
S002724,C01936,2025-11-25 23:29:09,email,mobile,A,0,
S002725,C00418,2025-11-14 21:06:14,referral,desktop,A,0,
S002726,C00341,2025-04-25 14:55:17,referral,desktop,B,1,O000902
S002727,C01099,2025-04-03 13:06:15,organic,mobile,B,0,
S002728,C01442,2025-02-01 12:59:52,organic,mobile,A,0,
S002729,C00474,2025-03-11 18:41:09,paid_search,mobile,A,1,O000903
S002730,C01145,2025-01-02 21:11:43,email,desktop,B,0,
S002731,C01231,2025-11-24 16:09:16,paid_search,mobile,B,0,
S002732,C00826,2025-11-14 22:33:02,organic,mobile,A,0,
S002733,C00251,2025-09-08 09:22:32,paid_search,tablet,B,1,O000904
S002734,C00975,2025-04-11 21:49:59,paid_search,desktop,B,0,
S002735,C00893,2025-07-20 12:53:28,referral,mobile,B,0,
S002736,C00974,2025-12-08 20:11:15,email,desktop,A,1,O000905
S002737,C01839,2025-04-12 22:59:11,email,mobile,B,0,
S002738,C01481,2025-10-30 15:35:18,social,mobile,B,1,O000906
S002739,C01615,2025-10-13 09:01:42,referral,mobile,B,1,O000907
S002740,C00042,2025-11-06 23:06:32,organic,mobile,A,0,
S002741,C01726,2025-02-26 21:46:00,social,mobile,A,0,
S002742,C01859,2025-04-16 22:44:51,referral,mobile,B,0,
S002743,C00678,2025-04-19 20:52:52,email,mobile,A,0,
S002744,C01433,2025-11-04 12:32:54,paid_search,mobile,B,1,O000908
S002745,C00571,2025-04-26 16:24:50,email,desktop,B,1,O000909
S002746,C01939,2025-11-25 18:16:04,organic,mobile,B,0,
S002747,C00103,2025-11-12 13:46:34,organic,mobile,B,1,O000910
S002748,C01335,2025-09-24 15:55:26,organic,desktop,B,1,O000911
S002749,C01934,2025-04-08 13:53:43,organic,mobile,A,0,
S002750,C01739,2025-02-04 08:19:46,social,mobile,B,1,O000912
S002751,C00898,2025-11-21 17:56:52,referral,mobile,A,0,
S002752,C01682,2025-09-21 12:02:54,paid_search,mobile,A,1,O000913
S002753,C01531,2025-02-12 15:20:44,organic,mobile,B,0,
S002754,C00435,2025-08-24 15:08:08,social,desktop,B,0,
S002755,C01495,2025-02-25 15:54:36,organic,mobile,B,0,
S002756,C00450,2025-03-18 19:57:18,referral,mobile,A,0,
S002757,C01744,2025-08-07 17:26:22,organic,mobile,A,0,
S002758,C00542,2025-02-07 18:12:29,social,mobile,A,0,
S002759,C01590,2025-08-05 20:56:16,social,mobile,A,1,O000914
S002760,C00362,2025-08-03 11:20:45,social,desktop,A,0,
S002761,C00325,2025-10-07 08:07:25,organic,mobile,B,1,O000915
S002762,C00669,2025-11-27 14:26:50,email,desktop,B,0,
S002763,C01687,2025-08-16 10:48:22,organic,mobile,B,1,O000916
S002764,C01277,2025-11-27 13:28:42,email,mobile,B,0,
S002765,C01307,2025-10-22 22:55:43,email,mobile,B,0,
S002766,C00702,2025-08-03 07:45:24,social,mobile,A,1,O000917
S002767,C00940,2025-01-24 12:41:41,social,desktop,A,0,
S002768,C01814,2025-07-20 09:03:06,paid_search,desktop,A,0,
S002769,C01952,2025-02-06 17:50:22,email,tablet,A,0,
S002770,C00161,2025-01-30 13:40:31,social,desktop,B,0,
S002771,C00863,2025-12-21 13:17:10,organic,mobile,B,0,
S002772,C00358,2025-12-05 13:26:07,paid_search,mobile,A,1,O000918
S002773,C00934,2025-11-27 15:11:59,paid_search,mobile,A,0,
S002774,C01818,2025-07-17 20:02:42,social,mobile,A,0,
S002775,C00745,2025-11-01 17:33:30,email,mobile,B,1,O000919
S002776,C00315,2025-11-25 12:46:07,organic,mobile,B,0,
S002777,C01129,2025-06-23 12:55:05,email,mobile,B,1,O000920
S002778,C01423,2025-07-27 09:39:25,paid_search,desktop,B,0,
S002779,C00468,2025-04-25 16:18:52,organic,mobile,A,0,
S002780,C00796,2025-07-05 10:31:55,organic,mobile,A,1,O000921
S002781,C01662,2025-02-04 22:42:13,organic,mobile,A,0,
S002782,C01398,2025-01-22 11:43:01,organic,mobile,A,0,
S002783,C00945,2025-07-29 20:31:30,organic,mobile,B,0,
S002784,C01526,2025-07-25 17:17:27,social,desktop,A,0,
S002785,C01072,2025-08-13 14:10:14,email,mobile,A,0,
S002786,C00109,2025-11-25 12:51:48,email,mobile,B,0,
S002787,C00682,2025-12-02 21:01:27,email,mobile,A,1,O000922
S002788,C00797,2025-11-30 10:45:45,email,mobile,B,1,O000923
S002789,C00570,2025-12-26 23:25:39,referral,mobile,A,1,O000924
S002790,C01274,2025-12-28 08:57:52,social,mobile,A,0,
S002791,C01688,2025-05-17 11:38:05,social,desktop,A,0,
S002792,C00379,2025-03-01 13:36:17,organic,desktop,B,0,
S002793,C00471,2025-10-26 10:01:25,organic,desktop,B,0,
S002794,C01319,2025-05-05 22:45:43,social,desktop,B,0,
S002795,C01965,2025-10-20 21:56:41,paid_search,mobile,B,0,
S002796,C00176,2025-11-16 07:48:53,paid_search,tablet,A,0,
S002797,C01000,2025-12-14 11:20:58,paid_search,mobile,A,0,
S002798,C01915,2025-01-18 18:59:30,paid_search,tablet,B,1,O000925
S002799,C01433,2025-12-09 15:16:17,organic,mobile,B,1,O000926
S002800,C00250,2025-04-12 22:22:34,social,desktop,A,0,
S002801,C00458,2025-01-09 09:14:39,organic,desktop,A,0,
S002802,C01672,2025-06-13 11:06:37,organic,desktop,A,0,
S002803,C00488,2025-09-15 11:31:09,paid_search,tablet,A,0,
S002804,C00967,2025-01-28 13:38:35,referral,mobile,B,0,
S002805,C01965,2025-11-29 14:07:36,email,desktop,B,0,
S002806,C01029,2025-12-18 15:05:37,referral,mobile,B,0,
S002807,C01165,2025-02-02 08:51:11,paid_search,mobile,B,1,O000927
S002808,C01880,2025-10-07 14:18:48,referral,desktop,A,0,
S002809,C00936,2025-11-23 10:58:20,organic,mobile,A,0,
S002810,C01745,2025-04-30 16:14:26,social,desktop,B,1,O000928
S002811,C01355,2025-10-04 14:28:07,organic,desktop,B,0,
S002812,C00350,2025-12-20 09:45:47,social,mobile,A,0,
S002813,C01871,2025-01-03 07:00:06,paid_search,mobile,B,1,O000929
S002814,C01353,2025-09-18 22:35:38,paid_search,mobile,B,0,
S002815,C00725,2025-11-22 12:01:24,organic,tablet,B,1,O000930
S002816,C00120,2025-03-15 14:01:07,organic,mobile,A,0,
S002817,C00393,2025-07-15 19:37:28,organic,tablet,B,0,
S002818,C01242,2025-04-23 20:10:05,organic,desktop,A,0,
S002819,C01733,2025-06-23 07:16:20,organic,mobile,B,0,
S002820,C01277,2025-05-07 11:48:43,organic,mobile,B,0,
S002821,C01219,2025-09-06 23:05:33,paid_search,mobile,B,1,O000931
S002822,C00489,2025-06-18 15:46:48,paid_search,mobile,B,0,
S002823,C01552,2025-04-10 22:36:34,paid_search,mobile,A,1,O000932
S002824,C01958,2025-06-04 10:42:44,social,mobile,A,0,
S002825,C01584,2025-02-15 14:44:45,organic,mobile,A,1,O000933
S002826,C00738,2025-11-28 16:06:57,organic,mobile,A,0,
S002827,C01238,2025-06-30 10:43:37,organic,mobile,A,0,
S002828,C01661,2025-03-30 18:53:47,social,desktop,B,0,
S002829,C00871,2025-06-02 17:11:17,paid_search,mobile,B,0,
S002830,C00618,2025-06-07 07:47:11,social,desktop,A,1,O000934
S002831,C00319,2025-02-15 14:16:20,email,desktop,B,1,O000935
S002832,C00340,2025-04-01 10:33:35,organic,mobile,A,0,
S002833,C00101,2025-07-12 08:30:20,social,mobile,B,0,
S002834,C01785,2025-04-15 18:32:13,paid_search,desktop,B,0,
S002835,C00587,2025-08-15 19:50:54,social,mobile,B,1,O000936
S002836,C00161,2025-03-01 09:03:55,paid_search,mobile,B,0,
S002837,C01667,2025-12-24 19:41:47,social,mobile,B,0,
S002838,C00224,2025-12-23 23:20:40,paid_search,mobile,A,0,
S002839,C00092,2025-03-16 23:56:27,referral,desktop,A,0,
S002840,C01936,2025-06-06 09:04:30,email,mobile,A,1,O000937
S002841,C00904,2025-11-29 07:27:15,paid_search,desktop,A,0,
S002842,C01597,2025-08-26 07:01:10,paid_search,desktop,B,0,
S002843,C00447,2025-02-12 18:52:43,email,mobile,B,0,
S002844,C01330,2025-04-13 17:45:04,paid_search,mobile,A,0,
S002845,C01109,2025-03-16 23:21:34,email,mobile,B,1,O000938
S002846,C00744,2025-11-30 11:59:19,referral,mobile,A,0,
S002847,C00976,2025-03-07 19:55:53,social,desktop,A,0,
S002848,C00164,2025-11-25 16:57:13,paid_search,desktop,A,0,
S002849,C00376,2025-12-30 09:35:50,paid_search,desktop,A,1,O000939
S002850,C00408,2025-08-02 23:44:53,referral,desktop,A,0,
S002851,C01398,2025-10-30 08:05:32,organic,desktop,A,1,O000940
S002852,C00361,2025-08-03 12:14:17,referral,mobile,B,1,O000941
S002853,C00314,2025-03-24 20:40:20,organic,desktop,A,0,
S002854,C01087,2025-01-10 18:09:09,email,mobile,B,1,O000942
S002855,C00371,2025-01-03 16:04:29,paid_search,desktop,B,0,
S002856,C01077,2025-05-21 20:55:13,social,mobile,B,1,O000943
S002857,C01149,2025-03-06 20:48:40,organic,desktop,B,0,
S002858,C00980,2025-03-08 14:21:44,referral,desktop,A,1,O000944
S002859,C00447,2025-08-12 21:41:12,referral,mobile,B,1,O000945
S002860,C01873,2025-12-21 21:49:36,paid_search,tablet,B,0,
S002861,C00622,2025-08-13 07:56:58,paid_search,mobile,A,0,
S002862,C01026,2025-07-28 14:37:08,paid_search,mobile,A,0,
S002863,C01571,2025-10-30 19:12:34,email,mobile,B,1,O000946
S002864,C01815,2025-11-22 12:20:32,paid_search,mobile,B,1,O000947
S002865,C01817,2025-08-13 14:25:21,email,mobile,B,1,O000948
S002866,C01786,2025-11-23 18:36:21,email,mobile,A,0,
S002867,C00910,2025-04-26 09:19:02,organic,desktop,A,0,
S002868,C00170,2025-02-20 15:19:41,social,mobile,A,0,
S002869,C00101,2025-07-23 13:22:08,organic,mobile,B,1,O000949
S002870,C01361,2025-12-03 15:52:28,social,mobile,B,1,O000950
S002871,C01262,2025-02-03 17:33:26,social,mobile,A,1,O000951
S002872,C01434,2025-11-22 08:48:09,email,mobile,A,0,
S002873,C00435,2025-01-18 07:04:35,referral,desktop,B,0,
S002874,C01860,2025-08-22 10:57:32,email,mobile,A,0,
S002875,C00776,2025-12-15 22:49:43,paid_search,desktop,A,1,O000952
S002876,C01176,2025-05-24 20:59:53,social,tablet,A,0,
S002877,C01662,2025-07-24 18:19:28,paid_search,desktop,A,0,
S002878,C01220,2025-05-16 19:23:49,social,desktop,A,0,
S002879,C00058,2025-01-04 07:33:12,organic,mobile,A,0,
S002880,C00842,2025-08-12 12:53:33,email,mobile,A,0,
S002881,C00213,2025-01-22 11:17:44,email,mobile,B,0,
S002882,C01721,2025-03-15 15:41:04,social,mobile,B,0,
S002883,C01066,2025-07-11 22:14:55,organic,desktop,A,0,
S002884,C00548,2025-01-23 13:52:31,referral,tablet,A,1,O000953
S002885,C01096,2025-11-26 22:34:41,organic,desktop,A,0,
S002886,C01262,2025-12-31 13:32:47,organic,desktop,A,0,
S002887,C01149,2025-09-23 17:05:02,referral,mobile,B,0,
S002888,C00837,2025-08-03 11:50:32,paid_search,mobile,B,0,
S002889,C00229,2025-04-08 11:03:56,referral,desktop,B,1,O000954
S002890,C01519,2025-11-27 23:55:43,social,mobile,B,0,
S002891,C01900,2025-05-27 22:26:55,referral,mobile,A,0,
S002892,C00862,2025-04-10 21:20:52,organic,desktop,A,1,O000955
S002893,C01383,2025-08-01 15:00:45,organic,mobile,B,0,
S002894,C00653,2025-06-06 11:31:10,email,tablet,B,0,
S002895,C00734,2025-05-22 13:39:22,paid_search,mobile,A,0,
S002896,C01899,2025-01-31 15:46:43,organic,mobile,B,0,
S002897,C00436,2025-02-26 23:00:16,organic,mobile,A,0,
S002898,C01740,2025-06-15 19:17:32,organic,mobile,A,1,O000956
S002899,C00178,2025-12-19 07:28:23,social,mobile,A,0,
S002900,C01534,2025-12-19 09:35:31,email,desktop,A,1,O000957
S002901,C01683,2025-10-16 10:44:31,organic,mobile,B,0,
S002902,C01674,2025-11-16 20:31:27,referral,desktop,A,0,
S002903,C00631,2025-07-30 15:45:05,social,mobile,B,1,O000958
S002904,C00973,2025-01-03 23:41:59,organic,mobile,B,1,O000959
S002905,C00367,2025-02-13 19:56:46,email,mobile,B,1,O000960
S002906,C00743,2025-08-21 09:18:07,paid_search,mobile,B,0,
S002907,C00802,2025-11-22 22:37:04,organic,mobile,A,1,O000961
S002908,C00645,2025-10-12 09:21:02,organic,desktop,B,0,
S002909,C01296,2025-02-17 18:58:01,referral,mobile,A,1,O000962
S002910,C00002,2025-12-11 14:06:01,paid_search,desktop,A,0,
S002911,C01072,2025-03-23 14:00:23,social,mobile,A,0,
S002912,C01383,2025-06-28 07:46:48,referral,desktop,B,1,O000963
S002913,C01782,2025-02-02 16:32:54,email,mobile,A,1,O000964
S002914,C00737,2025-08-02 19:28:01,organic,desktop,B,0,
S002915,C01727,2025-06-16 15:35:42,referral,mobile,B,0,
S002916,C00212,2025-01-19 19:59:36,paid_search,desktop,A,0,
S002917,C01867,2025-03-24 11:56:24,paid_search,mobile,B,0,
S002918,C00922,2025-11-29 13:27:40,organic,mobile,A,0,
S002919,C01425,2025-03-17 08:55:20,organic,desktop,B,0,
S002920,C00678,2025-04-15 22:09:15,organic,mobile,A,1,O000965
S002921,C01826,2025-09-14 14:01:44,referral,desktop,A,1,O000966
S002922,C01555,2025-09-21 20:33:32,organic,desktop,B,0,
S002923,C01129,2025-05-11 11:25:04,paid_search,mobile,B,0,
S002924,C01850,2025-03-05 15:26:11,organic,mobile,A,1,O000967
S002925,C01278,2025-06-26 07:20:50,paid_search,mobile,A,1,O000968
S002926,C00877,2025-05-17 10:34:30,referral,mobile,B,0,
S002927,C01431,2025-11-23 11:03:21,organic,mobile,B,0,
S002928,C01886,2025-06-05 14:16:16,organic,mobile,A,0,
S002929,C00388,2025-11-30 11:23:16,paid_search,desktop,A,0,
S002930,C00753,2025-11-12 16:40:11,email,mobile,B,0,
S002931,C01788,2025-03-24 12:59:54,email,tablet,A,0,
S002932,C01663,2025-08-13 15:43:00,referral,tablet,B,0,
S002933,C00783,2025-06-09 16:55:35,referral,mobile,B,0,
S002934,C00618,2025-10-18 23:40:10,paid_search,mobile,A,1,O000969
S002935,C00125,2025-01-21 18:28:31,organic,mobile,B,1,O000970
S002936,C00703,2025-10-06 20:14:35,referral,mobile,B,1,O000971
S002937,C00494,2025-02-16 18:49:50,email,tablet,A,0,
S002938,C00489,2025-06-15 18:36:17,email,tablet,B,0,
S002939,C00201,2025-11-25 12:44:37,email,tablet,B,0,
S002940,C00581,2025-07-31 10:19:49,email,mobile,B,0,
S002941,C00893,2025-05-25 14:44:25,paid_search,desktop,B,0,
S002942,C00723,2025-07-10 11:51:43,referral,mobile,B,1,O000972
S002943,C00126,2025-11-23 15:02:54,email,mobile,A,0,
S002944,C01276,2025-02-18 11:25:56,organic,tablet,A,0,
S002945,C01610,2025-02-08 13:07:54,paid_search,desktop,A,0,
S002946,C01756,2025-12-08 09:04:46,organic,desktop,A,0,
S002947,C01451,2025-08-05 19:49:43,organic,mobile,B,0,
S002948,C00428,2025-04-11 08:08:18,paid_search,mobile,A,1,O000973
S002949,C00702,2025-11-19 14:44:50,email,mobile,A,0,
S002950,C00180,2025-04-23 07:32:19,referral,mobile,A,1,O000974
S002951,C00562,2025-05-21 12:14:01,organic,desktop,A,0,
S002952,C00671,2025-12-27 21:02:05,referral,desktop,B,0,
S002953,C01305,2025-02-15 23:09:31,email,desktop,B,0,
S002954,C00355,2025-07-29 19:02:39,organic,mobile,B,0,
S002955,C01033,2025-07-25 23:08:37,referral,desktop,B,0,
S002956,C01750,2025-11-09 07:52:07,organic,mobile,A,0,
S002957,C00716,2025-06-01 07:43:41,organic,mobile,A,0,
S002958,C01810,2025-05-27 12:21:26,organic,desktop,A,0,
S002959,C01541,2025-02-04 13:24:35,email,mobile,B,1,O000975
S002960,C00349,2025-03-26 16:31:50,referral,mobile,B,0,
S002961,C01305,2025-07-12 20:43:22,organic,mobile,B,0,
S002962,C01854,2025-08-20 13:28:47,email,mobile,A,0,
S002963,C01756,2025-10-12 11:08:14,organic,mobile,A,1,O000976
S002964,C00962,2025-05-15 20:42:16,paid_search,mobile,A,1,O000977
S002965,C01532,2025-12-20 23:41:39,paid_search,mobile,A,0,
S002966,C00649,2025-02-20 12:50:45,social,mobile,B,0,
S002967,C00370,2025-07-12 10:29:39,social,mobile,A,1,O000978
S002968,C00933,2025-01-31 14:25:18,paid_search,mobile,B,1,O000979
S002969,C01343,2025-05-31 18:23:23,email,mobile,B,0,
S002970,C00832,2025-12-03 14:46:27,organic,mobile,A,1,O000980
S002971,C01275,2025-10-09 07:37:22,organic,mobile,B,0,
S002972,C00478,2025-08-27 08:05:01,referral,mobile,A,0,
S002973,C00413,2025-07-10 18:32:58,social,mobile,B,0,
S002974,C01024,2025-04-16 23:59:15,paid_search,desktop,A,0,
S002975,C00480,2025-07-28 15:57:32,organic,mobile,A,1,O000981
S002976,C00701,2025-11-30 17:02:09,paid_search,mobile,B,1,O000982
S002977,C01138,2025-08-18 15:04:34,organic,tablet,A,1,O000983
S002978,C01122,2025-11-10 10:47:04,paid_search,mobile,A,0,
S002979,C01768,2025-06-09 23:34:48,paid_search,desktop,A,0,
S002980,C01178,2025-05-04 20:41:40,organic,mobile,A,0,
S002981,C01036,2025-08-23 16:14:28,paid_search,mobile,A,0,
S002982,C01021,2025-11-27 22:21:01,email,desktop,B,1,O000984
S002983,C00625,2025-04-11 14:36:40,organic,mobile,B,0,
S002984,C00139,2025-05-06 17:11:50,organic,mobile,B,0,
S002985,C00145,2025-02-11 09:57:02,social,tablet,B,0,
S002986,C00208,2025-12-10 15:55:44,email,desktop,A,0,
S002987,C00034,2025-05-15 23:08:25,email,mobile,A,1,O000985
S002988,C00806,2025-12-28 07:24:32,organic,tablet,A,1,O000986
S002989,C01159,2025-03-04 23:15:06,organic,desktop,B,0,
S002990,C00881,2025-04-18 07:14:35,referral,mobile,B,1,O000987
S002991,C01805,2025-12-20 14:55:27,social,mobile,B,0,
S002992,C01035,2025-04-12 19:24:48,paid_search,desktop,B,0,
S002993,C00747,2025-09-25 15:34:13,social,desktop,B,0,
S002994,C01213,2025-01-02 09:23:05,social,desktop,B,0,
S002995,C00940,2025-03-30 23:55:12,organic,desktop,A,1,O000988
S002996,C00275,2025-07-06 17:24:35,referral,desktop,B,1,O000989
S002997,C00516,2025-07-06 22:34:00,organic,desktop,A,0,
S002998,C00928,2025-11-09 07:51:04,paid_search,tablet,A,0,
S002999,C01449,2025-08-25 15:59:31,organic,mobile,B,1,O000990
S003000,C01262,2025-08-16 07:10:34,social,mobile,A,0,
S003001,C00718,2025-11-08 23:49:17,social,desktop,A,0,
S003002,C00915,2025-09-26 19:55:38,organic,mobile,B,0,
S003003,C00007,2025-07-24 09:27:05,organic,mobile,B,0,
S003004,C00901,2025-12-06 09:58:56,paid_search,desktop,B,0,
S003005,C00356,2025-11-23 14:37:29,email,mobile,A,0,
S003006,C01954,2025-09-08 15:44:48,email,mobile,A,0,
S003007,C00479,2025-01-01 13:30:17,referral,mobile,B,0,
S003008,C01211,2025-11-06 10:34:46,email,mobile,B,0,
S003009,C01420,2025-04-18 21:04:10,social,desktop,A,0,
S003010,C01319,2025-06-16 21:09:04,email,mobile,B,1,O000991
S003011,C00624,2025-03-12 16:48:57,social,mobile,A,0,
S003012,C00271,2025-03-03 20:55:06,email,desktop,B,1,O000992
S003013,C01751,2025-08-22 15:54:40,social,desktop,B,0,
S003014,C01325,2025-09-21 18:41:03,referral,mobile,B,0,
S003015,C00104,2025-08-01 23:33:17,social,mobile,A,1,O000993
S003016,C01388,2025-03-13 19:21:52,social,mobile,A,0,
S003017,C01310,2025-01-03 16:08:40,email,desktop,A,1,O000994
S003018,C01963,2025-03-21 23:28:07,paid_search,mobile,B,0,
S003019,C00015,2025-03-30 21:33:32,organic,mobile,B,0,
S003020,C01755,2025-03-11 14:57:21,email,desktop,B,0,
S003021,C00019,2025-04-12 16:47:08,email,desktop,B,0,
S003022,C01839,2025-11-15 10:01:50,social,mobile,B,0,
S003023,C00344,2025-09-14 21:11:18,social,mobile,A,0,
S003024,C00205,2025-11-03 07:45:05,referral,mobile,B,0,
S003025,C00663,2025-09-02 08:00:14,paid_search,mobile,B,1,O000995
S003026,C00589,2025-09-04 23:49:04,referral,tablet,B,0,
S003027,C00566,2025-09-02 10:56:32,social,mobile,A,0,
S003028,C00871,2025-11-19 17:25:36,social,tablet,B,0,
S003029,C00550,2025-09-10 16:07:22,organic,mobile,A,0,
S003030,C00269,2025-02-09 22:26:55,organic,mobile,B,0,
S003031,C00295,2025-05-06 10:18:46,paid_search,mobile,B,1,O000996
S003032,C00245,2025-11-08 08:20:27,organic,mobile,B,0,
S003033,C01423,2025-12-23 15:47:47,referral,mobile,B,0,
S003034,C00446,2025-05-17 10:06:50,social,mobile,A,1,O000997
S003035,C01234,2025-01-12 20:16:08,organic,desktop,A,0,
S003036,C01848,2025-04-12 20:14:54,organic,mobile,A,0,
S003037,C01967,2025-12-05 15:29:20,referral,mobile,B,0,
S003038,C01975,2025-12-11 22:11:02,social,desktop,B,0,
S003039,C00460,2025-04-19 19:43:15,referral,mobile,A,0,
S003040,C00471,2025-08-04 11:21:17,email,desktop,B,1,O000998
S003041,C01360,2025-07-26 13:27:48,paid_search,desktop,A,1,O000999
S003042,C01625,2025-12-24 16:10:56,paid_search,mobile,B,0,
S003043,C01550,2025-07-22 17:37:24,paid_search,mobile,A,0,
S003044,C01019,2025-07-04 17:47:57,email,mobile,B,1,O001000
S003045,C00312,2025-07-26 16:02:27,organic,mobile,A,0,
S003046,C01906,2025-10-12 10:44:16,email,desktop,A,1,O001001
S003047,C00136,2025-08-02 15:48:25,social,mobile,A,1,O001002
S003048,C00673,2025-08-27 13:59:29,social,mobile,B,1,O001003
S003049,C01489,2025-01-28 22:12:51,social,desktop,B,1,O001004
S003050,C01757,2025-09-24 09:10:31,social,mobile,B,0,
S003051,C00853,2025-07-31 15:44:51,email,desktop,B,0,
S003052,C00662,2025-12-22 09:28:56,organic,mobile,A,0,
S003053,C01732,2025-11-22 08:40:57,email,desktop,A,0,
S003054,C01051,2025-11-02 13:09:18,paid_search,mobile,B,0,
S003055,C01707,2025-06-30 10:42:14,organic,desktop,B,0,
S003056,C01233,2025-08-21 21:55:44,referral,mobile,B,1,O001005
S003057,C00216,2025-08-20 07:32:52,paid_search,desktop,A,1,O001006
S003058,C00621,2025-11-26 10:56:01,referral,tablet,B,0,
S003059,C00687,2025-09-11 10:50:02,paid_search,mobile,B,1,O001007
S003060,C00937,2025-05-01 20:18:39,organic,mobile,B,0,
S003061,C01310,2025-05-29 08:01:54,social,desktop,A,0,
S003062,C00631,2025-01-06 12:12:17,social,desktop,B,0,
S003063,C01907,2025-05-11 12:33:23,email,tablet,B,0,
S003064,C00535,2025-10-14 13:00:56,organic,mobile,B,1,O001008
S003065,C01242,2025-12-19 16:27:04,social,desktop,A,1,O001009
S003066,C00679,2025-02-10 07:08:50,referral,tablet,B,0,
S003067,C00374,2025-11-06 18:47:21,referral,mobile,A,0,
S003068,C00141,2025-10-19 21:39:47,referral,desktop,B,0,
S003069,C01405,2025-10-03 15:54:41,paid_search,mobile,B,0,
S003070,C01103,2025-11-06 12:28:55,paid_search,mobile,B,0,
S003071,C00141,2025-12-01 16:45:43,organic,mobile,B,0,
S003072,C00718,2025-03-26 22:04:55,organic,desktop,A,1,O001010
S003073,C00670,2025-12-08 09:25:21,email,mobile,A,1,O001011
S003074,C01010,2025-11-14 20:26:53,organic,mobile,A,0,
S003075,C00043,2025-07-25 20:33:35,referral,desktop,B,0,
S003076,C01505,2025-02-01 23:28:50,paid_search,mobile,B,0,
S003077,C01079,2025-11-22 13:26:16,organic,mobile,B,0,
S003078,C01822,2025-11-05 07:56:50,paid_search,mobile,A,0,
S003079,C01536,2025-02-11 17:57:18,organic,desktop,A,0,
S003080,C00922,2025-12-31 15:41:03,organic,tablet,A,0,
S003081,C00341,2025-08-21 22:02:11,email,mobile,B,0,
S003082,C01460,2025-06-20 09:50:34,social,desktop,A,1,O001012
S003083,C00441,2025-06-17 22:08:39,email,mobile,B,1,O001013
S003084,C01452,2025-05-31 09:46:56,social,mobile,A,0,
S003085,C01171,2025-06-23 14:41:46,paid_search,desktop,B,0,
S003086,C01978,2025-02-02 12:02:07,paid_search,mobile,A,1,O001014
S003087,C01197,2025-04-08 08:57:06,referral,desktop,B,1,O001015
S003088,C01403,2025-01-03 07:23:44,organic,mobile,B,1,O001016
S003089,C00611,2025-05-05 17:10:58,social,mobile,B,0,
S003090,C00499,2025-11-07 10:50:41,paid_search,mobile,B,1,O001017
S003091,C00869,2025-01-30 08:30:10,paid_search,mobile,B,1,O001018
S003092,C01965,2025-12-25 21:43:59,email,mobile,B,1,O001019
S003093,C00738,2025-06-06 10:03:38,paid_search,desktop,A,0,
S003094,C00672,2025-12-25 19:26:21,social,mobile,A,0,
S003095,C01990,2025-11-15 22:40:05,paid_search,desktop,A,0,
S003096,C00444,2025-04-05 14:04:33,referral,mobile,A,0,
S003097,C01040,2025-04-17 18:00:11,social,desktop,A,1,O001020
S003098,C00854,2025-01-29 17:49:32,paid_search,desktop,A,0,
S003099,C01578,2025-09-21 08:21:01,social,mobile,A,1,O001021
S003100,C00642,2025-07-30 14:25:31,organic,mobile,A,1,O001022
S003101,C00409,2025-07-11 11:48:05,email,mobile,B,0,
S003102,C01912,2025-11-30 18:01:12,paid_search,desktop,A,0,
S003103,C01485,2025-12-01 08:59:06,organic,mobile,B,1,O001023
S003104,C01966,2025-05-09 11:03:15,social,mobile,A,1,O001024
S003105,C00992,2025-07-13 09:26:29,organic,mobile,A,0,
S003106,C00317,2025-11-23 23:31:03,paid_search,mobile,B,1,O001025
S003107,C00112,2025-02-19 17:52:33,referral,desktop,A,0,
S003108,C00141,2025-04-09 13:52:59,referral,mobile,B,0,
S003109,C00254,2025-03-18 13:43:35,paid_search,mobile,A,1,O001026
S003110,C01085,2025-11-14 19:38:51,social,desktop,B,0,
S003111,C00456,2025-08-04 19:53:49,social,mobile,A,0,
S003112,C00768,2025-11-24 23:34:49,organic,desktop,A,0,
S003113,C01803,2025-05-03 21:39:29,social,mobile,B,0,
S003114,C01778,2025-08-15 13:50:38,organic,tablet,A,0,
S003115,C00521,2025-10-03 23:50:46,referral,mobile,B,1,O001027
S003116,C01947,2025-10-24 07:38:15,social,mobile,B,0,
S003117,C01893,2025-01-29 18:50:41,paid_search,mobile,B,1,O001028
S003118,C00892,2025-07-12 14:23:57,social,desktop,A,0,
S003119,C00704,2025-10-11 23:41:44,organic,mobile,A,0,
S003120,C01443,2025-05-03 11:36:43,organic,desktop,B,0,
S003121,C01298,2025-02-05 23:26:07,email,mobile,A,0,
S003122,C01002,2025-02-27 09:39:18,organic,desktop,A,1,O001029
S003123,C00292,2025-04-13 22:03:03,paid_search,desktop,A,0,
S003124,C01949,2025-12-20 12:27:39,paid_search,mobile,B,0,
S003125,C01036,2025-07-06 07:30:13,social,desktop,A,0,
S003126,C01248,2025-01-23 08:17:51,social,desktop,A,0,
S003127,C00847,2025-06-27 10:37:02,email,mobile,B,0,
S003128,C00174,2025-08-18 07:14:14,organic,mobile,A,0,
S003129,C01452,2025-11-19 18:22:30,email,mobile,A,0,
S003130,C00111,2025-08-10 15:29:32,referral,mobile,B,0,
S003131,C01945,2025-04-13 21:07:28,paid_search,desktop,B,0,
S003132,C00974,2025-12-27 10:27:05,social,mobile,A,0,
S003133,C01820,2025-10-03 10:34:47,paid_search,desktop,A,1,O001030
S003134,C00925,2025-06-09 12:34:15,email,desktop,B,1,O001031
S003135,C01040,2025-09-10 22:58:14,social,mobile,A,0,
S003136,C00850,2025-12-01 11:08:30,social,desktop,A,0,
S003137,C00457,2025-01-28 23:49:46,referral,desktop,B,0,
S003138,C01897,2025-09-23 17:53:23,email,mobile,B,0,
S003139,C00643,2025-03-15 15:38:30,email,desktop,B,1,O001032
S003140,C01046,2025-01-31 09:14:47,social,tablet,A,0,
S003141,C00496,2025-05-09 20:33:55,social,mobile,A,0,
S003142,C00630,2025-05-18 22:23:15,paid_search,mobile,A,0,
S003143,C01863,2025-02-02 14:12:07,organic,mobile,B,0,
S003144,C00512,2025-04-14 23:33:17,organic,desktop,A,0,
S003145,C00108,2025-12-13 17:02:31,email,tablet,A,1,O001033
S003146,C00421,2025-08-24 16:23:53,referral,mobile,B,0,
S003147,C00770,2025-07-27 10:16:50,social,mobile,A,0,
S003148,C01509,2025-08-08 15:16:50,referral,mobile,B,1,O001034
S003149,C00900,2025-05-12 07:31:29,organic,mobile,A,1,O001035
S003150,C01553,2025-01-11 10:46:23,organic,mobile,B,0,
S003151,C01399,2025-05-12 08:31:12,organic,desktop,B,1,O001036
S003152,C01078,2025-11-03 12:40:08,referral,mobile,A,0,
S003153,C01172,2025-05-16 22:49:50,referral,mobile,A,0,
S003154,C01690,2025-10-09 16:35:57,organic,desktop,A,1,O001037
S003155,C00765,2025-12-22 15:23:03,paid_search,desktop,B,0,
S003156,C00793,2025-01-27 23:44:34,referral,mobile,B,1,O001038
S003157,C00306,2025-02-14 16:25:50,organic,desktop,A,0,
S003158,C00200,2025-09-03 08:40:33,paid_search,mobile,A,0,
S003159,C01220,2025-09-05 12:14:31,organic,mobile,A,0,
S003160,C00683,2025-03-07 10:29:28,email,desktop,B,0,
S003161,C01863,2025-01-13 21:27:10,email,desktop,B,0,
S003162,C01979,2025-12-30 18:32:48,organic,mobile,B,0,
S003163,C01695,2025-08-23 10:05:11,organic,mobile,B,1,O001039
S003164,C01665,2025-08-25 23:51:02,organic,mobile,B,1,O001040
S003165,C00701,2025-09-11 09:56:18,organic,mobile,B,0,
S003166,C00841,2025-02-27 09:58:56,referral,desktop,B,0,
S003167,C00388,2025-08-22 07:45:34,referral,desktop,A,1,O001041
S003168,C01736,2025-06-02 23:55:34,paid_search,desktop,A,0,
S003169,C00120,2025-02-23 12:51:16,social,mobile,A,1,O001042
S003170,C00500,2025-12-27 23:44:19,paid_search,mobile,A,1,O001043
S003171,C00024,2025-04-22 13:34:44,email,mobile,A,0,
S003172,C01607,2025-02-08 13:43:38,paid_search,desktop,B,1,O001044
S003173,C01754,2025-04-16 07:05:20,referral,mobile,A,0,
S003174,C00495,2025-01-27 21:56:15,organic,mobile,B,1,O001045
S003175,C00375,2025-07-08 16:36:59,social,desktop,B,1,O001046
S003176,C00546,2025-01-15 18:11:07,social,mobile,A,1,O001047
S003177,C00436,2025-08-19 07:04:36,paid_search,desktop,A,1,O001048
S003178,C01037,2025-03-06 23:54:49,social,mobile,B,0,
S003179,C01170,2025-02-13 09:52:23,organic,desktop,A,1,O001049
S003180,C00714,2025-11-03 15:30:39,email,mobile,A,0,
S003181,C00225,2025-04-16 12:16:22,paid_search,mobile,B,1,O001050
S003182,C01268,2025-04-02 14:47:38,paid_search,desktop,A,0,
S003183,C01669,2025-05-26 19:46:55,organic,desktop,B,1,O001051
S003184,C00641,2025-07-25 16:23:28,paid_search,desktop,B,0,
S003185,C01588,2025-03-20 11:00:18,organic,desktop,A,0,
S003186,C00029,2025-04-03 15:25:28,email,mobile,B,0,
S003187,C00731,2025-08-27 10:50:26,paid_search,mobile,B,0,
S003188,C00007,2025-11-18 15:57:54,social,desktop,B,1,O001052
S003189,C00747,2025-12-10 23:24:28,organic,mobile,B,0,
S003190,C01183,2025-08-02 16:06:06,organic,mobile,B,1,O001053
S003191,C01228,2025-07-21 18:09:24,email,desktop,A,0,
S003192,C00274,2025-11-26 07:33:49,paid_search,desktop,A,0,
S003193,C00546,2025-10-03 18:46:56,organic,mobile,A,1,O001054
S003194,C00792,2025-11-26 16:53:09,organic,mobile,A,0,
S003195,C00361,2025-04-26 08:00:05,email,desktop,B,1,O001055
S003196,C00507,2025-08-22 15:39:22,social,desktop,B,0,
S003197,C00602,2025-09-18 16:45:12,email,mobile,A,0,
S003198,C00323,2025-12-20 16:04:54,paid_search,desktop,B,1,O001056
S003199,C00962,2025-10-19 10:06:07,organic,desktop,A,0,
S003200,C01147,2025-09-16 19:19:43,email,mobile,B,0,
S003201,C01647,2025-02-05 12:04:00,social,desktop,B,0,
S003202,C01205,2025-03-05 21:34:32,social,tablet,B,0,
S003203,C01564,2025-11-30 22:37:30,organic,mobile,A,1,O001057
S003204,C00674,2025-10-19 16:50:31,social,desktop,A,0,
S003205,C01018,2025-06-22 15:38:14,referral,mobile,A,1,O001058
S003206,C00322,2025-09-04 10:45:52,paid_search,mobile,A,0,
S003207,C01943,2025-04-21 19:01:47,social,mobile,B,0,
S003208,C01079,2025-09-02 20:26:24,organic,mobile,B,1,O001059
S003209,C00357,2025-09-04 11:23:47,social,desktop,B,1,O001060
S003210,C00381,2025-12-24 09:22:57,referral,mobile,B,0,
S003211,C01457,2025-07-31 22:04:51,social,mobile,B,0,
S003212,C01952,2025-12-26 20:09:46,email,mobile,A,0,
S003213,C00850,2025-12-11 15:35:08,paid_search,mobile,A,0,
S003214,C00779,2025-10-25 19:31:47,social,mobile,B,0,
S003215,C00142,2025-02-26 11:29:25,email,mobile,A,0,
S003216,C01545,2025-11-13 17:43:52,referral,desktop,B,1,O001061
S003217,C00188,2025-03-25 22:39:43,organic,desktop,A,0,
S003218,C01187,2025-05-28 09:41:19,organic,mobile,B,1,O001062
S003219,C00360,2025-12-09 16:29:57,paid_search,mobile,A,0,
S003220,C00172,2025-04-08 22:14:15,paid_search,desktop,A,1,O001063
S003221,C01991,2025-05-02 10:55:04,organic,mobile,B,0,
S003222,C00022,2025-05-10 08:37:41,paid_search,desktop,A,0,
S003223,C01835,2025-01-15 07:47:40,social,mobile,B,0,
S003224,C00507,2025-03-02 11:33:48,paid_search,desktop,B,0,
S003225,C01754,2025-06-10 09:56:14,social,tablet,A,0,
S003226,C00273,2025-07-27 08:42:45,referral,desktop,B,1,O001064
S003227,C00040,2025-05-18 20:39:00,social,desktop,A,0,
S003228,C01166,2025-06-21 11:14:15,paid_search,mobile,A,0,
S003229,C01360,2025-06-25 19:12:33,social,desktop,A,0,
S003230,C01700,2025-02-09 23:29:42,organic,mobile,A,1,O001065
S003231,C01943,2025-05-05 22:18:07,referral,mobile,B,0,
S003232,C00343,2025-04-13 11:42:44,paid_search,mobile,B,0,
S003233,C01256,2025-09-25 07:35:52,organic,desktop,A,1,O001066
S003234,C01982,2025-06-18 21:24:17,social,desktop,A,0,
S003235,C01400,2025-01-16 23:00:08,paid_search,mobile,A,0,
S003236,C00028,2025-08-02 07:58:54,referral,desktop,A,0,
S003237,C00572,2025-03-25 13:40:11,organic,desktop,A,1,O001067
S003238,C01476,2025-10-26 15:05:56,referral,desktop,A,0,
S003239,C00830,2025-05-10 07:30:42,referral,mobile,A,1,O001068
S003240,C00389,2025-03-30 19:41:21,paid_search,mobile,B,0,
S003241,C01888,2025-11-17 20:46:26,social,mobile,A,0,
S003242,C01350,2025-11-29 17:23:34,organic,mobile,A,1,O001069
S003243,C01808,2025-08-14 13:02:29,social,mobile,A,1,O001070
S003244,C00361,2025-05-01 08:49:35,social,mobile,B,1,O001071
S003245,C00212,2025-12-23 21:56:51,social,mobile,A,0,
S003246,C00812,2025-10-24 16:20:41,paid_search,mobile,A,0,
S003247,C01506,2025-02-26 14:08:55,email,mobile,A,0,
S003248,C01089,2025-01-10 08:46:22,organic,desktop,B,0,
S003249,C00917,2025-11-18 09:25:23,email,mobile,B,0,
S003250,C01255,2025-12-29 17:54:20,email,mobile,B,0,
S003251,C01875,2025-06-27 13:40:51,social,desktop,B,1,O001072
S003252,C00374,2025-03-16 14:13:35,paid_search,desktop,A,1,O001073
S003253,C00609,2025-07-28 11:38:10,referral,desktop,B,0,
S003254,C00551,2025-12-12 10:59:39,paid_search,desktop,B,1,O001074
S003255,C01466,2025-04-27 11:15:27,paid_search,mobile,A,0,
S003256,C01061,2025-10-10 15:33:59,paid_search,mobile,B,0,
S003257,C00024,2025-05-30 23:40:01,organic,tablet,A,0,
S003258,C01993,2025-10-22 20:19:26,social,desktop,B,1,O001075
S003259,C01530,2025-08-24 15:25:52,social,desktop,A,0,
S003260,C00108,2025-11-15 08:10:48,social,mobile,A,1,O001076
S003261,C00337,2025-11-17 14:15:15,email,mobile,B,1,O001077
S003262,C00876,2025-10-13 22:30:27,paid_search,desktop,A,0,
S003263,C00376,2025-03-22 19:01:37,organic,desktop,A,0,
S003264,C00175,2025-09-18 17:46:59,email,desktop,B,1,O001078
S003265,C01882,2025-11-06 09:07:18,email,mobile,A,0,
S003266,C01142,2025-06-30 22:37:11,paid_search,mobile,A,0,
S003267,C01133,2025-03-27 12:37:26,organic,mobile,B,0,
S003268,C00224,2025-03-30 10:47:42,organic,mobile,A,0,
S003269,C00659,2025-07-04 16:56:20,social,desktop,B,1,O001079
S003270,C00911,2025-03-19 22:41:16,email,desktop,B,1,O001080
S003271,C01062,2025-07-28 18:29:10,paid_search,mobile,A,0,
S003272,C00693,2025-05-01 12:34:59,organic,mobile,B,0,
S003273,C01530,2025-12-22 21:07:46,organic,mobile,A,0,
S003274,C01660,2025-10-07 15:09:53,paid_search,desktop,A,0,
S003275,C00267,2025-04-30 10:59:23,social,tablet,B,0,
S003276,C00757,2025-02-09 19:47:27,social,desktop,B,0,
S003277,C00211,2025-12-11 16:27:02,paid_search,mobile,B,0,
S003278,C01064,2025-06-29 20:40:57,referral,mobile,A,1,O001081
S003279,C00806,2025-10-02 13:15:27,email,mobile,A,0,
S003280,C00638,2025-07-15 10:56:00,organic,desktop,A,0,
S003281,C01106,2025-10-06 10:11:22,email,desktop,A,0,
S003282,C00393,2025-08-28 20:12:03,referral,mobile,B,1,O001082
S003283,C01914,2025-12-25 12:35:49,referral,mobile,A,0,
S003284,C01085,2025-10-25 15:10:29,organic,tablet,B,1,O001083
S003285,C00653,2025-09-10 21:41:30,social,mobile,B,0,
S003286,C00113,2025-09-27 22:03:26,paid_search,mobile,B,0,
S003287,C00333,2025-02-21 12:29:29,email,mobile,B,0,
S003288,C00994,2025-04-05 15:38:07,social,mobile,A,0,
S003289,C00795,2025-12-03 14:56:35,paid_search,mobile,B,0,
S003290,C00153,2025-07-07 07:41:49,social,mobile,B,0,
S003291,C01065,2025-08-23 07:18:20,email,mobile,B,0,
S003292,C01710,2025-04-21 09:10:57,organic,desktop,A,1,O001084
S003293,C01442,2025-02-05 11:38:58,paid_search,desktop,A,0,
S003294,C01379,2025-12-17 08:38:25,organic,mobile,B,1,O001085
S003295,C01824,2025-10-25 14:16:30,organic,mobile,A,1,O001086
S003296,C01930,2025-06-18 22:45:30,organic,mobile,A,0,
S003297,C00750,2025-09-29 11:55:05,organic,mobile,A,0,
S003298,C01783,2025-12-30 21:59:37,organic,mobile,B,0,
S003299,C01078,2025-07-22 19:39:24,organic,desktop,A,1,O001087
S003300,C00007,2025-02-15 14:36:11,paid_search,desktop,B,0,
S003301,C00509,2025-09-29 13:57:09,social,desktop,B,1,O001088
S003302,C01418,2025-12-13 13:58:01,referral,desktop,A,1,O001089
S003303,C00857,2025-12-18 19:26:39,organic,mobile,B,0,
S003304,C01455,2025-04-01 18:37:19,email,mobile,B,0,
S003305,C00639,2025-01-18 08:03:31,social,desktop,B,0,
S003306,C00356,2025-09-08 12:55:38,social,mobile,A,0,
S003307,C00262,2025-11-28 21:32:43,email,desktop,A,1,O001090
S003308,C00791,2025-12-04 10:57:48,email,desktop,B,0,
S003309,C00002,2025-03-30 09:22:49,organic,mobile,A,0,
S003310,C00659,2025-10-11 20:48:49,organic,tablet,B,1,O001091
S003311,C00737,2025-07-27 17:28:57,paid_search,desktop,B,0,
S003312,C00568,2025-10-20 08:13:46,email,mobile,A,0,
S003313,C00031,2025-02-08 17:20:37,organic,tablet,B,0,
S003314,C01629,2025-01-25 21:16:06,email,desktop,B,0,
S003315,C00054,2025-07-17 14:24:31,paid_search,mobile,A,0,
S003316,C00499,2025-08-26 21:17:40,referral,mobile,B,0,
S003317,C00899,2025-09-13 16:45:43,organic,mobile,B,1,O001092
S003318,C00315,2025-07-21 09:37:30,organic,desktop,B,0,
S003319,C00978,2025-09-11 21:28:07,paid_search,desktop,A,0,
S003320,C01119,2025-04-09 09:09:39,email,desktop,B,1,O001093
S003321,C00099,2025-02-12 14:28:55,social,desktop,B,0,
S003322,C01594,2025-04-28 19:46:10,organic,mobile,A,0,
S003323,C00650,2025-12-19 21:12:24,paid_search,mobile,A,0,
S003324,C01528,2025-09-28 07:54:06,email,tablet,A,1,O001094
S003325,C01249,2025-01-02 10:24:04,social,mobile,B,0,
S003326,C00182,2025-04-13 12:20:02,referral,mobile,A,0,
S003327,C01511,2025-04-21 21:58:22,paid_search,mobile,B,0,
S003328,C00659,2025-04-29 21:41:04,organic,mobile,B,1,O001095
S003329,C00252,2025-01-18 19:16:23,social,mobile,A,0,
S003330,C00021,2025-06-08 07:02:18,organic,mobile,B,0,
S003331,C01874,2025-06-15 10:00:26,organic,mobile,A,1,O001096
S003332,C01968,2025-04-30 17:24:30,social,mobile,A,0,
S003333,C00370,2025-01-25 13:44:24,organic,tablet,A,0,
S003334,C01764,2025-07-22 21:01:38,social,mobile,A,1,O001097
S003335,C00413,2025-10-15 13:04:23,email,tablet,B,1,O001098
S003336,C01235,2025-07-19 21:38:16,organic,desktop,B,0,
S003337,C01929,2025-05-11 12:00:16,social,desktop,B,0,
S003338,C01744,2025-03-13 22:01:32,referral,desktop,A,0,
S003339,C01728,2025-11-06 17:18:55,paid_search,desktop,A,0,
S003340,C01275,2025-11-03 17:36:49,organic,mobile,B,0,
S003341,C00539,2025-06-12 20:04:35,referral,mobile,B,1,O001099
S003342,C01742,2025-06-24 20:01:31,social,mobile,A,0,
S003343,C01417,2025-12-01 10:45:20,paid_search,mobile,B,0,
S003344,C00168,2025-09-16 18:21:57,organic,mobile,A,0,
S003345,C01617,2025-01-29 12:01:11,Unknown,desktop,B,1,O001100
S003346,C01164,2025-10-19 09:33:46,social,mobile,A,0,
S003347,C01910,2025-12-23 16:11:20,paid_search,mobile,A,1,O001101
S003348,C01363,2025-11-05 14:37:14,organic,desktop,B,1,O001102
S003349,C01533,2025-07-17 08:19:32,email,mobile,B,0,
S003350,C01967,2025-08-19 12:53:35,organic,desktop,B,0,
S003351,C01958,2025-04-06 19:13:20,paid_search,desktop,A,0,
S003352,C01789,2025-03-24 14:47:31,email,mobile,B,0,
S003353,C01408,2025-12-12 22:55:08,paid_search,mobile,A,1,O001103
S003354,C00372,2025-11-01 19:43:30,social,desktop,A,0,
S003355,C00012,2025-10-27 20:07:57,organic,desktop,A,0,
S003356,C01501,2025-10-04 12:28:32,paid_search,desktop,B,0,
S003357,C01548,2025-09-15 23:41:39,paid_search,mobile,A,1,O001104
S003358,C00946,2025-02-21 13:31:34,paid_search,mobile,A,0,
S003359,C00448,2025-09-01 20:21:00,paid_search,mobile,A,1,O001105
S003360,C00972,2025-08-07 23:12:17,email,mobile,A,0,
S003361,C01594,2025-08-19 15:37:08,paid_search,mobile,A,1,O001106
S003362,C01045,2025-08-24 23:37:54,referral,mobile,B,1,O001107
S003363,C01458,2025-09-27 11:56:29,organic,mobile,A,1,O001108
S003364,C01736,2025-06-06 11:28:21,organic,desktop,A,0,
S003365,C00144,2025-07-05 12:02:45,social,tablet,A,0,
S003366,C00157,2025-07-12 08:08:54,referral,desktop,B,0,
S003367,C01213,2025-03-16 16:53:25,paid_search,desktop,B,0,
S003368,C01927,2025-06-19 09:25:05,paid_search,desktop,B,1,O001109
S003369,C01095,2025-05-29 07:06:34,organic,desktop,B,1,O001110
S003370,C01971,2025-07-22 08:43:51,referral,mobile,B,1,O001111
S003371,C01841,2025-02-11 21:03:03,organic,mobile,B,0,
S003372,C00616,2025-10-29 22:46:33,social,tablet,A,0,
S003373,C00702,2025-06-15 10:08:04,organic,desktop,A,0,
S003374,C01549,2025-11-16 21:36:49,referral,mobile,B,1,O001112
S003375,C00013,2025-03-19 08:36:59,email,mobile,B,0,
S003376,C00544,2025-12-16 15:42:30,organic,mobile,A,0,
S003377,C01412,2025-06-27 19:20:57,organic,mobile,A,1,O001113
S003378,C00705,2025-12-27 08:27:43,social,desktop,B,1,O001114
S003379,C01712,2025-08-01 15:58:23,social,desktop,A,1,O001115
S003380,C00133,2025-12-24 18:50:22,paid_search,mobile,B,0,
S003381,C01117,2025-04-02 17:40:51,paid_search,desktop,B,0,
S003382,C00407,2025-07-26 12:29:37,paid_search,desktop,B,0,
S003383,C01067,2025-07-26 19:10:50,organic,mobile,B,0,
S003384,C00413,2025-05-10 15:19:17,email,mobile,B,1,O001116
S003385,C00244,2025-03-20 15:37:13,social,desktop,A,0,
S003386,C01236,2025-04-18 21:28:08,social,mobile,A,1,O001117
S003387,C00108,2025-09-09 15:13:53,social,mobile,A,1,O001118
S003388,C00746,2025-07-23 14:42:33,social,mobile,A,1,O001119
S003389,C00846,2025-08-27 15:05:36,email,mobile,A,0,
S003390,C00946,2025-06-06 14:07:15,referral,mobile,A,0,
S003391,C01542,2025-01-02 10:33:30,social,mobile,A,1,O001120
S003392,C01584,2025-05-07 20:40:30,social,mobile,A,0,
S003393,C00794,2025-08-04 10:27:32,social,mobile,A,0,
S003394,C01181,2025-12-28 11:32:48,organic,mobile,B,1,O001121
S003395,C01018,2025-03-12 23:16:29,organic,mobile,A,0,
S003396,C01742,2025-02-04 13:22:49,paid_search,mobile,A,0,
S003397,C01667,2025-06-16 20:53:53,paid_search,desktop,B,1,O001122
S003398,C01618,2025-12-05 16:33:02,referral,mobile,A,0,
S003399,C01020,2025-10-16 23:07:03,organic,mobile,A,0,
S003400,C00044,2025-09-02 12:07:54,paid_search,tablet,A,1,O001123
S003401,C00493,2025-01-09 10:58:38,organic,mobile,B,0,
S003402,C00099,2025-12-21 14:39:16,referral,desktop,B,0,
S003403,C01823,2025-01-05 18:42:04,organic,desktop,B,0,
S003404,C00715,2025-06-03 16:39:20,social,tablet,B,1,O001124
S003405,C01797,2025-05-13 17:22:03,email,mobile,B,0,
S003406,C01205,2025-03-13 14:06:48,referral,mobile,B,0,
S003407,C01161,2025-07-06 22:25:04,organic,mobile,B,0,
S003408,C00620,2025-06-29 18:37:32,social,desktop,A,0,
S003409,C01096,2025-11-09 22:26:38,organic,mobile,A,1,O001125
S003410,C01184,2025-06-02 15:37:14,social,mobile,A,0,
S003411,C01651,2025-12-23 18:34:53,social,mobile,B,1,O001126
S003412,C00277,2025-06-28 16:20:09,paid_search,desktop,B,1,O001127
S003413,C00454,2025-03-21 20:30:25,organic,mobile,A,0,
S003414,C00752,2025-11-02 23:53:21,paid_search,desktop,A,0,
S003415,C00868,2025-11-01 10:25:22,email,mobile,A,0,
S003416,C01708,2025-11-23 21:48:35,organic,mobile,A,0,
S003417,C01049,2025-07-07 12:09:50,referral,mobile,B,0,
S003418,C00296,2025-06-27 07:15:00,organic,tablet,A,0,
S003419,C00148,2025-08-14 16:42:15,social,mobile,A,0,
S003420,C01837,2025-04-24 16:03:39,email,mobile,B,1,O001128
S003421,C00059,2025-03-10 19:14:47,paid_search,mobile,B,0,
S003422,C00578,2025-04-27 07:41:39,social,mobile,A,1,O001129
S003423,C00885,2025-02-18 19:08:25,paid_search,desktop,B,0,
S003424,C00119,2025-05-19 15:46:54,organic,mobile,B,0,
S003425,C00263,2025-12-02 18:20:50,email,mobile,B,1,O001130
S003426,C01141,2025-04-01 14:29:07,paid_search,mobile,B,0,
S003427,C01414,2025-03-12 23:00:51,paid_search,desktop,A,0,
S003428,C00187,2025-05-25 14:39:50,social,mobile,B,1,O001131
S003429,C01599,2025-05-08 10:17:30,organic,mobile,B,0,
S003430,C01276,2025-08-28 22:20:40,social,mobile,A,0,
S003431,C00430,2025-04-18 22:22:07,organic,mobile,A,1,O001132
S003432,C00140,2025-06-01 21:55:06,paid_search,mobile,A,0,
S003433,C00204,2025-05-08 16:29:52,paid_search,mobile,A,0,
S003434,C01139,2025-05-25 14:46:22,paid_search,mobile,B,0,
S003435,C00267,2025-07-01 15:32:59,organic,mobile,B,0,
S003436,C01230,2025-11-26 07:18:37,paid_search,mobile,A,1,O001133
S003437,C01949,2025-05-13 20:42:22,organic,desktop,B,0,
S003438,C01467,2025-03-03 11:02:32,email,mobile,B,0,
S003439,C01558,2025-10-24 15:20:29,referral,desktop,A,0,
S003440,C01100,2025-11-06 17:36:15,paid_search,mobile,A,0,
S003441,C00474,2025-05-28 19:06:09,social,desktop,A,0,
S003442,C01889,2025-12-13 22:13:44,paid_search,mobile,B,0,
S003443,C01303,2025-06-07 12:29:10,email,desktop,B,0,
S003444,C01612,2025-12-06 07:40:04,organic,mobile,A,1,O001134
S003445,C01964,2025-11-06 10:29:54,paid_search,mobile,A,0,
S003446,C00110,2025-11-19 17:40:54,paid_search,mobile,A,0,
S003447,C00535,2025-11-28 19:01:35,organic,mobile,B,1,O001135
S003448,C01134,2025-10-23 17:49:35,social,mobile,A,0,
S003449,C01168,2025-10-28 21:20:49,paid_search,mobile,A,0,
S003450,C01137,2025-09-28 13:58:28,organic,mobile,B,0,
S003451,C00440,2025-12-13 11:35:36,email,desktop,A,0,
S003452,C01402,2025-06-30 07:13:21,referral,desktop,A,0,
S003453,C01576,2025-02-12 14:26:58,paid_search,mobile,A,1,O001136
S003454,C01204,2025-05-04 15:38:53,paid_search,desktop,A,0,
S003455,C00860,2025-05-06 14:56:54,social,desktop,A,0,
S003456,C01481,2025-08-28 17:05:50,email,desktop,B,1,O001137
S003457,C01754,2025-06-16 09:13:37,organic,mobile,A,1,O001138
S003458,C01710,2025-10-26 10:09:10,organic,desktop,A,0,
S003459,C01668,2025-12-19 14:25:10,organic,mobile,A,0,
S003460,C00134,2025-11-17 09:09:46,email,mobile,A,0,
S003461,C01086,2025-07-09 10:44:21,social,mobile,A,0,
S003462,C01108,2025-08-26 21:04:11,referral,desktop,A,0,
S003463,C00630,2025-09-19 19:52:12,organic,mobile,A,0,
S003464,C01398,2025-08-09 18:59:45,organic,mobile,A,1,O001139
S003465,C01504,2025-05-11 08:41:36,organic,mobile,A,0,
S003466,C00486,2025-02-19 11:14:56,paid_search,desktop,A,0,
S003467,C01043,2025-11-09 14:19:01,social,tablet,B,0,
S003468,C00989,2025-06-10 21:35:12,organic,mobile,B,0,
S003469,C00054,2025-12-16 07:48:45,social,mobile,A,0,
S003470,C00418,2025-12-07 18:41:58,referral,mobile,A,0,
S003471,C00122,2025-10-25 22:50:54,paid_search,mobile,A,1,O001140
S003472,C00279,2025-04-23 18:45:51,social,mobile,B,0,
S003473,C01440,2025-12-04 08:35:00,email,desktop,A,0,
S003474,C01932,2025-05-28 17:05:54,organic,tablet,A,0,
S003475,C01918,2025-11-25 13:13:12,organic,mobile,A,0,
S003476,C01252,2025-09-11 15:16:54,social,mobile,A,0,
S003477,C01872,2025-12-20 19:31:47,paid_search,mobile,A,1,O001141
S003478,C01945,2025-03-28 23:48:48,organic,mobile,B,1,O001142
S003479,C01231,2025-04-07 10:41:35,social,desktop,B,1,O001143
S003480,C01218,2025-12-10 14:01:37,social,desktop,A,0,
S003481,C00937,2025-03-01 17:51:13,organic,mobile,B,0,
S003482,C00150,2025-03-24 07:01:20,email,mobile,A,0,
S003483,C00374,2025-04-09 19:42:30,email,desktop,A,0,
S003484,C00745,2025-06-17 23:38:01,referral,mobile,B,1,O001144
S003485,C01148,2025-06-10 15:40:28,paid_search,mobile,A,0,
S003486,C00027,2025-10-24 21:48:20,social,mobile,B,0,
S003487,C01764,2025-11-26 15:59:16,social,mobile,A,0,
S003488,C01008,2025-11-28 19:44:25,paid_search,mobile,A,0,
S003489,C01929,2025-06-08 15:02:30,paid_search,mobile,B,0,
S003490,C00627,2025-05-31 16:11:59,social,mobile,B,0,
S003491,C01658,2025-11-05 19:37:07,email,mobile,A,0,
S003492,C01326,2025-05-03 09:51:25,paid_search,desktop,A,1,O001145
S003493,C01218,2025-09-22 11:48:30,referral,mobile,A,0,
S003494,C01922,2025-01-11 12:13:54,organic,mobile,A,0,
S003495,C01356,2025-06-15 16:56:33,organic,desktop,A,1,O001146
S003496,C01995,2025-07-20 08:58:03,organic,mobile,B,0,
S003497,C00554,2025-07-23 13:23:34,organic,desktop,A,0,
S003498,C00148,2025-01-10 16:53:10,paid_search,mobile,A,0,
S003499,C01893,2025-03-21 12:21:26,social,mobile,B,0,
S003500,C00578,2025-07-31 17:26:28,email,mobile,A,1,O001147
S003501,C00612,2025-07-09 08:55:33,social,mobile,A,0,
S003502,C01214,2025-11-20 15:13:47,organic,mobile,A,0,
S003503,C00825,2025-01-16 10:32:36,organic,desktop,B,0,
S003504,C01754,2025-08-17 14:10:11,organic,mobile,A,0,
S003505,C01577,2025-06-14 19:17:05,social,mobile,B,0,
S003506,C00405,2025-11-28 07:28:04,organic,mobile,B,0,
S003507,C01385,2025-09-09 14:12:38,email,desktop,B,0,
S003508,C00188,2025-07-11 16:54:31,organic,desktop,A,0,
S003509,C01486,2025-06-28 23:28:46,social,desktop,A,0,
S003510,C01273,2025-10-23 23:25:42,organic,desktop,B,0,
S003511,C01344,2025-09-18 20:41:37,paid_search,mobile,A,0,
S003512,C00372,2025-10-10 23:36:38,organic,tablet,A,0,
S003513,C01895,2025-10-20 21:06:32,paid_search,mobile,B,0,
S003514,C01268,2025-04-29 22:54:15,organic,mobile,A,1,O001148
S003515,C00939,2025-03-10 15:51:16,paid_search,desktop,B,0,
S003516,C01087,2025-01-04 11:41:54,email,mobile,B,1,O001149
S003517,C01867,2025-10-10 22:00:28,organic,desktop,B,0,
S003518,C00639,2025-06-01 12:40:23,organic,mobile,B,1,O001150
S003519,C01013,2025-10-23 13:24:00,organic,mobile,B,0,
S003520,C01125,2025-08-05 23:44:40,organic,desktop,B,0,
S003521,C00820,2025-12-28 10:26:00,referral,mobile,A,0,
S003522,C01910,2025-07-17 07:03:41,referral,mobile,A,0,
S003523,C01603,2025-07-28 18:39:26,social,desktop,B,0,
S003524,C00422,2025-04-20 08:29:17,referral,mobile,A,1,O001151
S003525,C00138,2025-09-21 22:11:58,social,mobile,A,0,
S003526,C00078,2025-09-13 20:36:56,social,mobile,A,0,
S003527,C01710,2025-06-26 19:33:24,social,tablet,A,0,
S003528,C01650,2025-11-04 15:11:46,email,mobile,A,1,O001152
S003529,C00847,2025-08-25 10:05:40,referral,mobile,B,0,
S003530,C01015,2025-12-12 21:08:20,paid_search,mobile,B,1,O001153
S003531,C01195,2025-12-18 14:53:22,paid_search,desktop,B,0,
S003532,C00858,2025-05-14 19:30:10,social,desktop,A,0,
S003533,C00540,2025-04-17 10:16:28,organic,mobile,A,0,
S003534,C00518,2025-06-30 19:45:48,referral,mobile,A,0,
S003535,C01413,2025-10-18 12:09:21,organic,mobile,B,0,
S003536,C00823,2025-01-11 15:00:59,social,mobile,B,0,
S003537,C01066,2025-01-07 08:28:56,referral,mobile,A,0,
S003538,C00011,2025-03-30 21:48:32,paid_search,desktop,B,0,
S003539,C01920,2025-09-06 10:29:18,email,mobile,A,1,O001154
S003540,C00675,2025-12-10 19:45:54,organic,mobile,B,0,
S003541,C01064,2025-09-10 08:26:40,social,mobile,A,0,
S003542,C00258,2025-06-20 08:15:12,paid_search,mobile,A,0,
S003543,C01139,2025-08-10 18:20:10,email,mobile,B,0,
S003544,C00742,2025-04-30 13:15:00,social,mobile,A,0,
S003545,C01718,2025-08-13 16:44:56,email,tablet,A,0,
S003546,C00886,2025-06-19 16:34:47,organic,mobile,A,0,
S003547,C01898,2025-03-21 15:53:11,email,tablet,A,0,
S003548,C00361,2025-06-16 18:48:04,referral,mobile,B,0,
S003549,C00508,2025-09-12 14:20:03,organic,mobile,A,0,
S003550,C01597,2025-09-13 15:18:33,social,mobile,B,1,O001155
S003551,C00142,2025-07-16 17:35:46,organic,mobile,A,0,
S003552,C00493,2025-11-20 08:38:59,organic,mobile,B,0,
S003553,C01704,2025-12-06 19:29:07,organic,mobile,A,0,
S003554,C00535,2025-08-19 09:21:40,organic,mobile,B,0,
S003555,C01055,2025-10-28 19:46:41,organic,mobile,B,0,
S003556,C00601,2025-06-10 10:59:58,organic,mobile,B,0,
S003557,C00518,2025-10-10 23:59:24,social,mobile,A,0,
S003558,C01493,2025-12-30 11:18:39,paid_search,mobile,B,1,O001156
S003559,C01751,2025-07-25 23:03:30,social,mobile,B,0,
S003560,C01630,2025-09-27 16:51:15,organic,mobile,A,0,
S003561,C00036,2025-08-26 13:58:16,organic,mobile,A,1,O001157
S003562,C01156,2025-06-29 23:06:19,organic,mobile,A,0,
S003563,C00164,2025-10-13 07:57:07,paid_search,mobile,A,0,
S003564,C01714,2025-10-27 13:54:27,organic,mobile,A,0,
S003565,C00093,2025-04-21 18:22:37,referral,mobile,B,0,
S003566,C00561,2025-10-19 12:48:30,social,tablet,B,0,
S003567,C01348,2025-08-16 09:38:05,organic,mobile,A,0,
S003568,C01284,2025-06-27 08:58:13,paid_search,mobile,A,1,O001158
S003569,C01625,2025-03-30 12:35:04,email,mobile,B,0,
S003570,C00581,2025-10-29 11:41:24,social,desktop,B,0,
S003571,C01554,2025-07-02 16:46:46,email,mobile,A,0,
S003572,C01516,2025-09-29 20:37:14,social,mobile,A,0,
S003573,C01640,2025-01-17 22:19:33,organic,desktop,A,0,
S003574,C00048,2025-10-22 22:42:13,email,desktop,A,0,
S003575,C01827,2025-06-26 14:53:02,social,mobile,B,1,O001159
S003576,C00473,2025-04-23 23:12:28,referral,mobile,B,0,
S003577,C01325,2025-01-23 10:04:29,paid_search,mobile,B,0,
S003578,C01212,2025-11-25 18:06:51,organic,mobile,A,0,
S003579,C01604,2025-09-02 15:35:01,referral,desktop,A,0,
S003580,C01483,2025-03-21 21:53:21,organic,mobile,B,1,O001160
S003581,C01940,2025-11-11 21:50:22,email,tablet,A,0,
S003582,C01823,2025-06-09 14:56:11,paid_search,mobile,B,1,O001161
S003583,C00398,2025-04-23 17:43:30,email,mobile,A,0,
S003584,C00925,2025-04-21 17:49:08,social,desktop,B,0,
S003585,C00077,2025-12-30 09:37:31,organic,mobile,B,1,O001162
S003586,C01693,2025-09-11 17:20:44,organic,mobile,B,0,
S003587,C00966,2025-11-26 15:10:10,referral,tablet,A,0,
S003588,C01645,2025-07-22 23:15:06,paid_search,tablet,B,1,O001163
S003589,C00358,2025-07-20 13:52:09,paid_search,mobile,A,0,
S003590,C00427,2025-03-02 16:00:26,email,desktop,B,1,O001164
S003591,C01538,2025-11-14 09:09:09,email,mobile,A,1,O001165
S003592,C01528,2025-07-28 12:32:03,paid_search,desktop,A,0,
S003593,C01724,2025-12-10 16:59:28,organic,tablet,A,0,
S003594,C00801,2025-03-21 21:55:11,organic,desktop,B,0,
S003595,C00559,2025-05-23 07:32:31,referral,mobile,B,0,
S003596,C00885,2025-12-05 21:57:00,social,mobile,B,1,O001166
S003597,C01163,2025-11-24 11:48:51,organic,tablet,B,0,
S003598,C01690,2025-04-28 12:21:48,referral,mobile,A,1,O001167
S003599,C01543,2025-07-01 22:20:38,referral,tablet,B,0,
S003600,C00030,2025-11-30 22:02:28,social,desktop,A,0,
S003601,C00552,2025-07-17 08:01:36,paid_search,mobile,A,0,
S003602,C01901,2025-06-11 13:34:10,email,mobile,B,0,
S003603,C00459,2025-12-11 22:33:12,organic,mobile,B,0,
S003604,C01934,2025-06-20 16:11:12,email,mobile,A,1,O001168
S003605,C01325,2025-03-18 10:33:28,email,mobile,B,0,
S003606,C00776,2025-01-15 07:24:15,organic,mobile,A,1,O001169
S003607,C01169,2025-07-08 15:13:17,referral,desktop,B,0,
S003608,C01391,2025-09-07 15:39:18,paid_search,desktop,B,1,O001170
S003609,C01902,2025-09-12 10:55:52,referral,desktop,A,1,O001171
S003610,C00664,2025-10-16 19:40:31,paid_search,mobile,A,0,
S003611,C00175,2025-11-28 16:23:49,email,mobile,B,0,
S003612,C01756,2025-10-23 18:25:42,email,tablet,A,0,
S003613,C01776,2025-01-06 15:25:29,paid_search,desktop,A,0,
S003614,C00891,2025-04-12 10:53:45,referral,mobile,B,1,O001172
S003615,C00141,2025-11-22 08:07:10,referral,mobile,B,1,O001173
S003616,C01328,2025-08-12 10:34:58,paid_search,mobile,A,0,
S003617,C01510,2025-08-23 08:08:49,paid_search,desktop,A,1,O001174
S003618,C01873,2025-09-13 08:38:23,paid_search,mobile,B,0,
S003619,C00256,2025-07-20 11:03:16,email,tablet,A,0,
S003620,C00025,2025-11-16 09:35:59,paid_search,tablet,B,1,O001175
S003621,C00180,2025-05-26 15:17:13,referral,tablet,A,0,
S003622,C00292,2025-12-21 17:50:22,email,mobile,A,0,
S003623,C00363,2025-06-29 17:28:00,organic,desktop,B,0,
S003624,C01473,2025-11-09 15:38:20,social,tablet,B,0,
S003625,C01998,2025-09-08 12:20:56,email,mobile,A,0,
S003626,C01063,2025-06-18 09:47:33,referral,mobile,B,0,
S003627,C00339,2025-06-21 09:25:03,paid_search,desktop,B,0,
S003628,C00251,2025-10-23 07:27:22,organic,mobile,B,0,
S003629,C00233,2025-11-01 22:47:06,organic,desktop,B,0,
S003630,C01540,2025-12-31 22:57:46,organic,mobile,A,0,
S003631,C01629,2025-07-11 21:55:59,email,mobile,B,1,O001176
S003632,C01213,2025-10-04 08:09:23,social,mobile,B,0,
S003633,C01924,2025-02-27 09:48:51,referral,desktop,A,0,
S003634,C00807,2025-08-31 12:43:16,organic,mobile,B,0,
S003635,C00544,2025-11-21 23:15:23,paid_search,mobile,A,1,O001177
S003636,C00213,2025-10-31 13:46:46,paid_search,tablet,B,1,O001178
S003637,C01545,2025-12-15 10:00:20,social,mobile,B,0,
S003638,C01734,2025-01-13 08:31:01,email,mobile,A,1,O001179
S003639,C00494,2025-07-08 20:47:25,paid_search,desktop,A,0,
S003640,C00523,2025-05-16 08:00:44,paid_search,desktop,B,0,
S003641,C00198,2025-11-24 17:13:05,paid_search,mobile,A,0,
S003642,C00853,2025-02-03 19:13:26,social,mobile,B,0,
S003643,C01202,2025-12-19 15:23:36,social,mobile,A,0,
S003644,C01804,2025-11-15 08:00:43,organic,desktop,A,0,
S003645,C00341,2025-05-19 12:08:56,email,mobile,B,0,
S003646,C01991,2025-09-14 10:43:32,social,desktop,B,1,O001180
S003647,C00255,2025-01-04 21:47:53,paid_search,mobile,B,0,
S003648,C00057,2025-03-27 11:56:16,organic,mobile,B,1,O001181
S003649,C01605,2025-12-30 13:29:54,social,desktop,B,0,
S003650,C00343,2025-08-22 10:17:23,organic,mobile,B,1,O001182
S003651,C00006,2025-12-21 10:25:28,paid_search,desktop,A,0,
S003652,C00544,2025-05-03 10:13:58,paid_search,mobile,A,0,
S003653,C01616,2025-09-04 21:23:00,paid_search,mobile,A,0,
S003654,C01799,2025-04-19 09:08:28,referral,tablet,B,1,O001183
S003655,C01217,2025-08-29 20:03:32,email,desktop,B,1,O001184
S003656,C01922,2025-06-04 20:39:27,social,desktop,A,0,
S003657,C01370,2025-08-24 07:34:18,email,mobile,A,0,
S003658,C00387,2025-06-22 08:52:02,referral,desktop,B,0,
S003659,C01956,2025-09-27 17:06:09,organic,mobile,A,1,O001185
S003660,C00391,2025-03-07 08:40:57,organic,desktop,B,1,O001186
S003661,C01645,2025-11-24 08:52:25,social,mobile,B,0,
S003662,C01830,2025-08-10 12:00:39,referral,mobile,A,1,O001187
S003663,C01405,2025-07-14 22:02:12,paid_search,mobile,B,0,
S003664,C01943,2025-09-26 15:51:09,social,mobile,B,0,
S003665,C00985,2025-11-10 11:35:18,referral,mobile,B,1,O001188
S003666,C01742,2025-08-08 21:44:37,referral,desktop,A,0,
S003667,C00060,2025-12-19 11:41:50,organic,tablet,A,1,O001189
S003668,C00058,2025-07-23 07:18:21,organic,mobile,A,0,
S003669,C01083,2025-12-12 08:37:30,social,mobile,B,0,
S003670,C00650,2025-12-11 23:43:26,social,mobile,A,0,
S003671,C01108,2025-12-30 21:39:44,organic,mobile,A,0,
S003672,C00070,2025-03-14 21:51:25,email,mobile,A,1,O001190
S003673,C01708,2025-10-06 13:13:19,organic,tablet,A,0,
S003674,C01722,2025-12-08 18:08:12,social,desktop,A,0,
S003675,C00768,2025-07-31 13:00:42,organic,mobile,A,0,
S003676,C00267,2025-05-26 10:45:48,social,desktop,B,0,
S003677,C00593,2025-02-18 16:16:08,social,desktop,B,0,
S003678,C01054,2025-09-25 07:37:14,email,mobile,A,1,O001191
S003679,C01976,2025-07-17 13:33:23,paid_search,mobile,A,0,
S003680,C01135,2025-09-24 11:24:32,organic,mobile,B,0,
S003681,C01031,2025-04-14 07:15:42,paid_search,mobile,B,0,
S003682,C00528,2025-08-16 09:06:25,organic,Unknown,A,0,
S003683,C00586,2025-12-13 11:48:28,referral,tablet,A,0,
S003684,C01561,2025-11-10 23:56:44,organic,desktop,B,0,
S003685,C00925,2025-02-22 14:12:41,social,mobile,B,0,
S003686,C01657,2025-02-11 17:11:08,paid_search,desktop,B,0,
S003687,C00262,2025-05-11 17:35:29,organic,desktop,A,0,
S003688,C01497,2025-06-02 15:23:34,social,mobile,B,0,
S003689,C00944,2025-05-08 21:04:20,social,mobile,A,0,
S003690,C00096,2025-02-09 21:27:30,organic,desktop,A,0,
S003691,C00299,2025-02-02 16:21:40,organic,desktop,B,0,
S003692,C01423,2025-05-03 14:10:36,paid_search,mobile,B,0,
S003693,C00116,2025-06-03 14:00:15,referral,desktop,A,0,
S003694,C00709,2025-04-28 11:20:35,referral,mobile,B,0,
S003695,C00050,2025-11-01 23:49:17,organic,mobile,A,1,O001192
S003696,C00892,2025-02-07 19:57:00,social,mobile,A,1,O001193
S003697,C01380,2025-12-13 13:23:37,organic,mobile,A,0,
S003698,C01897,2025-06-08 10:43:07,paid_search,desktop,B,0,
S003699,C01376,2025-05-08 12:05:27,email,mobile,A,0,
S003700,C01871,2025-07-10 21:33:34,organic,desktop,B,0,
S003701,C01008,2025-11-17 07:44:08,organic,mobile,A,0,
S003702,C00214,2025-10-09 22:53:24,email,mobile,A,0,
S003703,C00469,2025-07-04 22:15:42,social,mobile,B,1,O001194
S003704,C01997,2025-11-07 21:22:42,social,mobile,B,0,
S003705,C00306,2025-06-05 12:30:14,email,mobile,A,0,
S003706,C01899,2025-02-06 22:57:27,paid_search,mobile,B,0,
S003707,C00283,2025-08-20 19:26:51,email,mobile,B,0,
S003708,C01319,2025-12-13 19:35:10,social,mobile,B,0,
S003709,C01360,2025-12-27 20:53:08,organic,desktop,A,0,
S003710,C00300,2025-08-01 08:28:16,organic,desktop,A,0,
S003711,C00412,2025-07-12 09:48:01,email,desktop,A,0,
S003712,C00636,2025-09-28 20:55:42,paid_search,mobile,A,0,
S003713,C00171,2025-11-22 16:32:50,paid_search,desktop,B,1,O001195
S003714,C00392,2025-04-19 09:47:55,email,mobile,A,1,O001196
S003715,C00798,2025-11-07 22:02:30,paid_search,mobile,A,0,
S003716,C00660,2025-11-11 22:52:13,referral,mobile,A,0,
S003717,C01439,2025-06-26 22:21:56,referral,mobile,B,0,
S003718,C00083,2025-01-18 18:51:08,organic,mobile,B,0,
S003719,C01772,2025-10-01 23:51:02,paid_search,mobile,A,1,O001197
S003720,C00218,2025-11-27 08:09:32,social,mobile,A,0,
S003721,C01651,2025-12-02 17:33:01,organic,mobile,B,0,
S003722,C00601,2025-04-18 19:45:32,social,desktop,B,0,
S003723,C00397,2025-05-17 22:06:33,organic,desktop,B,0,
S003724,C00942,2025-03-25 19:54:23,paid_search,desktop,A,0,
S003725,C01046,2025-03-25 16:40:38,social,desktop,A,0,
S003726,C00101,2025-12-03 17:08:36,paid_search,mobile,B,1,O001198
S003727,C01341,2025-03-29 17:21:51,social,mobile,B,0,
S003728,C01448,2025-01-23 20:50:35,referral,desktop,A,0,
S003729,C00348,2025-03-19 11:58:32,email,mobile,A,1,O001199
S003730,C01422,2025-12-07 14:50:09,email,desktop,A,1,O001200
S003731,C01286,2025-09-26 21:46:15,paid_search,mobile,A,0,
S003732,C00861,2025-09-04 16:16:20,organic,mobile,B,0,
S003733,C01105,2025-11-28 19:29:54,referral,mobile,B,0,
S003734,C01302,2025-08-17 21:54:02,paid_search,mobile,A,0,
S003735,C00858,2025-12-31 07:25:53,paid_search,mobile,A,1,O001201
S003736,C01679,2025-10-19 13:38:23,paid_search,desktop,B,1,O001202
S003737,C00527,2025-06-03 11:12:26,social,desktop,B,0,
S003738,C00370,2025-03-30 16:36:15,paid_search,desktop,A,0,
S003739,C00012,2025-01-26 08:12:17,social,mobile,A,0,
S003740,C00969,2025-06-27 12:46:35,paid_search,mobile,B,1,O001203
S003741,C00034,2025-12-20 08:26:57,social,mobile,A,0,
S003742,C00084,2025-05-26 16:55:35,organic,mobile,A,0,
S003743,C00489,2025-06-04 17:01:05,social,mobile,B,0,
S003744,C00036,2025-05-07 19:51:12,referral,mobile,A,0,
S003745,C00719,2025-04-06 19:59:26,paid_search,desktop,B,0,
S003746,C00947,2025-06-15 17:34:24,referral,mobile,B,1,O001204
S003747,C00432,2025-06-22 09:26:58,organic,mobile,A,1,O001205
S003748,C01818,2025-06-24 15:21:41,social,mobile,A,0,
S003749,C01623,2025-12-14 23:58:41,referral,mobile,B,0,
S003750,C01824,2025-09-09 22:06:46,organic,desktop,A,0,
S003751,C01643,2025-11-20 23:59:03,paid_search,tablet,B,0,
S003752,C01754,2025-06-26 10:28:15,social,mobile,A,0,
S003753,C01252,2025-10-03 11:11:41,organic,mobile,A,0,
S003754,C00910,2025-03-05 15:05:14,organic,mobile,A,0,
S003755,C01132,2025-12-23 20:29:54,social,mobile,A,1,O001206
S003756,C01769,2025-03-12 13:34:07,email,mobile,B,0,
S003757,C00415,2025-11-21 09:03:02,referral,mobile,B,1,O001207
S003758,C00277,2025-08-28 18:49:22,paid_search,mobile,B,0,
S003759,C00365,2025-06-29 23:44:54,organic,mobile,B,1,O001208
S003760,C00805,2025-07-15 18:21:51,paid_search,mobile,B,0,
S003761,C00122,2025-02-08 13:26:14,paid_search,desktop,A,0,
S003762,C01132,2025-06-03 16:24:12,organic,tablet,A,0,
S003763,C00133,2025-09-26 10:12:21,email,desktop,B,0,
S003764,C00779,2025-07-31 14:42:22,referral,tablet,B,1,O001209
S003765,C00536,2025-08-22 23:09:34,social,mobile,A,0,
S003766,C00093,2025-03-26 08:20:49,paid_search,mobile,B,1,O001210
S003767,C00174,2025-01-26 19:00:31,organic,mobile,A,0,
S003768,C01735,2025-03-14 11:34:26,paid_search,desktop,B,0,
S003769,C01057,2025-03-07 09:01:45,organic,mobile,B,1,O001211
S003770,C01567,2025-11-10 08:11:33,paid_search,tablet,B,0,
S003771,C00489,2025-02-11 22:39:30,referral,desktop,B,0,
S003772,C01934,2025-11-20 09:04:00,referral,mobile,A,0,
S003773,C01657,2025-07-06 10:30:37,organic,mobile,B,0,
S003774,C01344,2025-11-08 08:27:34,organic,desktop,A,1,O001212
S003775,C01328,2025-07-07 13:19:31,organic,desktop,A,0,
S003776,C01723,2025-04-07 11:45:40,paid_search,mobile,B,0,
S003777,C00766,2025-12-26 09:02:03,paid_search,desktop,A,0,
S003778,C00196,2025-04-15 08:37:55,organic,mobile,A,0,
S003779,C01306,2025-12-04 19:31:06,paid_search,tablet,A,1,O001213
S003780,C01602,2025-07-17 19:11:42,paid_search,mobile,A,0,
S003781,C01013,2025-08-07 08:54:34,referral,mobile,B,1,O001214
S003782,C00013,2025-11-14 07:29:20,paid_search,desktop,B,1,O001215
S003783,C00688,2025-10-18 20:01:56,social,mobile,A,1,O001216
S003784,C00540,2025-07-17 15:01:06,social,mobile,A,0,
S003785,C00748,2025-09-16 16:59:49,paid_search,tablet,A,0,
S003786,C01017,2025-07-04 14:18:12,social,mobile,B,1,O001217
S003787,C01339,2025-03-11 16:23:34,paid_search,mobile,B,0,
S003788,C01785,2025-12-26 19:04:36,organic,mobile,B,1,O001218
S003789,C00080,2025-03-11 10:42:48,social,desktop,A,0,
S003790,C00013,2025-01-24 15:39:05,paid_search,desktop,B,1,O001219
S003791,C01484,2025-07-21 12:14:35,social,mobile,A,0,
S003792,C00951,2025-04-10 10:58:08,social,mobile,B,0,
S003793,C00238,2025-11-18 07:49:12,email,mobile,A,0,
S003794,C01809,2025-09-29 20:43:03,organic,desktop,B,0,
S003795,C00775,2025-07-30 12:12:20,social,mobile,B,1,O001220
S003796,C00001,2025-12-19 20:07:41,organic,mobile,B,1,O001221
S003797,C01516,2025-09-23 07:42:41,referral,mobile,A,0,
S003798,C00809,2025-12-23 14:28:36,referral,mobile,B,1,O001222
S003799,C01591,2025-12-14 17:16:51,paid_search,desktop,B,1,O001223
S003800,C01811,2025-06-25 08:49:51,email,mobile,B,1,O001224
S003801,C00588,2025-11-15 16:43:38,social,mobile,A,1,O001225
S003802,C00965,2025-07-01 22:19:46,organic,desktop,B,0,
S003803,C01088,2025-12-29 12:27:21,referral,mobile,A,0,
S003804,C01192,2025-09-08 12:23:15,organic,mobile,A,0,
S003805,C01872,2025-08-27 17:37:21,organic,mobile,A,0,
S003806,C01765,2025-12-17 12:51:54,paid_search,mobile,B,0,
S003807,C01490,2025-11-20 22:49:12,organic,mobile,A,0,
S003808,C00022,2025-08-10 13:34:28,social,desktop,A,0,
S003809,C00985,2025-02-26 20:32:22,social,desktop,B,0,
S003810,C00862,2025-02-23 07:53:09,social,desktop,A,1,O001226
S003811,C01618,2025-01-06 15:58:15,organic,desktop,A,0,
S003812,C00889,2025-05-26 09:47:23,referral,desktop,B,1,O001227
S003813,C00814,2025-10-14 20:53:06,email,mobile,A,1,O001228
S003814,C01130,2025-08-27 12:27:47,paid_search,mobile,A,0,
S003815,C01105,2025-09-22 21:00:43,organic,mobile,B,1,O001229
S003816,C00815,2025-12-14 16:47:47,organic,desktop,B,0,
S003817,C01715,2025-03-22 16:19:16,paid_search,mobile,B,0,
S003818,C00559,2025-12-10 17:06:13,social,mobile,B,0,
S003819,C00711,2025-04-21 12:45:11,referral,mobile,B,0,
S003820,C01120,2025-04-15 15:26:02,email,desktop,A,0,
S003821,C01990,2025-10-26 10:22:05,paid_search,mobile,A,0,
S003822,C01825,2025-07-27 12:06:57,paid_search,mobile,B,0,
S003823,C01238,2025-05-15 11:55:39,organic,mobile,A,0,
S003824,C01160,2025-12-27 17:33:04,paid_search,desktop,A,1,O001230
S003825,C00929,2025-08-08 15:37:05,referral,mobile,B,0,
S003826,C01206,2025-01-25 20:07:23,paid_search,mobile,A,0,
S003827,C01182,2025-10-30 09:34:05,paid_search,mobile,A,0,
S003828,C01784,2025-12-29 16:02:53,social,tablet,A,0,
S003829,C01954,2025-10-14 22:39:24,paid_search,mobile,A,1,O001231
S003830,C01106,2025-10-19 19:30:36,social,mobile,A,1,O001232
S003831,C01618,2025-02-22 16:05:27,organic,mobile,A,1,O001233
S003832,C01723,2025-02-03 11:44:56,email,mobile,B,0,
S003833,C00463,2025-08-01 11:00:22,paid_search,mobile,B,0,
S003834,C01282,2025-03-28 07:57:49,paid_search,mobile,A,1,O001234
S003835,C00870,2025-03-28 16:04:35,paid_search,mobile,A,0,
S003836,C01731,2025-03-24 21:32:01,referral,mobile,B,1,O001235
S003837,C01634,2025-09-17 10:34:53,referral,mobile,A,1,O001236
S003838,C01628,2025-06-24 08:45:20,social,mobile,A,0,
S003839,C01830,2025-11-05 16:58:58,organic,mobile,A,0,
S003840,C01779,2025-11-24 19:20:19,organic,mobile,B,1,O001237
S003841,C00704,2025-07-27 16:27:13,referral,tablet,A,0,
S003842,C01635,2025-11-21 19:57:02,organic,mobile,B,1,O001238
S003843,C01666,2025-12-19 12:05:35,organic,desktop,A,1,O001239
S003844,C01281,2025-11-07 19:54:29,email,mobile,B,1,O001240
S003845,C00146,2025-10-08 15:59:37,email,mobile,A,1,O001241
S003846,C00703,2025-07-25 21:41:42,referral,desktop,B,1,O001242
S003847,C01212,2025-01-20 21:40:31,referral,mobile,A,0,
S003848,C01297,2025-12-11 18:03:26,paid_search,mobile,B,0,
S003849,C00963,2025-03-20 18:04:54,paid_search,mobile,B,1,O001243
S003850,C01243,2025-01-13 16:37:06,organic,mobile,B,0,
S003851,C01157,2025-06-26 20:09:00,paid_search,tablet,B,0,
S003852,C01368,2025-02-20 10:03:34,email,mobile,A,0,
S003853,C00176,2025-08-12 15:56:27,paid_search,mobile,A,0,
S003854,C01594,2025-12-04 18:24:56,social,desktop,A,1,O001244
S003855,C01186,2025-08-09 09:46:10,organic,desktop,A,0,
S003856,C01178,2025-07-27 12:55:30,email,mobile,A,0,
S003857,C00502,2025-04-10 12:47:01,social,mobile,A,0,
S003858,C01706,2025-08-15 17:00:10,email,desktop,A,1,O001245
S003859,C00507,2025-12-08 23:10:33,paid_search,mobile,B,1,O001246
S003860,C00918,2025-05-15 08:41:48,organic,mobile,A,0,
S003861,C00009,2025-03-24 16:03:43,organic,mobile,B,0,
S003862,C01686,2025-03-12 16:23:39,paid_search,tablet,A,0,
S003863,C00741,2025-02-02 13:57:25,social,desktop,B,1,O001247
S003864,C00584,2025-11-07 14:14:39,paid_search,desktop,A,1,O001248
S003865,C00916,2025-08-26 16:28:55,paid_search,mobile,A,0,
S003866,C00347,2025-05-25 08:30:54,email,mobile,B,0,
S003867,C00329,2025-01-12 12:37:25,referral,mobile,B,0,
S003868,C00515,2025-10-21 10:05:52,social,desktop,B,0,
S003869,C00766,2025-07-07 21:33:59,email,mobile,A,0,
S003870,C01107,2025-04-23 18:57:13,paid_search,desktop,B,0,
S003871,C00778,2025-05-18 12:55:58,paid_search,mobile,A,0,
S003872,C01142,2025-11-25 07:12:25,paid_search,mobile,A,0,
S003873,C00217,2025-01-25 10:26:03,email,mobile,B,0,
S003874,C01209,2025-03-07 13:26:31,paid_search,mobile,B,0,
S003875,C00383,2025-04-19 16:13:03,email,mobile,B,0,
S003876,C00880,2025-09-19 23:45:51,paid_search,desktop,A,0,
S003877,C00144,2025-04-03 07:47:49,paid_search,desktop,A,0,
S003878,C01958,2025-01-19 07:58:22,paid_search,tablet,A,0,
S003879,C01729,2025-09-14 11:13:14,social,desktop,B,0,
S003880,C00857,2025-11-15 11:58:05,paid_search,desktop,B,0,
S003881,C01912,2025-02-17 16:44:20,referral,mobile,A,1,O001249
S003882,C01522,2025-09-09 15:54:06,paid_search,mobile,A,0,
S003883,C01062,2025-10-27 07:53:33,social,desktop,A,0,
S003884,C01193,2025-09-29 19:38:08,paid_search,mobile,B,1,O001250
S003885,C00779,2025-10-28 19:08:07,organic,mobile,B,1,O001251
S003886,C01640,2025-12-06 10:03:12,referral,mobile,A,1,O001252
S003887,C00255,2025-10-24 14:04:03,paid_search,mobile,B,0,
S003888,C00218,2025-09-30 21:38:44,organic,desktop,A,0,
S003889,C00796,2025-11-17 18:42:16,organic,desktop,A,0,
S003890,C00178,2025-06-12 21:13:43,paid_search,desktop,A,0,
S003891,C01442,2025-06-09 19:45:58,social,tablet,A,0,
S003892,C01077,2025-09-10 20:53:16,organic,mobile,B,1,O001253
S003893,C01903,2025-06-30 13:46:47,email,mobile,B,0,
S003894,C01744,2025-07-22 18:04:54,referral,mobile,A,0,
S003895,C00786,2025-10-28 19:26:41,organic,tablet,A,1,O001254
S003896,C01737,2025-05-30 09:24:26,paid_search,mobile,B,1,O001255
S003897,C01573,2025-04-03 08:09:10,referral,mobile,B,0,
S003898,C01283,2025-06-06 12:29:42,organic,desktop,B,0,
S003899,C00331,2025-09-08 14:12:07,organic,mobile,B,1,O001256
S003900,C01906,2025-02-11 19:28:02,organic,mobile,A,1,O001257
S003901,C01464,2025-11-23 10:39:23,email,mobile,A,1,O001258
S003902,C00524,2025-04-16 11:17:01,organic,mobile,A,0,
S003903,C01334,2025-03-27 17:17:29,organic,desktop,A,0,
S003904,C00319,2025-11-26 18:54:02,social,desktop,B,1,O001259
S003905,C00360,2025-06-16 13:39:20,email,mobile,A,0,
S003906,C01261,2025-12-28 22:05:45,email,desktop,B,0,
S003907,C01693,2025-06-05 21:29:10,social,mobile,B,0,
S003908,C00516,2025-10-29 18:09:31,referral,mobile,A,1,O001260
S003909,C00644,2025-06-15 10:35:59,referral,mobile,A,0,
S003910,C01288,2025-12-09 20:48:03,organic,mobile,A,0,
S003911,C00351,2025-11-17 15:11:03,organic,tablet,B,1,O001261
S003912,C01783,2025-02-17 15:26:40,paid_search,tablet,B,0,
S003913,C00452,2025-08-03 12:15:34,organic,mobile,A,0,
S003914,C00788,2025-11-01 14:58:10,organic,mobile,A,1,O001262
S003915,C01989,2025-08-05 09:23:38,organic,mobile,B,0,
S003916,C00785,2025-04-05 09:53:04,organic,mobile,B,0,
S003917,C01309,2025-12-20 21:00:46,paid_search,mobile,B,0,
S003918,C00712,2025-04-24 11:34:21,referral,tablet,A,0,
S003919,C01997,2025-12-16 14:44:57,organic,desktop,B,1,O001263
S003920,C00188,2025-12-16 14:52:47,paid_search,mobile,A,0,
S003921,C01616,2025-12-04 17:32:00,email,desktop,A,0,
S003922,C01276,2025-01-15 16:03:51,referral,desktop,A,0,
S003923,C01828,2025-01-10 13:25:05,paid_search,mobile,A,0,
S003924,C00546,2025-01-02 08:36:12,paid_search,mobile,A,1,O001264
S003925,C01138,2025-02-17 10:14:03,organic,mobile,A,1,O001265
S003926,C01016,2025-12-25 19:26:55,organic,mobile,A,0,
S003927,C00226,2025-11-30 11:35:43,email,mobile,A,0,
S003928,C00458,2025-07-10 17:37:32,paid_search,mobile,A,1,O001266
S003929,C01327,2025-12-01 15:28:12,organic,mobile,B,1,O001267
S003930,C00920,2025-03-04 18:55:12,organic,mobile,A,0,
S003931,C00161,2025-05-06 18:32:21,organic,mobile,B,1,O001268
S003932,C01473,2025-10-09 07:51:35,organic,mobile,B,0,
S003933,C01507,2025-07-02 12:41:07,organic,desktop,B,0,
S003934,C01765,2025-12-06 22:43:05,organic,mobile,B,0,
S003935,C01293,2025-02-15 21:00:35,organic,desktop,B,0,
S003936,C01159,2025-07-03 09:31:17,paid_search,mobile,B,0,
S003937,C01797,2025-03-18 16:26:49,social,tablet,B,0,
S003938,C01423,2025-12-01 15:53:56,paid_search,desktop,B,0,
S003939,C00426,2025-05-18 15:56:52,organic,mobile,A,0,
S003940,C01933,2025-04-26 13:23:19,organic,desktop,B,0,
S003941,C01713,2025-12-05 16:52:29,organic,desktop,B,1,O001269
S003942,C01641,2025-04-27 12:43:48,paid_search,mobile,B,0,
S003943,C01951,2025-03-20 23:51:06,social,mobile,B,0,
S003944,C00073,2025-10-28 14:03:28,organic,tablet,B,0,
S003945,C01949,2025-07-13 07:13:19,referral,mobile,B,0,
S003946,C01564,2025-04-16 15:50:03,email,mobile,A,0,
S003947,C00483,2025-05-27 11:14:28,social,desktop,B,0,
S003948,C00047,2025-11-16 19:28:10,social,mobile,B,1,O001270
S003949,C00757,2025-06-24 12:42:48,organic,mobile,B,1,O001271
S003950,C01980,2025-02-25 16:23:22,referral,desktop,A,0,
S003951,C01648,2025-09-26 19:16:01,social,tablet,A,0,
S003952,C01162,2025-04-01 13:38:31,paid_search,mobile,A,0,
S003953,C01255,2025-06-06 19:45:53,social,desktop,B,0,
S003954,C00708,2025-12-15 22:18:47,email,desktop,A,0,
S003955,C00711,2025-11-21 15:00:50,paid_search,mobile,B,0,
S003956,C01224,2025-11-06 14:40:12,organic,desktop,A,0,
S003957,C00006,2025-11-18 08:28:47,social,tablet,A,0,
S003958,C01247,2025-11-04 08:26:27,paid_search,mobile,B,1,O001272
S003959,C00189,2025-06-04 07:36:01,social,mobile,B,0,
S003960,C01549,2025-06-28 15:29:09,social,mobile,B,0,
S003961,C01486,2025-08-09 09:10:25,paid_search,desktop,A,0,
S003962,C00016,2025-11-03 22:30:38,email,desktop,A,0,
S003963,C01921,2025-09-22 20:24:31,organic,mobile,B,0,
S003964,C00616,2025-10-24 12:26:20,organic,mobile,A,0,
S003965,C00106,2025-09-05 07:06:28,social,mobile,A,0,
S003966,C01281,2025-05-30 08:35:12,paid_search,desktop,B,0,
S003967,C00688,2025-11-16 10:25:50,email,mobile,A,0,
S003968,C01115,2025-08-07 10:16:20,email,mobile,B,0,
S003969,C01216,2025-04-07 13:43:41,organic,mobile,A,0,
S003970,C01279,2025-04-15 12:23:59,organic,mobile,B,0,
S003971,C00550,2025-01-28 13:03:18,paid_search,mobile,A,0,
S003972,C00450,2025-04-04 23:03:38,organic,mobile,A,0,
S003973,C00145,2025-07-12 11:47:18,social,mobile,B,0,
S003974,C01784,2025-10-15 17:00:33,email,mobile,A,0,
S003975,C01473,2025-10-18 15:32:44,organic,mobile,B,0,
S003976,C01737,2025-01-03 09:29:25,paid_search,mobile,B,1,O001273
S003977,C01420,2025-03-07 11:04:54,organic,tablet,A,0,
S003978,C00964,2025-08-16 12:04:06,organic,mobile,A,0,
S003979,C00084,2025-05-15 11:44:59,organic,desktop,A,1,O001274
S003980,C00956,2025-02-14 20:46:31,social,mobile,A,0,
S003981,C00314,2025-10-08 16:59:50,paid_search,mobile,A,1,O001275
S003982,C00637,2025-11-02 23:29:01,organic,desktop,B,0,
S003983,C01849,2025-12-01 13:19:09,email,mobile,B,1,O001276
S003984,C01001,2025-05-28 23:43:40,organic,mobile,B,0,
S003985,C01217,2025-11-27 11:58:42,organic,mobile,B,1,O001277
S003986,C01945,2025-12-10 17:48:43,paid_search,mobile,B,1,O001278
S003987,C01457,2025-10-19 13:52:42,social,desktop,B,1,O001279
S003988,C00944,2025-12-19 12:39:42,organic,mobile,A,0,
S003989,C01201,2025-03-27 09:41:31,social,desktop,B,0,
S003990,C01115,2025-08-01 15:31:15,referral,desktop,B,0,
S003991,C01354,2025-06-03 16:24:34,paid_search,desktop,A,0,
S003992,C00653,2025-08-04 07:02:09,paid_search,mobile,B,0,
S003993,C00940,2025-09-16 07:33:07,organic,tablet,A,0,
S003994,C01824,2025-04-18 17:37:10,paid_search,mobile,A,0,
S003995,C01443,2025-12-24 14:30:38,organic,tablet,B,0,
S003996,C01482,2025-01-09 21:35:41,referral,mobile,A,1,O001280
S003997,C00359,2025-11-18 16:06:09,email,mobile,B,0,
S003998,C00634,2025-09-27 11:11:12,social,desktop,A,1,O001281
S003999,C01897,2025-10-24 19:15:36,paid_search,tablet,B,1,O001282
S004000,C01868,2025-01-03 15:57:31,social,mobile,A,1,O001283
S004001,C01065,2025-11-25 09:14:29,organic,desktop,B,0,
S004002,C00140,2025-12-29 08:42:18,referral,mobile,A,0,
S004003,C00672,2025-04-03 18:05:09,paid_search,mobile,A,1,O001284
S004004,C00922,2025-09-09 10:05:15,referral,mobile,A,0,
S004005,C01183,2025-10-13 21:34:57,organic,mobile,B,0,
S004006,C00577,2025-12-12 18:09:14,referral,desktop,B,1,O001285
S004007,C01488,2025-07-23 23:11:04,organic,mobile,A,1,O001286
S004008,C00260,2025-01-13 15:13:33,organic,desktop,A,0,
S004009,C01702,2025-06-09 23:31:15,email,mobile,A,0,
S004010,C00691,2025-06-09 23:12:15,referral,mobile,B,0,
S004011,C01913,2025-08-25 20:17:41,email,desktop,B,0,
S004012,C00889,2025-10-06 09:01:27,referral,tablet,B,0,
S004013,C01880,2025-09-02 18:03:10,social,mobile,A,0,
S004014,C00340,2025-03-12 19:27:32,referral,desktop,A,1,O001287
S004015,C00241,2025-04-14 11:51:11,paid_search,mobile,B,0,
S004016,C01886,2025-09-25 15:54:40,social,desktop,A,1,O001288
S004017,C01677,2025-09-21 21:22:09,social,desktop,B,1,O001289
S004018,C01220,2025-08-11 18:22:11,paid_search,mobile,A,1,O001290
S004019,C01463,2025-11-29 11:00:06,organic,mobile,B,1,O001291
S004020,C00062,2025-09-11 13:52:49,organic,mobile,A,0,
S004021,C01543,2025-07-22 17:28:39,organic,mobile,B,0,
S004022,C00213,2025-09-08 15:26:20,referral,mobile,B,0,
S004023,C00796,2025-02-19 20:42:35,organic,mobile,A,0,
S004024,C01093,2025-11-23 16:02:04,referral,mobile,B,0,
S004025,C01781,2025-03-15 10:35:12,paid_search,mobile,B,0,
S004026,C01055,2025-06-08 20:41:41,paid_search,mobile,B,0,
S004027,C01260,2025-01-09 17:04:55,email,mobile,A,0,
S004028,C00511,2025-10-08 17:42:11,organic,mobile,B,0,
S004029,C00881,2025-07-07 22:09:19,email,mobile,B,0,
S004030,C00541,2025-04-20 08:45:18,social,desktop,B,0,
S004031,C00082,2025-09-06 22:16:45,social,desktop,A,1,O001292
S004032,C00619,2025-08-19 13:19:07,email,mobile,B,1,O001293
S004033,C01392,2025-12-13 09:11:27,email,mobile,A,1,O001294
S004034,C01524,2025-07-09 21:12:10,organic,desktop,A,0,
S004035,C01990,2025-04-15 14:16:18,referral,mobile,A,0,
S004036,C00884,2025-06-15 18:56:00,organic,mobile,A,0,
S004037,C00826,2025-04-25 09:57:37,social,mobile,A,0,
S004038,C01053,2025-05-08 07:35:44,organic,desktop,B,0,
S004039,C00056,2025-11-29 16:10:01,referral,mobile,A,1,O001295
S004040,C00367,2025-06-21 10:46:02,paid_search,mobile,B,0,
S004041,C00240,2025-11-06 14:47:15,referral,mobile,A,0,
S004042,C00207,2025-01-16 09:00:47,social,tablet,B,1,O001296
S004043,C01930,2025-03-16 16:03:21,social,desktop,A,0,
S004044,C00975,2025-08-30 10:34:10,organic,mobile,B,1,O001297
S004045,C00373,2025-10-18 08:50:44,social,mobile,B,1,O001298
S004046,C01089,2025-07-31 16:17:09,paid_search,mobile,B,1,O001299
S004047,C00480,2025-11-05 20:13:37,organic,desktop,A,0,
S004048,C00849,2025-11-05 19:11:52,email,mobile,B,0,
S004049,C00929,2025-12-28 08:37:47,social,desktop,B,0,
S004050,C01187,2025-03-10 22:46:33,organic,mobile,B,0,
S004051,C00739,2025-10-05 13:43:44,organic,mobile,B,1,O001300
S004052,C01459,2025-01-26 11:56:23,paid_search,mobile,B,1,O001301
S004053,C00762,2025-10-16 12:17:45,paid_search,mobile,A,0,
S004054,C01048,2025-09-25 10:32:56,paid_search,mobile,A,0,
S004055,C00694,2025-10-04 22:20:53,organic,mobile,A,0,
S004056,C01320,2025-04-29 15:33:59,paid_search,mobile,A,0,
S004057,C01246,2025-06-23 23:22:22,referral,mobile,A,1,O001302
S004058,C01766,2025-11-10 19:40:39,referral,desktop,A,0,
S004059,C00661,2025-04-03 19:30:38,paid_search,mobile,B,0,
S004060,C01678,2025-09-18 09:03:12,organic,desktop,A,0,
S004061,C01342,2025-05-15 16:04:52,email,desktop,A,0,
S004062,C01203,2025-12-06 20:49:56,paid_search,mobile,B,1,O001303
S004063,C00372,2025-06-18 09:54:01,referral,mobile,A,0,
S004064,C00167,2025-06-10 10:04:55,organic,mobile,B,1,O001304
S004065,C00983,2025-11-12 20:46:52,paid_search,desktop,B,0,
S004066,C01918,2025-11-11 23:17:11,paid_search,mobile,A,0,
S004067,C01074,2025-10-15 21:22:20,organic,mobile,A,0,
S004068,C00314,2025-11-01 22:03:03,referral,tablet,A,0,
S004069,C01161,2025-10-10 20:31:01,paid_search,desktop,B,1,O001305
S004070,C00805,2025-03-18 18:28:15,organic,mobile,B,1,O001306
S004071,C01025,2025-10-02 15:01:21,organic,mobile,B,0,
S004072,C01264,2025-11-21 23:24:00,email,mobile,A,0,
S004073,C00124,2025-08-19 23:59:38,organic,mobile,A,0,
S004074,C00104,2025-08-17 07:00:14,paid_search,mobile,A,0,
S004075,C00462,2025-02-17 14:30:50,referral,mobile,A,1,O001307
S004076,C00474,2025-03-29 12:11:27,referral,mobile,A,0,
S004077,C00609,2025-12-15 10:24:23,referral,tablet,B,1,O001308
S004078,C01004,2025-11-22 15:17:15,organic,desktop,A,0,
S004079,C00027,2025-03-04 21:12:01,paid_search,desktop,B,1,O001309
S004080,C01950,2025-11-27 19:45:15,referral,mobile,A,0,
S004081,C00765,2025-04-07 10:42:11,organic,mobile,B,0,
S004082,C01313,2025-10-07 19:37:13,paid_search,mobile,B,1,O001310
S004083,C01062,2025-02-11 16:48:46,organic,desktop,A,1,O001311
S004084,C01968,2025-04-01 13:27:03,paid_search,desktop,A,0,
S004085,C00739,2025-06-11 23:09:18,referral,mobile,B,0,
S004086,C01973,2025-05-20 15:49:39,paid_search,desktop,B,1,O001312
S004087,C00141,2025-04-11 23:21:05,social,mobile,B,0,
S004088,C01383,2025-11-13 13:36:57,referral,mobile,B,1,O001313
S004089,C00644,2025-01-05 21:48:09,paid_search,desktop,A,0,
S004090,C00907,2025-08-12 17:09:08,paid_search,mobile,B,0,
S004091,C01767,2025-02-16 13:45:25,paid_search,desktop,B,1,O001314
S004092,C01614,2025-08-27 22:21:11,social,desktop,A,0,
S004093,C00167,2025-09-04 07:45:29,paid_search,mobile,B,1,O001315
S004094,C00197,2025-02-08 08:00:03,paid_search,desktop,B,1,O001316
S004095,C01099,2025-12-10 13:15:38,paid_search,desktop,B,0,
S004096,C01484,2025-03-13 12:33:02,organic,desktop,A,0,
S004097,C01784,2025-09-29 15:40:58,organic,mobile,A,1,O001317
S004098,C01690,2025-11-20 07:10:48,organic,tablet,A,0,
S004099,C01621,2025-12-25 13:24:57,organic,desktop,B,1,O001318
S004100,C01635,2025-02-22 18:03:56,paid_search,mobile,B,0,
S004101,C01401,2025-12-07 19:00:12,organic,mobile,B,1,O001319
S004102,C01024,2025-07-14 15:21:20,organic,mobile,A,1,O001320
S004103,C01983,2025-06-14 12:48:02,social,desktop,B,0,
S004104,C00630,2025-10-01 22:54:23,referral,mobile,A,1,O001321
S004105,C00708,2025-07-28 21:19:12,organic,mobile,A,0,
S004106,C01505,2025-08-11 21:22:10,organic,desktop,B,0,
S004107,C01458,2025-11-20 08:19:33,referral,tablet,A,0,
S004108,C01099,2025-04-30 13:03:18,social,mobile,B,1,O001322
S004109,C00908,2025-03-16 09:08:26,organic,mobile,A,0,
S004110,C00652,2025-01-17 09:36:43,email,mobile,A,0,
S004111,C01620,2025-09-13 09:52:15,email,tablet,A,0,
S004112,C00338,2025-08-21 22:53:40,organic,desktop,A,0,
S004113,C00224,2025-09-03 22:13:09,social,mobile,A,1,O001323
S004114,C00101,2025-07-28 16:41:51,paid_search,desktop,B,0,
S004115,C01108,2025-10-10 14:34:35,social,mobile,A,0,
S004116,C00756,2025-03-24 07:10:04,organic,mobile,A,1,O001324
S004117,C01023,2025-08-24 20:59:28,organic,mobile,B,0,
S004118,C01343,2025-10-19 16:10:28,organic,mobile,B,1,O001325
S004119,C01924,2025-05-18 20:26:53,organic,mobile,A,0,
S004120,C01081,2025-11-24 07:49:35,organic,mobile,B,1,O001326
S004121,C01986,2025-05-05 23:26:39,referral,mobile,A,1,O001327
S004122,C00437,2025-06-07 11:01:52,email,mobile,B,0,
S004123,C00874,2025-01-05 20:39:54,paid_search,desktop,A,0,
S004124,C01799,2025-02-09 16:17:18,email,desktop,B,1,O001328
S004125,C00269,2025-06-16 09:32:57,paid_search,mobile,B,1,O001329
S004126,C00739,2025-11-29 23:16:31,paid_search,mobile,B,1,O001330
S004127,C00961,2025-08-13 10:04:37,paid_search,desktop,B,0,
S004128,C01015,2025-12-09 22:42:59,paid_search,desktop,B,0,
S004129,C01384,2025-07-10 11:53:20,organic,desktop,A,0,
S004130,C01096,2025-11-11 18:18:41,organic,desktop,A,0,
S004131,C00363,2025-11-05 19:06:26,paid_search,tablet,B,1,O001331
S004132,C01656,2025-11-23 10:44:00,paid_search,mobile,A,1,O001332
S004133,C01983,2025-08-27 22:35:17,organic,desktop,B,1,O001333
S004134,C00438,2025-12-31 17:22:10,organic,tablet,A,0,
S004135,C00963,2025-08-23 20:51:15,email,mobile,B,1,O001334
S004136,C01154,2025-12-08 11:28:06,paid_search,mobile,A,1,O001335
S004137,C00219,2025-09-12 12:43:18,email,mobile,B,0,
S004138,C00244,2025-03-02 17:37:04,organic,mobile,A,0,
S004139,C01041,2025-08-22 14:28:09,paid_search,desktop,B,1,O001336
S004140,C01744,2025-04-18 16:24:20,organic,desktop,A,0,
S004141,C01147,2025-07-17 18:01:12,email,mobile,B,0,
S004142,C00352,2025-01-08 13:04:15,organic,tablet,A,0,
S004143,C01598,2025-11-22 19:07:53,paid_search,mobile,A,1,O001337
S004144,C00861,2025-01-13 14:23:13,organic,mobile,B,1,O001338
S004145,C00048,2025-10-17 15:37:21,social,mobile,A,0,
S004146,C01986,2025-02-03 07:43:42,referral,desktop,A,0,
S004147,C00041,2025-07-04 18:32:56,organic,tablet,B,0,
S004148,C01543,2025-10-16 09:35:15,paid_search,desktop,B,1,O001339
S004149,C00690,2025-02-21 08:22:41,paid_search,mobile,A,0,
S004150,C00063,2025-07-23 14:40:54,referral,tablet,B,0,
S004151,C00639,2025-04-08 16:29:39,referral,mobile,B,0,
S004152,C01803,2025-08-25 19:38:17,email,desktop,B,1,O001340
S004153,C01322,2025-11-02 13:43:05,organic,desktop,A,0,
S004154,C01470,2025-09-11 15:07:09,paid_search,mobile,A,0,
S004155,C00985,2025-12-30 14:44:01,email,mobile,B,1,O001341
S004156,C01629,2025-11-30 22:25:07,referral,mobile,B,1,O001342
S004157,C00813,2025-12-16 14:24:49,email,mobile,B,1,O001343
S004158,C01343,2025-05-07 15:04:51,social,mobile,B,0,
S004159,C01795,2025-06-25 07:57:13,social,tablet,B,0,
S004160,C00764,2025-01-23 23:51:52,social,desktop,A,1,O001344
S004161,C00171,2025-11-19 16:21:59,paid_search,desktop,B,0,
S004162,C00939,2025-05-28 07:37:53,social,desktop,B,1,O001345
S004163,C01282,2025-12-06 22:52:28,referral,mobile,A,0,
S004164,C01498,2025-08-03 23:56:42,paid_search,desktop,A,0,
S004165,C00648,2025-06-16 13:38:04,paid_search,mobile,A,0,
S004166,C01046,2025-10-03 12:26:59,email,mobile,A,1,O001346
S004167,C00070,2025-07-07 09:27:27,paid_search,desktop,A,0,
S004168,C01681,2025-04-05 13:58:43,organic,mobile,B,0,
S004169,C01909,2025-11-20 11:34:49,email,mobile,B,0,
S004170,C01596,2025-08-31 20:58:44,social,desktop,A,0,
S004171,C01580,2025-11-20 16:59:54,email,desktop,A,1,O001347
S004172,C01115,2025-04-02 20:16:41,social,mobile,B,0,
S004173,C01517,2025-12-13 17:29:33,social,mobile,B,0,
S004174,C00224,2025-01-04 23:18:17,paid_search,desktop,A,1,O001348
S004175,C00082,2025-12-23 20:33:57,referral,mobile,A,0,
S004176,C01586,2025-10-15 17:25:24,organic,desktop,A,0,
S004177,C01503,2025-12-02 09:27:24,social,mobile,B,1,O001349
S004178,C01601,2025-07-23 22:39:17,organic,mobile,B,1,O001350
S004179,C00286,2025-05-27 19:54:50,referral,desktop,A,0,
S004180,C00250,2025-12-31 08:42:13,referral,mobile,A,0,
S004181,C00349,2025-10-06 10:23:25,email,mobile,B,0,
S004182,C01021,2025-06-11 16:54:42,social,mobile,B,0,
S004183,C01861,2025-08-19 11:46:53,paid_search,mobile,B,1,O001351
S004184,C01185,2025-11-20 13:51:13,organic,mobile,B,0,
S004185,C00492,2025-01-17 21:09:16,social,mobile,A,1,O001352
S004186,C00414,2025-08-03 22:59:02,social,mobile,A,0,
S004187,C00005,2025-05-10 18:42:29,social,mobile,B,0,
S004188,C00996,2025-03-07 15:11:35,referral,mobile,A,0,
S004189,C01844,2025-12-31 11:36:24,paid_search,desktop,A,1,O001353
S004190,C00203,2025-03-27 12:42:38,paid_search,mobile,B,1,O001354
S004191,C01369,2025-11-10 18:27:32,paid_search,mobile,B,0,
S004192,C00105,2025-08-31 21:55:43,email,mobile,B,0,
S004193,C01154,2025-04-25 23:28:37,organic,tablet,A,0,
S004194,C01580,2025-10-23 22:15:24,paid_search,mobile,A,1,O001355
S004195,C00864,2025-08-26 13:07:54,organic,mobile,A,0,
S004196,C01250,2025-12-02 16:49:50,social,tablet,A,1,O001356
S004197,C00737,2025-01-09 16:20:40,paid_search,mobile,B,0,
S004198,C01715,2025-08-05 12:52:16,paid_search,desktop,B,0,
S004199,C00126,2025-07-24 12:23:36,organic,mobile,A,0,
S004200,C01491,2025-07-02 17:51:15,social,desktop,B,1,O001357
S004201,C00309,2025-10-15 17:12:49,email,mobile,B,1,O001358
S004202,C01904,2025-05-30 13:39:55,organic,mobile,A,0,
S004203,C00721,2025-06-21 13:55:22,social,desktop,B,1,O001359
S004204,C00697,2025-08-12 12:52:05,email,desktop,B,0,
S004205,C00013,2025-03-02 07:28:22,social,mobile,B,1,O001360
S004206,C00248,2025-07-24 20:09:41,organic,desktop,A,1,O001361
S004207,C01903,2025-06-07 17:23:37,referral,desktop,B,0,
S004208,C00091,2025-09-09 16:21:01,organic,desktop,B,0,
S004209,C01341,2025-09-19 20:21:08,paid_search,mobile,B,0,
S004210,C00566,2025-05-31 16:26:35,email,mobile,A,0,
S004211,C00324,2025-03-04 22:34:59,paid_search,mobile,A,0,
S004212,C00814,2025-06-14 13:51:15,paid_search,mobile,A,1,O001362
S004213,C00655,2025-07-29 14:56:38,social,mobile,B,1,O001363
S004214,C00166,2025-11-27 13:09:53,paid_search,mobile,A,1,O001364
S004215,C01834,2025-04-05 17:40:33,paid_search,mobile,A,0,
S004216,C00124,2025-11-14 17:59:26,email,desktop,A,1,O001365
S004217,C00927,2025-05-07 22:51:10,paid_search,mobile,B,1,O001366
S004218,C01489,2025-03-23 19:35:39,organic,desktop,B,1,O001367
S004219,C00653,2025-05-25 10:40:35,email,mobile,B,1,O001368
S004220,C00227,2025-01-13 20:40:58,paid_search,desktop,B,0,
S004221,C01071,2025-06-08 21:13:44,email,mobile,B,0,
S004222,C01667,2025-08-23 15:18:49,social,mobile,B,0,
S004223,C01198,2025-05-09 19:25:01,email,mobile,A,1,O001369
S004224,C00120,2025-11-18 17:52:25,organic,desktop,A,1,O001370
S004225,C00462,2025-11-10 19:05:56,paid_search,mobile,A,0,
S004226,C00821,2025-02-02 23:27:13,referral,mobile,B,0,
S004227,C01245,2025-11-12 09:19:22,email,mobile,B,0,
S004228,C01439,2025-09-24 12:26:27,organic,mobile,B,0,
S004229,C01887,2025-04-21 10:16:42,social,mobile,B,0,
S004230,C01022,2025-08-24 09:49:05,paid_search,desktop,A,0,
S004231,C00167,2025-10-10 09:49:34,organic,desktop,B,0,
S004232,C00154,2025-02-19 16:04:22,email,mobile,A,1,O001371
S004233,C01819,2025-06-06 13:06:15,paid_search,mobile,B,1,O001372
S004234,C01036,2025-11-19 21:31:31,paid_search,mobile,A,0,
S004235,C00570,2025-10-24 15:06:09,email,mobile,A,0,
S004236,C00247,2025-09-24 11:12:19,paid_search,mobile,B,1,O001373
S004237,C01989,2025-08-03 15:47:07,social,desktop,B,1,O001374
S004238,C01490,2025-11-26 15:52:30,email,mobile,A,0,
S004239,C00101,2025-05-14 12:44:19,email,mobile,B,0,
S004240,C00796,2025-05-12 16:49:18,paid_search,mobile,A,1,O001375
S004241,C01172,2025-02-04 07:39:20,referral,desktop,A,0,
S004242,C00095,2025-03-02 11:55:51,paid_search,mobile,B,0,
S004243,C00714,2025-08-30 10:42:46,organic,mobile,A,0,
S004244,C00488,2025-12-16 17:13:34,referral,desktop,A,1,O001376
S004245,C01936,2025-10-03 12:32:57,organic,mobile,A,1,O001377
S004246,C00903,2025-05-27 09:21:29,organic,tablet,B,0,
S004247,C01619,2025-09-17 11:21:23,referral,mobile,B,1,O001378
S004248,C00555,2025-05-15 23:47:18,email,desktop,B,1,O001379
S004249,C00956,2025-01-26 09:57:16,organic,desktop,A,1,O001380
S004250,C01994,2025-11-08 19:59:18,paid_search,mobile,A,0,
S004251,C00904,2025-10-09 11:03:07,social,desktop,A,0,
S004252,C01724,2025-08-16 09:27:28,paid_search,mobile,A,0,
S004253,C00573,2025-07-15 12:09:06,social,desktop,B,0,
S004254,C01677,2025-12-22 17:36:43,paid_search,mobile,B,0,
S004255,C01754,2025-09-02 08:34:21,email,desktop,A,1,O001381
S004256,C00787,2025-12-17 09:00:08,paid_search,mobile,B,0,
S004257,C01566,2025-01-07 18:03:04,organic,desktop,A,0,
S004258,C00926,2025-01-12 10:06:34,paid_search,desktop,A,0,
S004259,C01006,2025-06-30 20:31:40,social,desktop,A,0,
S004260,C01017,2025-05-29 07:33:34,referral,mobile,B,0,
S004261,C01006,2025-02-28 11:05:39,organic,desktop,A,0,
S004262,C00380,2025-06-17 10:26:26,email,mobile,A,0,
S004263,C01065,2025-03-11 07:16:37,organic,desktop,B,0,
S004264,C00377,2025-01-16 12:22:40,organic,desktop,B,0,
S004265,C00226,2025-10-10 11:10:36,referral,mobile,A,1,O001382
S004266,C01017,2025-03-11 09:26:43,social,mobile,B,0,
S004267,C01630,2025-06-08 15:52:35,organic,mobile,A,1,O001383
S004268,C01556,2025-05-17 09:10:35,organic,desktop,A,0,
S004269,C00616,2025-01-24 11:53:09,referral,mobile,A,0,
S004270,C01316,2025-05-26 08:52:00,referral,mobile,A,1,O001384
S004271,C00763,2025-12-17 20:33:55,email,desktop,B,1,O001385
S004272,C00680,2025-08-10 11:53:54,paid_search,mobile,A,0,
S004273,C00078,2025-07-26 08:21:39,organic,mobile,A,0,
S004274,C00678,2025-06-18 18:46:38,paid_search,desktop,A,1,O001386
S004275,C01507,2025-10-25 22:41:12,social,mobile,B,0,
S004276,C01778,2025-04-12 23:30:03,referral,mobile,A,0,
S004277,C01901,2025-11-02 15:30:24,social,mobile,B,1,O001387
S004278,C00484,2025-12-07 15:58:41,paid_search,tablet,A,0,
S004279,C00244,2025-02-18 17:26:35,paid_search,mobile,A,1,O001388
S004280,C01005,2025-11-18 21:33:42,organic,mobile,B,1,O001389
S004281,C00305,2025-05-30 20:01:49,referral,mobile,B,1,O001390
S004282,C01619,2025-11-20 09:47:07,organic,mobile,B,1,O001391
S004283,C00302,2025-09-17 19:09:52,email,mobile,A,0,
S004284,C00565,2025-12-15 14:55:57,social,desktop,B,0,
S004285,C00680,2025-12-09 16:57:46,paid_search,mobile,A,0,
S004286,C01598,2025-08-17 14:53:37,email,mobile,A,0,
S004287,C00445,2025-05-18 22:58:33,referral,mobile,B,0,
S004288,C01827,2025-05-28 11:28:00,email,desktop,B,0,
S004289,C01387,2025-02-24 19:26:15,email,mobile,B,0,
S004290,C00412,2025-03-24 23:47:47,social,mobile,A,0,
S004291,C00650,2025-12-21 12:46:13,social,mobile,A,0,
S004292,C01853,2025-03-12 10:59:40,referral,mobile,B,0,
S004293,C01656,2025-10-09 20:24:22,referral,mobile,A,1,O001392
S004294,C01482,2025-01-19 22:01:05,social,desktop,A,0,
S004295,C01820,2025-12-30 11:39:59,social,mobile,A,0,
S004296,C01175,2025-04-06 20:58:42,organic,desktop,B,0,
S004297,C00040,2025-01-28 18:32:31,social,tablet,A,1,O001393
S004298,C00081,2025-02-10 12:38:35,organic,mobile,B,0,
S004299,C00394,2025-06-18 15:34:06,social,mobile,A,0,
S004300,C01505,2025-05-14 13:05:29,organic,desktop,B,0,
S004301,C00946,2025-08-13 21:41:09,organic,mobile,A,1,O001394
S004302,C00419,2025-06-10 18:45:11,social,mobile,B,0,
S004303,C01105,2025-03-14 07:31:18,organic,desktop,B,0,
S004304,C00312,2025-05-28 10:33:18,paid_search,mobile,A,1,O001395
S004305,C01706,2025-06-30 17:33:12,social,mobile,A,0,
S004306,C01149,2025-12-30 15:26:34,email,desktop,B,0,
S004307,C00765,2025-11-13 20:22:34,organic,tablet,B,0,
S004308,C00972,2025-03-17 16:15:59,paid_search,desktop,A,0,
S004309,C01179,2025-11-01 14:55:37,referral,mobile,B,0,
S004310,C00186,2025-02-08 18:26:09,organic,mobile,A,0,
S004311,C00993,2025-08-17 10:34:30,paid_search,mobile,B,0,
S004312,C00348,2025-12-19 10:25:18,email,mobile,A,1,O001396
S004313,C00436,2025-09-05 17:33:09,paid_search,mobile,A,0,
S004314,C00648,2025-07-19 21:16:51,email,mobile,A,1,O001397
S004315,C01982,2025-10-04 10:07:46,organic,mobile,A,0,
S004316,C00941,2025-11-24 11:14:44,social,mobile,B,0,
S004317,C01222,2025-02-13 12:50:58,email,mobile,A,0,
S004318,C01278,2025-05-28 22:41:56,paid_search,desktop,A,1,O001398
S004319,C01800,2025-09-26 18:05:50,email,mobile,A,1,O001399
S004320,C00890,2025-09-09 23:21:31,organic,mobile,A,0,
S004321,C00304,2025-11-01 21:53:31,paid_search,mobile,A,1,O001400
S004322,C00967,2025-03-26 22:21:01,social,desktop,B,1,O001401
S004323,C01355,2025-11-02 14:49:56,organic,desktop,B,0,
S004324,C00250,2025-10-03 07:09:52,social,mobile,A,0,
S004325,C01231,2025-10-04 22:13:19,email,mobile,B,1,O001402
S004326,C00631,2025-11-13 07:08:49,paid_search,desktop,B,0,
S004327,C01537,2025-06-06 08:49:14,organic,desktop,B,0,
S004328,C01856,2025-11-08 13:35:31,referral,desktop,A,1,O001403
S004329,C00587,2025-07-09 16:37:14,referral,desktop,B,1,O001404
S004330,C00365,2025-04-25 21:38:35,organic,mobile,B,0,
S004331,C00546,2025-06-11 08:35:27,email,desktop,A,0,
S004332,C01004,2025-09-11 22:24:10,paid_search,tablet,A,0,
S004333,C01715,2025-01-04 09:59:20,paid_search,mobile,B,1,O001405
S004334,C01402,2025-08-23 19:33:46,organic,mobile,A,1,O001406
S004335,C00468,2025-01-28 07:46:17,paid_search,mobile,A,0,
S004336,C01566,2025-06-12 07:45:56,social,desktop,A,1,O001407
S004337,C00920,2025-05-25 13:48:32,organic,mobile,A,0,
S004338,C01357,2025-02-20 12:44:20,paid_search,mobile,B,0,
S004339,C00869,2025-11-03 21:04:24,organic,mobile,B,0,
S004340,C01354,2025-02-25 14:43:52,organic,mobile,A,0,
S004341,C01496,2025-12-06 20:49:12,paid_search,mobile,A,0,
S004342,C01083,2025-04-26 20:15:47,social,mobile,B,0,
S004343,C01905,2025-07-17 18:23:56,social,mobile,B,0,
S004344,C00135,2025-06-22 09:31:06,social,tablet,B,0,
S004345,C01375,2025-05-22 11:24:20,social,mobile,B,0,
S004346,C01204,2025-08-04 20:02:55,social,desktop,A,0,
S004347,C00260,2025-04-24 13:09:56,email,mobile,A,1,O001408
S004348,C01151,2025-11-19 23:52:56,organic,mobile,B,0,
S004349,C00310,2025-08-04 15:28:33,organic,desktop,A,0,
S004350,C00462,2025-03-03 14:24:30,organic,mobile,A,0,
S004351,C00058,2025-03-13 17:32:50,referral,mobile,A,0,
S004352,C01608,2025-10-11 22:17:30,organic,mobile,A,0,
S004353,C00037,2025-03-04 17:25:31,email,tablet,B,1,O001409
S004354,C00222,2025-03-04 19:13:57,social,mobile,A,1,O001410
S004355,C00532,2025-08-25 21:21:30,paid_search,desktop,A,0,
S004356,C00915,2025-05-30 21:10:13,referral,desktop,B,1,O001411
S004357,C01914,2025-04-18 08:19:18,email,mobile,A,0,
S004358,C00487,2025-09-05 14:53:04,social,mobile,B,0,
S004359,C00447,2025-01-17 10:25:47,organic,desktop,B,0,
S004360,C01482,2025-09-20 18:28:25,email,tablet,A,0,
S004361,C01108,2025-03-01 22:28:40,email,desktop,A,1,O001412
S004362,C01091,2025-08-17 15:08:28,organic,mobile,B,0,
S004363,C01420,2025-06-11 22:08:41,email,mobile,A,0,
S004364,C01834,2025-03-14 07:01:48,email,tablet,A,1,O001413
S004365,C01204,2025-06-07 11:16:49,paid_search,desktop,A,0,
S004366,C01011,2025-10-17 23:00:13,organic,mobile,B,0,
S004367,C01195,2025-04-08 16:16:44,organic,mobile,B,1,O001414
S004368,C01798,2025-01-09 12:01:50,social,mobile,A,0,
S004369,C01066,2025-03-24 16:07:35,social,tablet,A,0,
S004370,C00840,2025-01-02 15:24:44,paid_search,mobile,A,0,
S004371,C00285,2025-06-14 13:14:45,organic,mobile,B,1,O001415
S004372,C00744,2025-05-03 23:38:50,social,desktop,A,1,O001416
S004373,C00890,2025-12-23 12:03:22,organic,mobile,A,0,
S004374,C01958,2025-01-09 17:17:10,paid_search,desktop,A,0,
S004375,C01968,2025-08-30 20:49:26,organic,desktop,A,0,
S004376,C01383,2025-12-09 07:37:29,paid_search,mobile,B,0,
S004377,C01891,2025-12-25 23:03:08,organic,desktop,B,1,O001417
S004378,C01050,2025-08-05 12:36:33,organic,desktop,A,1,O001418
S004379,C01439,2025-04-02 09:33:57,email,desktop,B,1,O001419
S004380,C00541,2025-04-23 08:03:33,paid_search,desktop,B,0,
S004381,C00147,2025-04-23 21:34:52,paid_search,mobile,B,1,O001420
S004382,C01341,2025-02-18 20:43:23,paid_search,mobile,B,0,
S004383,C01416,2025-02-28 21:11:51,paid_search,mobile,A,0,
S004384,C01555,2025-06-27 10:11:56,email,desktop,B,0,
S004385,C00060,2025-12-09 14:25:31,paid_search,mobile,A,1,O001421
S004386,C00350,2025-09-22 07:44:43,social,desktop,A,0,
S004387,C00308,2025-11-07 08:43:53,organic,mobile,A,0,
S004388,C00311,2025-09-16 23:19:15,organic,mobile,B,0,
S004389,C01129,2025-06-20 18:17:23,social,mobile,B,1,O001422
S004390,C00448,2025-08-20 20:25:54,referral,desktop,A,0,
S004391,C01633,2025-10-13 20:29:29,referral,mobile,B,1,O001423
S004392,C00625,2025-02-22 11:41:23,referral,desktop,B,1,O001424
S004393,C00376,2025-02-07 16:54:43,social,desktop,A,0,
S004394,C01499,2025-08-19 16:34:51,referral,mobile,B,0,
S004395,C00354,2025-05-13 12:10:23,paid_search,desktop,A,0,
S004396,C01023,2025-10-30 09:15:10,email,mobile,B,0,
S004397,C00180,2025-06-02 19:00:55,organic,mobile,A,0,
S004398,C01009,2025-03-31 21:53:13,referral,mobile,B,0,
S004399,C00374,2025-06-26 14:37:37,paid_search,mobile,A,0,
S004400,C00250,2025-05-10 16:36:23,social,desktop,A,1,O001425
S004401,C00489,2025-09-18 08:15:04,paid_search,mobile,B,0,
S004402,C00658,2025-04-14 21:36:16,organic,desktop,A,0,
S004403,C01084,2025-01-01 11:06:44,organic,mobile,A,0,
S004404,C00095,2025-11-29 11:25:25,social,desktop,B,1,O001426
S004405,C02000,2025-12-13 14:28:31,social,tablet,A,0,
S004406,C01516,2025-08-23 09:44:00,organic,desktop,A,1,O001427
S004407,C00162,2025-03-03 08:55:05,social,desktop,A,1,O001428
S004408,C01801,2025-03-18 08:01:30,organic,desktop,B,0,
S004409,C00720,2025-08-08 12:26:01,paid_search,desktop,A,0,
S004410,C00889,2025-10-31 17:43:24,organic,mobile,B,0,
S004411,C01716,2025-05-22 23:42:56,organic,mobile,A,0,
S004412,C01663,2025-10-28 19:08:03,social,mobile,B,1,O001429
S004413,C01251,2025-06-03 23:15:28,paid_search,mobile,B,1,O001430
S004414,C00056,2025-02-07 10:26:48,paid_search,desktop,A,1,O001431
S004415,C00105,2025-09-05 13:04:16,email,mobile,B,1,O001432
S004416,C00178,2025-01-24 16:05:53,organic,mobile,A,0,
S004417,C00629,2025-10-30 11:39:56,organic,mobile,B,1,O001433
S004418,C00827,2025-03-26 10:48:49,referral,mobile,B,0,
S004419,C01846,2025-03-25 08:16:28,paid_search,desktop,A,1,O001434
S004420,C01880,2025-06-13 08:15:49,referral,mobile,A,1,O001435
S004421,C00732,2025-09-23 13:35:26,referral,mobile,A,0,
S004422,C00216,2025-04-01 20:25:53,paid_search,desktop,A,1,O001436
S004423,C00148,2025-08-21 15:11:54,referral,mobile,A,1,O001437
S004424,C01013,2025-06-20 07:46:47,social,mobile,B,0,
S004425,C00410,2025-05-16 16:37:57,referral,desktop,A,1,O001438
S004426,C00058,2025-11-24 13:01:29,email,mobile,A,1,O001439
S004427,C01637,2025-06-12 09:59:34,email,mobile,B,0,
S004428,C00574,2025-06-11 14:51:44,paid_search,tablet,A,1,O001440
S004429,C01993,2025-04-20 10:25:06,social,mobile,B,0,
S004430,C01587,2025-12-05 11:17:46,email,desktop,B,0,
S004431,C01408,2025-11-24 23:53:46,paid_search,mobile,A,1,O001441
S004432,C01053,2025-11-08 13:36:24,paid_search,desktop,B,1,O001442
S004433,C00648,2025-03-23 19:07:11,social,mobile,A,0,
S004434,C01661,2025-06-21 14:10:56,email,mobile,B,1,O001443
S004435,C00429,2025-07-05 07:21:23,email,desktop,B,1,O001444
S004436,C00916,2025-07-19 19:16:47,social,desktop,A,1,O001445
S004437,C00278,2025-10-03 12:39:09,email,desktop,A,1,O001446
S004438,C00040,2025-10-05 17:28:20,social,tablet,A,0,
S004439,C00798,2025-09-30 08:23:43,social,desktop,A,1,O001447
S004440,C01950,2025-09-15 18:09:25,social,mobile,A,0,
S004441,C00069,2025-05-30 23:04:34,organic,mobile,B,1,O001448
S004442,C01298,2025-11-12 13:15:55,paid_search,mobile,A,0,
S004443,C01058,2025-12-07 07:02:30,email,desktop,A,0,
S004444,C01795,2025-08-27 12:39:05,paid_search,desktop,B,1,O001449
S004445,C01213,2025-09-01 12:55:49,paid_search,desktop,B,1,O001450
S004446,C00102,2025-11-15 09:06:36,paid_search,desktop,A,1,O001451
S004447,C00073,2025-07-19 22:40:59,organic,mobile,B,0,
S004448,C00215,2025-11-01 12:30:10,email,mobile,B,0,
S004449,C00912,2025-09-29 13:02:17,referral,mobile,A,1,O001452
S004450,C01069,2025-08-10 13:32:39,paid_search,desktop,B,1,O001453
S004451,C01372,2025-05-28 15:56:43,referral,desktop,A,0,
S004452,C00269,2025-09-10 22:32:34,email,desktop,B,1,O001454
S004453,C01820,2025-10-05 21:12:14,social,desktop,A,0,
S004454,C00892,2025-01-23 23:41:28,paid_search,mobile,A,0,
S004455,C00621,2025-12-01 08:28:20,social,mobile,B,1,O001455
S004456,C01270,2025-08-07 12:19:02,social,mobile,A,0,
S004457,C00775,2025-11-29 09:07:51,organic,mobile,B,1,O001456
S004458,C01031,2025-03-13 14:34:42,email,desktop,B,1,O001457
S004459,C01220,2025-06-08 15:16:06,referral,desktop,A,0,
S004460,C01836,2025-11-16 15:13:55,referral,mobile,A,0,
S004461,C01685,2025-06-28 18:02:22,email,mobile,B,1,O001458
S004462,C01002,2025-05-10 21:33:23,social,mobile,A,0,
S004463,C00978,2025-03-07 19:24:34,social,mobile,A,0,
S004464,C00914,2025-12-26 10:42:42,social,mobile,A,0,
S004465,C01716,2025-03-08 09:32:09,social,mobile,A,1,O001459
S004466,C00296,2025-10-21 13:56:43,referral,mobile,A,0,
S004467,C01907,2025-10-28 12:50:20,paid_search,desktop,B,1,O001460
S004468,C00184,2025-07-26 18:14:41,referral,mobile,A,1,O001461
S004469,C00724,2025-12-23 12:08:34,referral,tablet,A,0,
S004470,C00268,2025-07-13 09:38:28,email,mobile,A,1,O001462
S004471,C01878,2025-11-29 13:56:42,social,desktop,A,0,
S004472,C00010,2025-08-28 10:58:26,paid_search,mobile,A,1,O001463
S004473,C00366,2025-04-25 09:24:23,paid_search,desktop,A,0,
S004474,C00202,2025-10-30 09:44:40,email,mobile,A,1,O001464
S004475,C01267,2025-04-22 12:05:31,organic,tablet,B,0,
S004476,C00047,2025-02-02 19:16:56,organic,mobile,B,0,
S004477,C01519,2025-01-13 20:14:20,organic,mobile,B,0,
S004478,C01504,2025-09-28 16:26:41,social,mobile,A,1,O001465
S004479,C01164,2025-06-08 14:56:10,organic,desktop,A,0,
S004480,C00949,2025-04-16 15:21:34,email,desktop,B,0,
S004481,C00066,2025-04-04 13:59:32,email,desktop,A,1,O001466
S004482,C01742,2025-06-08 12:13:03,social,mobile,A,0,
S004483,C01178,2025-11-26 21:34:20,referral,mobile,A,0,
S004484,C00873,2025-10-27 15:18:12,paid_search,mobile,B,1,O001467
S004485,C01126,2025-11-06 11:18:48,paid_search,mobile,A,0,
S004486,C01281,2025-11-04 20:16:44,organic,mobile,B,0,
S004487,C00780,2025-12-13 08:46:57,social,desktop,A,0,
S004488,C00617,2025-08-26 15:38:23,organic,mobile,B,1,O001468
S004489,C01828,2025-09-07 11:28:53,social,desktop,A,0,
S004490,C01273,2025-02-15 08:18:53,referral,desktop,B,1,O001469
S004491,C01758,2025-05-11 17:59:01,organic,mobile,A,0,
S004492,C00450,2025-01-06 21:19:55,organic,mobile,A,1,O001470
S004493,C00687,2025-05-09 18:27:52,social,mobile,B,1,O001471
S004494,C01180,2025-05-03 09:13:12,referral,desktop,A,1,O001472
S004495,C01255,2025-05-21 14:20:26,email,mobile,B,0,
S004496,C00559,2025-02-03 14:59:11,organic,desktop,B,0,
S004497,C01954,2025-10-14 11:03:15,social,mobile,A,0,
S004498,C00486,2025-06-23 21:57:00,organic,desktop,A,1,O001473
S004499,C01160,2025-05-20 14:08:02,paid_search,desktop,A,1,O001474
S004500,C00784,2025-09-13 12:16:28,referral,mobile,A,0,
S004501,C01043,2025-11-08 17:16:43,organic,mobile,B,0,
S004502,C01766,2025-06-07 11:20:46,organic,mobile,A,0,
S004503,C01127,2025-11-26 22:23:40,paid_search,mobile,B,0,
S004504,C01106,2025-11-18 16:25:12,email,tablet,A,1,O001475
S004505,C01925,2025-05-14 20:17:25,social,desktop,B,0,
S004506,C00729,2025-02-27 17:41:13,organic,mobile,B,0,
S004507,C00244,2025-12-27 15:25:42,organic,mobile,A,1,O001476
S004508,C00473,2025-07-18 19:22:11,social,mobile,B,1,O001477
S004509,C00911,2025-07-01 17:19:30,referral,mobile,B,1,O001478
S004510,C00156,2025-06-02 07:03:30,organic,mobile,A,0,
S004511,C01402,2025-12-03 10:17:30,social,mobile,A,0,
S004512,C00835,2025-03-11 15:56:12,social,desktop,B,0,
S004513,C01316,2025-09-21 08:24:08,referral,desktop,A,0,
S004514,C00616,2025-01-18 19:32:20,paid_search,mobile,A,1,O001479
S004515,C01123,2025-07-12 08:40:16,referral,mobile,B,1,O001480
S004516,C00146,2025-05-30 13:17:24,referral,mobile,A,0,
S004517,C00612,2025-11-18 07:02:46,social,mobile,A,1,O001481
S004518,C00964,2025-05-17 08:28:25,referral,desktop,A,1,O001482
S004519,C00240,2025-08-15 23:11:09,paid_search,mobile,A,0,
S004520,C00235,2025-11-13 23:21:51,paid_search,desktop,B,0,
S004521,C01190,2025-06-19 23:31:01,social,mobile,A,1,O001483
S004522,C01001,2025-11-08 07:57:52,organic,mobile,B,0,
S004523,C00943,2025-10-08 16:39:31,paid_search,mobile,B,1,O001484
S004524,C01494,2025-01-26 18:01:56,paid_search,desktop,A,1,O001485
S004525,C01423,2025-05-27 12:43:35,social,desktop,B,0,
S004526,C00423,2025-06-08 18:28:13,paid_search,mobile,B,0,
S004527,C00533,2025-11-08 13:14:23,social,desktop,B,1,O001486
S004528,C01909,2025-06-18 23:03:12,organic,tablet,B,0,
S004529,C00052,2025-12-30 11:48:29,organic,mobile,A,0,
S004530,C01112,2025-02-19 18:02:56,email,desktop,A,0,
S004531,C01021,2025-03-08 23:09:27,organic,tablet,B,0,
S004532,C01255,2025-10-19 13:41:16,referral,desktop,B,0,
S004533,C00356,2025-06-21 11:08:09,paid_search,tablet,A,0,
S004534,C01579,2025-12-06 22:50:04,paid_search,mobile,B,0,
S004535,C01941,2025-08-24 21:02:08,paid_search,desktop,B,1,O001487
S004536,C01262,2025-07-19 17:20:30,social,desktop,A,0,
S004537,C01027,2025-10-01 16:15:36,referral,desktop,B,1,O001488
S004538,C01129,2025-08-10 18:27:36,email,mobile,B,0,
S004539,C00428,2025-10-20 22:59:49,email,mobile,A,1,O001489
S004540,C01874,2025-04-14 22:32:35,email,mobile,A,1,O001490
S004541,C01239,2025-12-06 15:08:11,organic,mobile,B,0,
S004542,C00398,2025-12-17 23:48:26,paid_search,mobile,A,0,
S004543,C01134,2025-04-01 11:26:54,organic,mobile,A,0,
S004544,C01632,2025-06-23 15:24:36,paid_search,desktop,A,0,
S004545,C01091,2025-06-20 22:06:54,social,desktop,B,1,O001491
S004546,C00370,2025-11-16 23:22:14,paid_search,mobile,A,0,
S004547,C01931,2025-08-10 13:21:20,referral,mobile,B,0,
S004548,C00197,2025-05-04 19:45:33,organic,desktop,B,0,
S004549,C01984,2025-08-07 16:41:29,social,desktop,A,0,
S004550,C01436,2025-09-16 20:07:20,paid_search,desktop,A,0,
S004551,C00997,2025-11-06 20:36:13,social,mobile,B,0,
S004552,C01385,2025-07-28 17:59:37,organic,desktop,B,0,
S004553,C01676,2025-02-03 19:51:05,paid_search,mobile,A,1,O001492
S004554,C00700,2025-09-21 17:43:43,organic,mobile,A,0,
S004555,C00646,2025-05-20 12:02:41,paid_search,desktop,A,0,
S004556,C01164,2025-06-08 18:44:44,paid_search,mobile,A,0,
S004557,C00462,2025-03-21 15:39:42,referral,mobile,A,0,
S004558,C01077,2025-12-26 17:49:05,social,mobile,B,1,O001493
S004559,C00283,2025-11-23 22:33:22,organic,desktop,B,1,O001494
S004560,C00398,2025-04-26 09:19:17,organic,desktop,A,0,
S004561,C00982,2025-04-02 18:07:25,social,desktop,A,0,
S004562,C01969,2025-03-10 12:52:52,social,desktop,B,0,
S004563,C01338,2025-12-19 09:06:52,paid_search,desktop,A,0,
S004564,C01243,2025-04-11 22:28:18,organic,mobile,B,1,O001495
S004565,C01107,2025-07-11 18:13:38,referral,mobile,B,0,
S004566,C01349,2025-08-21 15:16:59,organic,mobile,B,1,O001496
S004567,C00347,2025-12-11 16:26:15,paid_search,mobile,B,0,
S004568,C00404,2025-12-17 19:18:28,email,mobile,A,1,O001497
S004569,C01186,2025-12-23 22:58:42,organic,mobile,A,0,
S004570,C01651,2025-06-20 07:05:21,referral,desktop,B,1,O001498
S004571,C01255,2025-05-14 09:25:51,email,mobile,B,0,
S004572,C01389,2025-08-10 22:25:31,referral,mobile,B,0,
S004573,C00880,2025-08-23 23:30:27,organic,mobile,A,0,
S004574,C01930,2025-05-07 19:45:32,paid_search,mobile,A,0,
S004575,C01118,2025-11-30 08:00:30,organic,mobile,A,0,
S004576,C00778,2025-12-08 14:49:17,social,mobile,A,1,O001499
S004577,C00201,2025-11-26 19:32:08,organic,desktop,B,0,
S004578,C00681,2025-12-28 18:35:20,referral,mobile,B,1,O001500
S004579,C01611,2025-10-02 22:46:47,paid_search,desktop,B,0,
S004580,C01211,2025-10-29 08:00:36,referral,desktop,B,0,
S004581,C00167,2025-09-16 13:06:35,organic,mobile,B,0,
S004582,C01505,2025-03-17 07:49:03,email,desktop,B,1,O001501
S004583,C01512,2025-06-12 12:06:26,social,mobile,A,0,
S004584,C01747,2025-03-30 23:32:22,social,mobile,B,1,O001502
S004585,C00124,2025-09-03 23:41:48,organic,desktop,A,0,
S004586,C01332,2025-06-08 17:06:10,referral,mobile,A,0,
S004587,C00317,2025-11-04 16:37:39,referral,mobile,B,1,O001503
S004588,C00680,2025-07-15 07:02:12,paid_search,desktop,A,0,
S004589,C01365,2025-10-25 09:13:24,organic,mobile,B,0,
S004590,C00691,2025-12-24 19:52:26,organic,desktop,B,1,O001504
S004591,C01650,2025-11-11 20:15:32,referral,desktop,A,1,O001505
S004592,C01354,2025-07-13 20:22:46,referral,desktop,A,0,
S004593,C01291,2025-11-03 12:10:48,referral,desktop,B,1,O001506
S004594,C01052,2025-03-16 15:27:14,paid_search,mobile,A,0,
S004595,C01487,2025-11-24 17:49:58,email,desktop,B,0,
S004596,C01477,2025-09-14 13:41:15,organic,desktop,B,0,
S004597,C01486,2025-03-12 22:57:27,paid_search,tablet,A,0,
S004598,C01380,2025-02-11 22:01:17,paid_search,mobile,A,1,O001507
S004599,C01431,2025-08-05 12:29:27,organic,mobile,B,0,
S004600,C00348,2025-04-16 17:22:56,paid_search,desktop,A,1,O001508
S004601,C01922,2025-11-16 10:52:10,referral,mobile,A,1,O001509
S004602,C00284,2025-02-07 17:37:35,organic,desktop,A,1,O001510
S004603,C00512,2025-03-07 11:37:22,paid_search,desktop,A,0,
S004604,C00335,2025-05-20 11:13:27,email,desktop,B,0,
S004605,C00286,2025-05-08 18:16:16,social,mobile,A,1,O001511
S004606,C01781,2025-09-18 19:45:45,social,tablet,B,0,
S004607,C00295,2025-05-11 20:08:09,organic,tablet,B,0,
S004608,C00417,2025-12-07 15:48:01,social,mobile,B,0,
S004609,C00556,2025-02-22 19:36:24,organic,desktop,A,1,O001512
S004610,C00117,2025-09-14 11:43:12,social,mobile,B,0,
S004611,C00573,2025-04-13 11:19:23,social,mobile,B,1,O001513
S004612,C01735,2025-12-12 10:16:13,paid_search,mobile,B,0,
S004613,C01081,2025-02-06 09:01:55,organic,mobile,B,0,
S004614,C00001,2025-02-08 23:01:31,organic,desktop,B,0,
S004615,C01723,2025-08-29 20:30:05,email,desktop,B,0,
S004616,C01148,2025-11-15 19:42:28,email,mobile,A,0,
S004617,C01220,2025-08-24 13:02:06,social,mobile,A,1,O001514
S004618,C01741,2025-03-21 13:02:09,paid_search,mobile,B,0,
S004619,C00882,2025-12-07 20:56:05,organic,desktop,A,1,O001515
S004620,C01654,2025-07-22 20:05:02,organic,mobile,A,0,
S004621,C00533,2025-02-22 18:57:38,organic,mobile,B,0,
S004622,C01419,2025-08-16 09:40:04,email,tablet,B,0,
S004623,C00372,2025-11-01 08:50:18,social,mobile,A,0,
S004624,C00797,2025-12-02 16:54:36,organic,mobile,B,1,O001516
S004625,C01500,2025-04-02 23:29:00,email,mobile,A,1,O001517
S004626,C01848,2025-11-05 23:41:30,paid_search,mobile,A,0,
S004627,C00383,2025-05-14 15:52:27,organic,mobile,B,0,
S004628,C01902,2025-07-15 11:00:37,referral,desktop,A,0,
S004629,C01673,2025-05-17 09:42:46,organic,desktop,B,0,
S004630,C00295,2025-01-17 10:12:56,email,mobile,B,1,O001518
S004631,C01004,2025-12-30 20:36:45,organic,desktop,A,0,
S004632,C00108,2025-05-14 21:36:37,referral,mobile,A,0,
S004633,C01294,2025-04-07 13:24:51,paid_search,mobile,A,0,
S004634,C00074,2025-01-24 21:22:08,organic,desktop,A,0,
S004635,C00400,2025-10-04 13:53:57,organic,mobile,A,1,O001519
S004636,C01582,2025-06-20 23:26:23,referral,mobile,A,1,O001520
S004637,C00336,2025-09-24 22:59:17,organic,desktop,A,0,
S004638,C01704,2025-02-09 14:39:21,email,tablet,A,1,O001521
S004639,C01261,2025-11-06 09:49:02,email,desktop,B,1,O001522
S004640,C01379,2025-06-12 18:05:06,organic,mobile,B,0,
S004641,C00557,2025-06-14 16:32:25,organic,desktop,B,1,O001523
S004642,C00905,2025-03-29 17:19:38,referral,mobile,B,0,
S004643,C01913,2025-11-06 22:39:51,organic,mobile,B,1,O001524
S004644,C00694,2025-08-28 12:03:56,social,mobile,A,0,
S004645,C01007,2025-10-25 18:05:40,referral,mobile,B,1,O001525
S004646,C01861,2025-03-15 15:29:43,referral,desktop,B,0,
S004647,C00511,2025-09-10 17:01:22,organic,desktop,B,0,
S004648,C00653,2025-04-19 13:57:55,organic,mobile,B,1,O001526
S004649,C00737,2025-02-06 15:38:58,organic,desktop,B,0,
S004650,C00354,2025-08-22 11:53:01,organic,mobile,A,0,
S004651,C01795,2025-12-02 07:30:39,email,tablet,B,0,
S004652,C01804,2025-11-22 14:05:37,social,mobile,A,0,
S004653,C00915,2025-06-25 19:48:41,paid_search,mobile,B,0,
S004654,C00431,2025-03-07 14:59:26,referral,mobile,B,0,
S004655,C01240,2025-03-17 09:39:12,paid_search,mobile,A,0,
S004656,C01029,2025-07-11 21:13:28,organic,mobile,B,1,O001527
S004657,C01696,2025-11-30 11:05:53,organic,desktop,A,0,
S004658,C01693,2025-11-18 08:56:48,social,mobile,B,0,
S004659,C01218,2025-12-15 23:58:57,organic,desktop,A,0,
S004660,C01300,2025-06-21 17:45:18,organic,desktop,A,1,O001528
S004661,C00520,2025-11-17 19:36:33,organic,mobile,A,0,
S004662,C01162,2025-12-05 16:40:17,referral,mobile,A,0,
S004663,C00536,2025-07-02 12:39:37,email,mobile,A,0,
S004664,C01925,2025-06-05 13:16:14,organic,mobile,B,1,O001529
S004665,C00030,2025-08-02 22:34:09,email,mobile,A,0,
S004666,C00766,2025-06-17 07:16:32,social,mobile,A,0,
S004667,C01475,2025-08-20 15:07:59,referral,mobile,B,0,
S004668,C00954,2025-01-27 08:26:00,referral,mobile,A,0,
S004669,C00955,2025-09-18 23:20:47,referral,mobile,B,1,O001530
S004670,C00206,2025-12-12 17:52:46,social,mobile,A,1,O001531
S004671,C01928,2025-02-28 09:26:54,paid_search,desktop,A,0,
S004672,C01172,2025-09-09 19:37:33,organic,mobile,A,0,
S004673,C00755,2025-06-21 07:16:09,social,tablet,B,0,
S004674,C01416,2025-07-23 23:06:41,organic,mobile,A,1,O001532
S004675,C01813,2025-09-17 09:41:31,organic,mobile,B,0,
S004676,C01728,2025-12-18 09:18:30,organic,mobile,A,0,
S004677,C00907,2025-04-19 17:50:13,organic,mobile,B,1,O001533
S004678,C01657,2025-05-15 13:45:10,paid_search,mobile,B,0,
S004679,C01186,2025-08-06 15:32:31,paid_search,mobile,A,0,
S004680,C00767,2025-04-11 18:50:13,organic,desktop,B,1,O001534
S004681,C00679,2025-07-19 15:43:03,email,desktop,B,0,
S004682,C01710,2025-05-08 17:28:07,social,mobile,A,0,
S004683,C00758,2025-05-16 07:29:18,social,desktop,A,0,
S004684,C00006,2025-12-04 10:21:13,email,desktop,A,1,O001535
S004685,C00716,2025-01-21 15:34:37,paid_search,desktop,A,0,
S004686,C00374,2025-06-02 07:16:57,paid_search,mobile,A,0,
S004687,C00859,2025-04-13 17:18:33,social,desktop,B,0,
S004688,C01941,2025-09-21 14:52:40,social,mobile,B,1,O001536
S004689,C01188,2025-01-11 08:33:32,organic,desktop,A,0,
S004690,C01991,2025-08-08 13:28:41,paid_search,mobile,B,1,O001537
S004691,C01483,2025-04-10 10:27:14,referral,desktop,B,1,O001538
S004692,C00288,2025-03-08 07:16:57,social,desktop,A,0,
S004693,C00369,2025-06-20 08:39:07,paid_search,desktop,B,0,
S004694,C01711,2025-11-10 09:40:26,referral,mobile,B,0,
S004695,C01728,2025-10-23 22:51:12,email,mobile,A,0,
S004696,C00073,2025-05-22 16:24:25,referral,desktop,B,1,O001539
S004697,C01452,2025-12-23 18:27:22,paid_search,mobile,A,0,
S004698,C01114,2025-04-28 19:43:54,email,mobile,A,0,
S004699,C00929,2025-07-22 07:25:59,email,mobile,B,1,O001540
S004700,C01000,2025-01-17 20:09:25,email,mobile,A,0,
S004701,C01084,2025-08-29 23:10:37,organic,mobile,A,0,
S004702,C01901,2025-11-23 08:27:08,organic,mobile,B,0,
S004703,C00958,2025-04-27 16:33:59,organic,mobile,A,1,O001541
S004704,C01088,2025-08-26 14:27:18,social,mobile,A,0,
S004705,C01283,2025-12-24 07:04:45,social,mobile,B,0,
S004706,C01648,2025-10-17 20:53:34,organic,mobile,A,1,O001542
S004707,C00712,2025-12-23 23:55:07,email,desktop,A,0,
S004708,C01314,2025-07-29 20:41:54,organic,mobile,A,1,O001543
S004709,C01253,2025-11-17 16:47:47,organic,mobile,B,0,
S004710,C01436,2025-03-18 18:57:39,paid_search,desktop,A,0,
S004711,C00437,2025-10-04 14:16:40,social,mobile,B,0,
S004712,C00635,2025-04-05 08:59:46,organic,tablet,B,0,
S004713,C01500,2025-07-10 19:57:03,referral,mobile,A,0,
S004714,C01820,2025-05-18 18:22:18,paid_search,mobile,A,1,O001544
S004715,C01413,2025-11-23 11:36:46,referral,mobile,B,0,
S004716,C00832,2025-05-31 16:59:25,organic,desktop,A,1,O001545
S004717,C00346,2025-03-30 10:42:39,paid_search,mobile,A,0,
S004718,C01580,2025-12-03 22:20:46,referral,mobile,A,0,
S004719,C01416,2025-01-31 20:57:50,organic,mobile,A,0,
S004720,C00895,2025-03-17 21:36:25,referral,mobile,B,0,
S004721,C01699,2025-09-15 14:08:45,social,mobile,B,1,O001546
S004722,C00855,2025-08-30 18:00:25,organic,mobile,B,0,
S004723,C00668,2025-05-03 13:05:16,organic,desktop,A,0,
S004724,C00082,2025-02-08 07:25:01,referral,mobile,A,1,O001547
S004725,C00047,2025-10-29 14:46:08,organic,mobile,B,0,
S004726,C01635,2025-09-20 07:59:55,paid_search,mobile,B,0,
S004727,C01473,2025-09-10 10:27:40,organic,mobile,B,1,O001548
S004728,C00499,2025-03-05 10:59:31,organic,desktop,B,0,
S004729,C00383,2025-12-07 12:46:04,social,tablet,B,1,O001549
S004730,C00313,2025-05-24 20:35:35,organic,mobile,B,0,
S004731,C01616,2025-09-14 13:50:01,social,desktop,A,0,
S004732,C00788,2025-04-02 18:29:20,paid_search,desktop,A,0,
S004733,C01389,2025-10-01 21:56:03,organic,tablet,B,0,
S004734,C01856,2025-04-18 10:29:46,organic,desktop,A,0,
S004735,C01885,2025-05-04 15:37:40,paid_search,mobile,B,0,
S004736,C00846,2025-10-08 23:58:34,paid_search,mobile,A,1,O001550
S004737,C01864,2025-09-16 20:54:53,organic,desktop,A,0,
S004738,C01658,2025-08-05 12:15:42,social,mobile,A,0,
S004739,C01564,2025-02-25 11:30:26,email,desktop,A,1,O001551
S004740,C00825,2025-01-15 17:03:42,organic,mobile,B,1,O001552
S004741,C01041,2025-07-23 18:13:12,paid_search,desktop,B,0,
S004742,C00772,2025-05-31 08:05:46,organic,mobile,A,0,
S004743,C00663,2025-06-13 17:23:27,organic,mobile,B,0,
S004744,C00267,2025-08-12 15:57:11,organic,mobile,B,1,O001553
S004745,C00960,2025-02-09 18:33:36,referral,desktop,A,0,
S004746,C01492,2025-05-14 17:37:30,social,mobile,A,0,
S004747,C00965,2025-06-06 14:38:37,social,mobile,B,0,
S004748,C00693,2025-02-28 09:33:52,organic,mobile,B,0,
S004749,C00375,2025-08-13 07:46:51,social,mobile,B,0,
S004750,C01259,2025-10-30 12:36:24,organic,mobile,B,1,O001554
S004751,C00876,2025-07-21 13:59:50,paid_search,mobile,A,1,O001555
S004752,C01084,2025-04-09 10:27:59,paid_search,mobile,A,0,
S004753,C00292,2025-05-07 12:09:44,social,mobile,A,0,
S004754,C00015,2025-12-12 15:51:12,paid_search,mobile,B,1,O001556
S004755,C00956,2025-06-24 20:44:15,organic,mobile,A,0,
S004756,C00049,2025-07-22 15:00:31,social,desktop,B,0,
S004757,C00763,2025-03-11 19:49:49,email,mobile,B,0,
S004758,C00767,2025-12-30 16:44:07,email,desktop,B,0,
S004759,C01488,2025-05-23 08:45:11,paid_search,desktop,A,0,
S004760,C01800,2025-12-24 21:36:55,email,desktop,A,1,O001557
S004761,C00276,2025-05-09 11:19:07,organic,mobile,A,0,
S004762,C01750,2025-02-15 09:45:50,referral,mobile,A,1,O001558
S004763,C01814,2025-10-12 20:21:06,email,mobile,A,0,
S004764,C01365,2025-01-16 17:07:37,organic,mobile,B,0,
S004765,C00211,2025-01-10 10:32:58,email,mobile,B,0,
S004766,C00936,2025-10-04 22:52:25,paid_search,mobile,A,0,
S004767,C01797,2025-03-18 17:08:09,paid_search,tablet,B,1,O001559
S004768,C01712,2025-11-09 12:14:46,organic,mobile,A,0,
S004769,C01984,2025-02-12 19:31:37,email,mobile,A,1,O001560
S004770,C01144,2025-02-10 14:27:30,email,desktop,A,0,
S004771,C00241,2025-03-16 23:56:31,organic,mobile,B,1,O001561
S004772,C00825,2025-04-17 11:01:18,paid_search,desktop,B,0,
S004773,C01085,2025-12-19 14:45:59,email,mobile,B,1,O001562
S004774,C00576,2025-11-23 16:12:13,paid_search,desktop,A,1,O001563
S004775,C01062,2025-04-12 12:41:27,paid_search,mobile,A,1,O001564
S004776,C00880,2025-10-08 17:00:08,paid_search,desktop,A,0,
S004777,C01150,2025-04-16 21:03:08,paid_search,mobile,A,0,
S004778,C01503,2025-07-01 13:44:08,organic,mobile,B,0,
S004779,C00753,2025-09-13 21:49:13,paid_search,desktop,B,1,O001565
S004780,C00165,2025-08-20 23:04:58,referral,mobile,B,0,
S004781,C00957,2025-02-02 20:55:39,paid_search,mobile,B,1,O001566
S004782,C01267,2025-01-07 22:25:34,organic,mobile,B,0,
S004783,C01130,2025-06-14 08:30:17,organic,mobile,A,1,O001567
S004784,C00757,2025-05-29 09:30:47,referral,mobile,B,0,
S004785,C00920,2025-11-19 22:58:10,organic,mobile,A,1,O001568
S004786,C01925,2025-06-18 10:56:57,social,desktop,B,0,
S004787,C00171,2025-01-27 15:21:41,email,mobile,B,0,
S004788,C01055,2025-12-19 22:41:51,organic,mobile,B,1,O001569
S004789,C00443,2025-11-26 13:46:01,social,mobile,B,1,O001570
S004790,C01277,2025-06-05 10:53:38,paid_search,mobile,B,0,
S004791,C00254,2025-12-04 07:35:08,organic,desktop,A,1,O001571
S004792,C00107,2025-07-24 16:59:25,social,desktop,B,1,O001572
S004793,C00804,2025-08-16 13:20:44,organic,mobile,A,0,
S004794,C00908,2025-05-08 07:06:55,referral,mobile,A,1,O001573
S004795,C00584,2025-09-17 11:20:51,email,mobile,A,1,O001574
S004796,C01591,2025-04-06 08:11:04,email,desktop,B,1,O001575
S004797,C01236,2025-09-30 22:43:09,social,mobile,A,0,
S004798,C01232,2025-09-30 21:12:26,social,mobile,A,1,O001576
S004799,C00617,2025-08-07 09:52:40,organic,mobile,B,0,
S004800,C00532,2025-11-18 14:42:21,social,mobile,A,0,
S004801,C00480,2025-12-21 19:35:28,social,mobile,A,0,
S004802,C00338,2025-08-16 20:10:47,organic,desktop,A,1,O001577
S004803,C00423,2025-11-25 14:45:30,organic,mobile,B,1,O001578
S004804,C01118,2025-06-30 07:40:42,email,desktop,A,0,
S004805,C00433,2025-12-07 18:57:36,organic,mobile,B,1,O001579
S004806,C00954,2025-12-20 15:14:10,organic,desktop,A,0,
S004807,C01507,2025-12-07 22:52:39,social,mobile,B,0,
S004808,C00577,2025-11-07 10:17:52,social,mobile,B,0,
S004809,C01724,2025-06-30 20:26:24,paid_search,mobile,A,0,
S004810,C01062,2025-03-20 15:11:14,social,desktop,A,1,O001580
S004811,C00541,2025-04-25 23:19:07,paid_search,mobile,B,0,
S004812,C01628,2025-01-21 21:06:46,organic,desktop,A,1,O001581
S004813,C00844,2025-11-29 20:19:26,referral,mobile,A,0,
S004814,C01404,2025-10-23 07:37:14,email,desktop,A,0,
S004815,C00638,2025-03-09 08:35:22,social,mobile,A,0,
S004816,C01741,2025-06-11 16:15:40,email,mobile,B,0,
S004817,C01406,2025-10-26 19:59:13,paid_search,mobile,A,0,
S004818,C01745,2025-02-10 09:23:00,social,mobile,B,1,O001582
S004819,C00034,2025-08-15 08:50:02,referral,desktop,A,0,
S004820,C00531,2025-07-01 15:26:25,social,desktop,B,0,
S004821,C01685,2025-12-19 20:46:37,organic,Unknown,B,0,
S004822,C01178,2025-06-09 23:07:28,paid_search,desktop,A,0,
S004823,C01942,2025-01-20 14:09:32,referral,mobile,A,0,
S004824,C01556,2025-12-29 18:59:41,organic,desktop,A,1,O001583
S004825,C01804,2025-07-25 17:49:17,referral,mobile,A,0,
S004826,C01172,2025-09-12 22:45:00,organic,tablet,A,0,
S004827,C00409,2025-08-25 23:33:33,referral,mobile,B,0,
S004828,C01575,2025-03-05 16:13:47,paid_search,mobile,B,0,
S004829,C00100,2025-11-05 22:06:25,referral,mobile,A,0,
S004830,C01555,2025-10-12 18:02:56,email,mobile,B,1,O001584
S004831,C01804,2025-08-06 12:58:59,referral,mobile,A,1,O001585
S004832,C00162,2025-02-10 10:48:26,paid_search,mobile,A,0,
S004833,C01408,2025-06-05 19:37:45,paid_search,mobile,A,0,
S004834,C00865,2025-04-06 23:01:47,organic,mobile,B,1,O001586
S004835,C00493,2025-07-08 15:15:29,social,mobile,B,0,
S004836,C01541,2025-07-25 20:47:15,referral,desktop,B,1,O001587
S004837,C00127,2025-07-05 08:49:54,paid_search,mobile,B,1,O001588
S004838,C00377,2025-11-27 23:57:16,Unknown,mobile,B,0,
S004839,C00465,2025-06-06 12:39:34,referral,mobile,B,1,O001589
S004840,C00378,2025-05-02 19:29:21,email,desktop,A,0,
S004841,C01477,2025-08-28 21:50:38,email,desktop,B,0,
S004842,C00973,2025-01-10 08:11:36,email,mobile,B,1,O001590
S004843,C01089,2025-02-14 14:28:13,email,desktop,B,0,
S004844,C01406,2025-09-25 11:13:18,referral,mobile,A,1,O001591
S004845,C01310,2025-07-04 08:37:05,paid_search,desktop,A,0,
S004846,C01387,2025-10-12 21:12:18,paid_search,mobile,B,0,
S004847,C00568,2025-10-26 12:12:01,referral,mobile,A,0,
S004848,C01143,2025-12-31 19:45:01,referral,mobile,B,0,
S004849,C00524,2025-06-27 23:43:26,social,mobile,A,0,
S004850,C00022,2025-12-24 20:25:38,paid_search,mobile,A,1,O001592
S004851,C01228,2025-04-07 16:53:10,referral,tablet,A,0,
S004852,C01639,2025-10-21 19:24:53,organic,mobile,B,0,
S004853,C01347,2025-05-17 09:19:40,social,desktop,B,0,
S004854,C00402,2025-10-04 17:16:54,paid_search,desktop,A,0,
S004855,C01058,2025-11-21 11:53:41,paid_search,tablet,A,0,
S004856,C00280,2025-12-18 08:31:15,paid_search,tablet,A,1,O001593
S004857,C00091,2025-07-20 13:36:35,organic,mobile,B,1,O001594
S004858,C01485,2025-09-28 23:54:57,social,mobile,B,1,O001595
S004859,C00176,2025-11-14 17:01:43,email,mobile,A,0,
S004860,C00022,2025-06-24 09:26:42,email,mobile,A,0,
S004861,C01462,2025-02-15 21:20:15,social,desktop,A,0,
S004862,C00960,2025-02-16 13:17:27,social,tablet,A,0,
S004863,C00162,2025-03-10 13:51:12,email,mobile,A,0,
S004864,C01664,2025-11-20 19:40:50,paid_search,mobile,A,0,
S004865,C00668,2025-06-10 15:07:37,referral,desktop,A,1,O001596
S004866,C00910,2025-04-30 11:43:56,paid_search,desktop,A,0,
S004867,C01141,2025-08-21 15:46:09,organic,mobile,B,0,
S004868,C01122,2025-07-10 23:23:26,referral,desktop,A,0,
S004869,C01976,2025-09-05 14:06:08,social,desktop,A,1,O001597
S004870,C00919,2025-09-27 23:47:24,paid_search,mobile,B,1,O001598
S004871,C00503,2025-07-03 17:03:21,paid_search,tablet,B,0,
S004872,C00264,2025-02-07 22:13:38,paid_search,mobile,A,0,
S004873,C01582,2025-10-14 07:38:44,email,mobile,A,0,
S004874,C00842,2025-11-12 11:26:41,referral,desktop,A,0,
S004875,C00616,2025-11-22 09:52:17,social,desktop,A,0,
S004876,C01352,2025-06-06 19:07:44,paid_search,mobile,A,1,O001599
S004877,C00985,2025-11-26 07:31:45,email,mobile,B,0,
S004878,C01972,2025-02-05 22:18:30,social,mobile,A,0,
S004879,C00392,2025-11-29 22:05:24,email,mobile,A,1,O001600
S004880,C00348,2025-01-30 11:12:41,paid_search,desktop,A,0,
S004881,C00236,2025-11-15 11:02:39,organic,desktop,A,0,
S004882,C01840,2025-12-30 22:51:48,email,desktop,A,0,
S004883,C01845,2025-11-12 23:38:54,paid_search,mobile,B,0,
S004884,C01412,2025-09-24 16:26:04,paid_search,desktop,A,0,
S004885,C00130,2025-01-23 21:40:54,social,mobile,A,1,O001601
S004886,C01132,2025-10-30 12:12:24,paid_search,mobile,A,0,
S004887,C00685,2025-12-18 10:29:45,organic,tablet,B,0,
S004888,C00165,2025-12-03 14:42:49,paid_search,desktop,B,1,O001602
S004889,C00355,2025-10-25 19:49:41,paid_search,mobile,B,0,
S004890,C00381,2025-07-17 19:18:08,social,tablet,B,1,O001603
S004891,C01271,2025-10-01 13:59:18,paid_search,mobile,B,0,
S004892,C00964,2025-06-23 08:28:33,email,mobile,A,0,
S004893,C01973,2025-05-02 21:31:54,organic,desktop,B,0,
S004894,C00088,2025-03-05 11:23:48,referral,mobile,A,1,O001604
S004895,C00018,2025-08-10 12:27:51,email,desktop,A,0,
S004896,C00263,2025-12-19 10:59:49,social,mobile,B,0,
S004897,C01022,2025-04-18 18:12:00,organic,mobile,A,0,
S004898,C00564,2025-10-04 15:55:56,organic,mobile,A,0,
S004899,C01776,2025-07-29 21:23:32,organic,desktop,A,0,
S004900,C00340,2025-11-15 13:45:44,social,mobile,A,0,
S004901,C00021,2025-06-03 16:44:09,organic,desktop,B,0,
S004902,C00208,2025-07-22 21:19:20,referral,mobile,A,1,O001605
S004903,C00452,2025-06-05 17:46:29,email,tablet,A,0,
S004904,C00671,2025-01-11 09:44:56,social,desktop,B,0,
S004905,C00536,2025-05-09 13:34:27,referral,mobile,A,1,O001606
S004906,C00710,2025-10-22 19:54:33,social,desktop,A,0,
S004907,C01956,2025-01-15 23:43:37,organic,mobile,A,1,O001607
S004908,C01058,2025-01-28 07:41:44,referral,desktop,A,0,
S004909,C00146,2025-01-20 15:13:01,email,tablet,A,1,O001608
S004910,C00139,2025-04-09 21:31:00,email,tablet,B,0,
S004911,C01228,2025-12-22 17:46:47,organic,tablet,A,0,
S004912,C00691,2025-05-29 10:06:49,organic,mobile,B,0,
S004913,C00218,2025-12-09 09:52:43,social,desktop,A,0,
S004914,C00401,2025-04-16 15:53:56,email,mobile,B,0,
S004915,C00911,2025-09-20 12:32:27,referral,mobile,B,0,
S004916,C00797,2025-04-22 15:08:41,paid_search,desktop,B,0,
S004917,C01180,2025-03-24 15:00:29,social,mobile,A,0,
S004918,C00677,2025-11-23 22:39:52,organic,mobile,B,0,
S004919,C00376,2025-07-03 09:06:48,social,mobile,A,0,
S004920,C00896,2025-03-22 11:51:28,social,mobile,A,0,
S004921,C01642,2025-09-19 22:01:17,email,tablet,A,0,
S004922,C01467,2025-07-14 13:08:42,organic,desktop,B,1,O001609
S004923,C01567,2025-11-03 11:38:34,referral,mobile,B,0,
S004924,C01455,2025-07-09 08:33:46,referral,mobile,B,0,
S004925,C01982,2025-02-11 22:39:35,social,mobile,A,1,O001610
S004926,C01144,2025-10-19 15:50:36,social,tablet,A,0,
S004927,C00417,2025-08-23 12:33:57,email,desktop,B,1,O001611
S004928,C01605,2025-03-30 16:54:42,referral,desktop,B,1,O001612
S004929,C01819,2025-04-11 13:37:57,referral,tablet,B,0,
S004930,C01881,2025-02-01 18:11:57,paid_search,mobile,B,0,
S004931,C00139,2025-04-02 08:28:30,organic,desktop,B,0,
S004932,C00063,2025-07-08 23:35:08,social,desktop,B,0,
S004933,C00702,2025-05-20 11:40:52,organic,tablet,A,0,
S004934,C01424,2025-09-27 23:21:16,organic,desktop,A,0,
S004935,C01177,2025-10-29 07:57:19,referral,mobile,B,1,O001613
S004936,C00771,2025-09-06 17:16:54,social,mobile,B,0,
S004937,C00393,2025-04-21 09:25:09,organic,mobile,B,0,
S004938,C01398,2025-10-25 12:27:13,social,mobile,A,0,
S004939,C01660,2025-03-29 23:12:24,organic,mobile,A,1,O001614
S004940,C01510,2025-05-30 07:30:58,paid_search,mobile,A,0,
S004941,C00309,2025-03-02 16:47:33,organic,desktop,B,1,O001615
S004942,C01153,2025-10-24 19:27:35,organic,mobile,B,0,
S004943,C01124,2025-10-17 21:40:57,organic,mobile,A,0,
S004944,C01021,2025-09-19 20:02:15,social,mobile,B,0,
S004945,C00683,2025-08-21 14:51:08,email,desktop,B,1,O001616
S004946,C00109,2025-08-07 20:30:06,email,mobile,B,1,O001617
S004947,C01344,2025-07-28 07:07:33,organic,tablet,A,0,
S004948,C01499,2025-07-22 08:20:12,email,mobile,B,1,O001618
S004949,C01237,2025-08-08 08:57:10,organic,desktop,B,1,O001619
S004950,C01053,2025-10-07 12:16:29,referral,desktop,B,1,O001620
S004951,C00172,2025-08-15 12:33:46,referral,desktop,A,1,O001621
S004952,C00497,2025-03-14 22:56:03,email,desktop,B,1,O001622
S004953,C00587,2025-10-11 21:05:48,email,mobile,B,0,
S004954,C01664,2025-11-17 15:03:40,paid_search,mobile,A,1,O001623
S004955,C01599,2025-03-03 13:02:19,paid_search,desktop,B,0,
S004956,C01520,2025-02-03 14:29:07,paid_search,desktop,A,1,O001624
S004957,C00704,2025-07-08 22:00:54,social,mobile,A,0,
S004958,C01508,2025-06-29 14:55:45,organic,mobile,A,0,
S004959,C00521,2025-01-15 20:50:56,organic,desktop,B,1,O001625
S004960,C01517,2025-03-12 11:15:16,organic,desktop,B,1,O001626
S004961,C00573,2025-11-17 18:06:28,paid_search,desktop,B,0,
S004962,C01836,2025-12-21 10:22:10,organic,desktop,A,0,
S004963,C00756,2025-12-29 08:53:51,paid_search,mobile,A,1,O001627
S004964,C00635,2025-11-16 13:59:59,paid_search,desktop,B,0,
S004965,C00331,2025-02-21 14:06:03,organic,mobile,B,1,O001628
S004966,C00478,2025-10-16 15:02:04,email,desktop,A,1,O001629
S004967,C01432,2025-04-28 16:29:35,organic,desktop,A,0,
S004968,C00795,2025-06-09 18:37:18,organic,desktop,B,0,
S004969,C01239,2025-11-08 16:56:07,organic,mobile,B,0,
S004970,C01014,2025-03-25 16:15:16,email,tablet,A,1,O001630
S004971,C01029,2025-11-28 16:07:19,social,desktop,B,1,O001631
S004972,C00317,2025-12-16 19:41:31,paid_search,mobile,B,0,
S004973,C01184,2025-10-25 14:52:26,paid_search,desktop,A,0,
S004974,C01458,2025-12-12 09:53:31,organic,tablet,A,0,
S004975,C00109,2025-12-22 07:14:51,referral,tablet,B,1,O001632
S004976,C01094,2025-11-22 22:53:25,organic,mobile,A,0,
S004977,C00216,2025-05-29 15:15:02,referral,mobile,A,1,O001633
S004978,C00771,2025-12-15 23:11:08,referral,desktop,B,0,
S004979,C00737,2025-03-04 08:02:45,paid_search,mobile,B,0,
S004980,C01994,2025-09-10 13:50:12,referral,mobile,A,0,
S004981,C00392,2025-05-09 23:38:01,referral,desktop,A,1,O001634
S004982,C01976,2025-05-11 17:29:57,organic,mobile,A,0,
S004983,C01692,2025-04-19 08:37:30,email,desktop,A,0,
S004984,C00798,2025-07-26 20:19:36,email,mobile,A,0,
S004985,C01567,2025-06-20 20:43:34,email,mobile,B,1,O001635
S004986,C01362,2025-01-25 07:14:07,organic,desktop,A,0,
S004987,C01108,2025-06-17 16:39:05,paid_search,mobile,A,0,
S004988,C00190,2025-04-18 16:45:18,referral,mobile,A,1,O001636
S004989,C00606,2025-09-29 19:21:40,referral,desktop,A,1,O001637
S004990,C00424,2025-03-28 18:16:28,social,mobile,A,0,
S004991,C01250,2025-12-10 11:30:14,paid_search,mobile,A,0,
S004992,C01059,2025-12-11 22:01:02,social,mobile,B,0,
S004993,C00533,2025-11-10 08:41:24,paid_search,desktop,B,1,O001638
S004994,C00903,2025-09-17 20:29:03,social,mobile,B,0,
S004995,C01188,2025-07-29 21:46:50,paid_search,desktop,A,0,
S004996,C00341,2025-03-29 13:48:55,social,mobile,B,1,O001639
S004997,C00688,2025-03-23 08:25:01,referral,desktop,A,0,
S004998,C00497,2025-11-08 12:15:52,email,desktop,B,0,
S004999,C01441,2025-06-18 12:07:24,referral,mobile,B,1,O001640
S005000,C01621,2025-10-11 10:16:16,paid_search,mobile,B,0,
S005001,C01809,2025-10-15 18:01:50,social,mobile,B,0,
S005002,C00670,2025-02-12 17:53:46,paid_search,mobile,A,0,
S005003,C00813,2025-12-21 22:36:32,organic,mobile,B,0,
S005004,C01932,2025-11-13 08:18:28,organic,mobile,A,1,O001641
S005005,C01129,2025-10-28 10:52:02,social,desktop,B,0,
S005006,C00250,2025-04-03 16:22:10,referral,mobile,A,0,
S005007,C00193,2025-03-09 13:38:28,referral,desktop,B,0,
S005008,C01072,2025-10-18 23:22:21,referral,mobile,A,0,
S005009,C00494,2025-07-05 12:46:04,organic,mobile,A,0,
S005010,C00215,2025-12-12 16:18:22,social,mobile,B,0,
S005011,C01117,2025-08-24 11:57:48,organic,mobile,B,0,
S005012,C00991,2025-09-24 15:38:50,organic,desktop,B,0,
S005013,C01567,2025-01-24 15:17:52,organic,desktop,B,0,
S005014,C00912,2025-02-15 10:22:06,referral,mobile,A,1,O001642
S005015,C00290,2025-12-30 07:30:00,referral,desktop,A,0,
S005016,C00838,2025-05-10 10:06:07,social,desktop,A,0,
S005017,C00129,2025-05-29 19:51:27,email,mobile,B,0,
S005018,C00316,2025-08-10 17:54:20,social,mobile,A,1,O001643
S005019,C00284,2025-10-15 12:27:52,organic,mobile,A,1,O001644
S005020,C00452,2025-06-03 09:59:01,social,desktop,A,1,O001645
S005021,C00771,2025-03-13 13:45:24,organic,desktop,B,0,
S005022,C01281,2025-06-25 22:10:12,paid_search,mobile,B,1,O001646
S005023,C00858,2025-02-16 08:18:56,paid_search,mobile,A,0,
S005024,C01601,2025-07-03 12:09:44,referral,mobile,B,0,
S005025,C00979,2025-05-01 09:05:17,referral,mobile,B,0,
S005026,C01917,2025-03-09 21:07:14,social,mobile,B,0,
S005027,C01318,2025-12-23 14:20:00,organic,mobile,A,0,
S005028,C01694,2025-09-22 15:49:40,organic,mobile,A,0,
S005029,C00694,2025-06-09 13:21:42,social,mobile,A,1,O001647
S005030,C01309,2025-02-11 23:32:52,referral,mobile,B,1,O001648
S005031,C01373,2025-04-14 13:20:00,referral,tablet,B,0,
S005032,C01713,2025-09-18 17:49:38,social,desktop,B,1,O001649
S005033,C00912,2025-11-01 15:16:51,social,desktop,A,0,
S005034,C00677,2025-09-28 22:32:40,email,desktop,B,1,O001650
S005035,C01764,2025-10-05 07:30:15,email,mobile,A,0,
S005036,C01739,2025-03-05 15:03:54,organic,mobile,B,1,O001651
S005037,C00008,2025-01-30 17:39:58,social,mobile,A,0,
S005038,C00033,2025-06-05 10:25:12,paid_search,desktop,B,0,
S005039,C00273,2025-10-13 08:54:13,social,mobile,B,0,
S005040,C00288,2025-04-30 13:50:18,social,mobile,A,0,
S005041,C00365,2025-08-13 16:34:24,organic,tablet,B,0,
S005042,C00014,2025-03-03 08:43:53,social,mobile,A,1,O001652
S005043,C00051,2025-12-31 17:16:13,social,desktop,B,0,
S005044,C01952,2025-08-05 13:39:09,email,mobile,A,0,
S005045,C00749,2025-12-26 10:15:44,paid_search,desktop,B,0,
S005046,C00607,2025-10-25 16:45:33,organic,mobile,B,0,
S005047,C00691,2025-08-13 17:33:44,organic,mobile,B,1,O001653
S005048,C01380,2025-05-03 18:13:05,organic,mobile,A,1,O001654
S005049,C00885,2025-04-18 09:47:06,organic,tablet,B,0,
S005050,C00339,2025-01-21 15:11:34,social,desktop,B,0,
S005051,C01184,2025-12-27 12:01:59,email,desktop,A,0,
S005052,C01139,2025-09-11 20:06:50,organic,tablet,B,1,O001655
S005053,C01389,2025-12-06 16:23:15,paid_search,desktop,B,0,
S005054,C00427,2025-08-24 09:19:09,organic,mobile,B,0,
S005055,C00006,2025-01-07 23:16:33,social,mobile,A,0,
S005056,C00894,2025-12-26 10:53:44,social,mobile,A,0,
S005057,C01038,2025-02-23 20:07:10,referral,mobile,A,0,
S005058,C00901,2025-02-07 07:08:48,email,mobile,B,0,
S005059,C01616,2025-10-28 19:23:47,social,mobile,A,0,
S005060,C01624,2025-02-14 12:45:34,email,mobile,A,1,O001656
S005061,C01959,2025-05-25 20:44:54,social,mobile,B,0,
S005062,C01527,2025-05-25 14:55:21,social,mobile,B,0,
S005063,C00885,2025-12-26 17:30:26,referral,mobile,B,1,O001657
S005064,C00845,2025-06-08 10:14:05,organic,desktop,B,0,
S005065,C00039,2025-11-04 13:12:07,organic,mobile,B,1,O001658
S005066,C00343,2025-04-28 09:53:40,organic,mobile,B,1,O001659
S005067,C00756,2025-04-13 22:36:29,email,mobile,A,1,O001660
S005068,C00534,2025-06-15 16:50:53,paid_search,mobile,A,0,
S005069,C00911,2025-07-22 11:46:09,paid_search,mobile,B,0,
S005070,C01329,2025-02-27 17:14:10,social,desktop,B,1,O001661
S005071,C01206,2025-08-24 20:36:51,social,desktop,A,0,
S005072,C01171,2025-01-09 22:24:18,email,desktop,B,1,O001662
S005073,C01039,2025-11-10 16:41:18,paid_search,mobile,B,0,
S005074,C01611,2025-03-13 20:14:10,paid_search,mobile,B,0,
S005075,C01552,2025-10-08 20:45:02,paid_search,desktop,A,1,O001663
S005076,C01496,2025-08-01 15:12:57,social,mobile,A,0,
S005077,C00826,2025-09-13 10:11:33,paid_search,mobile,A,1,O001664
S005078,C00816,2025-05-05 10:55:06,paid_search,desktop,A,1,O001665
S005079,C00132,2025-02-18 11:01:00,organic,mobile,A,0,
S005080,C00094,2025-12-26 15:43:56,organic,mobile,A,0,
S005081,C00773,2025-10-08 13:03:01,email,mobile,B,0,
S005082,C00595,2025-12-21 07:24:48,paid_search,mobile,B,0,
S005083,C01105,2025-02-27 20:11:40,referral,desktop,B,0,
S005084,C00718,2025-08-26 11:18:11,paid_search,desktop,A,0,
S005085,C00169,2025-01-03 07:50:08,referral,mobile,B,0,
S005086,C01734,2025-03-13 08:48:52,email,mobile,A,0,
S005087,C00191,2025-10-13 10:28:33,paid_search,mobile,B,0,
S005088,C01417,2025-08-20 18:05:35,referral,mobile,B,1,O001666
S005089,C01320,2025-05-26 07:32:41,organic,mobile,A,0,
S005090,C01517,2025-01-09 09:05:25,organic,mobile,B,1,O001667
S005091,C01539,2025-06-15 22:09:44,organic,mobile,B,0,
S005092,C01514,2025-05-03 17:31:18,paid_search,mobile,A,0,
S005093,C01081,2025-05-28 18:25:36,email,mobile,B,1,O001668
S005094,C00314,2025-09-11 18:40:44,organic,desktop,A,1,O001669
S005095,C00853,2025-02-02 18:28:33,social,mobile,B,1,O001670
S005096,C00187,2025-05-18 09:22:01,email,mobile,B,1,O001671
S005097,C01410,2025-08-10 22:26:14,organic,tablet,A,0,
S005098,C01375,2025-10-06 18:38:19,paid_search,mobile,B,0,
S005099,C01735,2025-11-11 14:33:24,social,mobile,B,0,
S005100,C00636,2025-11-04 19:57:14,referral,desktop,A,0,
S005101,C01316,2025-11-01 07:48:02,organic,mobile,A,0,
S005102,C00085,2025-05-08 17:00:27,social,tablet,B,1,O001672
S005103,C01327,2025-01-10 12:01:04,social,desktop,B,0,
S005104,C00768,2025-04-09 20:01:19,email,mobile,A,1,O001673
S005105,C01591,2025-07-02 23:16:01,paid_search,mobile,B,0,
S005106,C01719,2025-11-30 08:11:32,social,desktop,B,1,O001674
S005107,C00233,2025-08-04 12:11:20,referral,tablet,B,1,O001675
S005108,C00182,2025-09-17 08:30:38,email,desktop,A,0,
S005109,C00738,2025-06-25 17:24:23,organic,mobile,A,1,O001676
S005110,C01029,2025-04-18 07:02:25,referral,mobile,B,0,
S005111,C01582,2025-03-23 08:08:08,organic,mobile,A,0,
S005112,C01079,2025-12-23 10:11:53,social,mobile,B,0,
S005113,C01505,2025-07-24 22:23:40,email,mobile,B,0,
S005114,C01148,2025-09-20 14:21:11,paid_search,desktop,A,0,
S005115,C00738,2025-08-31 21:42:23,organic,desktop,A,0,
S005116,C00780,2025-09-14 10:50:47,email,mobile,A,0,
S005117,C00021,2025-09-30 20:43:38,email,mobile,B,0,
S005118,C01881,2025-10-19 22:32:25,referral,desktop,B,1,O001677
S005119,C00125,2025-03-20 10:22:24,social,mobile,B,0,
S005120,C00939,2025-09-20 07:44:12,social,mobile,B,1,O001678
S005121,C01797,2025-08-30 15:25:07,organic,mobile,B,1,O001679
S005122,C01212,2025-12-13 20:50:48,organic,mobile,A,0,
S005123,C01490,2025-03-26 09:12:13,social,desktop,A,0,
S005124,C00907,2025-01-28 22:45:30,organic,mobile,B,1,O001680
S005125,C00989,2025-01-25 07:46:04,referral,mobile,B,1,O001681
S005126,C00718,2025-11-17 19:37:24,social,mobile,A,0,
S005127,C00515,2025-12-17 22:36:00,paid_search,mobile,B,0,
S005128,C01899,2025-08-07 08:30:32,paid_search,mobile,B,0,
S005129,C00603,2025-06-06 21:33:00,paid_search,mobile,B,1,O001682
S005130,C01478,2025-11-26 09:13:23,email,desktop,A,1,O001683
S005131,C00231,2025-04-26 15:22:52,social,desktop,B,0,
S005132,C00700,2025-07-30 11:35:11,organic,desktop,A,0,
S005133,C00707,2025-08-29 17:27:26,paid_search,mobile,B,0,
S005134,C00094,2025-10-22 07:43:49,paid_search,mobile,A,0,
S005135,C00247,2025-07-15 11:10:55,paid_search,desktop,B,1,O001684
S005136,C00626,2025-07-22 23:31:35,social,mobile,A,1,O001685
S005137,C01242,2025-02-03 23:04:58,referral,mobile,A,0,
S005138,C00629,2025-09-16 13:28:50,social,mobile,B,0,
S005139,C01341,2025-07-01 17:57:26,organic,desktop,B,1,O001686
S005140,C01444,2025-11-09 13:01:46,referral,mobile,A,1,O001687
S005141,C00200,2025-10-06 18:14:49,paid_search,mobile,A,0,
S005142,C00275,2025-02-28 08:11:02,email,mobile,B,1,O001688
S005143,C00817,2025-06-10 11:21:37,paid_search,mobile,B,0,
S005144,C00484,2025-11-22 14:32:38,paid_search,desktop,A,1,O001689
S005145,C01859,2025-04-20 17:04:57,paid_search,desktop,B,0,
S005146,C01483,2025-08-29 09:12:49,referral,mobile,B,0,
S005147,C01601,2025-08-05 13:44:46,referral,desktop,B,1,O001690
S005148,C01835,2025-05-26 08:48:29,social,mobile,B,0,
S005149,C01121,2025-08-19 17:32:29,paid_search,desktop,B,1,O001691
S005150,C00302,2025-12-11 07:41:18,email,mobile,A,0,
S005151,C01175,2025-08-21 21:21:55,social,mobile,B,0,
S005152,C01590,2025-10-01 07:31:54,paid_search,mobile,A,0,
S005153,C01516,2025-02-06 23:25:43,organic,desktop,A,0,
S005154,C01025,2025-03-12 11:30:19,organic,mobile,B,0,
S005155,C01481,2025-02-01 19:57:19,referral,mobile,B,1,O001692
S005156,C00328,2025-05-21 12:52:45,organic,tablet,A,0,
S005157,C00252,2025-03-06 12:28:31,email,desktop,A,0,
S005158,C00902,2025-05-31 14:08:23,social,mobile,A,1,O001693
S005159,C00977,2025-10-22 11:56:20,social,desktop,B,0,
S005160,C01563,2025-11-16 09:54:27,organic,mobile,B,0,
S005161,C01918,2025-11-25 20:11:35,organic,mobile,A,0,
S005162,C01239,2025-08-23 15:33:52,organic,desktop,B,1,O001694
S005163,C00621,2025-08-15 18:26:01,email,mobile,B,1,O001695
S005164,C01139,2025-06-09 23:24:47,social,mobile,B,0,
S005165,C01251,2025-12-20 08:23:34,social,mobile,B,0,
S005166,C00807,2025-07-10 15:45:40,social,mobile,B,0,
S005167,C00449,2025-11-24 15:31:33,paid_search,mobile,B,1,O001696
S005168,C00112,2025-01-22 07:18:06,organic,mobile,A,1,O001697
S005169,C00175,2025-05-18 21:46:39,organic,desktop,B,0,
S005170,C00403,2025-01-01 14:53:57,organic,mobile,B,0,
S005171,C01941,2025-03-03 13:19:30,paid_search,desktop,B,0,
S005172,C00874,2025-11-20 21:03:28,organic,mobile,A,0,
S005173,C00084,2025-09-06 11:31:17,organic,mobile,A,1,O001698
S005174,C00686,2025-10-05 11:51:51,email,mobile,A,0,
S005175,C00750,2025-06-15 19:05:15,paid_search,mobile,A,1,O001699
S005176,C00645,2025-10-31 07:17:19,organic,desktop,B,1,O001700
S005177,C00142,2025-05-27 18:27:30,paid_search,mobile,A,1,O001701
S005178,C00506,2025-06-18 09:53:32,social,desktop,A,1,O001702
S005179,C01037,2025-03-06 20:45:58,social,mobile,B,0,
S005180,C00555,2025-02-27 23:28:31,organic,desktop,B,0,
S005181,C01738,2025-07-30 09:38:08,paid_search,desktop,A,0,
S005182,C00678,2025-11-26 17:18:31,organic,mobile,A,0,
S005183,C01885,2025-03-13 11:07:11,organic,desktop,B,1,O001703
S005184,C00276,2025-10-31 23:46:17,organic,mobile,A,1,O001704
S005185,C01423,2025-12-27 14:05:42,organic,tablet,B,1,O001705
S005186,C00526,2025-01-31 19:30:59,organic,mobile,A,0,
S005187,C01781,2025-02-20 20:15:30,email,mobile,B,0,
S005188,C00878,2025-01-10 20:03:33,social,desktop,A,0,
S005189,C00796,2025-01-27 17:59:42,organic,mobile,A,0,
S005190,C01110,2025-11-10 10:14:26,organic,mobile,A,0,
S005191,C01906,2025-06-18 08:34:06,paid_search,desktop,A,0,
S005192,C00947,2025-12-08 13:54:39,referral,mobile,B,0,
S005193,C01523,2025-12-23 11:51:16,social,mobile,B,1,O001706
S005194,C01422,2025-11-11 10:00:16,organic,mobile,A,0,
S005195,C01671,2025-04-11 18:31:16,paid_search,mobile,B,1,O001707
S005196,C01963,2025-03-15 17:49:11,email,mobile,B,0,
S005197,C00667,2025-07-06 07:45:46,social,mobile,B,0,
S005198,C00465,2025-03-03 07:56:53,email,mobile,B,0,
S005199,C01590,2025-08-16 19:55:04,organic,mobile,A,0,
S005200,C01118,2025-08-22 09:09:11,paid_search,desktop,A,0,
S005201,C00454,2025-06-21 07:51:21,referral,mobile,A,0,
S005202,C00532,2025-11-25 19:54:28,paid_search,mobile,A,0,
S005203,C00033,2025-08-20 10:18:15,social,mobile,B,0,
S005204,C01904,2025-07-21 12:37:26,organic,mobile,A,1,O001708
S005205,C00196,2025-10-25 22:24:37,social,mobile,A,0,
S005206,C00112,2025-07-03 09:39:09,referral,mobile,A,0,
S005207,C01002,2025-09-01 13:51:09,referral,desktop,A,1,O001709
S005208,C00506,2025-04-17 19:02:20,referral,mobile,A,1,O001710
S005209,C01800,2025-09-09 16:00:01,organic,mobile,A,1,O001711
S005210,C01971,2025-11-08 17:47:36,email,mobile,B,0,
S005211,C00312,2025-03-26 09:53:59,referral,desktop,A,0,
S005212,C01632,2025-08-22 17:08:55,social,tablet,A,0,
S005213,C01312,2025-08-29 07:34:15,organic,mobile,A,0,
S005214,C00695,2025-11-16 16:01:20,paid_search,mobile,B,0,
S005215,C01293,2025-06-16 08:52:29,referral,mobile,B,0,
S005216,C00684,2025-09-23 22:55:31,social,desktop,A,1,O001712
S005217,C00419,2025-03-17 20:40:24,social,desktop,B,0,
S005218,C01705,2025-01-22 10:02:29,social,mobile,B,0,
S005219,C00222,2025-05-31 16:29:09,organic,desktop,A,0,
S005220,C00954,2025-11-20 20:52:27,paid_search,mobile,A,1,O001713
S005221,C01545,2025-05-21 19:54:47,email,desktop,B,1,O001714
S005222,C01554,2025-08-20 09:56:21,social,mobile,A,0,
S005223,C01519,2025-11-12 16:59:21,organic,desktop,B,0,
S005224,C01894,2025-09-16 17:50:09,email,mobile,A,0,
S005225,C01220,2025-11-01 21:59:59,social,tablet,A,0,
S005226,C00087,2025-04-20 13:27:22,referral,mobile,B,1,O001715
S005227,C01177,2025-09-11 12:51:03,paid_search,desktop,B,0,
S005228,C00296,2025-04-12 10:16:12,organic,mobile,A,1,O001716
S005229,C00213,2025-11-21 19:32:03,organic,mobile,B,1,O001717
S005230,C01434,2025-11-25 20:41:59,email,mobile,A,0,
S005231,C00208,2025-09-30 13:47:37,paid_search,desktop,A,0,
S005232,C00117,2025-05-05 08:06:31,paid_search,mobile,B,0,
S005233,C01938,2025-12-11 14:23:15,paid_search,mobile,A,0,
S005234,C00096,2025-12-31 08:55:54,social,mobile,A,0,
S005235,C00501,2025-09-29 12:17:26,social,desktop,B,1,O001718
S005236,C01871,2025-03-10 15:46:24,social,mobile,B,0,
S005237,C01461,2025-10-24 10:17:17,referral,desktop,B,0,
S005238,C00350,2025-04-16 12:20:29,social,mobile,A,0,
S005239,C00813,2025-12-11 13:29:08,email,mobile,B,1,O001719
S005240,C00979,2025-11-19 09:41:10,referral,desktop,B,0,
S005241,C01130,2025-03-14 19:00:37,organic,mobile,A,1,O001720
S005242,C01940,2025-08-28 17:49:27,paid_search,mobile,A,0,
S005243,C01302,2025-10-01 16:44:44,paid_search,desktop,A,0,
S005244,C01636,2025-11-27 11:15:16,organic,mobile,A,0,
S005245,C00607,2025-02-26 11:54:38,email,tablet,B,1,O001721
S005246,C00638,2025-07-10 08:17:40,paid_search,tablet,A,0,
S005247,C01250,2025-06-29 17:05:32,organic,desktop,A,1,O001722
S005248,C01789,2025-03-15 18:15:19,social,desktop,B,0,
S005249,C00817,2025-07-08 14:24:29,email,mobile,B,1,O001723
S005250,C01404,2025-07-08 08:57:23,social,mobile,A,0,
S005251,C01856,2025-10-23 20:08:35,paid_search,mobile,A,0,
S005252,C01999,2025-12-20 18:16:15,referral,desktop,B,1,O001724
S005253,C01193,2025-06-09 15:35:11,email,desktop,B,1,O001725
S005254,C00624,2025-11-17 22:38:19,organic,desktop,A,1,O001726
S005255,C01662,2025-05-07 18:34:31,organic,mobile,A,0,
S005256,C00034,2025-02-27 13:54:17,organic,desktop,A,0,
S005257,C00438,2025-12-24 10:14:54,paid_search,mobile,A,0,
S005258,C00315,2025-08-12 14:20:56,organic,desktop,B,0,
S005259,C01432,2025-10-20 20:17:01,referral,mobile,A,0,
S005260,C01031,2025-11-13 08:10:06,organic,mobile,B,1,O001727
S005261,C01580,2025-12-10 09:16:51,paid_search,mobile,A,0,
S005262,C00361,2025-06-12 14:05:22,social,mobile,B,0,
S005263,C00487,2025-09-17 20:58:49,organic,desktop,B,0,
S005264,C00096,2025-12-20 14:03:30,social,mobile,A,0,
S005265,C01171,2025-04-30 20:36:22,paid_search,desktop,B,0,
S005266,C00799,2025-05-16 20:31:20,referral,tablet,B,1,O001728
S005267,C00448,2025-02-26 09:55:38,organic,mobile,A,1,O001729
S005268,C00441,2025-09-10 15:40:15,organic,mobile,B,1,O001730
S005269,C00932,2025-05-03 15:43:09,paid_search,mobile,A,0,
S005270,C01169,2025-06-16 12:56:31,organic,desktop,B,1,O001731
S005271,C01735,2025-09-28 19:52:46,organic,desktop,B,1,O001732
S005272,C00973,2025-10-31 11:54:18,referral,desktop,B,0,
S005273,C01817,2025-04-21 17:31:18,organic,mobile,B,0,
S005274,C01958,2025-06-20 14:51:49,social,mobile,A,0,
S005275,C00781,2025-01-08 19:20:31,paid_search,tablet,B,0,
S005276,C00879,2025-04-20 19:32:48,paid_search,desktop,B,0,
S005277,C00936,2025-05-18 18:44:42,organic,desktop,A,0,
S005278,C00394,2025-08-09 12:09:32,paid_search,mobile,A,0,
S005279,C00807,2025-03-25 20:28:59,organic,mobile,B,1,O001733
S005280,C01935,2025-07-25 09:32:31,paid_search,mobile,B,0,
S005281,C00345,2025-03-11 10:21:47,paid_search,desktop,B,1,O001734
S005282,C00820,2025-11-07 09:30:19,paid_search,mobile,A,0,
S005283,C01888,2025-08-06 11:34:01,referral,mobile,A,1,O001735
S005284,C00357,2025-08-10 23:32:29,social,mobile,B,0,
S005285,C00962,2025-01-15 22:56:12,social,desktop,A,1,O001736
S005286,C00314,2025-12-27 16:01:50,social,mobile,A,1,O001737
S005287,C00173,2025-09-20 23:59:22,organic,mobile,B,0,
S005288,C00823,2025-06-15 20:14:48,organic,mobile,B,0,
S005289,C01152,2025-06-14 08:43:16,organic,desktop,A,0,
S005290,C01032,2025-12-11 21:29:26,social,mobile,A,0,
S005291,C01513,2025-06-29 09:29:23,referral,mobile,B,1,O001738
S005292,C00801,2025-09-22 16:01:50,referral,tablet,B,0,
S005293,C01743,2025-03-21 22:48:36,paid_search,desktop,B,0,
S005294,C00517,2025-08-21 20:22:58,email,mobile,B,0,
S005295,C00332,2025-01-28 10:13:20,social,mobile,A,0,
S005296,C01806,2025-12-30 13:37:37,social,desktop,A,0,
S005297,C01956,2025-10-07 17:19:38,paid_search,desktop,A,1,O001739
S005298,C01739,2025-09-06 21:21:53,email,mobile,B,0,
S005299,C01825,2025-11-27 19:43:49,referral,mobile,B,0,
S005300,C00472,2025-05-13 21:20:14,organic,desktop,A,1,O001740
S005301,C01976,2025-04-14 08:36:37,paid_search,desktop,A,1,O001741
S005302,C00826,2025-09-21 19:59:50,organic,mobile,A,0,
S005303,C00658,2025-08-24 08:35:29,referral,mobile,A,0,
S005304,C00912,2025-07-27 15:10:30,paid_search,mobile,A,0,
S005305,C00977,2025-05-19 19:19:31,paid_search,mobile,B,0,
S005306,C01206,2025-11-28 18:25:36,social,desktop,A,0,
S005307,C00441,2025-06-29 20:21:03,social,mobile,B,1,O001742
S005308,C00510,2025-09-26 15:17:52,email,mobile,A,0,
S005309,C00908,2025-05-27 16:04:05,paid_search,mobile,A,0,
S005310,C00769,2025-01-10 18:11:55,organic,mobile,B,1,O001743
S005311,C00596,2025-12-04 12:29:21,organic,mobile,A,0,
S005312,C01357,2025-10-09 16:56:18,organic,mobile,B,0,
S005313,C00638,2025-05-12 19:03:50,organic,mobile,A,0,
S005314,C01043,2025-01-26 12:17:44,organic,desktop,B,0,
S005315,C01575,2025-04-06 16:03:40,email,mobile,B,0,
S005316,C01045,2025-09-26 14:38:46,organic,mobile,B,0,
S005317,C01135,2025-05-24 21:06:21,organic,mobile,B,0,
S005318,C00904,2025-09-08 09:07:47,social,mobile,A,0,
S005319,C00978,2025-08-30 16:37:14,email,mobile,A,0,
S005320,C01020,2025-06-12 17:07:47,email,mobile,A,0,
S005321,C00960,2025-06-20 16:36:46,paid_search,tablet,A,1,O001744
S005322,C00272,2025-02-28 18:29:01,paid_search,desktop,A,0,
S005323,C01908,2025-06-26 17:01:55,email,desktop,A,0,
S005324,C00838,2025-07-04 19:22:48,social,mobile,A,0,
S005325,C01659,2025-02-02 11:46:56,paid_search,tablet,B,0,
S005326,C00814,2025-07-01 08:11:12,email,mobile,A,1,O001745
S005327,C00968,2025-07-03 21:08:38,referral,mobile,A,0,
S005328,C01578,2025-03-10 19:48:58,organic,desktop,A,1,O001746
S005329,C00837,2025-01-21 15:29:58,email,mobile,B,0,
S005330,C01690,2025-03-25 13:14:15,referral,desktop,A,1,O001747
S005331,C01016,2025-01-01 07:51:02,paid_search,mobile,A,1,O001748
S005332,C01859,2025-07-25 12:40:57,paid_search,mobile,B,0,
S005333,C00754,2025-06-18 18:13:37,organic,desktop,A,0,
S005334,C01768,2025-12-14 22:00:25,email,tablet,A,0,
S005335,C01076,2025-11-22 15:17:24,organic,desktop,A,0,
S005336,C00062,2025-11-07 21:03:44,paid_search,mobile,A,0,
S005337,C00909,2025-03-24 23:19:44,paid_search,mobile,B,1,O001749
S005338,C00190,2025-10-20 20:59:43,paid_search,mobile,A,0,
S005339,C01136,2025-08-06 13:22:58,paid_search,mobile,A,0,
S005340,C00069,2025-05-09 23:43:32,email,desktop,B,1,O001750
S005341,C00210,2025-07-21 19:46:19,organic,mobile,A,0,
S005342,C01782,2025-03-31 22:09:03,paid_search,desktop,A,0,
S005343,C00882,2025-08-04 21:07:30,email,mobile,A,1,O001751
S005344,C01391,2025-10-01 18:07:05,organic,mobile,B,0,
S005345,C01054,2025-04-21 14:52:44,organic,mobile,A,1,O001752
S005346,C00765,2025-11-17 08:25:19,email,mobile,B,1,O001753
S005347,C01271,2025-02-25 18:35:56,paid_search,mobile,B,1,O001754
S005348,C01211,2025-12-24 22:49:15,social,tablet,B,0,
S005349,C01700,2025-07-26 23:29:34,social,mobile,A,0,
S005350,C01890,2025-04-16 18:59:57,paid_search,mobile,A,0,
S005351,C00006,2025-11-16 09:44:10,organic,tablet,A,1,O001755
S005352,C01135,2025-06-12 17:15:38,email,tablet,B,1,O001756
S005353,C00277,2025-09-15 22:29:38,referral,desktop,B,0,
S005354,C00037,2025-09-19 18:53:42,email,mobile,B,0,
S005355,C00782,2025-10-27 09:58:51,organic,desktop,A,0,
S005356,C00278,2025-11-21 11:49:25,email,mobile,A,1,O001757
S005357,C00982,2025-08-06 17:00:54,paid_search,mobile,A,0,
S005358,C00182,2025-10-11 23:30:15,paid_search,mobile,A,0,
S005359,C01475,2025-12-31 14:01:15,organic,mobile,B,0,
S005360,C00390,2025-03-05 17:11:57,paid_search,mobile,A,0,
S005361,C01279,2025-09-28 20:10:17,referral,mobile,B,0,
S005362,C00812,2025-04-10 10:56:12,organic,desktop,A,0,
S005363,C00324,2025-06-24 11:29:24,email,mobile,A,0,
S005364,C00168,2025-07-30 09:26:37,organic,desktop,A,0,
S005365,C01934,2025-01-13 22:24:52,email,desktop,A,1,O001758
S005366,C00541,2025-09-15 18:35:02,organic,desktop,B,1,O001759
S005367,C01337,2025-10-13 15:01:13,organic,desktop,B,0,
S005368,C01666,2025-08-02 11:15:56,paid_search,mobile,A,1,O001760
S005369,C00194,2025-11-01 22:47:15,organic,mobile,A,0,
S005370,C00152,2025-10-30 18:37:21,social,desktop,A,0,
S005371,C00886,2025-12-12 22:14:01,email,desktop,A,1,O001761
S005372,C01172,2025-06-20 09:35:36,organic,mobile,A,0,
S005373,C01968,2025-06-30 14:01:25,email,mobile,A,0,
S005374,C00411,2025-09-23 12:10:53,referral,mobile,B,0,
S005375,C01058,2025-12-08 07:58:38,social,mobile,A,1,O001762
S005376,C00971,2025-12-02 07:57:36,referral,desktop,B,0,
S005377,C01796,2025-03-10 16:07:41,email,mobile,A,0,
S005378,C01671,2025-02-27 18:34:43,social,desktop,B,1,O001763
S005379,C01435,2025-10-04 23:59:14,paid_search,desktop,B,0,
S005380,C01149,2025-06-02 11:59:31,social,mobile,B,1,O001764
S005381,C00013,2025-05-14 18:21:25,email,mobile,B,0,
S005382,C01716,2025-04-02 16:18:12,paid_search,mobile,A,0,
S005383,C00918,2025-10-24 12:38:15,email,mobile,A,0,
S005384,C01640,2025-09-11 20:08:51,email,mobile,A,0,
S005385,C01065,2025-04-04 23:29:02,email,tablet,B,0,
S005386,C01946,2025-11-17 10:00:23,organic,desktop,A,1,O001765
S005387,C01470,2025-11-10 18:38:43,social,mobile,A,0,
S005388,C01727,2025-10-31 14:58:48,paid_search,mobile,B,1,O001766
S005389,C00832,2025-02-03 10:46:33,email,mobile,A,1,O001767
S005390,C01679,2025-11-21 11:21:42,referral,mobile,B,0,
S005391,C01246,2025-11-03 07:59:33,referral,mobile,A,0,
S005392,C01072,2025-10-10 08:46:39,email,mobile,A,0,
S005393,C00632,2025-04-02 14:08:43,social,mobile,A,0,
S005394,C01116,2025-06-14 16:02:18,social,desktop,A,0,
S005395,C01446,2025-12-29 23:24:38,social,tablet,A,1,O001768
S005396,C00193,2025-12-11 08:12:24,social,mobile,B,0,
S005397,C00080,2025-05-20 18:23:27,paid_search,desktop,A,1,O001769
S005398,C01484,2025-12-04 14:19:59,organic,mobile,A,1,O001770
S005399,C01824,2025-11-24 13:58:18,email,tablet,A,0,
S005400,C01858,2025-02-08 08:14:33,organic,tablet,A,0,
S005401,C01631,2025-03-21 10:19:59,organic,mobile,B,1,O001771
S005402,C01871,2025-06-14 14:26:55,organic,mobile,B,0,
S005403,C00281,2025-05-20 15:24:04,paid_search,mobile,B,0,
S005404,C00172,2025-06-08 22:24:11,organic,mobile,A,1,O001772
S005405,C00759,2025-11-27 13:56:50,social,mobile,B,1,O001773
S005406,C00864,2025-04-29 17:03:06,social,desktop,A,1,O001774
S005407,C01984,2025-09-25 08:13:16,referral,desktop,A,1,O001775
S005408,C00654,2025-05-14 17:29:35,paid_search,mobile,A,0,
S005409,C01862,2025-05-22 15:37:05,social,mobile,A,0,
S005410,C01233,2025-09-27 22:41:38,social,mobile,B,0,
S005411,C00190,2025-06-19 18:59:33,social,mobile,A,0,
S005412,C01577,2025-09-08 09:32:05,social,desktop,B,0,
S005413,C00141,2025-02-02 11:24:39,email,desktop,B,0,
S005414,C00688,2025-09-21 16:30:02,organic,tablet,A,0,
S005415,C01020,2025-04-27 15:41:53,paid_search,mobile,A,0,
S005416,C01231,2025-05-05 08:24:39,email,mobile,B,0,
S005417,C01867,2025-09-12 14:21:00,referral,mobile,B,0,
S005418,C01393,2025-11-05 17:35:58,email,mobile,B,0,
S005419,C00952,2025-07-04 23:46:38,referral,desktop,A,1,O001776
S005420,C00567,2025-01-10 22:09:42,social,mobile,B,0,
S005421,C00086,2025-01-25 22:46:45,organic,desktop,A,0,
S005422,C01677,2025-10-03 08:34:46,social,mobile,B,0,
S005423,C01783,2025-08-17 11:20:55,organic,mobile,B,0,
S005424,C01543,2025-03-25 19:22:06,email,desktop,B,0,
S005425,C00262,2025-10-25 17:17:18,paid_search,tablet,A,0,
S005426,C01749,2025-09-29 12:55:19,organic,desktop,B,0,
S005427,C00191,2025-04-08 13:30:45,paid_search,desktop,B,1,O001777
S005428,C00219,2025-11-17 21:32:51,email,mobile,B,0,
S005429,C00806,2025-12-12 13:50:27,organic,desktop,A,0,
S005430,C00941,2025-12-02 11:03:20,social,desktop,B,1,O001778
S005431,C00795,2025-11-07 18:25:47,social,mobile,B,0,
S005432,C00562,2025-11-19 21:02:19,organic,mobile,A,0,
S005433,C01836,2025-04-03 18:16:34,email,desktop,A,1,O001779
S005434,C01358,2025-12-23 15:28:13,organic,tablet,A,1,O001780
S005435,C00748,2025-11-29 11:41:57,social,mobile,A,0,
S005436,C01452,2025-05-24 12:31:50,paid_search,mobile,A,0,
S005437,C00905,2025-05-19 07:55:03,organic,mobile,B,0,
S005438,C00220,2025-05-30 17:09:18,paid_search,desktop,A,0,
S005439,C01614,2025-02-11 13:24:45,organic,mobile,A,1,O001781
S005440,C01963,2025-11-13 10:06:24,paid_search,mobile,B,0,
S005441,C01626,2025-07-25 19:05:27,organic,mobile,A,0,
S005442,C00893,2025-01-30 07:48:24,organic,mobile,B,0,
S005443,C00286,2025-08-14 12:11:13,organic,mobile,A,0,
S005444,C01278,2025-09-25 18:42:33,email,desktop,A,0,
S005445,C01108,2025-09-12 13:20:07,social,mobile,A,0,
S005446,C01468,2025-08-14 10:17:53,paid_search,mobile,A,0,
S005447,C00076,2025-12-23 10:38:07,referral,mobile,A,0,
S005448,C01129,2025-11-18 14:34:28,organic,mobile,B,0,
S005449,C00006,2025-03-31 21:32:21,paid_search,desktop,A,0,
S005450,C01346,2025-06-23 18:58:11,email,mobile,A,0,
S005451,C01393,2025-04-23 19:33:08,organic,tablet,B,0,
S005452,C00236,2025-12-11 13:17:27,social,mobile,A,0,
S005453,C00577,2025-09-29 08:59:59,referral,desktop,B,1,O001782
S005454,C00172,2025-09-15 10:12:47,social,mobile,A,0,
S005455,C00120,2025-10-12 08:56:33,paid_search,desktop,A,0,
S005456,C00372,2025-05-03 19:25:19,email,mobile,A,1,O001783
S005457,C00787,2025-10-08 10:35:01,paid_search,mobile,B,0,
S005458,C00236,2025-07-05 15:24:10,organic,desktop,A,0,
S005459,C00270,2025-04-14 17:43:23,social,mobile,A,0,
S005460,C00916,2025-04-06 12:49:48,social,mobile,A,0,
S005461,C00788,2025-11-22 10:10:03,social,mobile,A,0,
S005462,C01547,2025-08-11 12:14:15,organic,mobile,B,1,O001784
S005463,C01036,2025-09-20 16:38:12,referral,desktop,A,1,O001785
S005464,C00567,2025-10-06 22:29:08,paid_search,mobile,B,0,
S005465,C01526,2025-04-01 15:22:35,paid_search,mobile,A,0,
S005466,C00645,2025-07-05 21:21:21,social,mobile,B,0,
S005467,C00560,2025-11-09 20:28:05,email,desktop,A,0,
S005468,C00540,2025-01-13 15:27:46,email,mobile,A,0,
S005469,C01527,2025-01-27 07:23:56,email,mobile,B,0,
S005470,C01033,2025-07-07 16:26:03,organic,desktop,B,0,
S005471,C00014,2025-12-31 14:53:37,organic,desktop,A,0,
S005472,C00282,2025-09-16 23:16:28,paid_search,desktop,A,1,O001786
S005473,C01198,2025-10-19 11:24:20,organic,mobile,A,0,
S005474,C00015,2025-07-14 21:20:20,social,desktop,B,0,
S005475,C00897,2025-08-01 15:19:23,social,mobile,B,0,
S005476,C00696,2025-07-09 21:34:15,paid_search,desktop,A,0,
S005477,C00927,2025-09-14 22:09:50,email,mobile,B,1,O001787
S005478,C00659,2025-06-11 18:46:50,social,mobile,B,0,
S005479,C01694,2025-12-24 13:22:06,email,desktop,A,1,O001788
S005480,C01878,2025-10-06 15:08:36,paid_search,mobile,A,0,
S005481,C00441,2025-05-23 13:29:47,referral,mobile,B,0,
S005482,C00006,2025-10-18 13:44:39,referral,mobile,A,1,O001789
S005483,C00806,2025-12-18 10:08:52,organic,mobile,A,0,
S005484,C01655,2025-05-26 10:50:18,email,mobile,B,0,
S005485,C00700,2025-11-22 21:35:17,paid_search,mobile,A,1,O001790
S005486,C01143,2025-03-07 18:29:41,social,mobile,B,0,
S005487,C00095,2025-12-02 09:50:07,paid_search,mobile,B,0,
S005488,C00019,2025-05-19 10:57:47,organic,mobile,B,0,
S005489,C01803,2025-07-31 20:29:54,paid_search,desktop,B,1,O001791
S005490,C00478,2025-04-11 18:38:05,paid_search,desktop,A,1,O001792
S005491,C00051,2025-12-29 10:05:13,organic,mobile,B,0,
S005492,C00732,2025-04-04 12:19:39,referral,mobile,A,0,
S005493,C01073,2025-07-20 13:31:33,paid_search,mobile,B,0,
S005494,C01452,2025-04-08 23:20:26,social,tablet,A,0,
S005495,C00734,2025-09-28 11:44:49,referral,mobile,A,0,
S005496,C01860,2025-01-09 11:23:15,social,mobile,A,0,
S005497,C00406,2025-06-28 16:15:28,social,tablet,A,0,
S005498,C01262,2025-03-29 14:35:01,social,tablet,A,0,
S005499,C01973,2025-04-07 08:17:46,paid_search,mobile,B,0,
S005500,C00521,2025-08-07 18:57:14,organic,desktop,B,1,O001793
S005501,C00092,2025-03-28 11:40:25,social,desktop,A,0,
S005502,C01448,2025-03-26 20:39:37,organic,desktop,A,0,
S005503,C01192,2025-12-19 20:19:19,email,mobile,A,0,
S005504,C01963,2025-04-03 21:41:30,organic,desktop,B,1,O001794
S005505,C00750,2025-12-15 12:06:55,paid_search,tablet,A,0,
S005506,C00782,2025-05-03 12:05:01,referral,mobile,A,0,
S005507,C00899,2025-09-16 10:55:30,organic,mobile,B,1,O001795
S005508,C01338,2025-06-17 12:54:18,referral,desktop,A,0,
S005509,C01427,2025-10-19 15:43:50,email,mobile,B,0,
S005510,C01855,2025-10-02 16:49:42,email,mobile,B,0,
S005511,C01600,2025-04-25 11:06:55,email,mobile,A,1,O001796
S005512,C00323,2025-08-17 23:52:24,organic,desktop,B,1,O001797
S005513,C01912,2025-12-05 14:29:33,social,mobile,A,1,O001798
S005514,C00672,2025-12-09 09:55:48,paid_search,mobile,A,0,
S005515,C00446,2025-07-12 21:43:06,organic,desktop,A,1,O001799
S005516,C00273,2025-07-27 08:34:41,organic,mobile,B,0,
S005517,C00416,2025-12-05 08:48:13,organic,mobile,A,0,
S005518,C00146,2025-06-02 18:52:38,email,desktop,A,1,O001800
S005519,C01071,2025-08-20 17:44:47,social,desktop,B,1,O001801
S005520,C01786,2025-04-10 14:45:08,referral,desktop,A,0,
S005521,C00062,2025-11-14 21:34:22,paid_search,tablet,A,0,
S005522,C00900,2025-08-02 07:47:49,social,desktop,A,0,
S005523,C00031,2025-07-19 12:07:31,social,mobile,B,1,O001802
S005524,C00436,2025-12-13 08:50:32,social,desktop,A,0,
S005525,C00692,2025-05-22 10:28:37,social,mobile,A,0,
S005526,C01680,2025-07-29 13:56:38,social,mobile,A,0,
S005527,C01471,2025-09-05 21:06:50,organic,desktop,B,0,
S005528,C00386,2025-10-02 15:12:03,organic,mobile,A,0,
S005529,C01981,2025-05-06 11:42:51,social,desktop,B,0,
S005530,C00864,2025-02-08 15:18:16,paid_search,mobile,A,0,
S005531,C00472,2025-12-09 12:44:00,paid_search,mobile,A,0,
S005532,C00601,2025-03-19 13:12:20,email,mobile,B,0,
S005533,C01190,2025-07-31 22:31:28,organic,mobile,A,0,
S005534,C00720,2025-12-14 20:54:19,referral,mobile,A,0,
S005535,C01710,2025-05-08 16:23:45,social,mobile,A,0,
S005536,C01926,2025-12-27 07:53:01,organic,mobile,A,0,
S005537,C00205,2025-07-19 22:54:40,organic,mobile,B,1,O001803
S005538,C01153,2025-12-06 20:19:13,email,mobile,B,0,
S005539,C00464,2025-08-31 11:35:09,social,desktop,A,0,
S005540,C00169,2025-11-30 12:22:29,paid_search,desktop,B,1,O001804
S005541,C01883,2025-09-10 12:27:33,social,mobile,B,0,
S005542,C00800,2025-04-30 09:42:34,social,mobile,A,0,
S005543,C00803,2025-04-10 14:49:46,referral,mobile,B,1,O001805
S005544,C00661,2025-06-23 10:37:15,organic,mobile,B,0,
S005545,C00928,2025-07-16 15:29:11,social,desktop,A,1,O001806
S005546,C01327,2025-09-16 23:04:23,paid_search,desktop,B,0,
S005547,C00400,2025-06-01 18:45:50,referral,desktop,A,1,O001807
S005548,C01465,2025-10-20 19:48:55,email,desktop,B,1,O001808
S005549,C01106,2025-05-03 10:18:34,organic,mobile,A,0,
S005550,C01328,2025-04-21 21:32:19,organic,desktop,A,0,
S005551,C00163,2025-12-01 08:57:22,organic,mobile,B,0,
S005552,C00201,2025-11-15 12:22:25,organic,tablet,B,1,O001809
S005553,C00145,2025-07-14 23:22:15,referral,mobile,B,0,
S005554,C01289,2025-11-29 12:01:38,email,desktop,B,1,O001810
S005555,C01075,2025-11-25 11:21:41,organic,desktop,B,0,
S005556,C00724,2025-09-30 08:02:54,social,desktop,A,0,
S005557,C01402,2025-04-15 14:34:40,social,desktop,A,0,
S005558,C01058,2025-08-02 14:10:53,referral,mobile,A,0,
S005559,C00157,2025-09-25 23:26:51,organic,tablet,B,1,O001811
S005560,C01799,2025-06-19 18:46:51,social,desktop,B,0,
S005561,C01775,2025-05-06 17:56:03,referral,desktop,B,0,
S005562,C00721,2025-12-04 22:08:23,organic,mobile,B,0,
S005563,C00680,2025-02-09 17:22:15,paid_search,desktop,A,0,
S005564,C01992,2025-01-09 19:26:53,social,desktop,A,0,
S005565,C00127,2025-03-20 15:15:54,organic,desktop,B,0,
S005566,C01415,2025-02-09 18:56:11,email,tablet,B,0,
S005567,C00494,2025-09-28 08:38:07,paid_search,desktop,A,0,
S005568,C01515,2025-01-23 16:34:24,social,mobile,B,1,O001812
S005569,C01195,2025-10-04 16:00:37,organic,desktop,B,0,
S005570,C01098,2025-05-03 07:12:55,email,mobile,A,1,O001813
S005571,C01346,2025-04-07 17:49:14,referral,mobile,A,0,
S005572,C01666,2025-12-10 08:02:42,referral,mobile,A,0,
S005573,C01195,2025-03-31 12:28:02,referral,tablet,B,0,
S005574,C01881,2025-12-06 14:03:57,email,mobile,B,0,
S005575,C01852,2025-04-29 10:41:59,paid_search,desktop,A,0,
S005576,C00306,2025-06-08 17:05:36,referral,desktop,A,0,
S005577,C01029,2025-12-07 07:58:38,paid_search,mobile,B,0,
S005578,C01516,2025-09-16 07:32:41,paid_search,mobile,A,0,
S005579,C01357,2025-12-20 13:32:47,paid_search,desktop,B,0,
S005580,C00737,2025-03-07 18:58:24,social,mobile,B,1,O001814
S005581,C01727,2025-12-12 20:53:50,organic,mobile,B,0,
S005582,C00429,2025-08-15 21:37:28,email,mobile,B,1,O001815
S005583,C01214,2025-08-26 21:55:10,referral,mobile,A,0,
S005584,C00504,2025-07-01 10:52:40,paid_search,tablet,A,0,
S005585,C01296,2025-01-23 20:25:47,paid_search,mobile,A,1,O001816
S005586,C01295,2025-10-21 19:19:11,social,tablet,B,0,
S005587,C00442,2025-12-30 13:48:28,social,mobile,A,0,
S005588,C01812,2025-07-14 10:16:17,social,mobile,A,0,
S005589,C00679,2025-11-30 08:30:58,referral,mobile,B,0,
S005590,C00638,2025-01-06 10:03:48,social,mobile,A,0,
S005591,C01073,2025-03-20 20:37:52,email,mobile,B,1,O001817
S005592,C01149,2025-05-21 13:06:20,paid_search,desktop,B,0,
S005593,C01152,2025-01-30 09:56:23,email,desktop,A,1,O001818
S005594,C00838,2025-05-25 21:44:09,organic,mobile,A,1,O001819
S005595,C01738,2025-03-28 13:36:29,paid_search,desktop,A,0,
S005596,C00337,2025-06-06 21:07:04,email,mobile,B,0,
S005597,C01053,2025-11-13 16:29:15,organic,mobile,B,1,O001820
S005598,C01531,2025-11-13 16:31:50,email,mobile,B,0,
S005599,C00094,2025-11-14 12:10:35,email,mobile,A,0,
S005600,C00507,2025-01-14 20:11:29,paid_search,desktop,B,1,O001821
S005601,C00956,2025-03-24 18:10:04,organic,mobile,A,0,
S005602,C01090,2025-03-16 07:27:52,social,mobile,A,0,
S005603,C01912,2025-11-18 13:24:35,social,mobile,A,0,
S005604,C00504,2025-06-10 21:51:39,paid_search,mobile,A,0,
S005605,C00447,2025-02-04 11:11:42,organic,mobile,B,0,
S005606,C01827,2025-02-17 23:41:38,organic,desktop,B,0,
S005607,C01491,2025-07-11 15:31:38,social,mobile,B,0,
S005608,C01868,2025-04-28 19:56:24,social,desktop,A,0,
S005609,C00744,2025-07-03 23:58:50,paid_search,mobile,A,0,
S005610,C00632,2025-04-15 17:23:56,email,mobile,A,1,O001822
S005611,C00395,2025-09-13 07:16:17,organic,mobile,B,1,O001823
S005612,C01180,2025-09-10 17:21:12,social,desktop,A,0,
S005613,C01420,2025-02-07 12:39:33,social,tablet,A,1,O001824
S005614,C00100,2025-03-03 23:27:20,social,mobile,A,0,
S005615,C00919,2025-11-14 19:24:36,email,desktop,B,1,O001825
S005616,C01967,2025-09-03 23:54:45,organic,tablet,B,0,
S005617,C01245,2025-01-28 23:35:44,organic,mobile,B,1,O001826
S005618,C01631,2025-07-22 11:55:36,social,mobile,B,0,
S005619,C00466,2025-09-22 08:55:23,paid_search,mobile,A,0,
S005620,C01805,2025-01-17 14:03:05,email,mobile,B,1,O001827
S005621,C00744,2025-03-08 09:55:21,referral,desktop,A,1,O001828
S005622,C01935,2025-10-11 08:20:05,social,mobile,B,0,
S005623,C00950,2025-12-22 09:17:30,social,mobile,A,0,
S005624,C01548,2025-10-25 17:16:49,organic,mobile,A,1,O001829
S005625,C00438,2025-10-10 08:51:20,organic,mobile,A,0,
S005626,C00205,2025-04-22 12:23:15,paid_search,mobile,B,0,
S005627,C00248,2025-04-29 20:55:21,organic,mobile,A,0,
S005628,C01897,2025-10-08 17:04:37,email,mobile,B,0,
S005629,C00508,2025-11-10 14:43:49,paid_search,desktop,A,1,O001830
S005630,C00202,2025-02-28 18:58:12,paid_search,desktop,A,0,
S005631,C00191,2025-05-26 18:22:37,social,mobile,B,1,O001831
S005632,C00597,2025-08-06 10:01:46,social,desktop,B,0,
S005633,C00477,2025-11-19 21:07:31,paid_search,mobile,B,1,O001832
S005634,C00596,2025-09-24 08:14:31,organic,mobile,A,0,
S005635,C01199,2025-12-22 07:16:50,email,mobile,B,0,
S005636,C00746,2025-07-10 10:38:57,organic,desktop,A,1,O001833
S005637,C00460,2025-04-23 07:15:09,email,mobile,A,0,
S005638,C00194,2025-08-17 10:56:50,referral,mobile,A,1,O001834
S005639,C01024,2025-12-19 16:04:33,social,mobile,A,0,
S005640,C01223,2025-10-16 12:28:53,referral,mobile,B,1,O001835
S005641,C00528,2025-02-15 14:37:49,referral,desktop,A,0,
S005642,C01088,2025-04-21 09:50:48,paid_search,mobile,A,1,O001836
S005643,C00878,2025-08-21 22:50:01,social,mobile,A,0,
S005644,C00065,2025-03-06 07:58:05,social,mobile,B,0,
S005645,C00466,2025-02-03 08:16:03,social,mobile,A,1,O001837
S005646,C01533,2025-02-04 12:46:11,organic,desktop,B,0,
S005647,C01635,2025-09-20 18:01:01,referral,mobile,B,0,
S005648,C01559,2025-05-10 20:38:03,paid_search,desktop,B,0,
S005649,C00365,2025-11-15 23:57:13,paid_search,mobile,B,0,
S005650,C00656,2025-10-03 21:14:38,referral,mobile,A,0,
S005651,C01363,2025-08-12 19:41:08,organic,mobile,B,0,
S005652,C00064,2025-01-13 09:59:47,social,desktop,A,0,
S005653,C01020,2025-02-26 09:44:25,paid_search,mobile,A,0,
S005654,C00180,2025-01-20 17:50:39,organic,mobile,A,0,
S005655,C00831,2025-01-28 15:48:40,social,mobile,B,0,
S005656,C00709,2025-09-04 12:03:55,social,mobile,B,0,
S005657,C00227,2025-06-17 21:55:46,paid_search,mobile,B,0,
S005658,C01715,2025-10-06 22:41:41,paid_search,mobile,B,0,
S005659,C01317,2025-09-08 11:57:18,email,mobile,B,1,O001838
S005660,C01730,2025-07-30 23:35:32,paid_search,mobile,A,0,
S005661,C00503,2025-02-05 18:11:55,paid_search,mobile,B,0,
S005662,C01769,2025-04-23 17:54:37,referral,desktop,B,1,O001839
S005663,C00744,2025-01-05 10:28:08,social,tablet,A,0,
S005664,C00779,2025-07-12 22:18:42,paid_search,desktop,B,0,
S005665,C01692,2025-07-22 17:15:07,organic,mobile,A,0,
S005666,C01815,2025-09-13 12:17:58,paid_search,mobile,B,0,
S005667,C01170,2025-09-13 23:26:44,social,desktop,A,0,
S005668,C00389,2025-11-26 13:06:58,paid_search,desktop,B,0,
S005669,C00514,2025-03-24 13:02:48,social,desktop,A,0,
S005670,C01495,2025-08-18 09:09:52,email,tablet,B,0,
S005671,C00136,2025-09-30 11:14:54,paid_search,mobile,A,1,O001840
S005672,C00964,2025-06-04 07:41:23,organic,mobile,A,1,O001841
S005673,C00150,2025-09-19 19:21:55,organic,mobile,A,0,
S005674,C00832,2025-03-01 23:24:57,referral,mobile,A,0,
S005675,C01260,2025-05-12 23:38:18,referral,mobile,A,0,
S005676,C01500,2025-06-03 20:40:39,paid_search,tablet,A,0,
S005677,C01625,2025-10-05 16:21:56,paid_search,mobile,B,0,
S005678,C00441,2025-09-03 19:06:11,email,desktop,B,0,
S005679,C00696,2025-11-06 13:53:02,referral,desktop,A,0,
S005680,C00942,2025-12-10 13:12:04,email,mobile,A,0,
S005681,C01827,2025-07-04 15:48:32,paid_search,mobile,B,0,
S005682,C00789,2025-02-22 08:53:32,email,mobile,B,0,
S005683,C01760,2025-11-14 14:37:05,referral,desktop,A,0,
S005684,C00551,2025-12-26 09:42:20,email,mobile,B,0,
S005685,C00353,2025-04-18 16:25:59,email,desktop,B,0,
S005686,C00800,2025-03-21 15:06:06,email,desktop,A,0,
S005687,C01386,2025-07-03 20:10:30,social,mobile,A,0,
S005688,C00148,2025-07-12 07:15:40,organic,desktop,A,1,O001842
S005689,C00634,2025-05-01 10:36:20,social,mobile,A,0,
S005690,C00849,2025-07-11 09:47:04,email,mobile,B,1,O001843
S005691,C00256,2025-12-28 23:33:35,organic,mobile,A,0,
S005692,C01351,2025-03-15 09:22:28,organic,mobile,B,0,
S005693,C00372,2025-04-22 09:39:24,paid_search,mobile,A,1,O001844
S005694,C01109,2025-05-07 17:15:14,organic,mobile,B,1,O001845
S005695,C01630,2025-12-07 18:09:49,referral,desktop,A,1,O001846
S005696,C00008,2025-01-04 18:57:43,social,mobile,A,0,
S005697,C00358,2025-08-01 07:30:56,email,mobile,A,1,O001847
S005698,C01773,2025-03-19 19:55:04,social,mobile,B,0,
S005699,C00896,2025-06-03 08:35:18,paid_search,mobile,A,0,
S005700,C00223,2025-12-03 22:46:54,social,desktop,B,0,
S005701,C01673,2025-03-31 08:04:42,social,mobile,B,1,O001848
S005702,C01941,2025-12-03 12:19:10,paid_search,mobile,B,1,O001849
S005703,C00454,2025-07-16 08:47:10,paid_search,mobile,A,0,
S005704,C01637,2025-12-19 08:46:45,organic,desktop,B,1,O001850
S005705,C00594,2025-08-28 08:07:50,social,mobile,A,0,
S005706,C01460,2025-03-20 18:44:20,social,desktop,A,0,
S005707,C01345,2025-04-08 21:38:53,email,mobile,B,0,
S005708,C01793,2025-11-15 10:14:26,organic,mobile,B,1,O001851
S005709,C01752,2025-07-27 18:44:33,paid_search,tablet,A,1,O001852
S005710,C00162,2025-12-27 09:05:05,organic,desktop,A,1,O001853
S005711,C01226,2025-05-28 18:14:56,social,mobile,A,0,
S005712,C00272,2025-08-10 15:33:20,organic,mobile,A,0,
S005713,C01190,2025-08-28 16:44:26,organic,desktop,A,0,
S005714,C01563,2025-08-18 11:43:34,referral,desktop,B,0,
S005715,C00385,2025-11-04 13:06:02,referral,mobile,B,1,O001854
S005716,C01363,2025-09-21 11:24:51,organic,mobile,B,0,
S005717,C01180,2025-11-30 17:11:21,referral,mobile,A,0,
S005718,C01520,2025-12-03 07:44:31,email,mobile,A,0,
S005719,C00416,2025-07-14 22:56:21,organic,mobile,A,0,
S005720,C01652,2025-04-06 17:36:58,organic,mobile,A,0,
S005721,C00287,2025-02-06 08:07:31,paid_search,mobile,B,0,
S005722,C01745,2025-05-07 15:02:32,organic,mobile,B,1,O001855
S005723,C00644,2025-02-13 11:35:57,organic,mobile,A,0,
S005724,C00230,2025-06-02 13:26:24,organic,mobile,A,0,
S005725,C01396,2025-09-22 20:20:39,organic,mobile,A,0,
S005726,C01805,2025-04-13 17:06:23,organic,tablet,B,1,O001856
S005727,C00719,2025-04-02 16:41:42,social,mobile,B,0,
S005728,C01632,2025-05-08 20:29:58,referral,desktop,A,0,
S005729,C00031,2025-11-26 08:13:19,email,desktop,B,1,O001857
S005730,C00657,2025-10-25 23:02:37,referral,mobile,B,0,
S005731,C00820,2025-12-10 19:03:20,organic,desktop,A,0,
S005732,C00880,2025-02-23 10:49:38,social,mobile,A,1,O001858
S005733,C01504,2025-03-23 12:50:21,social,desktop,A,0,
S005734,C01817,2025-08-25 12:47:33,paid_search,mobile,B,0,
S005735,C00798,2025-04-30 08:53:51,organic,mobile,A,0,
S005736,C00316,2025-08-07 17:05:34,social,mobile,A,0,
S005737,C01722,2025-04-02 20:10:17,paid_search,mobile,A,0,
S005738,C01089,2025-05-14 21:46:44,paid_search,desktop,B,0,
S005739,C01484,2025-10-03 22:51:05,email,mobile,A,1,O001859
S005740,C00419,2025-03-05 14:08:19,social,mobile,B,0,
S005741,C00449,2025-04-21 07:57:27,email,mobile,B,0,
S005742,C00305,2025-12-14 07:49:27,referral,mobile,B,0,
S005743,C01379,2025-02-14 14:45:20,organic,mobile,B,0,
S005744,C01287,2025-01-21 10:06:49,organic,mobile,B,0,
S005745,C00368,2025-03-21 15:04:17,referral,mobile,A,0,
S005746,C00948,2025-03-13 08:34:58,social,mobile,A,0,
S005747,C00610,2025-10-29 11:01:51,email,desktop,A,1,O001860
S005748,C00460,2025-01-22 22:45:22,organic,mobile,A,1,O001861
S005749,C00028,2025-11-29 21:04:39,referral,desktop,A,0,
S005750,C00390,2025-01-25 08:36:35,paid_search,desktop,A,0,
S005751,C00417,2025-09-09 21:10:32,referral,mobile,B,1,O001862
S005752,C00782,2025-12-16 09:54:11,social,mobile,A,0,
S005753,C01722,2025-12-19 15:04:08,social,mobile,A,0,
S005754,C01459,2025-11-05 23:05:42,referral,mobile,B,1,O001863
S005755,C01062,2025-07-26 12:41:46,referral,mobile,A,1,O001864
S005756,C01758,2025-10-12 23:51:30,paid_search,mobile,A,0,
S005757,C00659,2025-07-04 13:55:39,organic,mobile,B,0,
S005758,C01742,2025-07-15 10:43:37,referral,desktop,A,0,
S005759,C00962,2025-01-21 07:58:17,social,mobile,A,0,
S005760,C01027,2025-04-02 20:00:35,organic,desktop,B,1,O001865
S005761,C00703,2025-10-06 08:50:12,paid_search,mobile,B,0,
S005762,C00165,2025-12-12 19:37:33,social,desktop,B,1,O001866
S005763,C00613,2025-03-11 07:46:44,referral,mobile,B,0,
S005764,C01850,2025-05-23 13:59:12,paid_search,mobile,A,0,
S005765,C01250,2025-04-24 22:19:55,paid_search,desktop,A,0,
S005766,C00536,2025-06-13 17:26:32,paid_search,desktop,A,1,O001867
S005767,C00148,2025-06-01 13:11:06,organic,desktop,A,0,
S005768,C00461,2025-09-18 13:09:17,email,mobile,B,0,
S005769,C00642,2025-09-01 21:09:52,organic,mobile,A,0,
S005770,C00225,2025-09-10 08:06:08,referral,desktop,B,0,
S005771,C00152,2025-05-27 08:31:02,social,mobile,A,0,
S005772,C01691,2025-11-21 18:25:48,social,desktop,B,0,
S005773,C01903,2025-06-23 18:18:17,paid_search,desktop,B,0,
S005774,C01001,2025-12-16 16:18:55,referral,mobile,B,1,O001868
S005775,C00742,2025-09-15 13:26:32,organic,mobile,A,0,
S005776,C00034,2025-03-27 23:19:19,social,mobile,A,0,
S005777,C00568,2025-07-01 19:22:55,paid_search,mobile,A,0,
S005778,C00300,2025-11-01 13:32:37,organic,desktop,A,0,
S005779,C01291,2025-09-21 14:34:27,organic,tablet,B,0,
S005780,C01863,2025-06-30 16:31:07,email,desktop,B,0,
S005781,C01814,2025-05-07 19:28:00,paid_search,mobile,A,1,O001869
S005782,C00177,2025-07-30 21:37:04,organic,mobile,B,0,
S005783,C01240,2025-04-18 23:32:59,referral,mobile,A,0,
S005784,C00863,2025-11-11 18:07:07,organic,mobile,B,0,
S005785,C00512,2025-12-30 12:08:47,paid_search,mobile,A,1,O001870
S005786,C00244,2025-07-03 10:11:48,organic,mobile,A,0,
S005787,C01999,2025-05-22 23:48:15,paid_search,mobile,B,1,O001871
S005788,C01369,2025-01-14 18:37:49,social,desktop,B,0,
S005789,C00840,2025-02-09 17:24:33,organic,mobile,A,0,
S005790,C00067,2025-08-21 09:01:48,email,mobile,B,0,
S005791,C00999,2025-10-28 21:45:44,email,desktop,B,0,
S005792,C01353,2025-06-17 14:11:03,paid_search,desktop,B,0,
S005793,C00412,2025-11-02 07:17:36,organic,mobile,A,1,O001872
S005794,C00293,2025-07-24 10:55:29,organic,desktop,B,0,
S005795,C00208,2025-12-14 08:06:29,organic,Unknown,A,0,
S005796,C01007,2025-10-09 19:49:30,social,desktop,B,0,
S005797,C00180,2025-01-15 12:50:54,organic,mobile,A,1,O001873
S005798,C00031,2025-06-04 13:07:24,organic,mobile,B,0,
S005799,C00280,2025-05-31 11:59:52,organic,mobile,A,1,O001874
S005800,C00784,2025-07-03 10:01:12,organic,mobile,A,0,
S005801,C01970,2025-12-20 14:01:48,organic,mobile,A,0,
S005802,C01176,2025-05-02 18:04:35,referral,tablet,A,0,
S005803,C01987,2025-10-31 18:32:43,email,desktop,B,0,
S005804,C01269,2025-10-06 11:13:55,paid_search,desktop,B,1,O001875
S005805,C00991,2025-06-11 10:50:38,paid_search,desktop,B,0,
S005806,C00046,2025-07-31 20:03:10,organic,mobile,A,1,O001876
S005807,C01825,2025-05-02 22:18:38,email,mobile,B,1,O001877
S005808,C00512,2025-12-31 12:15:25,organic,mobile,A,0,
S005809,C00723,2025-03-31 14:11:24,organic,mobile,B,1,O001878
S005810,C01900,2025-03-14 19:42:16,social,mobile,A,0,
S005811,C00887,2025-11-04 20:42:47,email,mobile,B,1,O001879
S005812,C00925,2025-12-21 11:36:13,paid_search,mobile,B,1,O001880
S005813,C00036,2025-04-23 13:08:39,social,mobile,A,0,
S005814,C00821,2025-10-23 11:07:32,paid_search,mobile,B,0,
S005815,C01831,2025-06-14 14:29:37,referral,mobile,B,0,
S005816,C01296,2025-02-17 20:47:05,social,desktop,A,1,O001881
S005817,C00251,2025-07-10 11:40:59,organic,desktop,B,0,
S005818,C01668,2025-12-22 23:33:06,organic,desktop,A,1,O001882
S005819,C00779,2025-04-09 18:30:23,organic,desktop,B,1,O001883
S005820,C00045,2025-06-10 18:31:57,paid_search,mobile,B,1,O001884
S005821,C01728,2025-04-22 07:00:38,organic,mobile,A,0,
S005822,C00471,2025-04-21 15:30:58,organic,desktop,B,0,
S005823,C01571,2025-03-01 08:40:08,organic,tablet,B,0,
S005824,C01513,2025-11-25 14:16:48,social,mobile,B,1,O001885
S005825,C00981,2025-02-10 16:36:18,organic,mobile,B,0,
S005826,C01499,2025-11-10 16:09:00,organic,mobile,B,0,
S005827,C01395,2025-02-19 13:19:34,social,desktop,B,0,
S005828,C01948,2025-11-19 14:31:58,email,mobile,A,1,O001886
S005829,C01654,2025-12-15 08:40:03,referral,mobile,A,0,
S005830,C00190,2025-02-10 07:59:50,referral,mobile,A,0,
S005831,C01173,2025-05-15 17:10:01,organic,mobile,B,1,O001887
S005832,C00296,2025-01-18 09:29:54,paid_search,tablet,A,0,
S005833,C00027,2025-01-22 16:17:13,email,mobile,B,0,
S005834,C01695,2025-10-18 21:25:15,organic,mobile,B,0,
S005835,C00648,2025-01-16 11:51:41,paid_search,mobile,A,0,
S005836,C00658,2025-05-09 16:27:14,paid_search,desktop,A,0,
S005837,C01128,2025-08-31 14:50:41,organic,mobile,A,0,
S005838,C00887,2025-05-04 14:05:47,organic,desktop,B,1,O001888
S005839,C01985,2025-08-08 23:07:17,email,desktop,B,0,
S005840,C00149,2025-10-10 19:21:59,organic,mobile,B,0,
S005841,C01309,2025-08-30 08:04:52,paid_search,desktop,B,1,O001889
S005842,C00311,2025-05-15 20:11:02,paid_search,mobile,B,1,O001890
S005843,C01498,2025-09-26 19:58:01,email,tablet,A,0,
S005844,C01831,2025-03-14 18:11:51,referral,desktop,B,0,
S005845,C00091,2025-08-08 20:43:57,social,mobile,B,0,
S005846,C00708,2025-02-02 10:10:52,paid_search,mobile,A,0,
S005847,C00545,2025-12-27 23:57:07,organic,desktop,B,0,
S005848,C01514,2025-07-24 22:52:36,paid_search,mobile,A,0,
S005849,C00255,2025-08-22 12:40:23,paid_search,mobile,B,1,O001891
S005850,C01126,2025-06-13 21:04:37,paid_search,mobile,A,1,O001892
S005851,C01032,2025-07-31 21:53:49,referral,mobile,A,1,O001893
S005852,C01719,2025-12-21 16:52:28,organic,mobile,B,1,O001894
S005853,C01284,2025-08-21 15:01:18,organic,desktop,A,0,
S005854,C01764,2025-03-26 22:48:37,organic,desktop,A,0,
S005855,C01274,2025-12-22 08:08:03,paid_search,desktop,A,0,
S005856,C01744,2025-11-20 14:35:21,email,mobile,A,0,
S005857,C01261,2025-12-28 16:31:33,organic,mobile,B,1,O001895
S005858,C00794,2025-06-28 16:48:16,social,mobile,A,0,
S005859,C01086,2025-06-17 07:26:49,organic,tablet,A,0,
S005860,C00527,2025-01-13 09:48:20,email,mobile,B,0,
S005861,C00910,2025-09-17 07:50:24,referral,desktop,A,0,
S005862,C00935,2025-11-08 07:08:58,email,mobile,B,0,
S005863,C00967,2025-05-07 18:30:18,paid_search,desktop,B,0,
S005864,C00897,2025-09-07 21:16:40,social,mobile,B,1,O001896
S005865,C00096,2025-06-02 09:47:34,paid_search,mobile,A,0,
S005866,C00984,2025-03-05 17:52:01,social,desktop,A,0,
S005867,C00016,2025-08-13 09:48:28,email,mobile,A,0,
S005868,C01562,2025-05-23 17:41:18,social,mobile,A,0,
S005869,C01149,2025-11-25 23:44:08,social,desktop,B,1,O001897
S005870,C01468,2025-12-04 09:53:11,organic,desktop,A,1,O001898
S005871,C00456,2025-12-08 10:20:13,paid_search,mobile,A,0,
S005872,C01458,2025-12-22 15:52:25,paid_search,desktop,A,0,
S005873,C00272,2025-11-21 10:52:09,paid_search,mobile,A,1,O001899
S005874,C01403,2025-08-05 10:19:21,referral,mobile,B,0,
S005875,C01112,2025-01-22 12:04:21,social,desktop,A,0,
S005876,C01457,2025-09-28 17:46:38,social,desktop,B,0,
S005877,C00654,2025-04-03 16:02:43,email,desktop,A,0,
S005878,C00611,2025-06-01 15:28:30,organic,desktop,B,1,O001900
S005879,C00987,2025-01-18 09:00:31,paid_search,desktop,B,1,O001901
S005880,C00920,2025-10-10 23:17:08,referral,mobile,A,0,
S005881,C00045,2025-09-19 21:54:52,social,desktop,B,1,O001902
S005882,C01174,2025-09-20 18:43:32,paid_search,mobile,A,1,O001903
S005883,C01423,2025-07-29 11:50:32,referral,mobile,B,0,
S005884,C00141,2025-09-12 15:04:12,social,desktop,B,1,O001904
S005885,C00337,2025-08-03 20:54:58,paid_search,desktop,B,0,
S005886,C00101,2025-06-09 18:56:15,organic,mobile,B,1,O001905
S005887,C00327,2025-10-17 15:22:27,referral,mobile,B,1,O001906
S005888,C01614,2025-12-13 09:00:51,email,desktop,A,0,
S005889,C00139,2025-12-08 07:00:35,paid_search,mobile,B,1,O001907
S005890,C00097,2025-06-24 22:55:21,paid_search,mobile,B,1,O001908
S005891,C01547,2025-05-11 14:09:14,organic,mobile,B,1,O001909
S005892,C01061,2025-09-30 23:43:35,paid_search,desktop,B,0,
S005893,C00349,2025-08-09 16:35:06,social,mobile,B,0,
S005894,C01799,2025-02-20 20:37:06,paid_search,mobile,B,0,
S005895,C01005,2025-10-21 10:44:17,organic,mobile,B,0,
S005896,C00489,2025-05-10 13:03:10,paid_search,mobile,B,0,
S005897,C00103,2025-06-11 21:46:47,social,mobile,B,0,
S005898,C00646,2025-03-08 21:12:21,organic,mobile,A,1,O001910
S005899,C00201,2025-09-12 23:53:20,organic,mobile,B,0,
S005900,C01678,2025-06-13 20:52:02,paid_search,desktop,A,1,O001911
S005901,C00850,2025-10-22 20:50:11,social,mobile,A,0,
S005902,C01141,2025-10-03 18:47:38,organic,desktop,B,0,
S005903,C01446,2025-03-10 07:22:37,email,mobile,A,0,
S005904,C01154,2025-02-14 22:52:48,social,mobile,A,0,
S005905,C01516,2025-09-17 07:07:34,social,mobile,A,1,O001912
S005906,C01663,2025-12-26 11:34:35,paid_search,mobile,B,1,O001913
S005907,C01799,2025-04-15 12:37:38,organic,desktop,B,0,
S005908,C01322,2025-01-21 17:53:43,paid_search,mobile,A,0,
S005909,C00429,2025-08-23 07:29:27,paid_search,mobile,B,1,O001914
S005910,C01290,2025-01-18 15:35:57,social,desktop,A,0,
S005911,C01122,2025-08-30 14:51:24,organic,desktop,A,1,O001915
S005912,C00716,2025-04-25 17:36:57,organic,tablet,A,0,
S005913,C01346,2025-11-09 22:22:38,email,mobile,A,0,
S005914,C01380,2025-12-21 12:18:56,social,mobile,A,0,
S005915,C01979,2025-11-16 15:37:56,organic,mobile,B,0,
S005916,C00088,2025-02-09 12:34:46,organic,mobile,A,0,
S005917,C01191,2025-05-12 12:29:24,social,desktop,B,0,
S005918,C00790,2025-12-28 17:14:06,organic,desktop,A,1,O001916
S005919,C01223,2025-01-12 12:43:17,organic,mobile,B,1,O001917
S005920,C00888,2025-09-13 20:55:28,social,mobile,A,0,
S005921,C01244,2025-06-20 09:58:59,paid_search,mobile,A,1,O001918
S005922,C00388,2025-09-21 18:48:17,paid_search,desktop,A,0,
S005923,C00850,2025-03-12 23:04:55,paid_search,mobile,A,0,
S005924,C01635,2025-03-31 07:12:07,social,mobile,B,0,
S005925,C01111,2025-06-24 17:00:55,organic,mobile,B,0,
S005926,C01029,2025-02-24 13:15:12,social,mobile,B,1,O001919
S005927,C01288,2025-09-05 07:06:10,organic,mobile,A,0,
S005928,C01963,2025-01-25 21:48:32,paid_search,mobile,B,0,
S005929,C00650,2025-10-10 19:53:24,social,tablet,A,0,
S005930,C00317,2025-07-05 21:09:43,paid_search,tablet,B,0,
S005931,C01156,2025-11-27 20:45:31,organic,desktop,A,0,
S005932,C00111,2025-11-07 12:30:52,paid_search,desktop,B,1,O001920
S005933,C01276,2025-09-10 23:36:36,paid_search,mobile,A,1,O001921
S005934,C01175,2025-10-26 23:00:05,organic,mobile,B,0,
S005935,C00286,2025-06-13 14:53:36,paid_search,mobile,A,1,O001922
S005936,C00807,2025-09-25 18:53:37,paid_search,mobile,B,0,
S005937,C00738,2025-01-11 17:08:16,organic,mobile,A,0,
S005938,C00727,2025-10-04 07:19:30,email,desktop,B,0,
S005939,C00980,2025-11-01 09:56:14,email,desktop,A,1,O001923
S005940,C01857,2025-09-23 13:18:14,email,mobile,B,1,O001924
S005941,C01232,2025-12-04 12:57:32,organic,mobile,A,0,
S005942,C00554,2025-10-02 12:46:08,social,desktop,A,0,
S005943,C00383,2025-07-17 15:25:12,email,mobile,B,0,
S005944,C01554,2025-01-08 14:53:16,email,mobile,A,0,
S005945,C01738,2025-04-06 11:15:49,referral,mobile,A,0,
S005946,C01193,2025-07-31 14:50:33,organic,mobile,B,0,
S005947,C00163,2025-09-27 22:29:48,email,mobile,B,0,
S005948,C01725,2025-12-16 19:15:42,paid_search,mobile,B,1,O001925
S005949,C01112,2025-08-10 09:36:34,email,mobile,A,1,O001926
S005950,C00596,2025-02-13 16:45:21,social,tablet,A,0,
S005951,C01767,2025-09-04 18:32:11,email,mobile,B,1,O001927
S005952,C00443,2025-06-19 20:12:18,organic,mobile,B,0,
S005953,C01542,2025-12-13 09:25:15,paid_search,tablet,A,0,
S005954,C00364,2025-06-27 19:19:53,referral,desktop,A,0,
S005955,C01609,2025-09-21 08:33:45,organic,mobile,B,0,
S005956,C00117,2025-10-16 15:29:18,social,desktop,B,0,
S005957,C00999,2025-08-30 08:58:47,email,mobile,B,1,O001928
S005958,C01580,2025-09-05 18:44:19,social,mobile,A,1,O001929
S005959,C00541,2025-09-20 08:40:27,paid_search,mobile,B,0,
S005960,C01925,2025-12-06 22:33:41,paid_search,mobile,B,0,
S005961,C01305,2025-04-21 10:34:31,paid_search,desktop,B,0,
S005962,C00114,2025-07-18 23:43:12,email,mobile,A,0,
S005963,C00279,2025-09-24 19:59:23,email,desktop,B,1,O001930
S005964,C00345,2025-09-20 17:57:17,organic,desktop,B,1,O001931
S005965,C01579,2025-08-08 14:52:44,email,desktop,B,1,O001932
S005966,C00140,2025-11-30 22:44:28,referral,desktop,A,0,
S005967,C00766,2025-05-26 16:19:35,referral,mobile,A,0,
S005968,C01990,2025-04-01 14:48:24,social,mobile,A,0,
S005969,C01963,2025-03-18 22:28:26,organic,mobile,B,0,
S005970,C01866,2025-09-05 07:49:45,organic,desktop,A,0,
S005971,C00872,2025-02-19 08:36:42,paid_search,desktop,A,0,
S005972,C00386,2025-06-26 23:06:07,referral,mobile,A,0,
S005973,C00898,2025-01-17 08:42:52,paid_search,mobile,A,0,
S005974,C01445,2025-10-19 17:35:58,social,mobile,B,0,
S005975,C01871,2025-01-23 12:53:08,paid_search,desktop,B,1,O001933
S005976,C00203,2025-05-08 21:51:57,social,mobile,B,0,
S005977,C00403,2025-03-13 23:05:13,social,mobile,B,0,
S005978,C01240,2025-04-01 11:47:34,email,tablet,A,0,
S005979,C00852,2025-11-08 23:06:17,referral,desktop,A,0,
S005980,C01631,2025-09-16 09:55:21,email,mobile,B,1,O001934
S005981,C00490,2025-09-07 07:04:37,social,mobile,A,0,
S005982,C01727,2025-05-09 10:23:52,social,mobile,B,0,
S005983,C00836,2025-07-30 20:27:52,paid_search,desktop,A,1,O001935
S005984,C01940,2025-11-25 22:55:03,paid_search,mobile,A,0,
S005985,C00502,2025-03-23 09:05:42,paid_search,desktop,A,0,
S005986,C00134,2025-10-30 08:09:23,email,mobile,A,0,
S005987,C01827,2025-04-07 08:33:18,paid_search,mobile,B,1,O001936
S005988,C00795,2025-03-31 10:11:03,referral,mobile,B,1,O001937
S005989,C00682,2025-02-24 07:03:10,social,desktop,A,1,O001938
S005990,C00256,2025-04-27 23:03:46,paid_search,mobile,A,0,
S005991,C00124,2025-02-02 11:44:58,organic,mobile,A,0,
S005992,C00462,2025-09-12 14:15:09,organic,tablet,A,0,
S005993,C00415,2025-07-11 13:58:23,social,desktop,B,0,
S005994,C00761,2025-05-25 16:18:27,organic,mobile,B,1,O001939
S005995,C00378,2025-12-25 19:15:33,email,mobile,A,0,
S005996,C00721,2025-04-19 20:17:37,social,mobile,B,0,
S005997,C01983,2025-06-09 11:25:51,email,mobile,B,0,
S005998,C00566,2025-09-15 19:01:39,paid_search,desktop,A,0,
S005999,C00770,2025-10-22 21:46:37,email,tablet,A,0,
S006000,C01658,2025-07-13 08:10:44,social,desktop,A,0,
S006001,C01456,2025-12-25 08:00:51,organic,mobile,A,0,
S006002,C01602,2025-06-02 21:33:54,social,mobile,A,0,
S006003,C00145,2025-06-27 08:14:18,referral,tablet,B,0,
S006004,C01276,2025-12-26 19:40:56,paid_search,desktop,A,0,
S006005,C01677,2025-10-08 19:20:02,social,desktop,B,0,
S006006,C01051,2025-11-26 21:50:58,paid_search,desktop,B,0,
S006007,C00957,2025-02-16 15:50:57,organic,mobile,B,1,O001940
S006008,C00217,2025-03-12 13:56:21,social,desktop,B,1,O001941
S006009,C01033,2025-11-24 13:11:57,email,desktop,B,0,
S006010,C01584,2025-12-09 09:01:05,organic,mobile,A,0,
S006011,C00422,2025-01-21 23:14:19,organic,mobile,A,0,
S006012,C01117,2025-09-20 17:03:02,paid_search,mobile,B,0,
S006013,C01883,2025-05-30 15:05:32,paid_search,tablet,B,1,O001942
S006014,C00486,2025-11-16 16:34:51,organic,mobile,A,1,O001943
S006015,C00408,2025-05-16 23:08:31,social,tablet,A,1,O001944
S006016,C00593,2025-04-03 19:10:14,paid_search,mobile,B,0,
S006017,C01128,2025-10-14 22:57:26,paid_search,mobile,A,0,
S006018,C01992,2025-01-02 14:29:13,paid_search,mobile,A,0,
S006019,C01580,2025-04-02 17:57:01,organic,mobile,A,0,
S006020,C00166,2025-09-12 14:03:11,email,mobile,A,0,
S006021,C01881,2025-06-09 08:11:59,organic,desktop,B,1,O001945
S006022,C01513,2025-10-10 21:20:04,organic,mobile,B,0,
S006023,C00069,2025-06-20 13:12:16,organic,mobile,B,0,
S006024,C01946,2025-11-22 11:19:32,organic,desktop,A,0,
S006025,C01326,2025-09-04 23:48:44,paid_search,desktop,A,0,
S006026,C01889,2025-03-31 21:41:30,paid_search,desktop,B,1,O001946
S006027,C01505,2025-08-19 10:41:37,paid_search,desktop,B,0,
S006028,C00254,2025-04-09 07:42:07,paid_search,mobile,A,0,
S006029,C00074,2025-07-05 10:36:16,organic,desktop,A,1,O001947
S006030,C01312,2025-11-13 22:45:26,social,desktop,A,0,
S006031,C00865,2025-07-23 15:49:30,organic,mobile,B,1,O001948
S006032,C00826,2025-10-18 21:07:55,organic,desktop,A,0,
S006033,C01564,2025-08-02 13:21:56,paid_search,mobile,A,0,
S006034,C01355,2025-04-09 07:51:05,email,desktop,B,1,O001949
S006035,C00442,2025-02-24 22:10:25,email,desktop,A,1,O001950
S006036,C00063,2025-07-21 16:12:34,social,mobile,B,0,
S006037,C01720,2025-02-18 07:33:43,referral,mobile,A,0,
S006038,C01618,2025-06-08 10:58:23,email,mobile,A,1,O001951
S006039,C00568,2025-03-24 17:45:55,paid_search,mobile,A,1,O001952
S006040,C00565,2025-01-06 11:02:34,paid_search,desktop,B,0,
S006041,C01778,2025-01-01 13:55:44,paid_search,desktop,A,0,
S006042,C01199,2025-11-27 12:11:05,social,desktop,B,1,O001953
S006043,C00939,2025-03-28 17:26:09,email,desktop,B,1,O001954
S006044,C01384,2025-09-14 22:08:14,organic,desktop,A,0,
S006045,C00866,2025-12-21 17:05:24,organic,desktop,A,1,O001955
S006046,C00056,2025-11-07 08:33:35,email,mobile,A,0,
S006047,C01594,2025-03-03 23:27:25,organic,mobile,A,0,
S006048,C00855,2025-08-18 16:14:09,referral,mobile,B,0,
S006049,C00987,2025-08-07 12:21:15,email,mobile,B,1,O001956
S006050,C01004,2025-11-22 19:53:19,email,mobile,A,0,
S006051,C01490,2025-07-26 08:43:11,referral,mobile,A,0,
S006052,C01769,2025-12-27 20:17:01,organic,mobile,B,0,
S006053,C00103,2025-02-24 13:50:09,organic,mobile,B,0,
S006054,C00604,2025-05-25 19:04:23,social,desktop,A,0,
S006055,C00239,2025-05-24 21:44:24,referral,desktop,B,0,
S006056,C00246,2025-12-29 18:53:01,paid_search,desktop,A,0,
S006057,C00268,2025-07-06 16:25:16,organic,mobile,A,0,
S006058,C00900,2025-09-18 09:55:48,organic,mobile,A,0,
S006059,C00367,2025-08-05 22:05:29,social,mobile,B,0,
S006060,C01275,2025-10-08 07:31:17,social,mobile,B,1,O001957
S006061,C01237,2025-12-19 17:30:43,social,mobile,B,0,
S006062,C01325,2025-09-01 18:27:42,social,desktop,B,1,O001958
S006063,C01175,2025-10-25 11:33:39,paid_search,mobile,B,0,
S006064,C00219,2025-12-01 21:17:16,social,desktop,B,0,
S006065,C01689,2025-12-02 15:01:25,social,mobile,B,0,
S006066,C01584,2025-05-20 18:19:30,social,desktop,A,0,
S006067,C01492,2025-09-06 20:47:04,email,desktop,A,1,O001959
S006068,C01992,2025-03-14 10:14:07,email,mobile,A,0,
S006069,C00461,2025-11-08 09:58:25,organic,desktop,B,0,
S006070,C01054,2025-09-21 16:48:50,paid_search,tablet,A,1,O001960
S006071,C01892,2025-07-19 10:56:15,organic,mobile,A,1,O001961
S006072,C00224,2025-12-14 11:41:46,paid_search,mobile,A,1,O001962
S006073,C00496,2025-06-19 11:11:42,email,desktop,A,0,
S006074,C01501,2025-05-17 13:54:20,organic,mobile,B,1,O001963
S006075,C00715,2025-02-16 16:41:14,email,mobile,B,0,
S006076,C01036,2025-10-29 18:17:43,organic,mobile,A,0,
S006077,C00253,2025-06-12 15:28:33,paid_search,desktop,B,0,
S006078,C01991,2025-10-15 19:38:52,email,mobile,B,0,
S006079,C00330,2025-04-23 13:43:26,paid_search,mobile,A,0,
S006080,C00883,2025-12-03 11:49:59,email,tablet,B,0,
S006081,C01737,2025-02-17 11:36:45,social,mobile,B,0,
S006082,C00304,2025-06-05 17:27:34,organic,desktop,A,0,
S006083,C00141,2025-10-08 23:38:17,paid_search,mobile,B,0,
S006084,C01954,2025-12-20 14:43:12,referral,desktop,A,0,
S006085,C00918,2025-06-21 19:27:43,organic,mobile,A,0,
S006086,C01393,2025-03-16 09:20:11,social,mobile,B,1,O001964
S006087,C00291,2025-12-24 16:44:01,paid_search,desktop,B,0,
S006088,C01034,2025-01-02 12:32:25,referral,mobile,A,1,O001965
S006089,C00311,2025-07-01 21:49:12,email,mobile,B,1,O001966
S006090,C01614,2025-08-20 11:21:22,social,mobile,A,0,
S006091,C01500,2025-10-20 13:11:00,organic,desktop,A,0,
S006092,C00643,2025-04-30 21:25:10,social,mobile,B,0,
S006093,C01730,2025-09-03 08:17:13,paid_search,mobile,A,0,
S006094,C00260,2025-06-06 10:24:14,referral,desktop,A,0,
S006095,C01943,2025-02-24 13:40:38,paid_search,mobile,B,0,
S006096,C01398,2025-05-12 11:59:20,email,desktop,A,1,O001967
S006097,C00564,2025-11-24 08:32:59,organic,mobile,A,0,
S006098,C00389,2025-09-18 13:23:17,social,mobile,B,0,
S006099,C01663,2025-04-09 14:43:14,paid_search,mobile,B,1,O001968
S006100,C00828,2025-09-11 19:00:27,referral,mobile,A,0,
S006101,C01847,2025-04-07 13:45:53,referral,desktop,B,0,
S006102,C00945,2025-10-08 12:10:09,referral,desktop,B,1,O001969
S006103,C01248,2025-01-30 15:28:27,organic,mobile,A,0,
S006104,C01352,2025-10-22 07:29:40,organic,mobile,A,0,
S006105,C01051,2025-06-29 10:54:30,social,mobile,B,1,O001970
S006106,C01290,2025-01-14 13:33:40,social,desktop,A,1,O001971
S006107,C00497,2025-07-09 08:36:39,email,mobile,B,0,
S006108,C00400,2025-10-29 07:51:32,social,mobile,A,0,
S006109,C00464,2025-01-21 16:02:17,organic,tablet,A,0,
S006110,C01013,2025-11-30 10:58:19,paid_search,mobile,B,0,
S006111,C00090,2025-03-11 18:21:04,social,mobile,A,0,
S006112,C01285,2025-02-01 20:18:14,organic,mobile,B,0,
S006113,C00674,2025-12-20 12:48:15,organic,mobile,A,0,
S006114,C01248,2025-01-31 11:19:55,organic,mobile,A,0,
S006115,C01917,2025-01-13 15:42:08,referral,desktop,B,0,
S006116,C01488,2025-11-18 17:13:14,organic,mobile,A,0,
S006117,C00725,2025-12-11 23:59:17,social,desktop,B,0,
S006118,C01376,2025-09-27 17:32:36,social,mobile,A,0,
S006119,C00246,2025-07-11 15:43:43,social,mobile,A,0,
S006120,C00653,2025-06-17 23:25:44,organic,mobile,B,0,
S006121,C01792,2025-10-16 22:36:42,organic,mobile,A,1,O001972
S006122,C00624,2025-04-23 20:24:51,email,mobile,A,0,
S006123,C01792,2025-07-09 17:32:16,email,mobile,A,0,
S006124,C01566,2025-01-05 12:22:32,referral,desktop,A,0,
S006125,C00448,2025-04-11 13:08:33,paid_search,desktop,A,1,O001973
S006126,C00729,2025-08-12 16:29:22,email,mobile,B,1,O001974
S006127,C00079,2025-12-30 21:22:51,paid_search,mobile,B,1,O001975
S006128,C01285,2025-11-19 08:43:15,referral,mobile,B,0,
S006129,C01789,2025-11-27 21:23:32,organic,mobile,B,1,O001976
S006130,C01934,2025-05-24 07:22:10,referral,mobile,A,1,O001977
S006131,C01021,2025-12-25 22:33:08,paid_search,mobile,B,0,
S006132,C01240,2025-12-07 23:28:54,organic,desktop,A,0,
S006133,C00782,2025-03-14 20:48:57,organic,mobile,A,0,
S006134,C01885,2025-08-28 18:55:59,email,tablet,B,1,O001978
S006135,C00635,2025-04-08 16:51:23,referral,mobile,B,0,
S006136,C00781,2025-02-19 13:11:29,email,mobile,B,0,
S006137,C00219,2025-12-06 23:48:08,organic,mobile,B,0,
S006138,C00786,2025-02-04 12:59:33,organic,mobile,A,0,
S006139,C01109,2025-09-16 09:48:31,email,desktop,B,0,
S006140,C00713,2025-10-17 11:17:29,paid_search,mobile,B,0,
S006141,C00191,2025-07-14 11:03:59,paid_search,mobile,B,0,
S006142,C01797,2025-07-12 08:15:29,social,mobile,B,0,
S006143,C01886,2025-12-23 12:42:06,paid_search,mobile,A,0,
S006144,C00787,2025-07-22 20:20:14,referral,desktop,B,1,O001979
S006145,C01429,2025-08-09 21:26:19,social,mobile,B,0,
S006146,C00110,2025-04-11 23:32:21,organic,mobile,A,0,
S006147,C01526,2025-07-26 13:15:02,referral,mobile,A,0,
S006148,C00050,2025-03-23 14:06:20,email,mobile,A,1,O001980
S006149,C01232,2025-06-14 12:39:54,email,desktop,A,0,
S006150,C00110,2025-08-23 07:11:47,organic,mobile,A,0,
S006151,C01187,2025-11-29 23:09:24,email,mobile,B,0,
S006152,C00133,2025-08-19 12:20:11,organic,desktop,B,1,O001981
S006153,C00199,2025-08-21 15:41:25,email,mobile,B,1,O001982
S006154,C00127,2025-01-11 21:49:34,organic,mobile,B,0,
S006155,C01788,2025-04-05 16:20:04,organic,desktop,A,0,
S006156,C00784,2025-12-08 09:09:20,paid_search,mobile,A,0,
S006157,C00353,2025-07-19 20:52:06,referral,mobile,B,1,O001983
S006158,C01416,2025-06-29 23:51:23,social,desktop,A,0,
S006159,C01448,2025-07-15 20:55:28,organic,mobile,A,0,
S006160,C01101,2025-10-16 11:59:59,organic,tablet,B,0,
S006161,C00505,2025-09-08 18:15:17,social,mobile,B,0,
S006162,C01199,2025-04-22 14:18:39,paid_search,desktop,B,0,
S006163,C01369,2025-04-10 07:41:35,paid_search,desktop,B,1,O001984
S006164,C01995,2025-01-26 22:57:37,email,tablet,B,0,
S006165,C00496,2025-12-18 12:03:47,paid_search,mobile,A,0,
S006166,C00014,2025-06-16 15:04:55,organic,mobile,A,0,
S006167,C00601,2025-08-25 15:52:19,paid_search,mobile,B,1,O001985
S006168,C00072,2025-04-26 17:41:33,paid_search,mobile,A,0,
S006169,C01778,2025-10-06 11:37:46,referral,desktop,A,1,O001986
S006170,C01020,2025-10-01 11:01:06,organic,desktop,A,1,O001987
S006171,C00839,2025-03-15 18:51:11,referral,mobile,B,0,
S006172,C01692,2025-09-11 12:58:55,email,mobile,A,0,
S006173,C01252,2025-05-24 10:07:51,organic,mobile,A,1,O001988
S006174,C00368,2025-04-03 18:50:47,social,mobile,A,0,
S006175,C00663,2025-06-11 17:51:05,paid_search,desktop,B,0,
S006176,C00745,2025-07-28 16:36:05,email,desktop,B,0,
S006177,C01206,2025-04-18 11:21:34,email,mobile,A,1,O001989
S006178,C00891,2025-10-23 13:46:50,email,mobile,B,0,
S006179,C00798,2025-04-20 07:41:38,organic,mobile,A,0,
S006180,C00774,2025-05-08 10:16:12,email,tablet,A,0,
S006181,C00769,2025-07-16 21:09:22,paid_search,tablet,B,0,
S006182,C00130,2025-01-11 23:04:07,email,mobile,A,0,
S006183,C00394,2025-01-25 10:27:31,social,mobile,A,0,
S006184,C01090,2025-09-18 18:03:44,email,tablet,A,1,O001990
S006185,C00961,2025-08-28 08:27:32,referral,mobile,B,1,O001991
S006186,C01598,2025-08-02 15:08:37,organic,mobile,A,0,
S006187,C00311,2025-02-19 10:38:42,social,mobile,B,0,
S006188,C01957,2025-03-08 22:31:17,paid_search,mobile,B,1,O001992
S006189,C00138,2025-04-04 14:17:09,social,mobile,A,1,O001993
S006190,C01971,2025-05-28 21:03:17,paid_search,mobile,B,0,
S006191,C01880,2025-04-23 22:01:33,social,mobile,A,1,O001994
S006192,C00695,2025-11-17 08:20:12,paid_search,mobile,B,1,O001995
S006193,C01514,2025-06-08 18:50:57,paid_search,mobile,A,0,
S006194,C00726,2025-09-10 16:28:33,organic,mobile,A,1,O001996
S006195,C01767,2025-08-27 10:14:00,organic,tablet,B,1,O001997
S006196,C00850,2025-05-24 14:07:14,organic,mobile,A,0,
S006197,C01124,2025-09-01 15:31:53,social,desktop,A,0,
S006198,C01966,2025-06-27 09:19:45,paid_search,mobile,A,0,
S006199,C00225,2025-10-14 18:22:57,paid_search,mobile,B,0,
S006200,C01708,2025-08-20 19:52:30,paid_search,desktop,A,0,
S006201,C01865,2025-01-17 12:46:00,organic,mobile,B,0,
S006202,C00956,2025-11-26 16:08:47,referral,tablet,A,0,
S006203,C01269,2025-03-09 13:13:38,referral,desktop,B,1,O001998
S006204,C01801,2025-06-08 10:37:50,paid_search,desktop,B,0,
S006205,C01864,2025-04-17 19:36:32,paid_search,desktop,A,1,O001999
S006206,C01357,2025-09-18 09:43:06,email,desktop,B,1,O002000
S006207,C00147,2025-02-06 21:32:04,paid_search,mobile,B,0,
S006208,C01467,2025-11-25 09:03:51,organic,mobile,B,0,
S006209,C00566,2025-02-01 07:06:33,organic,mobile,A,0,
S006210,C01190,2025-01-17 22:07:43,email,desktop,A,1,O002001
S006211,C01733,2025-05-24 15:00:50,email,desktop,B,0,
S006212,C01206,2025-06-05 13:14:08,organic,mobile,A,0,
S006213,C00451,2025-10-04 15:51:22,email,mobile,B,0,
S006214,C00292,2025-06-22 13:35:37,paid_search,mobile,A,0,
S006215,C01979,2025-09-12 09:29:03,email,desktop,B,0,
S006216,C01238,2025-10-26 15:40:30,social,mobile,A,0,
S006217,C00910,2025-03-01 20:45:10,social,mobile,A,1,O002002
S006218,C00028,2025-04-21 10:00:17,organic,mobile,A,1,O002003
S006219,C01340,2025-12-09 09:42:37,referral,mobile,A,1,O002004
S006220,C01665,2025-04-28 09:58:21,paid_search,mobile,B,0,
S006221,C00522,2025-08-26 23:26:14,social,mobile,A,0,
S006222,C01467,2025-12-13 16:05:23,social,desktop,B,0,
S006223,C01385,2025-04-24 13:04:31,social,desktop,B,0,
S006224,C00834,2025-04-17 10:13:43,referral,desktop,A,1,O002005
S006225,C00706,2025-11-13 18:58:52,email,mobile,A,0,
S006226,C01274,2025-07-12 14:53:41,organic,mobile,A,1,O002006
S006227,C01978,2025-11-23 11:02:51,social,mobile,A,1,O002007
S006228,C01588,2025-05-14 08:37:01,paid_search,desktop,A,0,
S006229,C00842,2025-05-01 11:26:17,organic,desktop,A,1,O002008
S006230,C00901,2025-03-13 10:29:36,organic,mobile,B,0,
S006231,C00269,2025-12-27 14:17:31,paid_search,mobile,B,0,
S006232,C00698,2025-07-01 12:24:29,referral,desktop,A,0,
S006233,C01631,2025-12-01 11:27:31,referral,mobile,B,1,O002009
S006234,C01060,2025-07-02 21:19:13,organic,desktop,A,0,
S006235,C01862,2025-05-08 18:05:48,organic,mobile,A,1,O002010
S006236,C00295,2025-05-23 15:16:09,organic,mobile,B,0,
S006237,C01458,2025-07-27 09:32:32,paid_search,desktop,A,1,O002011
S006238,C00724,2025-05-20 09:16:03,paid_search,desktop,A,0,
S006239,C01696,2025-12-20 13:59:09,email,mobile,A,1,O002012
S006240,C00686,2025-12-19 21:39:58,organic,mobile,A,1,O002013
S006241,C01846,2025-10-13 19:37:53,email,desktop,A,1,O002014
S006242,C01816,2025-09-28 16:45:52,paid_search,mobile,A,0,
S006243,C01722,2025-11-21 14:13:49,social,mobile,A,0,
S006244,C00430,2025-12-18 07:31:22,organic,mobile,A,0,
S006245,C01710,2025-12-23 07:09:01,paid_search,mobile,A,0,
S006246,C01976,2025-05-28 08:58:40,paid_search,desktop,A,0,
S006247,C01817,2025-01-06 11:27:50,paid_search,tablet,B,1,O002015
S006248,C00946,2025-10-07 23:24:24,paid_search,mobile,A,0,
S006249,C00627,2025-11-16 16:20:34,organic,mobile,B,0,
S006250,C00544,2025-09-03 10:33:04,paid_search,mobile,A,1,O002016
S006251,C00615,2025-06-26 11:02:43,referral,mobile,B,0,
S006252,C01378,2025-10-19 13:07:31,social,mobile,A,0,
S006253,C01289,2025-08-19 13:12:31,paid_search,mobile,B,1,O002017
S006254,C00217,2025-05-27 19:17:18,referral,desktop,B,0,
S006255,C00696,2025-08-13 11:18:11,paid_search,mobile,A,0,
S006256,C01455,2025-12-10 19:27:34,organic,mobile,B,0,
S006257,C01934,2025-07-22 19:43:00,email,mobile,A,0,
S006258,C00153,2025-10-06 12:53:16,email,desktop,B,1,O002018
S006259,C00558,2025-07-02 18:36:41,email,mobile,A,1,O002019
S006260,C00109,2025-04-12 08:53:01,email,mobile,B,1,O002020
S006261,C01432,2025-08-02 23:12:25,social,mobile,A,1,O002021
S006262,C01750,2025-04-26 10:07:42,email,mobile,A,0,
S006263,C00554,2025-11-06 08:25:22,organic,mobile,A,0,
S006264,C01473,2025-09-29 16:36:09,referral,mobile,B,0,
S006265,C00891,2025-12-29 16:15:59,organic,desktop,B,1,O002022
S006266,C00997,2025-04-26 14:26:57,organic,mobile,B,1,O002023
S006267,C01221,2025-10-03 16:35:06,paid_search,mobile,B,1,O002024
S006268,C01677,2025-05-14 11:59:24,email,desktop,B,0,
S006269,C00827,2025-07-29 15:52:18,paid_search,mobile,B,0,
S006270,C00690,2025-03-10 07:01:34,social,mobile,A,1,O002025
S006271,C00708,2025-10-11 21:34:36,referral,mobile,A,0,
S006272,C01741,2025-07-23 22:03:26,paid_search,mobile,B,0,
S006273,C00862,2025-05-06 21:21:29,organic,mobile,A,0,
S006274,C00031,2025-11-12 20:28:49,social,mobile,B,0,
S006275,C01689,2025-04-09 12:13:20,paid_search,mobile,B,1,O002026
S006276,C00212,2025-06-02 19:35:12,email,mobile,A,0,
S006277,C01431,2025-04-27 08:14:57,organic,mobile,B,0,
S006278,C00708,2025-05-05 15:18:44,organic,desktop,A,1,O002027
S006279,C00480,2025-06-05 08:26:43,organic,mobile,A,0,
S006280,C00768,2025-10-28 13:20:27,referral,desktop,A,0,
S006281,C00795,2025-05-17 12:47:53,organic,mobile,B,0,
S006282,C01881,2025-02-16 17:32:28,social,mobile,B,0,
S006283,C00078,2025-08-23 22:05:47,organic,mobile,A,1,O002028
S006284,C01093,2025-09-17 14:26:04,email,mobile,B,0,
S006285,C01510,2025-02-21 12:20:35,organic,desktop,A,1,O002029
S006286,C01777,2025-08-08 16:26:55,paid_search,desktop,B,1,O002030
S006287,C01054,2025-10-07 13:26:35,paid_search,tablet,A,0,
S006288,C00950,2025-11-02 11:27:26,social,mobile,A,0,
S006289,C01201,2025-10-01 22:37:28,referral,desktop,B,1,O002031
S006290,C00943,2025-04-14 23:05:37,social,mobile,B,0,
S006291,C00992,2025-10-06 13:44:53,social,mobile,A,0,
S006292,C01777,2025-10-26 18:45:47,organic,mobile,B,0,
S006293,C00812,2025-11-20 20:12:09,social,mobile,A,0,
S006294,C00894,2025-10-15 16:55:01,organic,desktop,A,0,
S006295,C01402,2025-12-03 16:16:15,social,mobile,A,1,O002032
S006296,C01078,2025-08-06 12:26:48,organic,desktop,A,0,
S006297,C00161,2025-11-08 22:49:50,organic,desktop,B,0,
S006298,C00621,2025-12-08 18:10:46,paid_search,mobile,B,0,
S006299,C00162,2025-08-22 22:20:17,email,mobile,A,0,
S006300,C00597,2025-05-04 21:45:38,organic,desktop,B,1,O002033
S006301,C01168,2025-06-18 19:12:54,organic,mobile,A,0,
S006302,C00360,2025-07-07 19:26:54,social,tablet,A,0,
S006303,C00029,2025-12-21 10:25:19,paid_search,desktop,B,0,
S006304,C00465,2025-01-16 14:13:17,referral,tablet,B,1,O002034
S006305,C01483,2025-10-25 11:30:48,paid_search,mobile,B,0,
S006306,C01028,2025-12-31 20:15:13,organic,desktop,A,1,O002035
S006307,C00593,2025-11-23 14:06:53,paid_search,desktop,B,0,
S006308,C00062,2025-05-13 21:09:26,paid_search,mobile,A,1,O002036
S006309,C01822,2025-03-20 12:39:29,social,mobile,A,0,
S006310,C00806,2025-03-25 07:50:40,paid_search,mobile,A,0,
S006311,C01790,2025-11-19 21:13:03,organic,desktop,A,1,O002037
S006312,C01084,2025-01-05 17:52:53,paid_search,mobile,A,0,
S006313,C01716,2025-09-24 16:28:05,email,desktop,A,1,O002038
S006314,C01562,2025-07-19 10:29:11,email,mobile,A,0,
S006315,C01554,2025-06-11 18:21:31,paid_search,mobile,A,0,
S006316,C01210,2025-03-24 08:26:36,email,desktop,A,0,
S006317,C00289,2025-09-16 16:12:51,organic,mobile,B,0,
S006318,C00155,2025-04-15 13:53:17,organic,mobile,B,0,
S006319,C01131,2025-02-17 15:45:54,social,mobile,B,0,
S006320,C00971,2025-07-22 13:18:12,referral,mobile,B,1,O002039
S006321,C00431,2025-12-28 12:30:12,email,desktop,B,1,O002040
S006322,C01486,2025-07-06 13:16:33,organic,mobile,A,0,
S006323,C00627,2025-06-16 14:03:12,social,mobile,B,0,
S006324,C01815,2025-08-14 18:40:45,organic,desktop,B,0,
S006325,C01199,2025-07-17 15:38:51,social,mobile,B,1,O002041
S006326,C00251,2025-08-17 13:23:32,paid_search,mobile,B,1,O002042
S006327,C00365,2025-04-05 13:09:21,paid_search,mobile,B,0,
S006328,C00358,2025-02-02 13:04:06,paid_search,tablet,A,1,O002043
S006329,C00964,2025-03-03 15:17:55,referral,mobile,A,0,
S006330,C00762,2025-08-05 17:49:49,social,mobile,A,1,O002044
S006331,C00166,2025-03-15 23:00:14,social,mobile,A,0,
S006332,C00565,2025-06-30 22:24:37,paid_search,desktop,B,1,O002045
S006333,C01782,2025-02-21 20:38:18,email,mobile,A,1,O002046
S006334,C01443,2025-08-09 18:03:04,social,tablet,B,1,O002047
S006335,C01299,2025-12-15 22:19:28,social,mobile,B,1,O002048
S006336,C01076,2025-06-20 08:27:39,social,mobile,A,0,
S006337,C00963,2025-02-08 10:03:35,organic,mobile,B,0,
S006338,C01488,2025-06-27 23:22:14,social,desktop,A,1,O002049
S006339,C01551,2025-09-11 12:37:56,organic,mobile,B,0,
S006340,C00976,2025-08-17 13:07:22,social,mobile,A,1,O002050
S006341,C01908,2025-09-27 19:35:25,paid_search,mobile,A,0,
S006342,C00896,2025-05-10 11:19:31,paid_search,mobile,A,0,
S006343,C01577,2025-02-01 15:22:15,organic,mobile,B,0,
S006344,C00949,2025-10-11 16:22:51,paid_search,desktop,B,0,
S006345,C00098,2025-03-30 08:36:10,email,mobile,A,0,
S006346,C00097,2025-04-14 16:28:28,email,mobile,B,0,
S006347,C01596,2025-02-13 11:52:57,social,mobile,A,0,
S006348,C00685,2025-09-07 21:04:44,organic,mobile,B,1,O002051
S006349,C00231,2025-12-10 22:09:15,paid_search,mobile,B,1,O002052
S006350,C01571,2025-02-24 17:40:29,paid_search,mobile,B,0,
S006351,C00069,2025-12-11 09:00:26,organic,mobile,B,0,
S006352,C01902,2025-01-05 15:25:38,organic,mobile,A,0,
S006353,C01413,2025-12-29 10:17:15,paid_search,mobile,B,0,
S006354,C00729,2025-11-28 18:14:22,organic,mobile,B,0,
S006355,C01625,2025-08-03 15:19:30,social,mobile,B,0,
S006356,C00218,2025-03-17 12:28:20,paid_search,mobile,A,1,O002053
S006357,C00285,2025-12-28 17:57:11,organic,desktop,B,1,O002054
S006358,C01126,2025-11-16 10:03:00,paid_search,mobile,A,1,O002055
S006359,C01521,2025-12-05 15:18:46,organic,mobile,B,0,
S006360,C00910,2025-07-04 23:25:36,paid_search,mobile,A,0,
S006361,C01928,2025-10-27 20:53:29,social,desktop,A,0,
S006362,C00343,2025-02-13 22:47:56,organic,desktop,B,0,
S006363,C01217,2025-06-08 09:29:12,paid_search,mobile,B,1,O002056
S006364,C00597,2025-02-16 20:47:53,email,mobile,B,0,
S006365,C00210,2025-06-19 17:38:42,organic,mobile,A,0,
S006366,C01002,2025-01-05 20:06:26,paid_search,mobile,A,0,
S006367,C00325,2025-01-15 21:29:29,paid_search,mobile,B,0,
S006368,C00232,2025-05-20 23:00:27,email,mobile,A,0,
S006369,C00569,2025-06-09 16:30:47,organic,mobile,B,0,
S006370,C00265,2025-06-08 18:14:08,email,mobile,B,1,O002057
S006371,C01452,2025-04-21 08:17:45,organic,mobile,A,0,
S006372,C00915,2025-08-22 15:58:13,email,mobile,B,0,
S006373,C00897,2025-03-07 07:40:36,email,mobile,B,1,O002058
S006374,C00665,2025-04-05 19:57:56,organic,mobile,B,0,
S006375,C00876,2025-11-21 07:46:28,social,mobile,A,0,
S006376,C01468,2025-04-15 08:08:22,organic,desktop,A,0,
S006377,C01583,2025-04-06 13:18:14,organic,desktop,B,0,
S006378,C00442,2025-06-09 17:13:42,organic,mobile,A,0,
S006379,C01377,2025-08-17 22:26:54,organic,mobile,B,0,
S006380,C01756,2025-01-01 21:27:53,organic,mobile,A,0,
S006381,C00976,2025-09-28 10:21:04,social,desktop,A,1,O002059
S006382,C01123,2025-09-13 22:02:20,referral,desktop,B,0,
S006383,C00628,2025-11-27 11:02:54,paid_search,desktop,A,1,O002060
S006384,C01300,2025-04-06 08:58:51,organic,mobile,A,0,
S006385,C00331,2025-09-18 19:50:13,referral,mobile,B,1,O002061
S006386,C01043,2025-11-27 23:58:05,referral,mobile,B,1,O002062
S006387,C01557,2025-12-22 09:07:55,email,mobile,B,1,O002063
S006388,C00190,2025-12-04 09:21:32,email,mobile,A,1,O002064
S006389,C00357,2025-01-10 10:43:22,paid_search,mobile,B,0,
S006390,C00998,2025-06-30 22:16:43,email,mobile,A,1,O002065
S006391,C00380,2025-06-27 08:58:06,paid_search,mobile,A,1,O002066
S006392,C01410,2025-10-21 12:41:10,organic,mobile,A,0,
S006393,C00365,2025-08-07 07:37:33,organic,mobile,B,0,
S006394,C00959,2025-04-24 11:12:04,paid_search,mobile,B,0,
S006395,C01187,2025-05-28 21:00:33,social,mobile,B,0,
S006396,C00764,2025-02-24 11:17:37,social,mobile,A,1,O002067
S006397,C01668,2025-08-31 10:37:40,paid_search,mobile,A,0,
S006398,C01568,2025-05-21 13:55:17,email,mobile,A,0,
S006399,C00981,2025-10-14 23:06:18,organic,desktop,B,0,
S006400,C01036,2025-09-18 17:59:23,referral,desktop,A,0,
S006401,C00728,2025-05-26 15:09:05,paid_search,desktop,A,1,O002068
S006402,C01321,2025-11-07 19:57:45,organic,mobile,B,0,
S006403,C00429,2025-12-07 10:38:05,email,mobile,B,0,
S006404,C00005,2025-10-17 08:25:43,paid_search,desktop,B,0,
S006405,C00873,2025-09-26 23:11:18,paid_search,desktop,B,0,
S006406,C01743,2025-09-27 14:59:56,paid_search,mobile,B,0,
S006407,C01901,2025-08-30 17:05:29,organic,desktop,B,0,
S006408,C00703,2025-08-06 13:12:01,paid_search,mobile,B,0,
S006409,C01927,2025-02-02 18:55:29,social,mobile,B,0,
S006410,C00758,2025-06-02 12:55:43,email,mobile,A,0,
S006411,C01593,2025-07-09 23:37:32,social,mobile,B,0,
S006412,C01460,2025-07-04 14:32:25,organic,mobile,A,0,
S006413,C01963,2025-10-31 19:58:25,paid_search,mobile,B,0,
S006414,C01946,2025-12-11 09:12:36,paid_search,mobile,A,0,
S006415,C01908,2025-12-12 17:04:04,paid_search,mobile,A,0,
S006416,C00076,2025-07-09 20:45:23,email,mobile,A,1,O002069
S006417,C00205,2025-11-15 17:26:16,social,mobile,B,1,O002070
S006418,C00710,2025-02-13 23:57:49,paid_search,mobile,A,0,
S006419,C00392,2025-10-16 11:33:21,referral,desktop,A,0,
S006420,C00630,2025-01-01 13:25:30,email,mobile,A,0,
S006421,C01398,2025-05-10 20:53:46,referral,mobile,A,0,
S006422,C00674,2025-06-16 21:11:32,paid_search,mobile,A,1,O002071
S006423,C01452,2025-09-27 07:54:08,organic,mobile,A,0,
S006424,C01056,2025-08-14 18:37:06,paid_search,mobile,A,0,
S006425,C00382,2025-11-17 16:45:42,referral,desktop,A,1,O002072
S006426,C00972,2025-10-27 19:22:06,email,mobile,A,0,
S006427,C00873,2025-09-17 08:13:52,organic,mobile,B,0,
S006428,C00051,2025-11-06 14:42:45,organic,mobile,B,0,
S006429,C00241,2025-11-15 18:33:32,social,tablet,B,0,
S006430,C00967,2025-02-25 12:38:38,organic,mobile,B,1,O002073
S006431,C01544,2025-05-26 15:00:56,email,mobile,A,1,O002074
S006432,C00419,2025-08-06 09:58:06,paid_search,mobile,B,0,
S006433,C00983,2025-07-01 12:52:03,paid_search,mobile,B,1,O002075
S006434,C01828,2025-04-21 21:42:02,paid_search,mobile,A,0,
S006435,C00128,2025-11-18 16:22:00,referral,mobile,A,1,O002076
S006436,C01608,2025-10-16 09:47:45,paid_search,mobile,A,1,O002077
S006437,C00532,2025-04-13 11:22:33,organic,desktop,A,1,O002078
S006438,C01098,2025-10-04 14:48:20,organic,desktop,A,0,
S006439,C00250,2025-07-08 18:06:58,organic,mobile,A,0,
S006440,C00387,2025-11-05 08:46:48,organic,mobile,B,0,
S006441,C01774,2025-09-26 20:28:37,email,desktop,A,1,O002079
S006442,C01801,2025-01-12 07:38:36,paid_search,mobile,B,0,
S006443,C00613,2025-12-19 08:48:25,paid_search,mobile,B,0,
S006444,C00589,2025-09-18 09:17:28,organic,mobile,B,0,
S006445,C01194,2025-01-12 14:33:34,social,mobile,A,0,
S006446,C00147,2025-06-25 10:41:16,paid_search,desktop,B,0,
S006447,C00091,2025-03-02 15:28:43,paid_search,mobile,B,0,
S006448,C00140,2025-03-09 17:38:18,organic,mobile,A,0,
S006449,C01815,2025-10-09 15:58:19,paid_search,mobile,B,0,
S006450,C01276,2025-08-04 21:25:19,paid_search,mobile,A,0,
S006451,C01364,2025-10-02 07:13:41,social,mobile,A,0,
S006452,C01653,2025-08-03 12:35:35,organic,mobile,B,0,
S006453,C00967,2025-01-30 19:31:41,organic,mobile,B,0,
S006454,C01134,2025-11-29 13:41:29,social,desktop,A,1,O002080
S006455,C00258,2025-06-06 18:02:56,referral,mobile,A,0,
S006456,C01305,2025-05-14 09:07:47,paid_search,mobile,B,0,
S006457,C01785,2025-12-03 17:04:50,organic,mobile,B,1,O002081
S006458,C01611,2025-12-03 12:22:35,referral,mobile,B,1,O002082
S006459,C00560,2025-02-28 10:22:04,email,mobile,A,0,
S006460,C01875,2025-07-19 22:36:45,organic,mobile,B,0,
S006461,C01357,2025-07-10 21:18:40,organic,desktop,B,1,O002083
S006462,C00872,2025-07-09 07:37:53,email,desktop,A,0,
S006463,C00367,2025-03-14 10:20:30,social,desktop,B,0,
S006464,C00748,2025-12-09 08:41:32,social,mobile,A,0,
S006465,C01153,2025-06-06 21:24:56,email,desktop,B,1,O002084
S006466,C01211,2025-12-21 23:11:55,social,mobile,B,0,
S006467,C01759,2025-01-03 18:10:19,organic,mobile,B,1,O002085
S006468,C00502,2025-06-14 21:02:56,paid_search,desktop,A,0,
S006469,C01416,2025-04-07 20:24:31,referral,mobile,A,1,O002086
S006470,C01583,2025-08-10 23:07:52,email,desktop,B,0,
S006471,C00220,2025-02-17 13:39:33,organic,mobile,A,0,
S006472,C00535,2025-05-13 13:06:57,paid_search,mobile,B,0,
S006473,C01909,2025-05-22 08:49:14,email,mobile,B,0,
S006474,C00441,2025-04-06 13:59:21,email,desktop,B,0,
S006475,C00291,2025-06-15 20:14:54,email,mobile,B,0,
S006476,C01571,2025-06-24 14:28:04,social,mobile,B,0,
S006477,C01040,2025-03-08 16:59:23,paid_search,mobile,A,0,
S006478,C00759,2025-03-26 21:36:05,paid_search,desktop,B,0,
S006479,C00333,2025-10-04 10:11:13,organic,mobile,B,0,
S006480,C01155,2025-08-04 14:05:27,paid_search,mobile,B,0,
S006481,C01137,2025-12-21 13:51:00,email,tablet,B,0,
S006482,C01439,2025-02-11 12:36:35,paid_search,mobile,B,0,
S006483,C01951,2025-04-25 10:03:17,referral,tablet,B,0,
S006484,C00285,2025-04-15 20:09:02,paid_search,mobile,B,1,O002087
S006485,C00436,2025-08-10 09:55:55,organic,mobile,A,0,
S006486,C01783,2025-03-18 18:56:26,paid_search,desktop,B,0,
S006487,C00169,2025-02-14 12:55:24,paid_search,mobile,B,1,O002088
S006488,C01249,2025-08-18 23:37:43,organic,mobile,B,0,
S006489,C01962,2025-09-18 18:26:54,social,desktop,A,1,O002089
S006490,C01537,2025-10-24 19:32:20,organic,desktop,B,0,
S006491,C01261,2025-12-05 09:58:01,social,desktop,B,0,
S006492,C01770,2025-02-13 17:48:21,organic,tablet,A,1,O002090
S006493,C00576,2025-11-25 10:14:01,social,desktop,A,1,O002091
S006494,C01748,2025-11-08 21:27:22,organic,desktop,A,1,O002092
S006495,C00909,2025-06-06 08:39:55,paid_search,mobile,B,0,
S006496,C00034,2025-06-11 16:01:21,email,mobile,A,1,O002093
S006497,C00228,2025-04-07 14:42:49,paid_search,mobile,A,0,
S006498,C00688,2025-11-25 07:54:20,paid_search,mobile,A,0,
S006499,C01800,2025-12-21 22:15:20,social,mobile,A,0,
S006500,C01210,2025-06-03 21:19:02,organic,desktop,A,0,
S006501,C00969,2025-04-01 17:36:46,organic,mobile,B,0,
S006502,C00627,2025-11-24 15:39:32,paid_search,mobile,B,1,O002094
S006503,C01359,2025-03-23 21:31:38,social,mobile,B,0,
S006504,C01846,2025-04-05 12:50:50,paid_search,mobile,A,0,
S006505,C01983,2025-08-04 12:33:26,paid_search,mobile,B,1,O002095
S006506,C01629,2025-01-03 14:09:43,email,mobile,B,1,O002096
S006507,C00982,2025-05-14 08:06:57,referral,desktop,A,0,
S006508,C00786,2025-12-13 20:43:09,referral,tablet,A,0,
S006509,C00903,2025-11-13 12:45:00,social,desktop,B,0,
S006510,C01992,2025-02-27 13:48:21,email,desktop,A,0,
S006511,C00462,2025-04-23 13:23:33,email,desktop,A,0,
S006512,C00830,2025-10-18 08:21:38,social,mobile,A,0,
S006513,C01914,2025-05-24 11:41:01,paid_search,mobile,A,0,
S006514,C01886,2025-07-23 17:34:59,paid_search,mobile,A,0,
S006515,C00851,2025-02-19 15:14:37,organic,mobile,B,0,
S006516,C01522,2025-12-28 08:55:06,email,mobile,A,0,
S006517,C01038,2025-03-29 11:06:19,social,mobile,A,1,O002097
S006518,C00492,2025-02-22 18:23:38,organic,desktop,A,1,O002098
S006519,C00594,2025-11-10 11:33:36,organic,tablet,A,0,
S006520,C00973,2025-12-29 17:48:16,referral,mobile,B,1,O002099
S006521,C00142,2025-11-05 21:50:27,email,mobile,A,1,O002100
S006522,C01754,2025-09-15 15:03:48,social,mobile,A,0,
S006523,C00564,2025-10-24 20:33:50,social,mobile,A,0,
S006524,C01978,2025-11-11 19:39:31,paid_search,desktop,A,1,O002101
S006525,C01346,2025-11-23 18:49:04,email,mobile,A,1,O002102
S006526,C01644,2025-12-13 21:18:51,organic,desktop,A,0,
S006527,C01456,2025-04-12 21:19:02,email,mobile,A,1,O002103
S006528,C01853,2025-12-07 20:57:57,referral,mobile,B,1,O002104
S006529,C01475,2025-02-08 09:54:32,organic,desktop,B,0,
S006530,C00388,2025-02-10 17:45:50,paid_search,mobile,A,1,O002105
S006531,C00464,2025-12-20 18:23:39,email,mobile,A,1,O002106
S006532,C00312,2025-03-18 23:26:46,paid_search,mobile,A,0,
S006533,C01577,2025-08-27 18:26:24,email,desktop,B,1,O002107
S006534,C01917,2025-10-15 17:37:10,organic,tablet,B,1,O002108
S006535,C00975,2025-12-04 19:00:25,paid_search,desktop,B,1,O002109
S006536,C01469,2025-07-25 17:14:45,email,mobile,B,0,
S006537,C01240,2025-01-14 16:35:51,referral,mobile,A,0,
S006538,C00565,2025-11-15 23:35:43,social,desktop,B,0,
S006539,C01580,2025-10-31 20:29:03,referral,desktop,A,0,
S006540,C00012,2025-07-23 14:20:51,social,mobile,A,0,
S006541,C00549,2025-01-05 10:19:33,social,mobile,B,1,O002110
S006542,C00711,2025-09-05 11:43:01,social,desktop,B,0,
S006543,C00552,2025-05-12 17:45:24,email,desktop,A,0,
S006544,C00808,2025-01-10 12:29:00,paid_search,mobile,A,0,
S006545,C00140,2025-09-01 09:15:45,organic,desktop,A,0,
S006546,C00391,2025-11-20 18:19:28,email,tablet,B,1,O002111
S006547,C00136,2025-02-16 22:05:23,paid_search,mobile,A,0,
S006548,C01804,2025-11-03 08:48:50,paid_search,mobile,A,1,O002112
S006549,C01536,2025-10-20 22:35:05,organic,mobile,A,0,
S006550,C00689,2025-04-13 23:32:28,paid_search,mobile,B,0,
S006551,C00087,2025-06-24 12:10:56,social,mobile,B,0,
S006552,C01570,2025-02-05 15:49:52,social,mobile,A,0,
S006553,C00576,2025-08-04 16:49:06,social,mobile,A,0,
S006554,C01310,2025-11-08 08:36:12,paid_search,mobile,A,1,O002113
S006555,C01902,2025-09-10 23:13:05,organic,desktop,A,1,O002114
S006556,C00977,2025-02-21 12:36:16,social,mobile,B,0,
S006557,C01427,2025-10-03 20:34:18,organic,mobile,B,0,
S006558,C00791,2025-04-14 11:33:30,referral,desktop,B,0,
S006559,C01384,2025-11-26 13:50:13,social,mobile,A,0,
S006560,C01694,2025-07-02 12:18:11,paid_search,desktop,A,0,
S006561,C00851,2025-12-08 11:20:34,organic,mobile,B,1,O002115
S006562,C01296,2025-10-04 21:07:46,social,mobile,A,0,
S006563,C01441,2025-03-12 07:47:34,referral,mobile,B,0,
S006564,C00723,2025-12-26 07:04:31,paid_search,desktop,B,0,
S006565,C01586,2025-03-28 19:55:00,paid_search,mobile,A,0,
S006566,C00046,2025-06-24 17:39:40,paid_search,desktop,A,0,
S006567,C01605,2025-08-20 09:29:39,organic,tablet,B,0,
S006568,C00456,2025-01-21 19:34:43,social,desktop,A,0,
S006569,C01384,2025-09-16 16:52:35,organic,mobile,A,0,
S006570,C00391,2025-04-14 18:33:25,paid_search,mobile,B,1,O002116
S006571,C00230,2025-01-09 11:27:05,organic,mobile,A,0,
S006572,C00890,2025-02-20 15:42:40,Unknown,mobile,A,0,
S006573,C00304,2025-09-29 14:06:16,social,mobile,A,0,
S006574,C01889,2025-04-21 08:50:52,referral,desktop,B,1,O002117
S006575,C00020,2025-01-22 12:52:21,email,mobile,A,0,
S006576,C00807,2025-05-10 15:18:40,referral,desktop,B,0,
S006577,C01482,2025-11-13 23:05:11,social,mobile,A,0,
S006578,C00266,2025-09-28 20:51:56,paid_search,mobile,A,1,O002118
S006579,C01187,2025-09-12 21:43:31,organic,tablet,B,0,
S006580,C00748,2025-03-12 18:50:13,email,desktop,A,0,
S006581,C00303,2025-12-16 20:45:17,paid_search,mobile,B,0,
S006582,C00623,2025-08-15 18:44:52,email,mobile,B,0,
S006583,C00634,2025-12-16 23:35:35,email,desktop,A,0,
S006584,C01331,2025-03-07 17:04:39,referral,desktop,B,1,O002119
S006585,C01038,2025-12-12 15:37:36,referral,mobile,A,0,
S006586,C00445,2025-02-10 17:41:32,social,mobile,B,0,
S006587,C00417,2025-11-07 17:58:07,paid_search,mobile,B,0,
S006588,C01930,2025-11-06 09:04:09,organic,mobile,A,1,O002120
S006589,C01123,2025-01-16 10:33:18,organic,mobile,B,0,
S006590,C00645,2025-09-05 07:16:30,organic,mobile,B,0,
S006591,C01121,2025-10-19 16:54:50,social,desktop,B,1,O002121
S006592,C00732,2025-06-11 16:04:54,organic,mobile,A,0,
S006593,C01219,2025-05-05 12:47:09,organic,mobile,B,0,
S006594,C00032,2025-02-21 18:32:57,organic,mobile,A,1,O002122
S006595,C01769,2025-07-08 13:02:37,referral,mobile,B,0,
S006596,C01118,2025-09-05 11:54:52,paid_search,mobile,A,0,
S006597,C01630,2025-01-30 12:52:58,referral,desktop,A,0,
S006598,C00517,2025-12-27 21:06:55,social,mobile,B,1,O002123
S006599,C00886,2025-11-17 14:58:33,paid_search,mobile,A,0,
S006600,C01695,2025-10-18 10:36:23,paid_search,desktop,B,1,O002124
S006601,C01984,2025-12-03 10:38:26,referral,desktop,A,1,O002125
S006602,C01765,2025-02-03 15:27:38,email,desktop,B,0,
S006603,C00877,2025-10-12 21:21:14,paid_search,desktop,B,1,O002126
S006604,C00277,2025-03-26 19:02:23,paid_search,mobile,B,0,
S006605,C00755,2025-07-02 15:08:18,email,mobile,B,0,
S006606,C00075,2025-09-16 15:40:53,social,desktop,B,0,
S006607,C00925,2025-04-13 17:18:47,organic,mobile,B,0,
S006608,C01662,2025-05-23 16:07:05,organic,desktop,A,0,
S006609,C00916,2025-10-08 09:34:38,email,mobile,A,0,
S006610,C01954,2025-05-13 15:15:09,organic,mobile,A,0,
S006611,C00331,2025-04-06 16:35:33,paid_search,mobile,B,1,O002127
S006612,C00095,2025-08-24 20:04:35,organic,desktop,B,1,O002128
S006613,C01154,2025-06-18 23:33:56,referral,mobile,A,0,
S006614,C01027,2025-02-07 17:01:11,paid_search,desktop,B,1,O002129
S006615,C00594,2025-03-02 20:10:28,paid_search,mobile,A,1,O002130
S006616,C01111,2025-03-19 07:00:18,organic,mobile,B,0,
S006617,C00808,2025-03-04 18:27:59,referral,desktop,A,0,
S006618,C01767,2025-05-14 13:34:50,organic,mobile,B,1,O002131
S006619,C00994,2025-05-05 12:47:55,email,desktop,A,0,
S006620,C01037,2025-05-22 11:39:25,paid_search,mobile,B,0,
S006621,C01317,2025-08-06 21:47:29,email,mobile,B,0,
S006622,C01318,2025-06-03 16:47:17,organic,desktop,A,0,
S006623,C00799,2025-04-03 18:35:31,paid_search,mobile,B,0,
S006624,C00255,2025-08-23 17:57:56,email,mobile,B,1,O002132
S006625,C00355,2025-07-13 18:23:13,organic,mobile,B,0,
S006626,C01152,2025-06-21 20:26:37,paid_search,mobile,A,1,O002133
S006627,C01396,2025-05-01 14:17:27,referral,mobile,A,0,
S006628,C00765,2025-11-05 22:24:43,paid_search,mobile,B,0,
S006629,C00297,2025-11-26 13:41:23,organic,tablet,B,1,O002134
S006630,C00862,2025-01-19 15:37:14,email,mobile,A,0,
S006631,C00578,2025-10-04 22:48:30,referral,tablet,A,0,
S006632,C00325,2025-10-29 15:39:15,paid_search,mobile,B,0,
S006633,C01672,2025-07-07 08:47:54,social,mobile,A,0,
S006634,C01260,2025-09-17 22:44:55,organic,mobile,A,1,O002135
S006635,C00713,2025-11-16 12:00:40,organic,tablet,B,0,
S006636,C00885,2025-09-07 07:49:43,organic,desktop,B,0,
S006637,C01918,2025-12-13 16:27:07,organic,mobile,A,0,
S006638,C00959,2025-10-26 15:50:08,paid_search,desktop,B,0,
S006639,C00326,2025-01-12 19:55:50,email,tablet,A,1,O002136
S006640,C00056,2025-09-09 10:55:06,paid_search,mobile,A,0,
S006641,C00209,2025-02-07 08:23:24,email,desktop,B,1,O002137
S006642,C00777,2025-03-17 12:51:19,organic,mobile,B,0,
S006643,C01293,2025-10-20 11:34:00,social,desktop,B,1,O002138
S006644,C01719,2025-11-13 11:46:06,paid_search,mobile,B,0,
S006645,C00318,2025-04-28 08:13:09,social,desktop,A,0,
S006646,C01453,2025-03-08 13:39:43,organic,mobile,B,1,O002139
S006647,C01079,2025-03-26 07:58:14,referral,mobile,B,1,O002140
S006648,C01232,2025-12-19 12:59:53,organic,mobile,A,0,
S006649,C01106,2025-09-05 17:17:01,referral,mobile,A,0,
S006650,C01741,2025-10-12 07:22:26,referral,desktop,B,0,
S006651,C01092,2025-01-16 07:40:15,social,mobile,A,1,O002141
S006652,C00763,2025-07-15 14:53:46,email,desktop,B,0,
S006653,C00507,2025-06-10 20:15:03,referral,desktop,B,1,O002142
S006654,C00551,2025-11-08 19:37:14,organic,mobile,B,1,O002143
S006655,C01675,2025-01-21 07:53:53,email,tablet,B,0,
S006656,C01624,2025-06-21 12:15:41,organic,mobile,A,1,O002144
S006657,C00895,2025-12-19 14:09:32,organic,desktop,B,0,
S006658,C00805,2025-10-19 12:20:16,social,mobile,B,0,
S006659,C01214,2025-08-25 11:39:15,email,mobile,A,0,
S006660,C00580,2025-02-16 22:38:39,social,mobile,A,1,O002145
S006661,C00425,2025-07-27 08:26:32,paid_search,mobile,B,0,
S006662,C00647,2025-09-10 09:29:33,social,mobile,B,1,O002146
S006663,C00565,2025-09-21 15:56:43,social,mobile,B,0,
S006664,C01090,2025-01-22 07:00:10,organic,mobile,A,0,
S006665,C01263,2025-12-02 17:30:15,social,mobile,B,0,
S006666,C01780,2025-10-12 22:31:54,referral,desktop,A,1,O002147
S006667,C01541,2025-08-19 20:12:33,organic,mobile,B,0,
S006668,C01551,2025-06-27 23:08:02,email,desktop,B,1,O002148
S006669,C00069,2025-06-14 17:22:35,organic,mobile,B,0,
S006670,C00004,2025-08-12 21:30:26,email,mobile,A,1,O002149
S006671,C00473,2025-01-28 12:07:13,organic,desktop,B,1,O002150
S006672,C01325,2025-11-14 10:34:01,email,desktop,B,1,O002151
S006673,C01742,2025-05-05 14:44:11,email,mobile,A,1,O002152
S006674,C01936,2025-11-03 12:36:23,paid_search,mobile,A,0,
S006675,C01954,2025-03-28 14:08:10,referral,mobile,A,0,
S006676,C00921,2025-09-12 13:23:31,email,mobile,B,0,
S006677,C01914,2025-01-04 09:21:19,organic,mobile,A,0,
S006678,C01533,2025-08-24 19:36:51,organic,mobile,B,0,
S006679,C00922,2025-09-30 19:22:05,organic,tablet,A,1,O002153
S006680,C01088,2025-03-05 10:24:03,social,mobile,A,0,
S006681,C01164,2025-06-08 08:27:27,referral,desktop,A,1,O002154
S006682,C00330,2025-09-13 08:26:47,organic,mobile,A,0,
S006683,C00273,2025-07-13 23:13:17,organic,mobile,B,0,
S006684,C01077,2025-05-13 19:47:57,email,mobile,B,1,O002155
S006685,C00285,2025-12-24 18:30:23,social,desktop,B,0,
S006686,C01482,2025-07-14 07:28:51,paid_search,mobile,A,0,
S006687,C01377,2025-12-23 18:46:35,email,mobile,B,1,O002156
S006688,C00108,2025-07-28 08:11:12,paid_search,mobile,A,0,
S006689,C01510,2025-02-16 17:31:04,paid_search,mobile,A,0,
S006690,C01195,2025-06-04 18:03:17,paid_search,mobile,B,1,O002157
S006691,C00432,2025-05-09 22:18:59,organic,mobile,A,0,
S006692,C01696,2025-03-31 21:31:46,organic,desktop,A,1,O002158
S006693,C01269,2025-12-15 21:37:59,social,mobile,B,1,O002159
S006694,C01244,2025-05-18 12:31:19,email,mobile,A,1,O002160
S006695,C01478,2025-08-03 23:43:48,referral,mobile,A,0,
S006696,C01310,2025-01-24 08:32:29,referral,mobile,A,0,
S006697,C01732,2025-04-27 11:07:24,organic,desktop,A,0,
S006698,C01871,2025-07-04 11:06:34,social,desktop,B,1,O002161
S006699,C00804,2025-06-11 10:27:01,email,desktop,A,0,
S006700,C00521,2025-07-07 11:11:20,organic,mobile,B,0,
S006701,C00382,2025-12-09 18:45:41,paid_search,mobile,A,0,
S006702,C01192,2025-05-17 13:12:05,referral,mobile,A,0,
S006703,C00528,2025-02-21 13:56:16,social,mobile,A,1,O002162
S006704,C01441,2025-08-06 22:59:19,organic,mobile,B,0,
S006705,C01745,2025-10-23 12:18:08,referral,desktop,B,0,
S006706,C00809,2025-06-30 08:37:46,referral,mobile,B,0,
S006707,C01065,2025-12-25 07:47:30,organic,mobile,B,1,O002163
S006708,C00046,2025-06-18 10:33:00,social,mobile,A,1,O002164
S006709,C00070,2025-12-24 09:21:43,organic,mobile,A,0,
S006710,C00728,2025-12-28 23:13:26,email,mobile,A,0,
S006711,C01646,2025-05-22 12:31:56,referral,mobile,A,0,
S006712,C00053,2025-10-02 17:45:34,organic,mobile,B,0,
S006713,C01284,2025-12-18 13:55:19,paid_search,mobile,A,1,O002165
S006714,C01280,2025-02-03 19:27:27,paid_search,mobile,A,0,
S006715,C00241,2025-09-09 11:27:45,social,desktop,B,1,O002166
S006716,C00049,2025-11-28 21:01:16,social,desktop,B,0,
S006717,C01910,2025-07-23 13:02:22,referral,mobile,A,0,
S006718,C01787,2025-04-25 17:56:19,referral,mobile,B,0,
S006719,C01743,2025-05-01 17:27:28,paid_search,desktop,B,0,
S006720,C00740,2025-07-07 15:21:32,social,mobile,A,0,
S006721,C01108,2025-05-23 16:23:33,organic,desktop,A,0,
S006722,C01580,2025-12-22 14:59:35,paid_search,desktop,A,1,O002167
S006723,C00424,2025-01-24 08:40:52,social,tablet,A,0,
S006724,C00679,2025-12-06 07:32:41,social,desktop,B,0,
S006725,C01235,2025-01-13 22:03:23,organic,mobile,B,0,
S006726,C00618,2025-12-12 15:21:50,social,mobile,A,0,
S006727,C00064,2025-10-01 07:33:57,referral,desktop,A,0,
S006728,C00920,2025-04-21 19:16:04,referral,mobile,A,1,O002168
S006729,C01554,2025-08-21 10:58:36,email,desktop,A,1,O002169
S006730,C01367,2025-10-27 09:05:29,social,desktop,B,0,
S006731,C01469,2025-08-12 09:48:24,organic,mobile,B,1,O002170
S006732,C00243,2025-12-10 18:05:04,email,tablet,B,0,
S006733,C01177,2025-07-25 08:47:51,referral,mobile,B,0,
S006734,C01322,2025-06-27 14:50:13,social,mobile,A,0,
S006735,C00567,2025-07-23 16:21:39,organic,mobile,B,0,
S006736,C01147,2025-07-31 15:38:20,referral,mobile,B,0,
S006737,C01880,2025-04-13 11:15:16,organic,mobile,A,0,
S006738,C01637,2025-06-08 07:18:57,paid_search,desktop,B,0,
S006739,C00831,2025-01-27 08:01:51,paid_search,desktop,B,1,O002171
S006740,C00325,2025-07-19 07:25:24,organic,mobile,B,0,
S006741,C00865,2025-07-31 08:34:41,paid_search,mobile,B,1,O002172
S006742,C01010,2025-06-13 23:01:30,organic,desktop,A,0,
S006743,C01754,2025-10-27 07:01:37,email,desktop,A,1,O002173
S006744,C00866,2025-01-06 09:34:42,social,mobile,A,0,
S006745,C00216,2025-01-13 15:25:19,paid_search,mobile,A,0,
S006746,C00129,2025-09-02 08:33:15,paid_search,mobile,B,0,
S006747,C01919,2025-03-23 10:49:06,social,mobile,B,0,
S006748,C00547,2025-05-08 13:40:45,paid_search,tablet,B,1,O002174
S006749,C01658,2025-02-05 20:19:26,paid_search,mobile,A,0,
S006750,C00125,2025-04-25 19:24:33,paid_search,mobile,B,0,
S006751,C00547,2025-11-24 22:57:24,paid_search,desktop,B,0,
S006752,C00835,2025-02-27 19:02:48,organic,desktop,B,1,O002175
S006753,C01443,2025-03-21 08:35:57,social,mobile,B,1,O002176
S006754,C00296,2025-03-28 13:37:09,organic,desktop,A,1,O002177
S006755,C01608,2025-09-07 14:58:12,organic,desktop,A,1,O002178
S006756,C01067,2025-04-07 11:02:16,referral,desktop,B,1,O002179
S006757,C00552,2025-08-17 20:52:22,email,desktop,A,0,
S006758,C00204,2025-04-19 16:05:55,paid_search,mobile,A,1,O002180
S006759,C01447,2025-07-07 22:22:13,paid_search,mobile,B,1,O002181
S006760,C00967,2025-07-26 16:07:55,organic,mobile,B,0,
S006761,C01586,2025-10-17 14:46:32,social,mobile,A,1,O002182
S006762,C01775,2025-01-12 14:57:45,referral,desktop,B,1,O002183
S006763,C01640,2025-07-11 10:27:48,email,mobile,A,0,
S006764,C01520,2025-12-31 16:31:21,paid_search,desktop,A,1,O002184
S006765,C01189,2025-08-23 18:27:40,referral,mobile,B,0,
S006766,C00496,2025-08-10 15:44:55,social,mobile,A,1,O002185
S006767,C00935,2025-08-20 10:18:58,social,mobile,B,0,
S006768,C00105,2025-08-25 10:46:04,referral,desktop,B,0,
S006769,C01050,2025-08-18 21:46:50,paid_search,mobile,A,0,
S006770,C00010,2025-04-14 19:21:30,paid_search,tablet,A,0,
S006771,C00376,2025-09-07 15:44:04,email,mobile,A,1,O002186
S006772,C00367,2025-11-13 11:31:22,organic,desktop,B,1,O002187
S006773,C00094,2025-09-22 10:28:24,paid_search,desktop,A,0,
S006774,C00376,2025-02-23 16:12:58,organic,mobile,A,1,O002188
S006775,C01353,2025-07-15 16:39:31,social,desktop,B,0,
S006776,C01996,2025-06-11 11:27:16,organic,mobile,A,0,
S006777,C00585,2025-07-01 09:39:49,organic,desktop,B,0,
S006778,C01975,2025-09-09 21:12:43,paid_search,desktop,B,0,
S006779,C01889,2025-04-30 08:42:49,organic,mobile,B,0,
S006780,C01121,2025-06-18 19:08:08,social,mobile,B,0,
S006781,C00101,2025-05-20 10:21:29,social,mobile,B,1,O002189
S006782,C00719,2025-01-05 20:21:05,social,desktop,B,0,
S006783,C01896,2025-05-11 23:54:21,social,mobile,A,0,
S006784,C01064,2025-03-16 15:56:58,email,desktop,A,1,O002190
S006785,C00503,2025-05-01 19:27:56,organic,mobile,B,1,O002191
S006786,C01018,2025-06-26 11:34:18,organic,mobile,A,0,
S006787,C01210,2025-06-13 21:02:37,organic,desktop,A,0,
S006788,C01555,2025-08-18 15:59:03,email,mobile,B,0,
S006789,C01334,2025-11-07 12:48:03,social,mobile,A,0,
S006790,C00692,2025-05-25 11:52:37,organic,mobile,A,1,O002192
S006791,C00784,2025-07-03 15:04:14,organic,mobile,A,1,O002193
S006792,C01381,2025-06-30 11:29:34,referral,desktop,B,1,O002194
S006793,C00032,2025-03-25 15:58:28,paid_search,mobile,A,0,
S006794,C00607,2025-03-03 15:31:19,organic,mobile,B,0,
S006795,C00128,2025-10-05 21:48:47,social,mobile,A,0,
S006796,C01537,2025-03-14 12:30:22,social,desktop,B,0,
S006797,C00528,2025-05-31 23:55:37,email,tablet,A,0,
S006798,C01230,2025-06-09 11:01:18,email,mobile,A,0,
S006799,C01481,2025-12-07 17:19:36,organic,mobile,B,0,
S006800,C00817,2025-12-08 09:53:03,social,mobile,B,0,
S006801,C01738,2025-01-01 23:28:30,social,mobile,A,0,
S006802,C01280,2025-10-05 15:54:45,organic,mobile,A,0,
S006803,C01077,2025-06-16 07:41:07,organic,tablet,B,0,
S006804,C01763,2025-06-20 14:39:44,organic,mobile,B,0,
S006805,C01780,2025-12-27 21:24:30,referral,mobile,A,0,
S006806,C01047,2025-11-16 19:05:01,social,mobile,B,0,
S006807,C00240,2025-04-16 20:43:07,social,tablet,A,0,
S006808,C01248,2025-12-14 16:30:12,organic,tablet,A,1,O002195
S006809,C01495,2025-11-21 21:51:39,paid_search,tablet,B,0,
S006810,C01091,2025-10-16 09:53:16,paid_search,desktop,B,1,O002196
S006811,C00693,2025-06-15 15:09:58,paid_search,desktop,B,0,
S006812,C00560,2025-04-15 11:49:23,email,desktop,A,0,
S006813,C01164,2025-03-04 18:50:32,referral,mobile,A,1,O002197
S006814,C01566,2025-06-29 12:01:15,organic,mobile,A,0,
S006815,C00064,2025-04-25 08:09:54,email,mobile,A,0,
S006816,C00308,2025-10-31 07:56:56,referral,desktop,A,1,O002198
S006817,C00512,2025-09-10 08:18:46,referral,desktop,A,1,O002199
S006818,C01156,2025-12-13 17:31:06,email,mobile,A,0,
S006819,C00035,2025-10-06 17:33:35,organic,mobile,B,1,O002200
S006820,C01706,2025-05-14 18:15:42,email,mobile,A,1,O002201
S006821,C00461,2025-04-23 13:01:37,organic,mobile,B,0,
S006822,C00119,2025-03-10 17:15:25,referral,mobile,B,0,
S006823,C01925,2025-06-01 12:18:51,paid_search,mobile,B,0,
S006824,C01673,2025-04-30 09:25:02,referral,tablet,B,1,O002202
S006825,C01297,2025-02-03 09:24:57,referral,mobile,B,1,O002203
S006826,C00001,2025-03-31 10:53:48,organic,mobile,B,0,
S006827,C00025,2025-04-17 07:29:17,paid_search,mobile,B,0,
S006828,C01393,2025-03-27 08:26:40,paid_search,mobile,B,1,O002204
S006829,C01257,2025-01-16 12:22:56,paid_search,desktop,B,1,O002205
S006830,C01181,2025-01-20 14:35:44,organic,mobile,B,0,
S006831,C00726,2025-05-11 10:44:01,email,mobile,A,0,
S006832,C00032,2025-11-06 14:21:17,organic,mobile,A,0,
S006833,C01175,2025-07-29 15:33:03,referral,mobile,B,1,O002206
S006834,C01355,2025-12-22 20:29:35,referral,tablet,B,0,
S006835,C00925,2025-07-19 19:59:03,organic,desktop,B,0,
S006836,C01237,2025-05-12 14:53:25,organic,desktop,B,0,
S006837,C00226,2025-07-10 10:03:42,paid_search,tablet,A,0,
S006838,C01143,2025-11-10 13:25:07,paid_search,mobile,B,0,
S006839,C01561,2025-02-20 15:27:27,email,mobile,B,0,
S006840,C00476,2025-01-26 12:49:04,paid_search,mobile,A,1,O002207
S006841,C00543,2025-09-10 10:56:54,email,mobile,B,0,
S006842,C01190,2025-10-24 14:24:45,email,desktop,A,0,
S006843,C00996,2025-03-13 12:37:32,paid_search,mobile,A,0,
S006844,C01890,2025-11-02 15:32:49,organic,tablet,A,1,O002208
S006845,C01094,2025-09-15 11:57:05,paid_search,mobile,A,0,
S006846,C01254,2025-08-19 19:00:01,organic,mobile,A,0,
S006847,C01821,2025-11-10 07:29:27,email,mobile,B,0,
S006848,C00899,2025-04-29 09:29:45,organic,desktop,B,0,
S006849,C00679,2025-12-29 20:57:44,email,desktop,B,1,O002209
S006850,C00518,2025-01-01 07:36:02,organic,mobile,A,0,
S006851,C01248,2025-10-08 22:57:49,social,mobile,A,0,
S006852,C00232,2025-02-23 18:27:13,organic,mobile,A,0,
S006853,C00183,2025-04-19 21:34:54,paid_search,mobile,B,1,O002210
S006854,C00676,2025-12-22 15:32:13,social,desktop,A,0,
S006855,C01814,2025-08-18 09:21:17,email,mobile,A,0,
S006856,C01524,2025-04-30 13:48:32,paid_search,mobile,A,0,
S006857,C00076,2025-06-08 21:03:15,email,mobile,A,1,O002211
S006858,C00726,2025-10-15 16:42:52,email,mobile,A,1,O002212
S006859,C00361,2025-03-18 18:10:13,email,desktop,B,1,O002213
S006860,C01136,2025-06-21 16:43:06,organic,desktop,A,0,
S006861,C00451,2025-11-11 16:15:03,paid_search,desktop,B,1,O002214
S006862,C01346,2025-05-23 12:24:00,social,desktop,A,1,O002215
S006863,C00191,2025-02-11 10:45:45,referral,tablet,B,0,
S006864,C01716,2025-05-14 23:52:36,referral,mobile,A,0,
S006865,C00597,2025-09-01 13:05:09,email,mobile,B,0,
S006866,C01769,2025-04-29 11:45:28,referral,mobile,B,1,O002216
S006867,C01099,2025-07-30 20:34:57,paid_search,mobile,B,0,
S006868,C01547,2025-12-09 21:43:35,social,mobile,B,0,
S006869,C01118,2025-07-30 11:22:30,paid_search,mobile,A,0,
S006870,C00240,2025-09-30 15:11:09,paid_search,tablet,A,0,
S006871,C00658,2025-05-23 15:13:31,social,mobile,A,1,O002217
S006872,C00760,2025-05-07 19:24:52,referral,tablet,A,0,
S006873,C01323,2025-11-23 14:03:57,paid_search,mobile,B,0,
S006874,C01882,2025-06-29 19:15:32,email,mobile,A,1,O002218
S006875,C00610,2025-03-17 07:12:27,paid_search,mobile,A,0,
S006876,C01585,2025-11-16 18:25:18,organic,mobile,B,0,
S006877,C01818,2025-08-07 18:45:14,email,desktop,A,0,
S006878,C00581,2025-09-01 15:09:45,paid_search,mobile,B,1,O002219
S006879,C00576,2025-05-30 10:53:19,email,mobile,A,1,O002220
S006880,C00449,2025-12-06 16:26:41,referral,mobile,B,0,
S006881,C01909,2025-11-01 23:30:30,social,desktop,B,1,O002221
S006882,C01825,2025-11-12 08:38:15,email,mobile,B,0,
S006883,C01566,2025-08-27 17:06:08,social,mobile,A,0,
S006884,C01246,2025-12-17 20:55:06,organic,tablet,A,0,
S006885,C01873,2025-06-05 09:12:32,referral,mobile,B,1,O002222
S006886,C01383,2025-04-26 11:23:50,paid_search,mobile,B,1,O002223
S006887,C00385,2025-02-27 07:31:09,email,desktop,B,1,O002224
S006888,C00594,2025-04-20 10:26:04,organic,tablet,A,0,
S006889,C01016,2025-11-22 12:32:39,paid_search,mobile,A,0,
S006890,C01824,2025-06-05 09:39:43,paid_search,mobile,A,0,
S006891,C01292,2025-06-28 18:27:47,email,mobile,A,1,O002225
S006892,C01006,2025-07-17 19:17:08,organic,mobile,A,0,
S006893,C00859,2025-08-15 13:09:11,paid_search,mobile,B,0,
S006894,C01781,2025-06-19 21:00:10,paid_search,mobile,B,1,O002226
S006895,C00652,2025-10-04 22:57:07,email,mobile,A,0,
S006896,C00506,2025-08-24 23:03:52,organic,mobile,A,0,
S006897,C00170,2025-09-05 09:59:34,paid_search,mobile,A,0,
S006898,C00205,2025-06-23 20:04:43,paid_search,mobile,B,0,
S006899,C01274,2025-04-10 12:59:41,organic,tablet,A,0,
S006900,C00617,2025-03-05 10:36:41,organic,mobile,B,0,
S006901,C01887,2025-12-08 17:06:28,organic,mobile,B,0,
S006902,C01998,2025-07-13 17:52:21,paid_search,desktop,A,0,
S006903,C00699,2025-01-08 08:17:19,paid_search,tablet,B,0,
S006904,C01166,2025-07-21 14:20:16,referral,mobile,A,0,
S006905,C00669,2025-05-09 19:46:59,paid_search,mobile,B,0,
S006906,C00239,2025-12-02 15:21:51,social,desktop,B,1,O002227
S006907,C00817,2025-12-22 09:40:25,social,mobile,B,0,
S006908,C01905,2025-09-10 19:29:10,referral,mobile,B,1,O002228
S006909,C01332,2025-12-23 12:39:48,referral,mobile,A,0,
S006910,C00046,2025-12-12 16:32:17,email,mobile,A,1,O002229
S006911,C00748,2025-01-21 10:19:46,email,mobile,A,0,
S006912,C01267,2025-12-30 09:15:52,organic,mobile,B,1,O002230
S006913,C01777,2025-10-26 19:45:29,referral,tablet,B,0,
S006914,C01394,2025-11-29 22:12:09,social,mobile,A,0,
S006915,C01258,2025-01-17 18:30:20,email,mobile,A,0,
S006916,C01596,2025-11-03 20:34:38,paid_search,mobile,A,0,
S006917,C00250,2025-07-05 14:13:04,organic,mobile,A,1,O002231
S006918,C00103,2025-05-15 10:28:09,paid_search,mobile,B,0,
S006919,C00794,2025-12-31 11:53:12,email,mobile,A,0,
S006920,C01433,2025-06-11 17:04:03,referral,desktop,B,0,
S006921,C01676,2025-01-06 19:56:31,email,desktop,A,1,O002232
S006922,C00657,2025-12-30 13:20:31,paid_search,mobile,B,0,
S006923,C00430,2025-04-27 20:09:00,social,desktop,A,0,
S006924,C00494,2025-11-21 16:17:33,email,mobile,A,1,O002233
S006925,C01686,2025-12-27 09:56:00,referral,mobile,A,0,
S006926,C01465,2025-10-31 15:41:50,social,mobile,B,0,
S006927,C01281,2025-08-11 18:15:13,referral,mobile,B,1,O002234
S006928,C00396,2025-09-18 21:28:00,referral,mobile,A,0,
S006929,C01746,2025-04-07 13:37:57,paid_search,mobile,A,0,
S006930,C01499,2025-05-01 10:38:59,organic,mobile,B,0,
S006931,C00271,2025-10-05 18:02:04,paid_search,mobile,B,0,
S006932,C01216,2025-12-03 23:03:34,email,mobile,A,0,
S006933,C01312,2025-04-14 21:51:53,social,desktop,A,1,O002235
S006934,C00984,2025-02-08 19:18:46,paid_search,desktop,A,0,
S006935,C01016,2025-08-05 20:34:39,email,desktop,A,0,
S006936,C01337,2025-08-04 18:12:41,paid_search,mobile,B,0,
S006937,C01041,2025-11-11 15:17:22,organic,mobile,B,1,O002236
S006938,C00211,2025-01-12 10:48:02,paid_search,desktop,B,0,
S006939,C00685,2025-03-10 19:07:59,paid_search,desktop,B,0,
S006940,C00465,2025-08-09 10:24:47,organic,desktop,B,1,O002237
S006941,C01181,2025-07-31 23:03:30,email,mobile,B,1,O002238
S006942,C00038,2025-12-07 13:07:35,paid_search,mobile,A,0,
S006943,C00492,2025-06-01 16:04:44,organic,desktop,A,0,
S006944,C00978,2025-03-19 22:55:31,paid_search,desktop,A,0,
S006945,C00784,2025-06-04 21:35:23,social,desktop,A,0,
S006946,C01421,2025-09-01 19:45:28,organic,mobile,B,0,
S006947,C00493,2025-06-27 22:39:28,paid_search,mobile,B,1,O002239
S006948,C00061,2025-11-29 10:42:07,social,desktop,B,0,
S006949,C01949,2025-08-26 12:22:35,organic,tablet,B,0,
S006950,C00746,2025-06-05 12:54:28,organic,mobile,A,0,
S006951,C01954,2025-10-29 18:35:50,referral,mobile,A,1,O002240
S006952,C00254,2025-11-21 07:02:46,paid_search,mobile,A,1,O002241
S006953,C01444,2025-12-11 07:01:07,paid_search,mobile,A,1,O002242
S006954,C00513,2025-05-25 17:09:50,paid_search,mobile,B,0,
S006955,C01889,2025-05-13 18:40:27,organic,tablet,B,1,O002243
S006956,C01808,2025-01-24 22:11:16,organic,mobile,A,0,
S006957,C00764,2025-06-30 07:27:08,social,desktop,A,1,O002244
S006958,C00579,2025-10-05 22:02:56,organic,mobile,B,1,O002245
S006959,C00413,2025-01-11 21:48:39,social,mobile,B,0,
S006960,C00500,2025-02-07 12:14:39,paid_search,mobile,A,0,
S006961,C00419,2025-09-14 07:19:58,organic,desktop,B,1,O002246
S006962,C00321,2025-01-06 20:26:00,organic,mobile,B,0,
S006963,C00667,2025-01-31 18:25:05,referral,mobile,B,0,
S006964,C00026,2025-12-14 21:54:22,paid_search,tablet,A,0,
S006965,C00187,2025-01-03 09:20:31,paid_search,mobile,B,1,O002247
S006966,C00246,2025-05-13 09:52:35,email,mobile,A,0,
S006967,C00238,2025-01-23 23:47:03,paid_search,mobile,A,0,
S006968,C01689,2025-02-10 13:10:54,paid_search,desktop,B,1,O002248
S006969,C01719,2025-08-31 18:37:52,email,mobile,B,0,
S006970,C00140,2025-03-28 19:26:41,organic,tablet,A,0,
S006971,C01675,2025-06-21 16:39:01,organic,mobile,B,0,
S006972,C00124,2025-08-14 08:30:45,organic,mobile,A,0,
S006973,C01137,2025-09-22 12:09:44,paid_search,mobile,B,0,
S006974,C00644,2025-12-19 17:58:43,email,mobile,A,1,O002249
S006975,C01660,2025-04-05 09:26:08,organic,desktop,A,0,
S006976,C01424,2025-04-24 23:45:30,organic,mobile,A,0,
S006977,C01322,2025-10-22 12:04:58,organic,mobile,A,0,
S006978,C00388,2025-09-06 16:49:45,organic,mobile,A,0,
S006979,C01068,2025-09-05 11:12:18,organic,mobile,A,0,
S006980,C01344,2025-01-16 21:27:03,social,mobile,A,0,
S006981,C01764,2025-06-13 17:14:09,email,mobile,A,0,
S006982,C01547,2025-06-16 09:28:44,referral,mobile,B,0,
S006983,C00237,2025-05-18 14:10:27,paid_search,desktop,B,0,
S006984,C00767,2025-02-09 21:20:08,email,mobile,B,0,
S006985,C00920,2025-10-24 20:52:05,paid_search,desktop,A,0,
S006986,C01382,2025-11-01 23:41:51,referral,mobile,A,0,
S006987,C00879,2025-12-26 15:49:28,organic,mobile,B,0,
S006988,C01195,2025-01-25 20:37:18,paid_search,mobile,B,0,
S006989,C00608,2025-10-23 19:40:30,organic,desktop,A,0,
S006990,C01085,2025-07-30 08:42:17,organic,desktop,B,0,
S006991,C00566,2025-02-02 17:49:30,paid_search,mobile,A,1,O002250
S006992,C00490,2025-07-03 08:10:26,paid_search,mobile,A,1,O002251
S006993,C01890,2025-12-15 07:09:39,referral,mobile,A,0,
S006994,C01234,2025-01-11 19:53:25,organic,mobile,A,0,
S006995,C01350,2025-12-10 16:54:12,organic,tablet,A,1,O002252
S006996,C01957,2025-06-26 07:11:35,organic,mobile,B,0,
S006997,C00063,2025-02-08 09:01:08,social,mobile,B,0,
S006998,C01633,2025-02-11 22:35:23,paid_search,mobile,B,1,O002253
S006999,C01088,2025-08-19 22:30:25,email,mobile,A,1,O002254
S007000,C00520,2025-10-16 21:51:19,referral,mobile,A,0,
S007001,C01669,2025-05-29 18:02:26,referral,desktop,B,1,O002255
S007002,C00438,2025-07-18 12:31:04,referral,desktop,A,1,O002256
S007003,C01240,2025-12-02 10:28:18,referral,desktop,A,0,
S007004,C01000,2025-01-07 19:04:14,paid_search,mobile,A,0,
S007005,C00354,2025-09-20 20:54:17,paid_search,mobile,A,0,
S007006,C01785,2025-03-31 13:13:22,social,mobile,B,0,
S007007,C01846,2025-04-18 07:46:27,social,mobile,A,0,
S007008,C00433,2025-12-13 07:02:39,social,desktop,B,0,
S007009,C01795,2025-06-21 15:01:07,paid_search,desktop,B,0,
S007010,C01637,2025-10-29 19:28:53,organic,mobile,B,0,
S007011,C00755,2025-04-30 12:34:15,social,mobile,B,0,
S007012,C01170,2025-07-20 16:18:49,social,desktop,A,0,
S007013,C01762,2025-08-02 09:51:57,social,desktop,A,1,O002257
S007014,C00850,2025-12-19 08:05:04,social,mobile,A,0,
S007015,C00609,2025-01-25 19:22:25,paid_search,desktop,B,0,
S007016,C00143,2025-08-26 15:38:33,paid_search,desktop,B,0,
S007017,C01362,2025-02-09 18:22:09,referral,mobile,A,0,
S007018,C01893,2025-12-11 13:54:50,social,mobile,B,1,O002258
S007019,C00385,2025-05-03 16:36:25,email,desktop,B,1,O002259
S007020,C01035,2025-04-01 12:59:45,referral,desktop,B,1,O002260
S007021,C01720,2025-08-03 23:57:15,organic,mobile,A,0,
S007022,C00986,2025-11-15 14:24:17,referral,desktop,A,0,
S007023,C00125,2025-03-16 18:12:16,organic,mobile,B,0,
S007024,C00831,2025-09-25 17:15:23,email,mobile,B,1,O002261
S007025,C01730,2025-08-07 07:40:17,referral,tablet,A,1,O002262
S007026,C01689,2025-12-12 11:32:51,paid_search,mobile,B,0,
S007027,C01873,2025-08-02 23:14:36,email,desktop,B,1,O002263
S007028,C00347,2025-04-13 13:49:47,referral,mobile,B,0,
S007029,C00292,2025-09-02 16:02:07,referral,desktop,A,0,
S007030,C01588,2025-09-05 20:30:01,referral,desktop,A,0,
S007031,C00616,2025-07-18 17:51:53,organic,mobile,A,0,
S007032,C01055,2025-10-03 18:44:38,organic,tablet,B,0,
S007033,C00368,2025-09-27 16:21:04,organic,mobile,A,0,
S007034,C00027,2025-08-27 19:39:34,organic,desktop,B,0,
S007035,C01640,2025-01-29 16:57:31,organic,mobile,A,0,
S007036,C01221,2025-07-29 16:32:54,organic,mobile,B,1,O002264
S007037,C00611,2025-06-19 18:21:44,paid_search,tablet,B,1,O002265
S007038,C00493,2025-05-13 15:05:06,email,mobile,B,0,
S007039,C01261,2025-06-16 07:42:28,paid_search,mobile,B,0,
S007040,C01018,2025-08-04 16:48:06,social,mobile,A,0,
S007041,C00353,2025-04-30 08:45:01,paid_search,desktop,B,0,
S007042,C00101,2025-09-11 22:58:39,organic,desktop,B,0,
S007043,C00286,2025-06-13 21:03:01,paid_search,desktop,A,0,
S007044,C00915,2025-07-11 10:31:32,email,mobile,B,0,
S007045,C01271,2025-03-18 18:10:42,organic,desktop,B,1,O002266
S007046,C00184,2025-04-19 21:51:25,paid_search,tablet,A,0,
S007047,C01633,2025-02-05 18:01:49,social,tablet,B,0,
S007048,C00727,2025-12-02 23:43:04,organic,mobile,B,0,
S007049,C01853,2025-10-01 08:37:16,email,mobile,B,0,
S007050,C00054,2025-04-20 09:05:47,organic,mobile,A,0,
S007051,C00889,2025-05-24 10:22:37,social,desktop,B,0,
S007052,C00030,2025-11-23 15:04:19,organic,mobile,A,0,
S007053,C01736,2025-10-02 16:23:50,referral,desktop,A,1,O002267
S007054,C00268,2025-09-17 12:42:16,social,desktop,A,0,
S007055,C01512,2025-12-21 09:39:13,referral,mobile,A,0,
S007056,C01294,2025-09-06 17:55:27,referral,mobile,A,1,O002268
S007057,C00379,2025-09-03 20:57:49,organic,desktop,B,0,
S007058,C00543,2025-01-11 18:44:57,organic,mobile,B,0,
S007059,C01497,2025-12-30 13:36:10,referral,mobile,B,0,
S007060,C00163,2025-08-29 18:24:02,referral,desktop,B,1,O002269
S007061,C00160,2025-01-28 07:26:33,organic,mobile,A,0,
S007062,C01679,2025-01-15 19:01:08,email,desktop,B,0,
S007063,C00368,2025-02-25 16:28:37,social,tablet,A,0,
S007064,C01381,2025-09-16 22:26:29,paid_search,mobile,B,0,
S007065,C00868,2025-11-27 23:36:17,organic,desktop,A,1,O002270
S007066,C00045,2025-10-21 11:16:08,social,desktop,B,1,O002271
S007067,C01027,2025-10-21 18:57:16,referral,mobile,B,1,O002272
S007068,C01636,2025-05-30 23:19:52,email,desktop,A,0,
S007069,C01256,2025-10-27 13:28:37,email,tablet,A,0,
S007070,C01520,2025-01-30 13:14:57,social,mobile,A,0,
S007071,C01726,2025-10-15 09:20:50,email,mobile,A,1,O002273
S007072,C01243,2025-10-27 11:43:35,email,desktop,B,0,
S007073,C01445,2025-10-29 17:43:17,social,tablet,B,1,O002274
S007074,C00805,2025-11-25 07:12:36,social,mobile,B,0,
S007075,C00380,2025-06-24 22:32:58,social,mobile,A,0,
S007076,C00793,2025-06-30 13:21:12,paid_search,desktop,B,0,
S007077,C01914,2025-05-10 18:26:31,organic,desktop,A,1,O002275
S007078,C01999,2025-05-17 17:26:18,social,mobile,B,0,
S007079,C01041,2025-05-24 09:00:19,organic,desktop,B,1,O002276
S007080,C00171,2025-03-21 10:03:29,organic,mobile,B,1,O002277
S007081,C00658,2025-01-06 19:46:57,social,mobile,A,0,
S007082,C00536,2025-06-15 15:34:27,organic,mobile,A,0,
S007083,C00850,2025-02-07 17:08:22,social,desktop,A,1,O002278
S007084,C00389,2025-11-14 09:03:30,referral,desktop,B,0,
S007085,C00798,2025-04-09 23:31:38,email,mobile,A,0,
S007086,C01282,2025-08-24 21:16:02,referral,mobile,A,0,
S007087,C00661,2025-03-31 09:22:15,social,mobile,B,0,
S007088,C00370,2025-07-03 09:13:25,organic,desktop,A,0,
S007089,C01524,2025-02-12 20:51:26,paid_search,mobile,A,1,O002279
S007090,C00508,2025-11-06 20:30:58,email,mobile,A,0,
S007091,C01353,2025-03-31 14:16:42,email,mobile,B,0,
S007092,C00609,2025-10-07 07:01:15,referral,mobile,B,0,
S007093,C00909,2025-07-10 16:13:55,social,tablet,B,0,
S007094,C01495,2025-10-11 23:04:35,organic,mobile,B,1,O002280
S007095,C01846,2025-08-02 18:27:39,email,desktop,A,1,O002281
S007096,C01054,2025-11-03 18:03:43,organic,mobile,A,0,
S007097,C00431,2025-11-03 09:20:38,email,mobile,B,1,O002282
S007098,C01295,2025-10-25 21:04:16,paid_search,mobile,B,0,
S007099,C00236,2025-07-08 19:27:02,social,mobile,A,0,
S007100,C00313,2025-02-06 20:17:00,social,mobile,B,1,O002283
S007101,C01829,2025-06-16 13:27:45,paid_search,desktop,B,0,
S007102,C00793,2025-03-29 17:26:13,email,mobile,B,0,
S007103,C00886,2025-06-06 08:23:42,social,desktop,A,0,
S007104,C00483,2025-02-08 15:54:31,paid_search,mobile,B,1,O002284
S007105,C00700,2025-02-11 21:35:59,paid_search,desktop,A,1,O002285
S007106,C01803,2025-09-02 16:21:37,organic,desktop,B,1,O002286
S007107,C01077,2025-01-14 15:24:12,social,mobile,B,1,O002287
S007108,C01712,2025-01-08 20:52:16,email,desktop,A,0,
S007109,C01711,2025-11-19 07:33:41,social,mobile,B,0,
S007110,C00458,2025-12-11 09:02:38,social,mobile,A,0,
S007111,C00564,2025-11-27 22:35:46,referral,mobile,A,0,
S007112,C01364,2025-07-04 07:53:31,organic,mobile,A,0,
S007113,C00051,2025-03-10 11:28:17,email,mobile,B,1,O002288
S007114,C00825,2025-10-11 20:07:54,social,mobile,B,0,
S007115,C01870,2025-05-31 22:15:38,referral,desktop,A,0,
S007116,C00885,2025-06-27 14:43:45,organic,tablet,B,1,O002289
S007117,C01547,2025-08-20 10:41:01,paid_search,mobile,B,0,
S007118,C01043,2025-07-01 17:05:40,social,desktop,B,1,O002290
S007119,C01349,2025-05-05 21:18:40,social,desktop,B,0,
S007120,C00747,2025-07-08 09:17:24,paid_search,desktop,B,0,
S007121,C00730,2025-12-13 10:37:35,paid_search,mobile,A,0,
S007122,C00596,2025-04-16 15:08:12,social,mobile,A,1,O002291
S007123,C01938,2025-03-28 10:51:38,paid_search,desktop,A,0,
S007124,C00518,2025-05-16 07:00:25,email,desktop,A,0,
S007125,C01585,2025-06-18 16:58:33,social,desktop,B,0,
S007126,C00580,2025-11-16 12:34:14,paid_search,desktop,A,1,O002292
S007127,C00014,2025-10-10 11:59:03,social,mobile,A,0,
S007128,C01161,2025-02-05 10:14:47,paid_search,mobile,B,1,O002293
S007129,C00553,2025-06-01 19:35:06,referral,mobile,B,1,O002294
S007130,C01057,2025-10-18 09:20:09,referral,mobile,B,0,
S007131,C01524,2025-03-27 12:20:40,paid_search,mobile,A,0,
S007132,C00335,2025-11-22 14:48:46,social,desktop,B,1,O002295
S007133,C01875,2025-12-31 21:46:38,paid_search,mobile,B,1,O002296
S007134,C00008,2025-07-24 19:38:26,organic,mobile,A,0,
S007135,C00787,2025-09-24 13:23:47,referral,mobile,B,0,
S007136,C00877,2025-11-17 15:14:39,paid_search,mobile,B,1,O002297
S007137,C01892,2025-07-01 23:52:37,paid_search,tablet,A,0,
S007138,C01644,2025-03-10 17:43:38,organic,desktop,A,1,O002298
S007139,C01708,2025-11-27 11:58:58,paid_search,mobile,A,0,
S007140,C01197,2025-01-20 19:52:30,organic,mobile,B,1,O002299
S007141,C01660,2025-04-18 18:34:54,paid_search,desktop,A,0,
S007142,C00332,2025-04-02 12:58:34,referral,mobile,A,1,O002300
S007143,C00195,2025-10-05 11:08:11,referral,desktop,B,1,O002301
S007144,C00932,2025-07-29 20:22:29,social,mobile,A,1,O002302
S007145,C00949,2025-10-28 21:03:50,organic,mobile,B,0,
S007146,C00403,2025-05-25 10:58:31,paid_search,mobile,B,1,O002303
S007147,C00147,2025-10-27 20:13:37,referral,desktop,B,0,
S007148,C01864,2025-05-14 23:17:25,paid_search,desktop,A,1,O002304
S007149,C01641,2025-04-03 10:22:08,paid_search,desktop,B,1,O002305
S007150,C00796,2025-07-31 19:59:41,referral,mobile,A,1,O002306
S007151,C00361,2025-12-18 16:59:56,social,desktop,B,0,
S007152,C01417,2025-01-05 15:53:09,social,desktop,B,1,O002307
S007153,C01600,2025-10-01 10:44:48,email,desktop,A,1,O002308
S007154,C00806,2025-09-18 14:55:55,organic,mobile,A,0,
S007155,C01733,2025-06-05 14:07:30,organic,mobile,B,0,
S007156,C01282,2025-10-25 23:29:34,referral,mobile,A,0,
S007157,C00733,2025-07-16 11:59:03,social,mobile,B,1,O002309
S007158,C01922,2025-01-27 14:37:48,email,desktop,A,0,
S007159,C01936,2025-06-22 07:29:25,organic,mobile,A,1,O002310
S007160,C01717,2025-07-16 17:03:24,social,tablet,B,0,
S007161,C01779,2025-07-17 14:27:58,organic,desktop,B,0,
S007162,C01186,2025-01-21 17:30:55,referral,mobile,A,1,O002311
S007163,C00783,2025-01-22 07:49:12,email,mobile,B,1,O002312
S007164,C00898,2025-07-04 12:16:15,paid_search,mobile,A,1,O002313
S007165,C01236,2025-12-29 09:58:45,referral,tablet,A,0,
S007166,C01836,2025-11-13 23:09:52,organic,desktop,A,0,
S007167,C00795,2025-01-16 22:53:43,referral,desktop,B,0,
S007168,C01838,2025-05-21 07:21:31,social,mobile,A,0,
S007169,C00792,2025-11-25 10:10:10,referral,mobile,A,1,O002314
S007170,C00780,2025-02-16 10:54:50,organic,mobile,A,0,
S007171,C00854,2025-11-01 22:05:24,social,desktop,A,0,
S007172,C00985,2025-11-05 19:00:38,organic,mobile,B,0,
S007173,C00909,2025-04-15 13:02:28,paid_search,mobile,B,0,
S007174,C01065,2025-11-28 07:55:51,organic,mobile,B,0,
S007175,C01348,2025-01-21 09:30:17,social,mobile,A,0,
S007176,C00113,2025-10-29 23:03:26,organic,mobile,B,0,
S007177,C01933,2025-12-13 11:00:06,paid_search,mobile,B,1,O002315
S007178,C01898,2025-09-20 21:53:54,paid_search,mobile,A,0,
S007179,C01493,2025-04-16 23:56:48,social,desktop,B,1,O002316
S007180,C01111,2025-08-31 16:54:37,paid_search,desktop,B,0,
S007181,C00298,2025-06-22 19:55:55,social,mobile,A,1,O002317
S007182,C00808,2025-12-31 19:10:01,paid_search,mobile,A,0,
S007183,C01644,2025-02-23 10:53:25,social,mobile,A,0,
S007184,C00079,2025-05-08 13:01:48,referral,mobile,B,1,O002318
S007185,C01366,2025-10-25 08:09:31,organic,mobile,A,0,
S007186,C01576,2025-09-25 17:58:40,email,mobile,A,0,
S007187,C01611,2025-09-25 14:38:42,email,mobile,B,1,O002319
S007188,C00509,2025-12-16 20:19:40,social,desktop,B,1,O002320
S007189,C01202,2025-04-21 19:41:31,organic,mobile,A,0,
S007190,C00517,2025-08-26 16:03:01,organic,mobile,B,1,O002321
S007191,C01903,2025-06-25 14:45:12,organic,desktop,B,0,
S007192,C01783,2025-06-18 14:07:15,paid_search,mobile,B,1,O002322
S007193,C01494,2025-12-05 09:38:32,organic,desktop,A,0,
S007194,C00494,2025-10-20 15:53:10,referral,mobile,A,1,O002323
S007195,C00296,2025-12-26 10:40:06,organic,desktop,A,1,O002324
S007196,C01724,2025-08-16 07:47:14,email,desktop,A,1,O002325
S007197,C00238,2025-12-20 18:41:14,email,mobile,A,0,
S007198,C00407,2025-01-24 10:06:31,paid_search,mobile,B,0,
S007199,C00722,2025-04-16 17:33:06,organic,desktop,A,0,
S007200,C01481,2025-05-25 23:23:40,social,mobile,B,0,
S007201,C01318,2025-04-25 21:31:39,social,mobile,A,0,
S007202,C01514,2025-03-21 09:41:48,organic,mobile,A,1,O002326
S007203,C01832,2025-11-16 18:57:37,social,mobile,A,0,
S007204,C01792,2025-03-11 17:04:07,organic,desktop,A,0,
S007205,C01430,2025-06-06 08:19:55,organic,mobile,A,0,
S007206,C00471,2025-03-01 15:39:29,referral,desktop,B,0,
S007207,C01263,2025-05-25 07:15:12,referral,mobile,B,0,
S007208,C01004,2025-04-22 17:05:18,paid_search,mobile,A,0,
S007209,C00480,2025-12-21 16:13:46,paid_search,mobile,A,1,O002327
S007210,C01629,2025-02-26 18:14:31,paid_search,mobile,B,0,
S007211,C01537,2025-09-24 10:46:43,email,mobile,B,0,
S007212,C01809,2025-08-17 20:23:45,referral,desktop,B,0,
S007213,C00973,2025-11-20 20:01:02,email,desktop,B,1,O002328
S007214,C00141,2025-11-30 21:21:57,organic,desktop,B,1,O002329
S007215,C00762,2025-07-09 11:35:10,referral,mobile,A,0,
S007216,C00419,2025-08-30 15:02:25,paid_search,mobile,B,0,
S007217,C00007,2025-12-15 10:01:08,paid_search,mobile,B,0,
S007218,C00390,2025-11-12 08:27:02,referral,desktop,A,0,
S007219,C01198,2025-12-26 12:23:04,Unknown,desktop,A,1,O002330
S007220,C01784,2025-11-17 10:18:20,organic,mobile,A,0,
S007221,C00459,2025-08-16 17:39:40,email,tablet,B,0,
S007222,C01275,2025-10-03 13:50:10,paid_search,mobile,B,0,
S007223,C01561,2025-12-17 15:07:46,paid_search,mobile,B,0,
S007224,C01417,2025-03-31 15:54:15,social,desktop,B,0,
S007225,C00390,2025-01-28 17:25:03,organic,mobile,A,0,
S007226,C01899,2025-10-09 09:59:13,organic,mobile,B,0,
S007227,C00091,2025-07-18 19:14:12,referral,mobile,B,0,
S007228,C00663,2025-06-21 16:15:07,referral,desktop,B,0,
S007229,C00676,2025-11-30 13:21:54,organic,mobile,A,0,
S007230,C00200,2025-05-01 11:49:31,email,desktop,A,1,O002331
S007231,C01648,2025-04-03 14:51:47,email,mobile,A,0,
S007232,C01370,2025-12-04 21:49:57,email,mobile,A,0,
S007233,C00697,2025-12-04 14:28:59,organic,mobile,B,1,O002332
S007234,C01168,2025-08-02 09:27:00,referral,mobile,A,0,
S007235,C00840,2025-03-21 17:21:11,paid_search,desktop,A,0,
S007236,C00635,2025-01-20 11:01:13,social,desktop,B,0,
S007237,C00440,2025-04-30 16:53:01,email,tablet,A,0,
S007238,C01698,2025-02-18 19:14:45,referral,mobile,A,0,
S007239,C00240,2025-10-03 07:39:20,paid_search,mobile,A,0,
S007240,C01575,2025-12-26 08:19:02,social,mobile,B,0,
S007241,C00477,2025-06-11 14:48:55,paid_search,mobile,B,0,
S007242,C00424,2025-10-19 16:50:34,paid_search,mobile,A,0,
S007243,C00637,2025-05-09 11:56:15,organic,tablet,B,1,O002333
S007244,C00958,2025-07-24 14:54:27,referral,mobile,A,0,
S007245,C01174,2025-11-16 09:51:10,organic,tablet,A,0,
S007246,C01870,2025-03-02 12:36:35,paid_search,desktop,A,0,
S007247,C00639,2025-12-03 09:16:44,organic,desktop,B,1,O002334
S007248,C01181,2025-04-03 14:49:14,organic,desktop,B,1,O002335
S007249,C00793,2025-06-19 14:17:41,social,mobile,B,0,
S007250,C01389,2025-03-23 19:53:13,organic,mobile,B,0,
S007251,C00435,2025-10-16 23:32:34,organic,desktop,B,1,O002336
S007252,C01220,2025-12-07 19:06:02,email,mobile,A,0,
S007253,C01903,2025-09-07 09:28:56,organic,desktop,B,0,
S007254,C00964,2025-03-25 14:29:38,paid_search,desktop,A,0,
S007255,C01357,2025-06-01 13:15:09,referral,mobile,B,0,
S007256,C01801,2025-07-17 10:40:23,organic,mobile,B,0,
S007257,C01111,2025-05-08 07:25:57,social,mobile,B,0,
S007258,C00825,2025-12-24 16:45:32,paid_search,mobile,B,0,
S007259,C01806,2025-01-08 11:26:03,organic,mobile,A,0,
S007260,C01133,2025-05-23 21:35:48,referral,tablet,B,0,
S007261,C01112,2025-08-05 19:16:42,paid_search,mobile,A,0,
S007262,C01439,2025-10-10 21:37:50,paid_search,desktop,B,0,
S007263,C01704,2025-07-29 10:50:00,paid_search,desktop,A,1,O002337
S007264,C00094,2025-05-08 16:53:54,email,mobile,A,0,
S007265,C00818,2025-06-07 14:18:42,social,mobile,A,0,
S007266,C01944,2025-04-03 11:10:41,organic,mobile,A,0,
S007267,C01389,2025-08-24 10:35:37,organic,mobile,B,0,
S007268,C00892,2025-09-27 18:15:34,email,desktop,A,1,O002338
S007269,C01090,2025-12-08 13:25:09,social,mobile,A,0,
S007270,C01281,2025-11-19 13:59:47,social,mobile,B,0,
S007271,C00085,2025-08-13 17:51:17,organic,desktop,B,1,O002339
S007272,C00912,2025-09-03 16:56:15,paid_search,tablet,A,1,O002340
S007273,C01685,2025-02-08 19:42:40,paid_search,mobile,B,0,
S007274,C01768,2025-05-26 14:40:51,organic,mobile,A,0,
S007275,C01093,2025-11-22 16:00:32,organic,desktop,B,0,
S007276,C01162,2025-06-06 19:03:42,paid_search,mobile,A,0,
S007277,C00287,2025-04-17 22:53:03,email,mobile,B,0,
S007278,C01021,2025-12-07 12:31:21,organic,desktop,B,1,O002341
S007279,C01694,2025-11-08 22:27:26,email,desktop,A,1,O002342
S007280,C00943,2025-09-08 13:45:04,paid_search,desktop,B,0,
S007281,C00717,2025-01-14 10:16:14,email,desktop,B,0,
S007282,C01746,2025-10-02 10:57:57,organic,mobile,A,0,
S007283,C01594,2025-04-24 12:42:18,social,mobile,A,0,
S007284,C01223,2025-12-11 13:05:45,organic,mobile,B,0,
S007285,C01128,2025-07-27 13:12:06,organic,mobile,A,0,
S007286,C00473,2025-09-11 17:51:07,referral,mobile,B,0,
S007287,C00670,2025-09-02 23:36:34,referral,desktop,A,1,O002343
S007288,C01400,2025-06-17 22:17:08,email,mobile,A,1,O002344
S007289,C00638,2025-06-14 18:22:10,organic,mobile,A,0,
S007290,C00397,2025-09-22 08:38:32,email,desktop,B,0,
S007291,C01125,2025-01-04 19:37:01,paid_search,mobile,B,0,
S007292,C00118,2025-03-18 12:46:15,organic,desktop,A,1,O002345
S007293,C01172,2025-08-05 21:21:15,referral,mobile,A,1,O002346
S007294,C01407,2025-06-23 09:17:27,organic,mobile,B,0,
S007295,C00917,2025-10-07 17:35:52,organic,desktop,B,0,
S007296,C00851,2025-01-21 19:57:25,paid_search,tablet,B,0,
S007297,C00879,2025-10-23 16:43:52,email,mobile,B,1,O002347
S007298,C00033,2025-07-11 12:59:08,organic,mobile,B,0,
S007299,C01336,2025-02-20 18:07:32,organic,tablet,A,0,
S007300,C00235,2025-11-21 21:56:24,organic,mobile,B,0,
S007301,C01810,2025-06-07 08:14:19,referral,mobile,A,1,O002348
S007302,C00893,2025-04-21 16:06:08,email,mobile,B,0,
S007303,C01588,2025-08-28 18:34:57,organic,desktop,A,1,O002349
S007304,C00882,2025-06-23 15:57:09,organic,mobile,A,1,O002350
S007305,C00655,2025-10-10 08:04:44,paid_search,mobile,B,0,
S007306,C01920,2025-08-15 18:24:39,social,desktop,A,0,
S007307,C01885,2025-07-05 21:04:36,organic,mobile,B,1,O002351
S007308,C00938,2025-12-18 20:42:50,referral,mobile,A,0,
S007309,C01665,2025-09-11 23:40:32,email,mobile,B,0,
S007310,C01928,2025-06-22 10:40:07,social,desktop,A,1,O002352
S007311,C01535,2025-03-01 08:40:57,email,desktop,B,0,
S007312,C00415,2025-08-18 17:58:00,social,mobile,B,0,
S007313,C00344,2025-04-21 22:38:09,email,mobile,A,0,
S007314,C01102,2025-02-11 09:30:10,social,desktop,A,0,
S007315,C00344,2025-02-11 12:18:55,referral,mobile,A,0,
S007316,C01695,2025-04-05 13:25:31,referral,desktop,B,0,
S007317,C01231,2025-05-27 12:43:44,social,desktop,B,1,O002353
S007318,C00102,2025-06-25 14:55:48,social,mobile,A,0,
S007319,C00793,2025-02-13 22:17:28,email,desktop,B,1,O002354
S007320,C01430,2025-11-21 14:46:32,paid_search,mobile,A,0,
S007321,C00453,2025-02-18 21:45:56,organic,mobile,B,0,
S007322,C00545,2025-10-31 14:55:33,social,desktop,B,1,O002355
S007323,C00069,2025-07-28 14:38:43,organic,mobile,B,0,
S007324,C01375,2025-06-07 10:20:45,organic,mobile,B,1,O002356
S007325,C01397,2025-09-15 13:32:39,organic,mobile,B,0,
S007326,C00290,2025-05-03 17:51:18,paid_search,desktop,A,0,
S007327,C00007,2025-02-19 20:05:01,organic,tablet,B,1,O002357
S007328,C01396,2025-09-02 20:19:49,social,mobile,A,0,
S007329,C00110,2025-08-31 19:11:46,referral,mobile,A,1,O002358
S007330,C01964,2025-10-22 17:13:46,email,mobile,A,0,
S007331,C01018,2025-04-10 07:37:50,paid_search,desktop,A,0,
S007332,C00006,2025-12-31 23:49:18,paid_search,mobile,A,0,
S007333,C01917,2025-06-27 11:26:47,email,mobile,B,0,
S007334,C01760,2025-10-25 10:57:59,paid_search,mobile,A,1,O002359
S007335,C00488,2025-04-02 12:39:44,email,tablet,A,0,
S007336,C01403,2025-04-04 11:14:17,paid_search,mobile,B,1,O002360
S007337,C00594,2025-10-10 13:38:12,paid_search,mobile,A,0,
S007338,C00976,2025-08-27 09:16:34,organic,mobile,A,0,
S007339,C01599,2025-01-20 16:29:32,email,desktop,B,0,
S007340,C00198,2025-07-10 21:14:50,referral,mobile,A,0,
S007341,C00617,2025-11-06 11:34:10,paid_search,mobile,B,0,
S007342,C01555,2025-03-19 14:54:39,paid_search,mobile,B,0,
S007343,C01634,2025-10-08 23:07:58,paid_search,mobile,A,1,O002361
S007344,C01166,2025-12-22 19:07:12,social,desktop,A,1,O002362
S007345,C01548,2025-12-10 09:37:45,organic,desktop,A,1,O002363
S007346,C01958,2025-07-04 16:02:25,paid_search,mobile,A,0,
S007347,C01490,2025-06-18 17:39:27,organic,tablet,A,1,O002364
S007348,C01903,2025-12-25 15:45:40,referral,mobile,B,1,O002365
S007349,C01888,2025-12-15 07:37:08,organic,desktop,A,0,
S007350,C00561,2025-07-05 22:29:17,paid_search,mobile,B,0,
S007351,C00157,2025-05-13 15:38:07,organic,desktop,B,1,O002366
S007352,C00522,2025-09-27 23:48:57,paid_search,tablet,A,0,
S007353,C01781,2025-08-29 20:39:48,organic,tablet,B,0,
S007354,C01325,2025-07-23 11:24:04,organic,mobile,B,0,
S007355,C00425,2025-04-27 12:14:58,organic,mobile,B,1,O002367
S007356,C01832,2025-07-25 15:15:30,paid_search,mobile,A,0,
S007357,C00513,2025-06-23 21:42:03,organic,mobile,B,0,
S007358,C00135,2025-10-14 15:08:03,organic,mobile,B,1,O002368
S007359,C01983,2025-11-20 07:19:26,organic,mobile,B,1,O002369
S007360,C01576,2025-09-24 11:27:48,organic,mobile,A,0,
S007361,C00816,2025-12-01 21:06:09,organic,mobile,A,0,
S007362,C01160,2025-10-02 20:52:47,organic,mobile,A,0,
S007363,C01089,2025-10-27 07:19:06,social,tablet,B,0,
S007364,C01796,2025-10-09 11:17:43,referral,desktop,A,0,
S007365,C00420,2025-01-27 18:39:36,social,mobile,A,0,
S007366,C00682,2025-04-28 14:55:24,email,desktop,A,0,
S007367,C00960,2025-12-03 23:00:52,social,desktop,A,0,
S007368,C00469,2025-09-29 23:42:32,referral,mobile,B,0,
S007369,C00629,2025-10-24 08:42:34,paid_search,desktop,B,0,
S007370,C01558,2025-09-28 11:41:29,referral,tablet,A,1,O002370
S007371,C01234,2025-09-25 19:21:18,referral,mobile,A,1,O002371
S007372,C00344,2025-12-06 16:34:53,paid_search,mobile,A,1,O002372
S007373,C00965,2025-08-12 09:44:35,email,desktop,B,0,
S007374,C01304,2025-03-28 09:19:00,email,mobile,A,0,
S007375,C01962,2025-08-11 07:43:31,organic,mobile,A,0,
S007376,C00801,2025-10-17 14:34:32,organic,mobile,B,1,O002373
S007377,C00720,2025-08-02 08:48:52,referral,tablet,A,0,
S007378,C01577,2025-09-14 08:47:37,social,mobile,B,0,
S007379,C00905,2025-09-03 19:01:57,social,desktop,B,0,
S007380,C01768,2025-08-11 21:00:52,email,mobile,A,0,
S007381,C00254,2025-12-24 22:43:14,email,desktop,A,0,
S007382,C00123,2025-01-22 08:47:52,organic,desktop,B,1,O002374
S007383,C00322,2025-11-25 08:39:04,social,desktop,A,1,O002375
S007384,C01208,2025-01-19 12:53:22,paid_search,mobile,A,0,
S007385,C00530,2025-06-09 08:07:58,organic,mobile,A,0,
S007386,C01675,2025-05-05 15:08:17,email,mobile,B,0,
S007387,C01478,2025-12-13 21:59:57,paid_search,mobile,A,0,
S007388,C01932,2025-10-04 15:44:58,organic,mobile,A,0,
S007389,C00395,2025-08-08 23:01:51,social,mobile,B,0,
S007390,C01558,2025-11-03 19:02:55,organic,mobile,A,0,
S007391,C01819,2025-11-03 07:35:17,referral,desktop,B,0,
S007392,C01151,2025-09-28 16:08:56,paid_search,mobile,B,0,
S007393,C01597,2025-09-12 22:28:00,social,mobile,B,0,
S007394,C00544,2025-01-04 19:39:54,email,desktop,A,0,
S007395,C01338,2025-03-13 13:12:27,referral,desktop,A,0,
S007396,C00333,2025-10-26 22:13:23,referral,mobile,B,0,
S007397,C00248,2025-08-27 12:29:49,social,desktop,A,0,
S007398,C00816,2025-11-23 19:46:26,organic,mobile,A,0,
S007399,C00200,2025-09-10 09:13:55,paid_search,mobile,A,1,O002376
S007400,C01844,2025-04-09 08:54:18,referral,mobile,A,0,
S007401,C00798,2025-04-24 18:50:45,social,mobile,A,0,
S007402,C00312,2025-09-12 12:35:08,referral,mobile,A,1,O002377
S007403,C00629,2025-02-25 23:48:50,paid_search,tablet,B,0,
S007404,C00654,2025-03-16 19:40:36,organic,tablet,A,0,
S007405,C00167,2025-07-26 10:52:51,organic,mobile,B,0,
S007406,C01769,2025-07-28 18:24:05,paid_search,mobile,B,0,
S007407,C01382,2025-09-29 17:19:05,organic,mobile,A,0,
S007408,C00875,2025-04-19 21:41:19,paid_search,mobile,B,0,
S007409,C00025,2025-06-19 17:13:06,email,mobile,B,1,O002378
S007410,C01436,2025-07-07 22:46:18,paid_search,mobile,A,0,
S007411,C00475,2025-10-30 20:16:56,social,mobile,B,0,
S007412,C00671,2025-11-10 21:09:46,organic,desktop,B,1,O002379
S007413,C00235,2025-09-15 21:08:16,paid_search,mobile,B,1,O002380
S007414,C01071,2025-08-01 13:55:58,social,desktop,B,0,
S007415,C00903,2025-12-06 14:22:12,social,mobile,B,0,
S007416,C00714,2025-12-09 19:04:26,referral,mobile,A,0,
S007417,C00302,2025-09-09 21:26:16,paid_search,mobile,A,1,O002381
S007418,C01966,2025-12-22 16:56:09,email,mobile,A,1,O002382
S007419,C01718,2025-04-27 20:08:29,email,tablet,A,0,
S007420,C00596,2025-12-01 20:18:45,organic,mobile,A,0,
S007421,C00919,2025-02-17 09:58:20,social,mobile,B,0,
S007422,C01787,2025-03-31 20:47:14,email,mobile,B,0,
S007423,C00292,2025-12-21 18:56:15,organic,mobile,A,0,
S007424,C01282,2025-02-18 15:53:42,paid_search,mobile,A,0,
S007425,C01430,2025-03-04 15:47:12,organic,desktop,A,0,
S007426,C00833,2025-04-05 22:22:32,referral,desktop,B,0,
S007427,C01608,2025-02-15 08:15:28,paid_search,mobile,A,0,
S007428,C00176,2025-04-08 10:20:09,email,mobile,A,0,
S007429,C00854,2025-12-22 20:16:17,paid_search,desktop,A,1,O002383
S007430,C01348,2025-03-14 18:36:00,paid_search,tablet,A,1,O002384
S007431,C01260,2025-07-27 19:49:08,organic,desktop,A,0,
S007432,C00666,2025-09-24 19:20:47,paid_search,mobile,A,0,
S007433,C01515,2025-10-10 07:13:38,referral,mobile,B,0,
S007434,C01747,2025-09-25 08:42:07,social,desktop,B,0,
S007435,C01778,2025-03-26 23:33:24,organic,desktop,A,0,
S007436,C00673,2025-09-30 23:19:01,organic,mobile,B,0,
S007437,C01394,2025-10-16 22:28:09,organic,desktop,A,0,
S007438,C00872,2025-10-05 22:32:44,referral,mobile,A,0,
S007439,C01991,2025-10-13 20:23:57,organic,desktop,B,1,O002385
S007440,C00394,2025-04-19 17:03:14,email,desktop,A,1,O002386
S007441,C01708,2025-10-14 15:22:45,referral,tablet,A,0,
S007442,C01863,2025-02-19 08:19:12,paid_search,mobile,B,0,
S007443,C00149,2025-08-09 14:34:08,social,mobile,B,0,
S007444,C01686,2025-02-25 09:00:26,social,mobile,A,1,O002387
S007445,C00958,2025-01-05 11:25:47,paid_search,mobile,A,1,O002388
S007446,C01200,2025-05-29 07:26:02,organic,mobile,A,0,
S007447,C00168,2025-01-07 16:00:26,referral,desktop,A,0,
S007448,C01097,2025-05-15 16:07:37,paid_search,mobile,B,0,
S007449,C01195,2025-11-30 12:32:44,organic,mobile,B,0,
S007450,C01559,2025-01-08 10:06:26,organic,mobile,B,0,
S007451,C00268,2025-01-22 23:46:30,organic,mobile,A,0,
S007452,C00411,2025-07-19 16:51:54,paid_search,desktop,B,0,
S007453,C01347,2025-03-01 17:54:55,organic,mobile,B,1,O002389
S007454,C01241,2025-04-27 16:52:51,organic,desktop,B,1,O002390
S007455,C00222,2025-07-07 15:02:42,social,desktop,A,0,
S007456,C00760,2025-03-25 11:53:33,social,desktop,A,0,
S007457,C00612,2025-03-10 07:29:57,email,desktop,A,0,
S007458,C00452,2025-06-22 12:01:29,organic,desktop,A,1,O002391
S007459,C00131,2025-01-03 07:44:02,paid_search,mobile,B,1,O002392
S007460,C01193,2025-12-06 13:31:02,email,mobile,B,0,
S007461,C01784,2025-11-09 18:17:10,organic,tablet,A,0,
S007462,C01335,2025-12-15 08:35:19,email,desktop,B,1,O002393
S007463,C01618,2025-10-17 08:37:43,social,mobile,A,0,
S007464,C00973,2025-02-19 09:10:29,email,mobile,B,0,
S007465,C00267,2025-11-07 13:30:41,social,mobile,B,0,
S007466,C00954,2025-02-11 09:23:14,social,mobile,A,1,O002394
S007467,C01244,2025-10-25 16:48:49,paid_search,mobile,A,0,
S007468,C00409,2025-02-06 23:00:47,email,mobile,B,0,
S007469,C00488,2025-10-22 09:24:48,organic,mobile,A,0,
S007470,C01405,2025-07-19 17:31:14,email,tablet,B,0,
S007471,C00838,2025-03-24 07:23:56,email,desktop,A,1,O002395
S007472,C01579,2025-10-08 10:38:32,paid_search,mobile,B,0,
S007473,C00026,2025-08-07 19:53:17,paid_search,mobile,A,1,O002396
S007474,C01599,2025-04-23 16:37:11,referral,mobile,B,0,
S007475,C01700,2025-06-03 16:10:52,organic,mobile,A,0,
S007476,C00994,2025-08-02 14:51:33,email,tablet,A,1,O002397
S007477,C00445,2025-03-20 09:20:35,organic,desktop,B,0,
S007478,C01604,2025-12-16 20:47:19,referral,mobile,A,1,O002398
S007479,C00803,2025-12-28 18:02:13,paid_search,desktop,B,1,O002399
S007480,C01289,2025-11-27 12:19:11,organic,mobile,B,0,
S007481,C01490,2025-02-09 13:46:43,organic,mobile,A,0,
S007482,C01286,2025-10-19 16:42:32,social,mobile,A,0,
S007483,C00126,2025-08-26 12:36:35,social,mobile,A,0,
S007484,C00053,2025-05-11 18:52:34,organic,mobile,B,1,O002400
S007485,C01015,2025-06-27 15:35:41,organic,desktop,B,1,O002401
S007486,C00573,2025-03-10 16:26:40,email,mobile,B,1,O002402
S007487,C00180,2025-07-10 09:57:07,organic,mobile,A,0,
S007488,C01606,2025-05-17 18:04:15,paid_search,mobile,A,1,O002403
S007489,C00369,2025-09-24 18:53:48,email,mobile,B,1,O002404
S007490,C01587,2025-06-22 18:46:35,paid_search,desktop,B,0,
S007491,C00443,2025-04-29 23:58:11,referral,mobile,B,0,
S007492,C01482,2025-02-14 12:50:33,social,mobile,A,1,O002405
S007493,C01735,2025-06-06 10:52:10,paid_search,mobile,B,0,
S007494,C01033,2025-12-25 19:29:16,organic,desktop,B,0,
S007495,C01522,2025-09-24 19:11:27,social,desktop,A,0,
S007496,C00355,2025-03-30 18:11:13,social,desktop,B,0,
S007497,C01031,2025-02-12 09:36:21,organic,desktop,B,0,
S007498,C01604,2025-05-27 10:57:24,organic,mobile,A,1,O002406
S007499,C01255,2025-10-14 11:29:19,referral,desktop,B,0,
S007500,C01814,2025-03-30 07:56:40,email,desktop,A,0,
S007501,C00099,2025-09-01 23:07:00,social,mobile,B,0,
S007502,C01552,2025-12-06 12:46:47,organic,mobile,A,0,
S007503,C01229,2025-11-16 16:23:22,referral,mobile,B,0,
S007504,C00798,2025-10-24 14:54:53,organic,mobile,A,0,
S007505,C00365,2025-12-03 14:59:55,social,mobile,B,0,
S007506,C01775,2025-07-26 13:38:52,paid_search,mobile,B,1,O002407
S007507,C00857,2025-02-26 13:10:39,organic,desktop,B,0,
S007508,C00398,2025-02-04 08:44:55,organic,mobile,A,0,
S007509,C01241,2025-07-21 22:57:03,paid_search,desktop,B,1,O002408
S007510,C01512,2025-10-31 16:14:47,email,desktop,A,1,O002409
S007511,C00860,2025-11-13 09:34:50,organic,desktop,A,0,
S007512,C01431,2025-11-21 14:21:39,organic,tablet,B,0,
S007513,C01775,2025-01-30 21:16:37,organic,desktop,B,1,O002410
S007514,C00165,2025-12-21 15:24:17,organic,mobile,B,1,O002411
S007515,C01009,2025-09-02 23:26:50,organic,mobile,B,0,
S007516,C00008,2025-11-07 11:08:33,paid_search,mobile,A,0,
S007517,C00282,2025-11-18 17:41:48,referral,mobile,A,0,
S007518,C01498,2025-11-13 09:56:44,paid_search,tablet,A,0,
S007519,C01627,2025-03-01 20:12:15,email,mobile,B,0,
S007520,C01844,2025-06-25 09:24:33,organic,mobile,A,0,
S007521,C00679,2025-03-14 15:18:58,paid_search,mobile,B,0,
S007522,C00699,2025-10-31 09:01:02,social,mobile,B,0,
S007523,C00563,2025-09-20 15:49:23,organic,mobile,B,1,O002412
S007524,C00639,2025-01-28 15:04:55,paid_search,mobile,B,0,
S007525,C01924,2025-08-15 14:50:09,paid_search,mobile,A,0,
S007526,C00848,2025-08-06 20:50:44,organic,desktop,A,1,O002413
S007527,C00890,2025-10-08 12:27:25,paid_search,desktop,A,1,O002414
S007528,C01821,2025-12-30 22:28:40,paid_search,mobile,B,1,O002415
S007529,C01962,2025-11-16 22:21:04,email,mobile,A,0,
S007530,C00855,2025-01-04 20:28:03,organic,mobile,B,0,
S007531,C01121,2025-04-09 14:55:49,organic,desktop,B,0,
S007532,C01276,2025-04-12 12:51:22,paid_search,mobile,A,0,
S007533,C01542,2025-11-21 18:47:37,social,tablet,A,1,O002416
S007534,C00176,2025-10-22 22:18:47,social,desktop,A,0,
S007535,C01460,2025-01-09 19:36:19,email,desktop,A,1,O002417
S007536,C00240,2025-10-13 09:37:01,email,desktop,A,0,
S007537,C00381,2025-09-07 10:49:08,email,mobile,B,0,
S007538,C00972,2025-06-18 13:19:52,organic,mobile,A,0,
S007539,C00727,2025-06-29 18:03:25,organic,mobile,B,0,
S007540,C01940,2025-02-02 17:33:21,social,mobile,A,0,
S007541,C00028,2025-03-29 22:20:14,paid_search,mobile,A,0,
S007542,C00490,2025-01-15 16:01:31,referral,mobile,A,0,
S007543,C00944,2025-05-21 12:55:30,organic,mobile,A,0,
S007544,C01858,2025-10-03 13:06:14,organic,desktop,A,1,O002418
S007545,C01272,2025-09-10 09:55:12,social,desktop,A,0,
S007546,C00524,2025-06-01 20:21:05,social,mobile,A,0,
S007547,C00250,2025-12-05 20:11:40,organic,mobile,A,0,
S007548,C01854,2025-01-21 21:01:17,social,mobile,A,0,
S007549,C00881,2025-02-11 08:49:55,organic,mobile,B,0,
S007550,C01851,2025-08-05 15:32:10,organic,mobile,B,0,
S007551,C01145,2025-11-03 21:54:47,organic,desktop,B,0,
S007552,C01102,2025-03-04 13:24:47,email,desktop,A,1,O002419
S007553,C01885,2025-11-17 11:38:28,paid_search,mobile,B,0,
S007554,C01021,2025-11-20 18:49:19,referral,mobile,B,0,
S007555,C01636,2025-06-23 13:49:08,organic,mobile,A,0,
S007556,C01678,2025-08-10 22:46:18,social,mobile,A,0,
S007557,C01943,2025-07-29 23:07:40,organic,mobile,B,0,
S007558,C00108,2025-02-05 10:15:49,organic,desktop,A,1,O002420
S007559,C00898,2025-05-04 13:06:20,social,mobile,A,1,O002421
S007560,C00780,2025-10-07 08:04:54,organic,mobile,A,0,
S007561,C01058,2025-02-15 11:43:15,referral,mobile,A,1,O002422
S007562,C00835,2025-04-09 19:35:28,organic,desktop,B,1,O002423
S007563,C01649,2025-09-14 14:00:12,email,mobile,B,0,
S007564,C00035,2025-03-30 13:36:42,email,mobile,B,1,O002424
S007565,C00841,2025-03-28 23:54:28,social,mobile,B,0,
S007566,C01399,2025-09-20 13:34:09,organic,mobile,B,0,
S007567,C01363,2025-01-19 18:34:56,email,desktop,B,0,
S007568,C01524,2025-11-20 09:19:52,organic,mobile,A,0,
S007569,C01185,2025-03-31 07:57:38,paid_search,desktop,B,1,O002425
S007570,C00899,2025-03-13 09:24:14,email,tablet,B,1,O002426
S007571,C01841,2025-12-16 12:46:49,paid_search,mobile,B,0,
S007572,C00819,2025-10-28 21:03:19,organic,mobile,B,0,
S007573,C00310,2025-10-05 18:02:18,email,mobile,A,0,
S007574,C01763,2025-04-02 21:44:44,organic,mobile,B,1,O002427
S007575,C01980,2025-04-02 08:55:17,organic,desktop,A,1,O002428
S007576,C01510,2025-10-13 14:58:30,organic,desktop,A,1,O002429
S007577,C01916,2025-07-26 08:46:19,social,mobile,A,0,
S007578,C01062,2025-08-15 15:08:35,organic,mobile,A,0,
S007579,C01480,2025-05-19 12:24:49,paid_search,mobile,A,1,O002430
S007580,C01188,2025-04-13 20:43:51,organic,mobile,A,0,
S007581,C00550,2025-02-22 22:10:53,social,desktop,A,0,
S007582,C00089,2025-11-27 08:03:46,organic,mobile,B,0,
S007583,C00126,2025-08-17 11:31:24,organic,mobile,A,0,
S007584,C01976,2025-06-28 11:08:58,referral,mobile,A,0,
S007585,C00937,2025-09-27 07:23:57,email,mobile,B,1,O002431
S007586,C00727,2025-01-22 23:09:42,social,mobile,B,0,
S007587,C01667,2025-01-10 10:54:45,organic,desktop,B,0,
S007588,C01492,2025-07-16 10:43:51,social,mobile,A,0,
S007589,C01032,2025-02-18 17:10:11,organic,mobile,A,0,
S007590,C01162,2025-12-28 11:08:38,organic,mobile,A,0,
S007591,C01711,2025-12-24 10:35:17,email,mobile,B,1,O002432
S007592,C01567,2025-01-15 07:45:53,organic,mobile,B,0,
S007593,C01886,2025-05-17 08:55:10,referral,desktop,A,0,
S007594,C01057,2025-06-07 17:14:22,organic,mobile,B,1,O002433
S007595,C00565,2025-07-03 16:43:04,organic,mobile,B,1,O002434
S007596,C00348,2025-01-27 12:32:59,email,mobile,A,1,O002435
S007597,C00034,2025-07-22 19:43:04,organic,mobile,A,0,
S007598,C01579,2025-09-01 21:13:00,email,desktop,B,0,
S007599,C00151,2025-12-14 16:39:04,referral,mobile,B,0,
S007600,C01258,2025-06-19 08:46:54,email,mobile,A,1,O002436
S007601,C01737,2025-05-08 13:05:02,organic,mobile,B,1,O002437
S007602,C00989,2025-08-20 20:12:40,paid_search,desktop,B,0,
S007603,C01682,2025-02-05 12:26:35,email,desktop,A,0,
S007604,C00045,2025-11-27 12:19:15,email,mobile,B,0,
S007605,C00661,2025-06-04 11:55:55,organic,desktop,B,1,O002438
S007606,C01943,2025-09-22 20:01:21,paid_search,mobile,B,0,
S007607,C00977,2025-02-16 18:46:07,paid_search,desktop,B,0,
S007608,C01969,2025-10-11 21:56:46,paid_search,tablet,B,0,
S007609,C01259,2025-10-27 18:39:19,referral,tablet,B,1,O002439
S007610,C01555,2025-04-26 21:10:17,paid_search,mobile,B,0,
S007611,C01484,2025-11-19 07:00:31,email,desktop,A,1,O002440
S007612,C00645,2025-11-24 13:50:32,paid_search,mobile,B,0,
S007613,C01306,2025-08-14 18:28:07,social,mobile,A,0,
S007614,C01812,2025-08-13 16:51:27,email,mobile,A,0,
S007615,C01799,2025-06-03 15:51:18,email,mobile,B,1,O002441
S007616,C01256,2025-02-17 22:34:29,social,mobile,A,0,
S007617,C01841,2025-06-22 13:16:40,referral,desktop,B,0,
S007618,C00067,2025-04-08 16:51:32,paid_search,mobile,B,0,
S007619,C01479,2025-03-02 20:47:04,social,mobile,B,0,
S007620,C01203,2025-01-26 12:56:03,social,mobile,B,0,
S007621,C00570,2025-06-23 09:28:37,paid_search,tablet,A,1,O002442
S007622,C00197,2025-02-18 09:35:48,organic,mobile,B,0,
S007623,C00768,2025-10-03 16:30:41,paid_search,mobile,A,1,O002443
S007624,C00554,2025-11-20 12:32:09,social,mobile,A,1,O002444
S007625,C00412,2025-07-10 21:24:44,organic,desktop,A,1,O002445
S007626,C00771,2025-01-29 11:06:04,organic,mobile,B,0,
S007627,C00854,2025-08-11 19:29:00,organic,mobile,A,0,
S007628,C01354,2025-01-28 18:06:44,email,desktop,A,1,O002446
S007629,C00351,2025-06-04 08:19:38,email,mobile,B,0,
S007630,C01343,2025-06-20 12:35:56,paid_search,mobile,B,1,O002447
S007631,C01652,2025-11-17 21:23:39,paid_search,mobile,A,0,
S007632,C01052,2025-05-20 17:15:54,paid_search,tablet,A,1,O002448
S007633,C01624,2025-03-23 07:35:41,paid_search,mobile,A,1,O002449
S007634,C01763,2025-06-15 19:39:00,referral,mobile,B,1,O002450
S007635,C01125,2025-03-18 22:31:03,paid_search,desktop,B,0,
S007636,C01993,2025-08-29 09:36:04,email,tablet,B,0,
S007637,C00402,2025-05-23 19:00:54,paid_search,mobile,A,1,O002451
S007638,C01995,2025-09-22 10:36:22,social,desktop,B,1,O002452
S007639,C00759,2025-08-04 09:53:26,email,mobile,B,1,O002453
S007640,C01406,2025-01-21 19:25:26,paid_search,mobile,A,0,
S007641,C00030,2025-03-03 20:10:15,social,mobile,A,0,
S007642,C01645,2025-08-14 17:01:12,social,mobile,B,0,
S007643,C01717,2025-05-08 17:35:26,paid_search,mobile,B,0,
S007644,C01139,2025-11-09 11:44:09,organic,mobile,B,0,
S007645,C00775,2025-02-09 23:50:10,email,desktop,B,1,O002454
S007646,C01555,2025-12-06 07:18:08,social,mobile,B,0,
S007647,C00943,2025-02-06 07:08:23,email,mobile,B,1,O002455
S007648,C01979,2025-08-13 19:33:50,paid_search,mobile,B,0,
S007649,C00778,2025-05-26 15:46:19,social,mobile,A,1,O002456
S007650,C00290,2025-04-24 08:03:31,paid_search,mobile,A,1,O002457
S007651,C01463,2025-12-08 16:59:53,paid_search,mobile,B,0,
S007652,C00835,2025-01-02 08:15:45,social,mobile,B,1,O002458
S007653,C00772,2025-07-24 12:56:39,organic,desktop,A,0,
S007654,C00279,2025-07-08 22:57:11,organic,mobile,B,0,
S007655,C00124,2025-08-27 07:55:57,social,mobile,A,0,
S007656,C00120,2025-12-06 21:45:37,referral,mobile,A,1,O002459
S007657,C00143,2025-05-28 12:16:24,referral,desktop,B,1,O002460
S007658,C00261,2025-10-21 08:41:52,organic,mobile,B,1,O002461
S007659,C01178,2025-04-27 23:33:55,referral,mobile,A,0,
S007660,C01444,2025-08-28 16:55:08,referral,mobile,A,0,
S007661,C00502,2025-11-26 17:22:12,organic,mobile,A,0,
S007662,C00310,2025-08-16 12:10:26,organic,tablet,A,0,
S007663,C01969,2025-05-06 11:36:01,email,mobile,B,1,O002462
S007664,C01369,2025-12-04 16:01:09,organic,desktop,B,1,O002463
S007665,C01269,2025-04-19 13:11:56,paid_search,mobile,B,0,
S007666,C01949,2025-09-03 18:54:22,email,mobile,B,0,
S007667,C00575,2025-07-23 19:49:29,paid_search,tablet,B,0,
S007668,C00830,2025-07-22 14:58:46,paid_search,desktop,A,1,O002464
S007669,C00332,2025-11-15 23:29:59,organic,mobile,A,0,
S007670,C00175,2025-12-26 13:39:52,email,tablet,B,0,
S007671,C00808,2025-02-16 18:39:02,organic,tablet,A,1,O002465
S007672,C00958,2025-10-03 23:32:40,email,desktop,A,1,O002466
S007673,C00462,2025-08-25 07:37:27,referral,mobile,A,0,
S007674,C01091,2025-11-09 14:38:22,paid_search,mobile,B,0,
S007675,C00350,2025-07-28 20:44:15,email,desktop,A,1,O002467
S007676,C00517,2025-11-09 22:02:37,social,mobile,B,0,
S007677,C01588,2025-09-12 22:20:25,email,mobile,A,0,
S007678,C01755,2025-03-27 22:01:00,referral,mobile,B,0,
S007679,C01585,2025-06-25 12:46:47,organic,desktop,B,0,
S007680,C01755,2025-09-12 21:38:28,email,mobile,B,0,
S007681,C01135,2025-05-07 21:02:24,paid_search,desktop,B,0,
S007682,C01703,2025-03-30 17:52:25,referral,mobile,B,1,O002468
S007683,C00529,2025-11-30 23:25:55,social,mobile,B,0,
S007684,C00348,2025-12-07 13:39:41,referral,desktop,A,1,O002469
S007685,C01885,2025-11-21 20:38:52,organic,mobile,B,1,O002470
S007686,C01002,2025-05-05 21:59:05,social,desktop,A,1,O002471
S007687,C00583,2025-03-05 21:21:39,social,mobile,B,1,O002472
S007688,C01298,2025-09-22 10:22:00,paid_search,mobile,A,0,
S007689,C00069,2025-10-21 13:40:29,paid_search,mobile,B,0,
S007690,C01261,2025-05-15 12:26:58,paid_search,mobile,B,1,O002473
S007691,C01226,2025-06-19 16:25:20,paid_search,tablet,A,0,
S007692,C01636,2025-09-29 19:19:38,paid_search,desktop,A,0,
S007693,C00650,2025-02-19 11:37:10,paid_search,mobile,A,0,
S007694,C00391,2025-03-08 10:54:17,social,mobile,B,1,O002474
S007695,C00929,2025-06-04 14:35:31,email,mobile,B,1,O002475
S007696,C01501,2025-08-01 17:22:04,referral,desktop,B,1,O002476
S007697,C01213,2025-04-30 07:21:13,paid_search,mobile,B,1,O002477
S007698,C00342,2025-10-27 11:24:17,referral,mobile,A,0,
S007699,C00915,2025-11-10 11:16:59,organic,mobile,B,1,O002478
S007700,C00015,2025-08-05 19:12:05,social,mobile,B,0,
S007701,C01526,2025-07-10 10:09:54,organic,desktop,A,1,O002479
S007702,C01954,2025-12-27 07:02:30,paid_search,mobile,A,0,
S007703,C01601,2025-06-16 18:22:06,paid_search,desktop,B,1,O002480
S007704,C00260,2025-10-28 21:32:18,paid_search,desktop,A,1,O002481
S007705,C01000,2025-03-19 21:50:15,organic,mobile,A,0,
S007706,C01147,2025-05-06 17:07:44,paid_search,tablet,B,0,
S007707,C00101,2025-12-26 16:06:28,organic,desktop,B,0,
S007708,C01402,2025-01-16 09:37:16,referral,desktop,A,1,O002482
S007709,C01086,2025-09-05 08:49:46,email,mobile,A,0,
S007710,C01621,2025-06-04 23:01:48,paid_search,desktop,B,0,
S007711,C00528,2025-12-31 08:21:45,paid_search,mobile,A,0,
S007712,C01267,2025-01-07 11:15:55,referral,mobile,B,0,
S007713,C01612,2025-11-03 19:47:32,paid_search,mobile,A,0,
S007714,C01878,2025-11-08 18:43:03,social,desktop,A,1,O002483
S007715,C01285,2025-11-03 16:08:13,paid_search,desktop,B,0,
S007716,C01949,2025-06-15 17:57:45,referral,mobile,B,1,O002484
S007717,C00416,2025-05-01 10:17:30,paid_search,desktop,A,1,O002485
S007718,C01028,2025-12-22 21:39:04,paid_search,desktop,A,0,
S007719,C00428,2025-05-27 09:11:33,paid_search,tablet,A,1,O002486
S007720,C00455,2025-12-19 14:47:19,referral,mobile,B,0,
S007721,C00806,2025-05-07 09:14:38,organic,mobile,A,0,
S007722,C00611,2025-11-19 18:02:25,email,mobile,B,0,
S007723,C01594,2025-08-27 17:17:27,social,mobile,A,1,O002487
S007724,C01666,2025-10-05 08:33:36,referral,tablet,A,0,
S007725,C01035,2025-12-07 12:34:07,social,desktop,B,1,O002488
S007726,C01605,2025-03-24 14:18:13,email,mobile,B,0,
S007727,C00569,2025-11-07 21:30:53,email,desktop,B,0,
S007728,C01330,2025-11-05 07:26:34,social,mobile,A,1,O002489
S007729,C01039,2025-12-25 15:38:35,referral,mobile,B,0,
S007730,C00565,2025-10-09 21:56:38,referral,mobile,B,1,O002490
S007731,C00637,2025-12-23 11:52:36,organic,mobile,B,0,
S007732,C00422,2025-08-09 08:53:05,social,desktop,A,1,O002491
S007733,C01834,2025-02-24 16:05:28,organic,desktop,A,0,
S007734,C01244,2025-04-28 18:15:49,organic,mobile,A,1,O002492
S007735,C01277,2025-02-25 10:27:04,social,desktop,B,0,
S007736,C00791,2025-07-23 23:48:23,organic,desktop,B,0,
S007737,C01813,2025-01-24 23:44:31,social,mobile,B,0,
S007738,C00511,2025-06-25 21:08:32,organic,desktop,B,0,
S007739,C00322,2025-05-26 07:03:29,social,mobile,A,0,
S007740,C00566,2025-05-08 13:47:39,social,tablet,A,0,
S007741,C01249,2025-06-04 16:50:51,paid_search,desktop,B,0,
S007742,C00310,2025-09-05 08:05:11,organic,desktop,A,0,
S007743,C01054,2025-10-28 21:51:52,paid_search,tablet,A,0,
S007744,C00574,2025-07-27 17:50:33,organic,mobile,A,0,
S007745,C01441,2025-12-11 20:16:37,organic,mobile,B,1,O002493
S007746,C01784,2025-09-15 12:57:46,email,desktop,A,1,O002494
S007747,C01880,2025-10-22 21:12:54,paid_search,mobile,A,1,O002495
S007748,C01017,2025-02-04 13:20:49,paid_search,mobile,B,0,
S007749,C01037,2025-10-02 22:45:09,paid_search,desktop,B,1,O002496
S007750,C00779,2025-10-01 14:55:40,social,desktop,B,1,O002497
S007751,C00032,2025-12-28 23:03:52,email,mobile,A,0,
S007752,C01440,2025-11-17 19:34:16,organic,mobile,A,1,O002498
S007753,C00745,2025-06-17 10:57:07,referral,mobile,B,1,O002499
S007754,C00917,2025-11-27 21:17:52,referral,desktop,B,0,
S007755,C01731,2025-06-08 10:27:01,social,mobile,B,1,O002500
S007756,C01564,2025-07-27 11:13:26,referral,mobile,A,0,
S007757,C01463,2025-01-31 09:20:34,email,mobile,B,0,
S007758,C00445,2025-04-20 15:03:49,paid_search,mobile,B,0,
S007759,C01225,2025-10-24 21:21:51,paid_search,mobile,B,1,O002501
S007760,C00138,2025-10-12 07:30:56,organic,desktop,A,0,
S007761,C01251,2025-04-23 12:28:57,referral,mobile,B,0,
S007762,C00115,2025-05-22 08:02:13,referral,desktop,B,0,
S007763,C00883,2025-08-22 11:25:43,social,mobile,B,0,
S007764,C01782,2025-07-15 16:47:50,organic,tablet,A,0,
S007765,C00852,2025-06-25 10:27:09,organic,mobile,A,1,O002502
S007766,C01660,2025-12-25 16:31:15,email,mobile,A,0,
S007767,C01899,2025-06-23 17:09:09,social,mobile,B,1,O002503
S007768,C00705,2025-06-29 18:04:55,referral,desktop,B,1,O002504
S007769,C01682,2025-02-22 23:45:41,social,desktop,A,0,
S007770,C00662,2025-10-09 15:45:00,referral,desktop,A,1,O002505
S007771,C00581,2025-06-22 17:13:00,organic,desktop,B,0,
S007772,C00513,2025-08-04 20:06:37,paid_search,mobile,B,0,
S007773,C00379,2025-10-16 21:37:14,organic,mobile,B,0,
S007774,C00411,2025-01-23 16:42:12,organic,mobile,B,1,O002506
S007775,C01282,2025-12-31 09:01:21,organic,tablet,A,1,O002507
S007776,C01021,2025-03-04 10:59:34,organic,mobile,B,0,
S007777,C00854,2025-11-14 21:15:51,social,mobile,A,1,O002508
S007778,C01255,2025-04-13 19:41:41,email,mobile,B,0,
S007779,C00871,2025-06-09 19:26:54,email,mobile,B,0,
S007780,C01227,2025-02-06 22:14:38,social,desktop,B,0,
S007781,C01374,2025-10-17 22:01:30,organic,desktop,A,0,
S007782,C01985,2025-11-19 15:08:57,email,desktop,B,0,
S007783,C00634,2025-12-23 17:22:30,referral,desktop,A,0,
S007784,C00507,2025-11-03 07:35:51,organic,desktop,B,0,
S007785,C01654,2025-10-02 07:16:12,social,mobile,A,0,
S007786,C00530,2025-06-09 14:51:15,paid_search,mobile,A,0,
S007787,C00923,2025-06-06 22:25:20,organic,desktop,B,1,O002509
S007788,C01867,2025-09-07 07:49:22,organic,mobile,B,0,
S007789,C00230,2025-03-14 10:58:05,organic,mobile,A,0,
S007790,C01044,2025-11-20 08:51:06,paid_search,desktop,A,0,
S007791,C00899,2025-07-20 17:51:04,paid_search,desktop,B,0,
S007792,C01979,2025-11-09 19:24:49,organic,mobile,B,0,
S007793,C00097,2025-07-25 17:17:20,referral,tablet,B,0,
S007794,C01943,2025-12-03 15:37:54,social,mobile,B,0,
S007795,C00846,2025-03-21 23:08:18,organic,mobile,A,0,
S007796,C01874,2025-05-12 21:02:28,email,mobile,A,0,
S007797,C01684,2025-01-06 16:31:28,organic,mobile,A,0,
S007798,C01899,2025-06-28 13:22:55,referral,mobile,B,0,
S007799,C01077,2025-04-04 23:58:35,social,desktop,B,0,
S007800,C00068,2025-08-10 20:13:42,paid_search,desktop,A,0,
S007801,C00931,2025-12-26 16:57:24,referral,desktop,B,1,O002510
S007802,C00893,2025-04-24 07:09:44,paid_search,mobile,B,0,
S007803,C01898,2025-10-25 20:42:06,social,mobile,A,0,
S007804,C01044,2025-03-18 09:49:23,paid_search,mobile,A,0,
S007805,C00399,2025-01-11 09:32:05,paid_search,desktop,B,1,O002511
S007806,C01817,2025-11-29 09:08:31,social,mobile,B,0,
S007807,C00412,2025-10-27 09:17:14,email,tablet,A,0,
S007808,C00064,2025-04-16 15:59:23,paid_search,mobile,A,0,
S007809,C01886,2025-06-10 16:41:37,email,desktop,A,0,
S007810,C01552,2025-09-01 23:56:23,social,mobile,A,0,
S007811,C01676,2025-09-20 14:29:48,referral,desktop,A,1,O002512
S007812,C01447,2025-01-23 13:28:44,organic,mobile,B,0,
S007813,C00185,2025-08-21 15:23:15,paid_search,desktop,B,0,
S007814,C01490,2025-06-11 22:59:19,organic,mobile,A,0,
S007815,C00292,2025-01-04 19:22:39,referral,mobile,A,1,O002513
S007816,C01205,2025-03-20 12:55:26,paid_search,desktop,B,0,
S007817,C00720,2025-08-13 12:59:20,referral,mobile,A,0,
S007818,C00618,2025-12-20 07:58:57,paid_search,desktop,A,0,
S007819,C01209,2025-11-01 17:26:37,social,mobile,B,0,
S007820,C00300,2025-03-28 18:46:00,paid_search,desktop,A,0,
S007821,C00994,2025-02-24 11:19:41,social,mobile,A,0,
S007822,C01213,2025-09-02 11:22:24,paid_search,mobile,B,1,O002514
S007823,C00983,2025-03-15 16:27:35,paid_search,mobile,B,0,
S007824,C01161,2025-03-12 19:51:37,email,desktop,B,0,
S007825,C01967,2025-04-21 07:36:35,email,mobile,B,0,
S007826,C00841,2025-04-10 11:13:15,paid_search,mobile,B,0,
S007827,C00635,2025-04-26 09:04:57,paid_search,desktop,B,1,O002515
S007828,C01290,2025-12-27 08:55:20,paid_search,mobile,A,0,
S007829,C00244,2025-02-10 14:35:03,paid_search,mobile,A,1,O002516
S007830,C01353,2025-10-04 17:26:23,email,desktop,B,0,
S007831,C01470,2025-12-17 07:36:08,paid_search,desktop,A,0,
S007832,C00325,2025-12-06 09:41:32,organic,mobile,B,0,
S007833,C01621,2025-07-07 17:17:36,social,mobile,B,0,
S007834,C00032,2025-03-04 12:28:27,organic,mobile,A,0,
S007835,C00041,2025-01-03 14:40:01,social,mobile,B,1,O002517
S007836,C01595,2025-12-11 20:12:04,paid_search,desktop,B,0,
S007837,C01196,2025-09-16 11:18:01,paid_search,mobile,A,0,
S007838,C01279,2025-06-03 17:25:13,referral,mobile,B,1,O002518
S007839,C00698,2025-01-02 12:38:04,organic,tablet,A,0,
S007840,C00988,2025-10-17 12:06:36,email,desktop,A,0,
S007841,C00674,2025-04-09 23:18:05,organic,mobile,A,0,
S007842,C00938,2025-10-18 16:48:08,paid_search,mobile,A,0,
S007843,C00253,2025-09-02 21:48:07,social,mobile,B,0,
S007844,C01141,2025-02-20 21:11:29,social,mobile,B,0,
S007845,C00831,2025-04-13 17:34:04,social,mobile,B,0,
S007846,C01331,2025-10-03 15:55:43,organic,mobile,B,0,
S007847,C00893,2025-08-14 16:30:25,social,desktop,B,0,
S007848,C01262,2025-01-29 15:17:11,referral,mobile,A,0,
S007849,C00951,2025-06-30 13:18:58,referral,desktop,B,0,
S007850,C00362,2025-05-13 23:18:39,paid_search,mobile,A,0,
S007851,C01005,2025-12-13 09:23:58,email,mobile,B,0,
S007852,C00932,2025-08-13 13:11:37,paid_search,mobile,A,1,O002519
S007853,C00181,2025-02-02 10:34:16,paid_search,desktop,B,0,
S007854,C00440,2025-05-15 20:21:15,organic,mobile,A,0,
S007855,C01978,2025-04-16 10:19:36,social,desktop,A,0,
S007856,C00416,2025-06-04 10:06:07,social,desktop,A,1,O002520
S007857,C00262,2025-02-03 08:10:50,organic,mobile,A,0,
S007858,C01688,2025-02-03 22:42:44,paid_search,mobile,A,0,
S007859,C01890,2025-11-27 21:13:10,email,mobile,A,1,O002521
S007860,C01479,2025-10-16 21:19:40,paid_search,mobile,B,0,
S007861,C00037,2025-05-09 20:36:32,paid_search,mobile,B,0,
S007862,C00587,2025-05-01 16:52:44,organic,mobile,B,1,O002522
S007863,C01346,2025-04-02 15:57:32,social,desktop,A,1,O002523
S007864,C01843,2025-10-01 14:35:52,email,desktop,B,0,
S007865,C00267,2025-09-12 23:18:45,paid_search,mobile,B,0,
S007866,C00348,2025-11-01 23:29:05,organic,mobile,A,0,
S007867,C01559,2025-12-11 22:30:42,paid_search,mobile,B,0,
S007868,C01186,2025-05-24 21:22:07,organic,mobile,A,0,
S007869,C00886,2025-10-13 23:22:53,paid_search,desktop,A,1,O002524
S007870,C00306,2025-06-05 22:41:47,paid_search,desktop,A,1,O002525
S007871,C01298,2025-12-03 08:14:06,social,desktop,A,0,
S007872,C00549,2025-09-27 07:57:12,organic,desktop,B,1,O002526
S007873,C00761,2025-11-23 17:50:57,paid_search,desktop,B,0,
S007874,C01288,2025-02-25 13:28:00,email,desktop,A,0,
S007875,C01483,2025-08-21 19:58:36,organic,mobile,B,0,
S007876,C00566,2025-02-22 13:13:50,email,mobile,A,0,
S007877,C00234,2025-03-28 14:29:03,social,mobile,A,0,
S007878,C01320,2025-06-22 16:04:15,referral,mobile,A,0,
S007879,C00409,2025-07-02 15:46:31,paid_search,desktop,B,1,O002527
S007880,C01579,2025-04-01 22:55:52,referral,mobile,B,0,
S007881,C00846,2025-12-13 09:54:48,referral,mobile,A,0,
S007882,C00765,2025-08-02 13:46:51,paid_search,desktop,B,0,
S007883,C01441,2025-05-29 16:33:53,paid_search,mobile,B,0,
S007884,C00059,2025-03-09 16:26:52,organic,desktop,B,1,O002528
S007885,C00342,2025-03-26 17:15:35,email,desktop,A,1,O002529
S007886,C01248,2025-11-29 16:52:20,paid_search,mobile,A,1,O002530
S007887,C01818,2025-11-23 22:58:05,organic,mobile,A,1,O002531
S007888,C00527,2025-06-23 11:36:32,organic,tablet,B,0,
S007889,C00920,2025-05-09 14:22:24,referral,mobile,A,0,
S007890,C01675,2025-04-02 13:35:59,paid_search,mobile,B,0,
S007891,C01831,2025-02-26 17:53:34,referral,mobile,B,0,
S007892,C01717,2025-12-04 09:42:44,organic,desktop,B,1,O002532
S007893,C01685,2025-03-28 13:24:12,social,desktop,B,0,
S007894,C01971,2025-07-06 12:52:11,paid_search,mobile,B,0,
S007895,C00450,2025-08-14 20:58:35,social,mobile,A,1,O002533
S007896,C00078,2025-01-26 16:03:57,paid_search,desktop,A,0,
S007897,C00362,2025-02-18 22:28:08,paid_search,mobile,A,0,
S007898,C01782,2025-01-14 15:13:17,social,mobile,A,0,
S007899,C00987,2025-07-26 09:47:18,organic,mobile,B,0,
S007900,C00746,2025-10-15 17:42:33,referral,mobile,A,1,O002534
S007901,C01411,2025-09-01 12:13:33,organic,desktop,B,1,O002535
S007902,C00361,2025-11-12 20:12:26,organic,mobile,B,1,O002536
S007903,C00751,2025-01-16 19:27:41,paid_search,mobile,B,1,O002537
S007904,C01501,2025-09-30 17:04:31,organic,mobile,B,0,
S007905,C00041,2025-06-30 13:02:01,organic,mobile,B,0,
S007906,C01758,2025-08-23 07:40:54,organic,desktop,A,0,
S007907,C01476,2025-03-13 14:37:57,paid_search,mobile,A,0,
S007908,C01111,2025-12-12 07:56:37,organic,mobile,B,0,
S007909,C00116,2025-03-09 07:29:28,social,desktop,A,0,
S007910,C01277,2025-10-08 19:15:19,paid_search,tablet,B,1,O002538
S007911,C01105,2025-11-28 08:43:50,organic,mobile,B,0,
S007912,C00338,2025-12-06 09:14:49,paid_search,desktop,A,1,O002539
S007913,C00358,2025-08-24 13:54:52,email,mobile,A,0,
S007914,C01948,2025-09-14 21:21:35,social,mobile,A,0,
S007915,C01253,2025-12-10 12:00:09,referral,mobile,B,1,O002540
S007916,C00844,2025-11-16 18:32:40,social,desktop,A,0,
S007917,C01129,2025-12-28 20:37:23,social,desktop,B,0,
S007918,C00370,2025-12-12 13:32:14,paid_search,mobile,A,1,O002541
S007919,C00255,2025-11-11 10:35:59,organic,desktop,B,0,
S007920,C01193,2025-02-26 23:00:40,organic,mobile,B,0,
S007921,C01320,2025-10-24 17:20:25,paid_search,mobile,A,0,
S007922,C01636,2025-06-21 22:09:01,email,desktop,A,1,O002542
S007923,C00212,2025-06-11 14:57:09,email,mobile,A,1,O002543
S007924,C01628,2025-08-01 22:05:47,social,mobile,A,0,
S007925,C01212,2025-04-03 21:19:02,paid_search,desktop,A,0,
S007926,C01864,2025-09-28 09:31:25,referral,desktop,A,1,O002544
S007927,C00333,2025-10-01 10:29:12,organic,mobile,B,1,O002545
S007928,C00090,2025-03-31 18:29:25,referral,desktop,A,0,
S007929,C00147,2025-09-04 10:09:07,referral,mobile,B,0,
S007930,C01134,2025-12-24 22:41:07,paid_search,tablet,A,0,
S007931,C01872,2025-02-11 11:32:34,organic,desktop,A,0,
S007932,C00819,2025-01-10 19:43:06,organic,mobile,B,0,
S007933,C01857,2025-10-26 07:22:07,email,desktop,B,1,O002546
S007934,C01502,2025-11-13 15:58:17,paid_search,mobile,A,1,O002547
S007935,C01098,2025-05-26 21:41:21,paid_search,tablet,A,1,O002548
S007936,C00862,2025-12-04 11:07:34,email,desktop,A,0,
S007937,C00213,2025-12-08 09:54:02,organic,desktop,B,1,O002549
S007938,C01834,2025-12-20 22:01:32,email,desktop,A,0,
S007939,C00250,2025-01-04 23:53:01,referral,desktop,A,0,
S007940,C01074,2025-08-30 23:13:06,paid_search,mobile,A,0,
S007941,C00747,2025-08-22 18:04:47,paid_search,desktop,B,0,
S007942,C01762,2025-03-12 11:20:00,social,desktop,A,0,
S007943,C00546,2025-06-06 15:36:42,paid_search,mobile,A,0,
S007944,C00124,2025-06-24 10:37:24,organic,tablet,A,1,O002550
S007945,C01366,2025-05-14 17:24:30,email,mobile,A,0,
S007946,C00063,2025-06-14 10:09:06,paid_search,mobile,B,0,
S007947,C00485,2025-01-28 18:03:57,referral,mobile,B,0,
S007948,C00537,2025-06-24 13:11:41,paid_search,mobile,B,0,
S007949,C00539,2025-07-04 12:17:17,paid_search,mobile,B,0,
S007950,C00829,2025-08-06 19:02:37,referral,mobile,B,0,
S007951,C01552,2025-06-13 16:38:07,email,mobile,A,0,
S007952,C01555,2025-12-08 17:14:15,referral,desktop,B,1,O002551
S007953,C00388,2025-06-04 17:24:21,organic,mobile,A,0,
S007954,C00654,2025-09-22 14:59:57,email,mobile,A,0,
S007955,C00293,2025-11-26 08:38:05,referral,mobile,B,1,O002552
S007956,C01834,2025-11-04 12:05:49,organic,mobile,A,0,
S007957,C00493,2025-07-28 14:44:53,paid_search,desktop,B,0,
S007958,C00870,2025-02-08 21:15:56,organic,desktop,A,0,
S007959,C01590,2025-01-08 09:06:36,email,desktop,A,0,
S007960,C00313,2025-05-17 16:25:07,organic,mobile,B,1,O002553
S007961,C01305,2025-06-03 08:56:33,email,mobile,B,1,O002554
S007962,C00862,2025-06-30 10:36:36,referral,desktop,A,0,
S007963,C01734,2025-01-19 12:22:11,organic,desktop,A,0,
S007964,C01713,2025-07-17 10:52:52,social,desktop,B,0,
S007965,C01260,2025-10-15 15:00:30,referral,mobile,A,0,
S007966,C00195,2025-08-16 17:12:38,organic,desktop,B,0,
S007967,C00428,2025-06-21 16:38:14,organic,mobile,A,1,O002555
S007968,C00737,2025-02-16 07:12:58,email,mobile,B,0,
S007969,C00308,2025-03-12 18:14:52,email,mobile,A,0,
S007970,C01944,2025-11-01 11:19:11,paid_search,mobile,A,0,
S007971,C01912,2025-05-24 07:24:15,organic,desktop,A,1,O002556
S007972,C01157,2025-12-15 15:16:32,referral,mobile,B,1,O002557
S007973,C00514,2025-06-19 16:02:58,social,desktop,A,0,
S007974,C01652,2025-12-23 15:45:29,email,mobile,A,1,O002558
S007975,C01995,2025-12-26 12:50:23,social,desktop,B,0,
S007976,C01547,2025-02-08 09:59:10,email,desktop,B,1,O002559
S007977,C00248,2025-06-21 23:05:58,email,desktop,A,0,
S007978,C01895,2025-10-30 21:07:45,organic,mobile,B,0,
S007979,C01520,2025-04-17 13:51:03,organic,mobile,A,1,O002560
S007980,C01215,2025-06-05 19:05:39,referral,tablet,B,0,
S007981,C01883,2025-12-10 11:40:08,social,tablet,B,0,
S007982,C01583,2025-06-03 15:01:20,email,mobile,B,1,O002561
S007983,C00955,2025-02-15 09:55:25,organic,desktop,B,0,
S007984,C01324,2025-10-26 12:30:57,social,mobile,A,0,
S007985,C00206,2025-11-27 08:46:41,organic,desktop,A,0,
S007986,C01828,2025-05-26 17:59:41,organic,mobile,A,0,
S007987,C01786,2025-04-22 07:03:56,organic,desktop,A,0,
S007988,C00866,2025-09-30 10:26:37,social,desktop,A,0,
S007989,C00540,2025-01-24 17:34:04,organic,desktop,A,0,
S007990,C00430,2025-03-15 11:35:39,paid_search,desktop,A,0,
S007991,C00601,2025-07-31 14:07:48,organic,mobile,B,1,O002562
S007992,C01562,2025-03-19 07:05:03,organic,mobile,A,0,
S007993,C01458,2025-08-20 20:35:58,social,desktop,A,0,
S007994,C01455,2025-12-25 22:14:37,social,tablet,B,0,
S007995,C00308,2025-12-14 14:54:43,email,tablet,A,0,
S007996,C01071,2025-08-27 23:37:50,email,mobile,B,0,
S007997,C01696,2025-12-07 09:35:44,organic,desktop,A,1,O002563
S007998,C00629,2025-03-17 08:17:52,organic,desktop,B,0,
S007999,C01650,2025-07-02 22:34:08,social,mobile,A,1,O002564
S008000,C01054,2025-12-29 08:04:28,paid_search,mobile,A,0,
S008001,C00220,2025-10-01 09:25:56,paid_search,mobile,A,1,O002565
S008002,C01714,2025-07-23 15:29:36,paid_search,desktop,A,0,
S008003,C00962,2025-09-18 15:40:11,email,mobile,A,0,
S008004,C01094,2025-08-08 07:21:08,paid_search,mobile,A,0,
S008005,C01975,2025-12-20 12:12:23,organic,mobile,B,0,
S008006,C00237,2025-10-23 20:23:28,organic,mobile,B,0,
S008007,C00183,2025-10-22 19:13:43,paid_search,desktop,B,0,
S008008,C01518,2025-04-24 11:37:01,paid_search,desktop,A,1,O002566
S008009,C00489,2025-10-22 18:53:23,email,tablet,B,1,O002567
S008010,C00827,2025-05-09 15:22:59,organic,desktop,B,0,
S008011,C01430,2025-09-12 21:38:55,social,mobile,A,0,
S008012,C01488,2025-01-20 11:20:32,referral,mobile,A,0,
S008013,C00307,2025-06-18 19:58:03,social,mobile,B,0,
S008014,C01509,2025-04-19 12:14:10,referral,desktop,B,0,
S008015,C01767,2025-09-28 07:36:33,email,desktop,B,0,
S008016,C00066,2025-11-11 18:45:11,email,tablet,A,0,
S008017,C01920,2025-09-14 09:32:22,social,mobile,A,0,
S008018,C00140,2025-07-03 08:59:04,organic,mobile,A,0,
S008019,C00498,2025-03-29 08:02:01,email,mobile,A,0,
S008020,C00364,2025-12-07 20:00:45,paid_search,mobile,A,0,
S008021,C01176,2025-05-14 22:13:55,social,desktop,A,1,O002568
S008022,C01267,2025-05-02 21:31:02,organic,desktop,B,0,
S008023,C01171,2025-06-15 17:11:44,organic,desktop,B,0,
S008024,C01826,2025-06-10 10:08:58,email,mobile,A,0,
S008025,C00748,2025-09-07 23:47:48,referral,mobile,A,0,
S008026,C01210,2025-08-27 10:02:05,organic,desktop,A,1,O002569
S008027,C00750,2025-02-20 17:04:37,paid_search,mobile,A,0,
S008028,C01731,2025-09-08 13:38:20,social,tablet,B,0,
S008029,C00579,2025-10-18 11:56:05,email,desktop,B,0,
S008030,C01979,2025-09-08 10:00:59,organic,mobile,B,0,
S008031,C01031,2025-07-13 18:31:12,paid_search,desktop,B,0,
S008032,C00400,2025-01-19 17:47:03,organic,mobile,A,0,
S008033,C00636,2025-12-07 19:46:33,email,mobile,A,1,O002570
S008034,C00020,2025-10-29 13:42:10,social,mobile,A,0,
S008035,C00991,2025-10-10 09:24:04,organic,mobile,B,1,O002571
S008036,C00892,2025-03-25 17:47:29,social,mobile,A,1,O002572
S008037,C01202,2025-10-29 07:44:53,organic,mobile,A,0,
S008038,C00575,2025-11-20 20:38:42,referral,desktop,B,0,
S008039,C00300,2025-12-10 09:03:43,organic,mobile,A,0,
S008040,C01946,2025-12-24 15:48:27,paid_search,tablet,A,0,
S008041,C00661,2025-07-19 11:23:51,paid_search,desktop,B,1,O002573
S008042,C00991,2025-06-29 09:22:08,organic,mobile,B,0,
S008043,C01812,2025-08-09 11:08:02,social,mobile,A,0,
S008044,C00665,2025-04-17 20:02:11,organic,mobile,B,1,O002574
S008045,C01673,2025-08-02 11:48:24,organic,mobile,B,0,
S008046,C01181,2025-07-11 15:16:15,paid_search,mobile,B,0,
S008047,C01711,2025-11-24 22:53:33,email,mobile,B,0,
S008048,C00566,2025-06-05 15:28:52,paid_search,desktop,A,0,
S008049,C01697,2025-04-06 16:13:48,paid_search,mobile,B,0,
S008050,C00283,2025-06-22 10:30:48,email,desktop,B,1,O002575
S008051,C00335,2025-01-11 20:44:50,organic,mobile,B,0,
S008052,C00293,2025-09-11 16:33:23,social,mobile,B,0,
S008053,C01784,2025-03-06 16:49:46,referral,tablet,A,0,
S008054,C01927,2025-09-15 19:30:30,organic,mobile,B,0,
S008055,C00920,2025-04-17 07:22:10,social,mobile,A,0,
S008056,C00900,2025-03-05 15:46:38,social,mobile,A,0,
S008057,C01675,2025-11-26 12:22:23,organic,desktop,B,0,
S008058,C01253,2025-07-28 22:09:15,referral,mobile,B,1,O002576
S008059,C01487,2025-06-24 16:17:24,organic,mobile,B,0,
S008060,C00741,2025-06-28 09:12:49,organic,mobile,B,1,O002577
S008061,C00977,2025-07-30 17:17:05,referral,mobile,B,1,O002578
S008062,C00431,2025-04-04 20:33:07,organic,mobile,B,1,O002579
S008063,C01951,2025-12-14 22:58:19,organic,Unknown,B,0,
S008064,C01514,2025-10-24 13:47:13,paid_search,mobile,A,0,
S008065,C01673,2025-06-27 23:46:24,email,desktop,B,1,O002580
S008066,C01272,2025-03-13 10:38:27,referral,mobile,A,0,
S008067,C00684,2025-01-30 23:44:30,organic,desktop,A,0,
S008068,C01273,2025-05-30 21:47:57,social,mobile,B,0,
S008069,C01728,2025-05-18 14:12:50,social,desktop,A,0,
S008070,C01554,2025-07-24 12:02:14,referral,mobile,A,0,
S008071,C01853,2025-08-02 23:29:11,paid_search,desktop,B,0,
S008072,C00893,2025-08-02 17:38:19,paid_search,mobile,B,0,
S008073,C00071,2025-11-15 17:13:59,referral,mobile,B,0,
S008074,C00470,2025-09-23 18:53:06,referral,mobile,A,1,O002581
S008075,C01350,2025-08-01 15:16:27,email,mobile,A,0,
S008076,C00923,2025-11-25 18:22:22,paid_search,mobile,B,0,
S008077,C01603,2025-04-01 12:57:29,organic,desktop,B,1,O002582
S008078,C01216,2025-10-02 09:35:45,referral,mobile,A,0,
S008079,C01446,2025-05-10 14:49:00,paid_search,mobile,A,0,
S008080,C00108,2025-10-17 16:01:38,organic,mobile,A,0,
S008081,C00234,2025-03-11 23:07:14,social,mobile,A,0,
S008082,C01031,2025-11-05 10:20:21,referral,mobile,B,0,
S008083,C01856,2025-03-03 22:09:28,social,mobile,A,0,
S008084,C01455,2025-01-26 08:16:46,email,mobile,B,0,
S008085,C00102,2025-12-30 15:42:21,organic,desktop,A,0,
S008086,C00234,2025-11-25 12:14:38,referral,mobile,A,0,
S008087,C00435,2025-10-27 22:36:34,organic,mobile,B,0,
S008088,C01126,2025-11-05 17:39:19,paid_search,mobile,A,0,
S008089,C01097,2025-05-07 15:51:14,paid_search,mobile,B,1,O002583
S008090,C01983,2025-01-10 12:51:23,email,mobile,B,0,
S008091,C01575,2025-12-17 21:01:05,paid_search,desktop,B,0,
S008092,C00199,2025-08-19 22:06:35,referral,mobile,B,0,
S008093,C01242,2025-11-27 21:55:32,social,mobile,A,0,
S008094,C01843,2025-11-15 09:26:30,organic,desktop,B,0,
S008095,C00919,2025-05-04 12:29:01,organic,desktop,B,0,
S008096,C01620,2025-12-07 17:01:11,email,mobile,A,0,
S008097,C01972,2025-07-27 20:03:52,referral,mobile,A,0,
S008098,C01304,2025-10-18 15:04:18,organic,mobile,A,0,
S008099,C01177,2025-10-30 15:43:03,organic,mobile,B,1,O002584
S008100,C00675,2025-10-01 15:17:33,paid_search,mobile,B,1,O002585
S008101,C01626,2025-03-27 16:31:24,email,desktop,A,0,
S008102,C01529,2025-01-29 13:47:59,social,tablet,B,1,O002586
S008103,C00980,2025-11-17 10:05:38,paid_search,mobile,A,0,
S008104,C00312,2025-08-19 16:43:31,email,mobile,A,0,
S008105,C00074,2025-06-11 22:10:21,referral,desktop,A,0,
S008106,C01251,2025-08-04 18:25:55,paid_search,mobile,B,1,O002587
S008107,C01395,2025-12-20 19:34:01,social,mobile,B,1,O002588
S008108,C01074,2025-04-08 11:57:00,referral,desktop,A,1,O002589
S008109,C00440,2025-12-23 15:24:28,social,mobile,A,0,
S008110,C01440,2025-08-23 15:40:06,paid_search,desktop,A,1,O002590
S008111,C00717,2025-06-26 08:50:13,organic,mobile,B,0,
S008112,C00756,2025-08-18 23:55:05,email,mobile,A,1,O002591
S008113,C01329,2025-12-31 13:53:35,paid_search,mobile,B,1,O002592
S008114,C01562,2025-09-29 15:29:28,email,desktop,A,0,
S008115,C00108,2025-09-21 11:01:58,organic,desktop,A,1,O002593
S008116,C00921,2025-10-21 17:17:03,social,mobile,B,1,O002594
S008117,C00099,2025-09-30 14:42:18,email,mobile,B,0,
S008118,C01711,2025-11-03 10:51:50,paid_search,desktop,B,0,
S008119,C01670,2025-12-04 12:20:24,referral,mobile,A,1,O002595
S008120,C00999,2025-09-11 17:07:20,social,desktop,B,0,
S008121,C00953,2025-07-25 16:29:33,email,mobile,B,0,
S008122,C00784,2025-09-19 11:19:13,organic,mobile,A,0,
S008123,C01782,2025-12-20 13:34:32,organic,mobile,A,0,
S008124,C00455,2025-12-12 15:07:57,organic,mobile,B,0,
S008125,C00414,2025-10-01 18:12:04,email,mobile,A,0,
S008126,C01093,2025-07-01 21:07:40,organic,mobile,B,0,
S008127,C01450,2025-10-08 13:33:35,paid_search,desktop,A,0,
S008128,C01827,2025-09-14 19:15:06,paid_search,mobile,B,0,
S008129,C00064,2025-11-12 15:31:17,organic,desktop,A,0,
S008130,C00709,2025-08-01 17:14:38,paid_search,mobile,B,0,
S008131,C01242,2025-03-26 16:16:55,organic,desktop,A,0,
S008132,C00378,2025-09-11 18:58:37,organic,desktop,A,1,O002596
S008133,C00642,2025-10-09 12:43:29,email,mobile,A,1,O002597
S008134,C01678,2025-06-27 22:21:06,social,mobile,A,0,
S008135,C00603,2025-11-10 23:07:58,paid_search,mobile,B,0,
S008136,C01728,2025-06-04 10:45:39,organic,mobile,A,0,
S008137,C01163,2025-10-29 20:47:13,paid_search,mobile,B,1,O002598
S008138,C01055,2025-07-31 17:31:13,social,mobile,B,1,O002599
S008139,C00231,2025-01-13 17:11:20,organic,mobile,B,0,
S008140,C00997,2025-08-11 09:40:26,organic,mobile,B,0,
S008141,C01082,2025-02-18 19:03:01,social,mobile,A,0,
S008142,C00248,2025-09-04 09:08:28,paid_search,mobile,A,1,O002600
S008143,C00009,2025-09-15 08:28:16,email,tablet,B,1,O002601
S008144,C00540,2025-11-17 20:57:57,organic,mobile,A,1,O002602
S008145,C00768,2025-10-10 11:12:41,paid_search,desktop,A,0,
S008146,C01860,2025-02-03 12:41:44,paid_search,mobile,A,0,
S008147,C00944,2025-06-05 22:35:19,organic,mobile,A,0,
S008148,C01646,2025-08-04 12:08:45,referral,mobile,A,0,
S008149,C00276,2025-11-21 18:27:59,paid_search,desktop,A,1,O002603
S008150,C00038,2025-11-16 22:46:26,email,mobile,A,0,
S008151,C01077,2025-07-26 12:43:58,paid_search,desktop,B,1,O002604
S008152,C00515,2025-07-17 13:27:05,organic,mobile,B,0,
S008153,C01119,2025-07-17 07:13:32,paid_search,desktop,B,1,O002605
S008154,C00325,2025-06-14 15:15:27,organic,mobile,B,0,
S008155,C00649,2025-04-29 13:41:11,email,desktop,B,0,
S008156,C00735,2025-06-07 09:08:19,paid_search,desktop,B,0,
S008157,C01689,2025-03-27 17:33:45,paid_search,desktop,B,0,
S008158,C01790,2025-09-01 17:47:13,referral,mobile,A,1,O002606
S008159,C00485,2025-12-10 13:07:44,paid_search,desktop,B,0,
S008160,C01074,2025-02-03 07:58:40,paid_search,desktop,A,0,
S008161,C00963,2025-05-19 16:23:25,social,mobile,B,0,
S008162,C00276,2025-07-25 11:28:54,paid_search,mobile,A,0,
S008163,C01600,2025-12-01 13:33:46,email,mobile,A,0,
S008164,C00789,2025-01-13 11:54:16,organic,mobile,B,1,O002607
S008165,C01303,2025-02-04 09:03:03,organic,desktop,B,0,
S008166,C00101,2025-06-07 12:27:50,paid_search,mobile,B,1,O002608
S008167,C01587,2025-04-24 21:28:11,organic,desktop,B,1,O002609
S008168,C00651,2025-11-18 09:06:09,paid_search,desktop,B,0,
S008169,C01047,2025-09-22 09:51:37,paid_search,mobile,B,0,
S008170,C01323,2025-12-22 23:18:11,email,mobile,B,1,O002610
S008171,C00020,2025-08-27 13:12:19,paid_search,desktop,A,0,
S008172,C01229,2025-01-23 17:33:52,organic,mobile,B,0,
S008173,C00948,2025-09-27 08:00:50,paid_search,mobile,A,0,
S008174,C00287,2025-10-15 20:49:43,organic,desktop,B,0,
S008175,C00926,2025-12-27 11:07:55,organic,mobile,A,0,
S008176,C00106,2025-08-15 08:11:07,referral,mobile,A,0,
S008177,C00528,2025-04-29 07:30:29,paid_search,mobile,A,0,
S008178,C00565,2025-04-24 10:53:56,organic,mobile,B,0,
S008179,C01580,2025-04-04 12:06:55,organic,mobile,A,0,
S008180,C01402,2025-01-21 08:02:53,email,mobile,A,1,O002611
S008181,C01312,2025-10-09 20:03:16,social,mobile,A,1,O002612
S008182,C00777,2025-07-26 16:42:11,organic,desktop,B,0,
S008183,C00886,2025-09-14 12:45:47,organic,desktop,A,1,O002613
S008184,C01275,2025-02-04 09:07:52,organic,mobile,B,1,O002614
S008185,C00953,2025-06-11 15:35:05,organic,mobile,B,0,
S008186,C00698,2025-01-08 11:34:08,organic,mobile,A,0,
S008187,C00493,2025-04-02 08:13:23,email,mobile,B,0,
S008188,C00716,2025-05-26 12:48:57,paid_search,mobile,A,1,O002615
S008189,C01991,2025-12-25 12:52:54,social,desktop,B,0,
S008190,C01218,2025-11-11 23:24:09,organic,mobile,A,0,
S008191,C01485,2025-04-16 14:40:35,referral,mobile,B,1,O002616
S008192,C00864,2025-06-01 19:19:06,organic,mobile,A,1,O002617
S008193,C01068,2025-09-03 07:21:13,paid_search,mobile,A,0,
S008194,C01687,2025-11-12 11:59:30,paid_search,mobile,B,0,
S008195,C00692,2025-06-25 09:44:32,referral,desktop,A,0,
S008196,C01885,2025-12-31 19:15:30,social,mobile,B,0,
S008197,C01354,2025-11-27 12:40:59,organic,mobile,A,0,
S008198,C00395,2025-07-03 14:03:09,paid_search,mobile,B,0,
S008199,C01478,2025-06-22 19:50:44,paid_search,mobile,A,0,
S008200,C01586,2025-02-11 13:38:52,paid_search,mobile,A,1,O002618
S008201,C01294,2025-03-12 19:59:23,paid_search,mobile,A,0,
S008202,C01573,2025-10-05 18:04:14,paid_search,mobile,B,0,
S008203,C00112,2025-05-17 08:07:49,referral,desktop,A,1,O002619
S008204,C01067,2025-05-15 10:53:24,organic,desktop,B,1,O002620
S008205,C01079,2025-12-30 09:22:19,organic,tablet,B,0,
S008206,C01356,2025-05-06 08:34:38,referral,tablet,A,0,
S008207,C01984,2025-09-26 13:17:23,paid_search,desktop,A,0,
S008208,C00820,2025-04-07 19:29:37,email,mobile,A,0,
S008209,C01050,2025-08-14 16:16:28,social,desktop,A,0,
S008210,C01786,2025-06-02 20:18:23,social,desktop,A,0,
S008211,C00177,2025-04-04 07:47:17,organic,mobile,B,0,
S008212,C01355,2025-02-01 19:25:03,organic,mobile,B,1,O002621
S008213,C00936,2025-11-04 16:15:19,email,desktop,A,0,
S008214,C00382,2025-08-10 08:16:46,organic,mobile,A,0,
S008215,C01427,2025-07-10 09:56:41,organic,mobile,B,0,
S008216,C01975,2025-06-09 17:41:04,organic,mobile,B,1,O002622
S008217,C01966,2025-11-09 12:32:36,paid_search,desktop,A,0,
S008218,C01300,2025-12-22 15:20:51,paid_search,mobile,A,0,
S008219,C00553,2025-07-28 17:49:50,paid_search,mobile,B,1,O002623
S008220,C01229,2025-03-04 07:05:31,paid_search,desktop,B,0,
S008221,C01309,2025-12-11 07:57:51,referral,mobile,B,0,
S008222,C01252,2025-07-22 23:49:02,social,desktop,A,1,O002624
S008223,C00154,2025-03-30 08:09:24,social,mobile,A,0,
S008224,C00702,2025-08-22 10:06:18,paid_search,desktop,A,0,
S008225,C01084,2025-02-09 18:53:07,organic,desktop,A,0,
S008226,C00941,2025-03-29 21:08:20,organic,mobile,B,1,O002625
S008227,C00632,2025-07-04 22:07:11,referral,mobile,A,0,
S008228,C01920,2025-10-29 16:45:08,social,mobile,A,1,O002626
S008229,C01458,2025-08-13 22:06:34,email,mobile,A,0,
S008230,C01320,2025-12-12 07:38:42,organic,mobile,A,1,O002627
S008231,C00610,2025-09-21 14:33:06,organic,mobile,A,1,O002628
S008232,C00799,2025-07-28 13:31:30,email,mobile,B,0,
S008233,C01984,2025-01-03 11:00:27,paid_search,desktop,A,0,
S008234,C00570,2025-11-25 18:48:42,paid_search,desktop,A,0,
S008235,C01422,2025-12-06 22:39:42,referral,mobile,A,0,
S008236,C01305,2025-05-13 23:55:51,social,desktop,B,0,
S008237,C01325,2025-05-18 11:50:23,referral,desktop,B,0,
S008238,C00067,2025-10-21 22:42:16,organic,mobile,B,0,
S008239,C01022,2025-08-08 21:16:20,organic,tablet,A,0,
S008240,C01192,2025-05-25 07:35:05,organic,tablet,A,0,
S008241,C00364,2025-11-04 08:26:50,email,mobile,A,0,
S008242,C00966,2025-06-02 08:27:19,organic,tablet,A,1,O002629
S008243,C01485,2025-12-06 12:01:12,email,tablet,B,0,
S008244,C00520,2025-08-29 23:51:40,paid_search,mobile,A,1,O002630
S008245,C01810,2025-03-15 23:45:41,paid_search,mobile,A,0,
S008246,C00952,2025-09-19 12:43:51,organic,mobile,A,0,
S008247,C01978,2025-12-29 17:49:21,organic,desktop,A,0,
S008248,C01661,2025-01-07 17:02:10,paid_search,mobile,B,1,O002631
S008249,C01260,2025-08-16 21:02:46,organic,tablet,A,0,
S008250,C01550,2025-04-23 19:45:06,referral,mobile,A,1,O002632
S008251,C01308,2025-12-12 20:07:11,referral,desktop,A,0,
S008252,C01981,2025-07-05 13:16:53,organic,mobile,B,1,O002633
S008253,C00626,2025-10-16 16:47:02,paid_search,mobile,A,0,
S008254,C00339,2025-06-07 16:27:52,organic,desktop,B,0,
S008255,C00561,2025-08-21 19:45:52,paid_search,mobile,B,0,
S008256,C01906,2025-06-05 21:40:34,referral,mobile,A,1,O002634
S008257,C00229,2025-02-05 22:41:32,referral,desktop,B,1,O002635
S008258,C00027,2025-06-14 21:03:15,organic,mobile,B,1,O002636
S008259,C00576,2025-12-13 23:45:31,social,mobile,A,0,
S008260,C01445,2025-10-06 23:21:24,social,mobile,B,1,O002637
S008261,C01127,2025-08-18 12:15:09,paid_search,mobile,B,0,
S008262,C01542,2025-04-12 21:10:37,referral,mobile,A,0,
S008263,C00549,2025-08-23 08:11:39,organic,mobile,B,0,
S008264,C00234,2025-11-25 20:26:49,social,mobile,A,0,
S008265,C00010,2025-12-20 17:18:13,email,mobile,A,1,O002638
S008266,C01055,2025-06-10 09:11:08,email,mobile,B,0,
S008267,C01518,2025-01-25 22:47:41,organic,mobile,A,0,
S008268,C00625,2025-02-11 08:30:26,paid_search,mobile,B,0,
S008269,C00312,2025-07-03 23:34:39,paid_search,desktop,A,0,
S008270,C00027,2025-09-02 14:19:52,referral,mobile,B,0,
S008271,C00374,2025-08-19 11:35:16,email,desktop,A,0,
S008272,C00114,2025-07-13 09:29:15,organic,mobile,A,0,
S008273,C00135,2025-07-04 13:16:26,referral,desktop,B,1,O002639
S008274,C00553,2025-12-07 21:58:16,organic,mobile,B,0,
S008275,C00614,2025-10-14 07:06:23,email,mobile,A,0,
S008276,C00821,2025-11-11 12:22:47,paid_search,mobile,B,1,O002640
S008277,C01936,2025-11-08 11:23:46,organic,mobile,A,1,O002641
S008278,C00093,2025-01-11 14:18:38,organic,mobile,B,1,O002642
S008279,C01460,2025-04-09 19:47:48,referral,desktop,A,0,
S008280,C00650,2025-04-01 08:18:15,social,desktop,A,0,
S008281,C00613,2025-05-24 23:40:38,organic,mobile,B,0,
S008282,C01032,2025-04-20 14:51:23,organic,tablet,A,0,
S008283,C01693,2025-04-16 20:46:16,paid_search,mobile,B,0,
S008284,C00437,2025-12-17 21:22:06,social,mobile,B,1,O002643
S008285,C01914,2025-11-01 12:51:33,paid_search,mobile,A,1,O002644
S008286,C01718,2025-12-10 15:35:02,social,mobile,A,0,
S008287,C01245,2025-06-05 23:17:24,referral,desktop,B,1,O002645
S008288,C01645,2025-07-11 14:56:14,paid_search,mobile,B,0,
S008289,C01102,2025-10-16 17:12:09,paid_search,desktop,A,0,
S008290,C01815,2025-09-17 17:59:51,social,mobile,B,0,
S008291,C01440,2025-12-09 18:18:29,paid_search,desktop,A,0,
S008292,C00094,2025-12-07 12:50:34,paid_search,mobile,A,0,
S008293,C01964,2025-09-28 11:46:30,referral,desktop,A,0,
S008294,C00972,2025-11-12 13:07:12,referral,desktop,A,0,
S008295,C00668,2025-12-15 17:00:03,paid_search,mobile,A,0,
S008296,C00518,2025-02-05 18:06:22,paid_search,mobile,A,0,
S008297,C00893,2025-12-18 08:24:57,paid_search,desktop,B,1,O002646
S008298,C01463,2025-01-16 18:36:13,email,desktop,B,0,
S008299,C00977,2025-02-18 11:42:50,email,desktop,B,0,
S008300,C01757,2025-09-10 15:54:28,social,desktop,B,0,
S008301,C00426,2025-12-05 20:43:57,social,desktop,A,0,
S008302,C00079,2025-02-11 17:07:15,paid_search,mobile,B,0,
S008303,C01200,2025-06-07 18:14:16,organic,desktop,A,0,
S008304,C00226,2025-08-10 11:33:00,social,desktop,A,0,
S008305,C01816,2025-12-10 14:18:16,email,mobile,A,1,O002647
S008306,C00433,2025-11-27 21:49:37,email,desktop,B,0,
S008307,C00721,2025-11-30 13:29:11,organic,mobile,B,0,
S008308,C01343,2025-08-26 20:32:30,social,desktop,B,0,
S008309,C01069,2025-12-27 22:37:40,email,mobile,B,1,O002648
S008310,C01830,2025-10-18 16:02:33,referral,mobile,A,1,O002649
S008311,C00077,2025-11-29 16:53:40,paid_search,mobile,B,1,O002650
S008312,C01552,2025-10-09 11:11:11,social,mobile,A,0,
S008313,C01239,2025-01-05 17:07:34,paid_search,tablet,B,0,
S008314,C00731,2025-01-16 15:51:40,paid_search,mobile,B,0,
S008315,C00534,2025-11-08 22:59:58,paid_search,mobile,A,0,
S008316,C00284,2025-09-22 07:04:43,paid_search,desktop,A,0,
S008317,C00934,2025-12-28 16:30:28,email,mobile,A,1,O002651
S008318,C01341,2025-11-13 22:35:35,email,mobile,B,0,
S008319,C00469,2025-09-16 12:51:21,organic,tablet,B,0,
S008320,C00914,2025-06-16 22:20:20,organic,mobile,A,0,
S008321,C00614,2025-04-20 11:57:03,paid_search,desktop,A,0,
S008322,C00033,2025-03-01 23:53:19,organic,mobile,B,0,
S008323,C01863,2025-06-19 17:13:40,organic,mobile,B,0,
S008324,C00860,2025-11-19 17:44:00,paid_search,mobile,A,0,
S008325,C01971,2025-10-21 12:17:32,social,desktop,B,0,
S008326,C01077,2025-01-11 19:48:49,social,desktop,B,1,O002652
S008327,C01949,2025-08-14 23:14:02,email,mobile,B,0,
S008328,C00237,2025-09-18 22:42:15,organic,mobile,B,0,
S008329,C00127,2025-07-03 07:48:07,organic,mobile,B,1,O002653
S008330,C01299,2025-09-15 12:10:50,referral,mobile,B,1,O002654
S008331,C00280,2025-03-11 16:29:51,paid_search,desktop,A,1,O002655
S008332,C01254,2025-02-06 10:28:00,email,mobile,A,1,O002656
S008333,C01771,2025-07-06 15:26:47,organic,desktop,B,1,O002657
S008334,C01001,2025-04-04 19:50:44,email,tablet,B,1,O002658
S008335,C00764,2025-10-28 21:37:15,organic,mobile,A,1,O002659
S008336,C00561,2025-06-23 08:21:00,referral,mobile,B,1,O002660
S008337,C01370,2025-12-21 09:36:04,email,mobile,A,1,O002661
S008338,C01318,2025-01-28 23:47:41,referral,mobile,A,1,O002662
S008339,C00930,2025-06-19 17:55:25,paid_search,desktop,A,0,
S008340,C00069,2025-06-01 07:28:05,organic,mobile,B,0,
S008341,C00407,2025-04-20 20:10:19,social,mobile,B,0,
S008342,C00693,2025-09-23 23:44:33,referral,mobile,B,0,
S008343,C00612,2025-08-06 11:31:03,paid_search,desktop,A,0,
S008344,C00161,2025-05-21 08:00:38,email,mobile,B,0,
S008345,C01221,2025-12-04 18:42:58,referral,mobile,B,0,
S008346,C01274,2025-05-09 23:06:26,organic,mobile,A,1,O002663
S008347,C00584,2025-08-03 11:23:04,organic,desktop,A,0,
S008348,C00108,2025-06-07 17:53:29,referral,tablet,A,0,
S008349,C00185,2025-11-30 07:14:56,social,mobile,B,0,
S008350,C00954,2025-09-03 18:58:01,email,mobile,A,1,O002664
S008351,C01530,2025-08-28 20:40:28,paid_search,desktop,A,1,O002665
S008352,C01519,2025-05-15 12:35:05,paid_search,tablet,B,1,O002666
S008353,C00198,2025-08-31 14:18:29,social,desktop,A,0,
S008354,C00533,2025-11-12 09:34:29,organic,desktop,B,1,O002667
S008355,C00400,2025-03-01 19:57:14,paid_search,desktop,A,0,
S008356,C00417,2025-12-07 08:44:12,organic,mobile,B,0,
S008357,C00777,2025-11-15 18:25:27,social,tablet,B,0,
S008358,C01208,2025-07-22 08:28:02,social,tablet,A,0,
S008359,C01568,2025-10-07 18:28:22,organic,desktop,A,1,O002668
S008360,C01694,2025-06-21 20:54:27,email,desktop,A,1,O002669
S008361,C01267,2025-04-06 21:17:50,paid_search,desktop,B,0,
S008362,C00624,2025-08-26 16:32:54,email,desktop,A,0,
S008363,C00640,2025-06-23 21:20:19,social,mobile,A,1,O002670
S008364,C00934,2025-05-12 21:37:59,social,mobile,A,0,
S008365,C01152,2025-07-08 10:01:48,referral,mobile,A,0,
S008366,C00801,2025-10-01 21:12:32,paid_search,mobile,B,0,
S008367,C01305,2025-05-22 16:26:55,organic,desktop,B,1,O002671
S008368,C01420,2025-06-24 17:28:43,email,desktop,A,0,
S008369,C00439,2025-11-01 12:41:00,referral,mobile,B,1,O002672
S008370,C00222,2025-10-25 21:36:13,email,desktop,A,1,O002673
S008371,C01395,2025-07-12 12:35:23,organic,mobile,B,1,O002674
S008372,C01759,2025-10-27 20:18:31,paid_search,mobile,B,1,O002675
S008373,C01214,2025-06-06 15:56:45,social,tablet,A,0,
S008374,C00657,2025-06-26 13:46:36,organic,mobile,B,0,
S008375,C00863,2025-11-15 11:19:22,social,mobile,B,0,
S008376,C00040,2025-04-05 15:04:02,paid_search,mobile,A,1,O002676
S008377,C00802,2025-06-06 11:28:00,paid_search,mobile,A,0,
S008378,C01232,2025-02-07 16:58:02,referral,mobile,A,0,
S008379,C00680,2025-11-24 21:02:43,social,mobile,A,0,
S008380,C00839,2025-05-08 18:43:31,organic,mobile,B,1,O002677
S008381,C00032,2025-09-10 17:11:43,referral,mobile,A,0,
S008382,C01912,2025-04-06 08:46:12,social,desktop,A,1,O002678
S008383,C01533,2025-04-17 13:56:25,organic,desktop,B,0,
S008384,C01960,2025-11-25 11:24:30,organic,mobile,A,0,
S008385,C01806,2025-02-18 14:17:29,organic,desktop,A,1,O002679
S008386,C01931,2025-11-12 16:12:23,email,tablet,B,1,O002680
S008387,C00121,2025-06-14 15:50:20,paid_search,mobile,B,0,
S008388,C01092,2025-03-16 07:54:32,organic,desktop,A,0,
S008389,C00600,2025-10-14 13:35:21,organic,mobile,A,0,
S008390,C01453,2025-06-24 19:32:07,paid_search,desktop,B,0,
S008391,C00996,2025-10-09 20:33:35,paid_search,mobile,A,0,
S008392,C01317,2025-12-12 16:00:35,paid_search,mobile,B,0,
S008393,C01782,2025-07-27 21:10:24,referral,desktop,A,0,
S008394,C00341,2025-08-04 20:51:30,paid_search,mobile,B,0,
S008395,C01064,2025-02-06 11:12:15,organic,mobile,A,0,
S008396,C01796,2025-11-03 17:10:37,organic,tablet,A,0,
S008397,C00460,2025-12-08 20:20:16,social,mobile,A,0,
S008398,C01824,2025-05-07 13:30:43,paid_search,desktop,A,0,
S008399,C01933,2025-07-28 13:01:28,paid_search,desktop,B,0,
S008400,C00560,2025-12-27 18:47:56,paid_search,desktop,A,1,O002681
S008401,C01667,2025-08-07 18:51:01,paid_search,desktop,B,0,
S008402,C01529,2025-03-06 23:16:52,organic,mobile,B,1,O002682
S008403,C00802,2025-12-25 19:54:26,social,desktop,A,1,O002683
S008404,C00417,2025-12-09 17:28:15,referral,desktop,B,0,
S008405,C00197,2025-07-10 11:59:40,organic,desktop,B,1,O002684
S008406,C01924,2025-06-24 10:18:58,email,mobile,A,1,O002685
S008407,C00336,2025-05-15 18:54:02,social,mobile,A,0,
S008408,C00736,2025-03-23 11:29:11,organic,desktop,A,0,
S008409,C01223,2025-09-20 15:32:44,referral,mobile,B,0,
S008410,C01298,2025-10-17 17:22:41,referral,mobile,A,0,
S008411,C01245,2025-05-07 14:56:59,referral,Unknown,B,0,
S008412,C01214,2025-06-15 12:16:43,organic,mobile,A,1,O002686
S008413,C01306,2025-05-17 10:39:02,paid_search,mobile,A,0,
S008414,C01367,2025-06-14 19:53:20,social,desktop,B,0,
S008415,C01049,2025-07-10 07:14:01,paid_search,mobile,B,0,
S008416,C00244,2025-04-20 09:51:30,organic,mobile,A,0,
S008417,C00319,2025-11-01 09:20:28,organic,mobile,B,1,O002687
S008418,C00174,2025-05-28 16:51:30,referral,mobile,A,1,O002688
S008419,C00894,2025-02-10 15:22:40,organic,tablet,A,0,
S008420,C01740,2025-05-24 10:39:11,organic,mobile,A,0,
S008421,C00812,2025-01-17 11:51:05,referral,mobile,A,0,
S008422,C01874,2025-12-01 10:29:50,social,desktop,A,1,O002689
S008423,C01908,2025-12-24 11:37:17,email,mobile,A,1,O002690
S008424,C01685,2025-09-23 21:13:29,email,desktop,B,0,
S008425,C01255,2025-04-14 16:10:55,social,desktop,B,0,
S008426,C01287,2025-04-22 10:59:23,email,mobile,B,0,
S008427,C01199,2025-03-27 16:12:23,organic,desktop,B,1,O002691
S008428,C01013,2025-06-14 21:23:56,social,tablet,B,0,
S008429,C01350,2025-06-29 11:15:50,organic,desktop,A,0,
S008430,C01561,2025-01-14 09:43:03,organic,mobile,B,0,
S008431,C00568,2025-06-26 18:41:07,email,desktop,A,0,
S008432,C01985,2025-07-14 10:39:26,email,mobile,B,1,O002692
S008433,C01472,2025-11-23 17:02:00,social,mobile,A,1,O002693
S008434,C00550,2025-12-23 09:43:59,social,mobile,A,0,
S008435,C01793,2025-07-10 15:45:52,social,desktop,B,0,
S008436,C01087,2025-10-18 14:29:12,paid_search,mobile,B,1,O002694
S008437,C01125,2025-02-12 22:57:48,social,desktop,B,0,
S008438,C01392,2025-12-16 21:51:59,organic,mobile,A,0,
S008439,C01851,2025-07-10 08:23:44,organic,mobile,B,1,O002695
S008440,C01669,2025-08-19 14:12:50,paid_search,desktop,B,1,O002696
S008441,C00392,2025-04-02 22:29:17,organic,mobile,A,0,
S008442,C01883,2025-08-27 23:36:34,organic,mobile,B,0,
S008443,C00905,2025-11-20 19:38:14,organic,mobile,B,0,
S008444,C01998,2025-12-06 19:33:50,email,desktop,A,0,
S008445,C01298,2025-12-22 10:34:49,organic,desktop,A,1,O002697
S008446,C00862,2025-05-09 20:35:21,organic,mobile,A,1,O002698
S008447,C00156,2025-06-24 20:01:48,email,mobile,A,0,
S008448,C01941,2025-04-11 19:35:16,paid_search,mobile,B,0,
S008449,C00192,2025-06-02 11:42:37,social,mobile,A,0,
S008450,C01313,2025-09-29 11:02:12,paid_search,mobile,B,0,
S008451,C01409,2025-07-18 18:51:50,organic,mobile,B,0,
S008452,C00498,2025-11-30 21:04:39,organic,mobile,A,0,
S008453,C01563,2025-08-28 16:50:53,organic,desktop,B,0,
S008454,C00298,2025-11-24 07:30:33,paid_search,tablet,A,1,O002699
S008455,C00878,2025-04-10 18:43:43,social,tablet,A,1,O002700
S008456,C00680,2025-06-30 20:38:51,social,mobile,A,0,
S008457,C01519,2025-04-01 10:36:54,organic,desktop,B,0,
S008458,C00849,2025-05-17 14:51:15,paid_search,mobile,B,1,O002701
S008459,C00697,2025-11-30 16:44:35,referral,desktop,B,0,
S008460,C01851,2025-05-29 21:03:04,social,mobile,B,0,
S008461,C00589,2025-05-04 11:29:19,organic,mobile,B,0,
S008462,C01806,2025-12-05 07:17:58,paid_search,mobile,A,1,O002702
S008463,C01066,2025-12-19 22:07:27,paid_search,desktop,A,1,O002703
S008464,C01934,2025-05-13 13:14:11,social,desktop,A,1,O002704
S008465,C01087,2025-08-16 18:16:32,organic,desktop,B,0,
S008466,C00870,2025-06-01 13:18:34,paid_search,mobile,A,0,
S008467,C00271,2025-10-30 07:45:26,paid_search,mobile,B,0,
S008468,C00729,2025-04-06 19:57:14,organic,mobile,B,0,
S008469,C00810,2025-09-23 18:03:43,social,tablet,A,0,
S008470,C01019,2025-01-11 16:58:57,email,mobile,B,0,
S008471,C01362,2025-11-03 19:45:00,organic,mobile,A,1,O002705
S008472,C01899,2025-09-08 15:31:13,social,mobile,B,0,
S008473,C01185,2025-06-01 12:43:31,organic,mobile,B,0,
S008474,C01481,2025-12-14 22:41:34,social,tablet,B,0,
S008475,C01662,2025-12-07 20:04:12,referral,desktop,A,0,
S008476,C01871,2025-07-26 09:44:14,organic,mobile,B,1,O002706
S008477,C01678,2025-03-21 17:44:51,referral,mobile,A,0,
S008478,C00988,2025-02-13 10:15:38,referral,desktop,A,0,
S008479,C01403,2025-04-15 11:56:35,paid_search,mobile,B,0,
S008480,C00772,2025-11-14 12:13:46,paid_search,desktop,A,0,
S008481,C00559,2025-12-17 07:29:07,social,tablet,B,0,
S008482,C00541,2025-07-16 09:42:10,social,desktop,B,1,O002707
S008483,C01060,2025-10-10 16:44:25,organic,mobile,A,0,
S008484,C00418,2025-01-09 23:33:33,organic,tablet,A,0,
S008485,C01670,2025-05-11 23:37:48,referral,tablet,A,0,
S008486,C01442,2025-06-13 12:54:29,social,mobile,A,1,O002708
S008487,C00338,2025-10-27 17:18:13,paid_search,desktop,A,0,
S008488,C00877,2025-03-11 15:26:10,organic,desktop,B,1,O002709
S008489,C01953,2025-11-13 20:22:24,organic,mobile,B,0,
S008490,C00129,2025-12-26 13:42:28,paid_search,desktop,B,0,
S008491,C00238,2025-12-27 16:00:23,paid_search,desktop,A,0,
S008492,C00172,2025-07-03 23:56:46,social,mobile,A,0,
S008493,C01657,2025-04-07 14:50:43,email,mobile,B,1,O002710
S008494,C01067,2025-03-29 10:57:12,social,mobile,B,0,
S008495,C00189,2025-07-30 21:58:13,organic,desktop,B,0,
S008496,C00547,2025-12-08 10:32:25,referral,mobile,B,0,
S008497,C00935,2025-08-19 22:33:52,organic,desktop,B,1,O002711
S008498,C01573,2025-04-29 22:55:24,organic,desktop,B,1,O002712
S008499,C01917,2025-12-17 16:24:25,social,tablet,B,0,
S008500,C00360,2025-12-25 22:27:24,paid_search,desktop,A,0,
S008501,C00122,2025-08-30 13:13:50,paid_search,tablet,A,0,
S008502,C01033,2025-12-03 10:33:05,organic,mobile,B,0,
S008503,C01660,2025-05-10 12:40:11,paid_search,desktop,A,0,
S008504,C01281,2025-11-05 20:28:25,referral,mobile,B,1,O002713
S008505,C01144,2025-11-05 16:49:00,social,mobile,A,0,
S008506,C00959,2025-05-30 11:32:07,paid_search,mobile,B,0,
S008507,C01600,2025-02-28 23:23:41,organic,mobile,A,1,O002714
S008508,C01251,2025-03-08 12:08:58,social,mobile,B,0,
S008509,C00352,2025-10-04 12:10:36,organic,mobile,A,0,
S008510,C00941,2025-09-19 10:51:14,organic,mobile,B,1,O002715
S008511,C01402,2025-08-11 12:37:09,email,mobile,A,1,O002716
S008512,C00842,2025-04-09 16:45:27,social,desktop,A,0,
S008513,C01078,2025-11-17 18:07:49,referral,desktop,A,1,O002717
S008514,C00671,2025-02-09 16:43:10,social,mobile,B,1,O002718
S008515,C00794,2025-10-13 23:15:35,email,mobile,A,1,O002719
S008516,C01637,2025-05-04 15:26:47,paid_search,mobile,B,0,
S008517,C01618,2025-10-18 17:41:30,organic,desktop,A,0,
S008518,C00209,2025-12-01 23:09:28,organic,desktop,B,0,
S008519,C01859,2025-10-15 20:47:33,paid_search,tablet,B,1,O002720
S008520,C00236,2025-02-25 23:44:10,paid_search,mobile,A,1,O002721
S008521,C01093,2025-06-15 20:28:41,organic,mobile,B,1,O002722
S008522,C01768,2025-04-02 23:23:09,email,mobile,A,0,
S008523,C00023,2025-05-09 19:59:29,referral,mobile,B,0,
S008524,C01692,2025-12-29 18:11:49,organic,desktop,A,0,
S008525,C01159,2025-02-23 14:42:28,social,mobile,B,0,
S008526,C00646,2025-12-18 18:05:09,Unknown,mobile,A,0,
S008527,C01349,2025-01-12 13:50:30,organic,mobile,B,0,
S008528,C01503,2025-07-09 08:45:56,email,mobile,B,0,
S008529,C00549,2025-02-15 08:11:30,paid_search,mobile,B,0,
S008530,C00675,2025-11-10 09:52:33,paid_search,mobile,B,0,
S008531,C00735,2025-12-15 16:09:24,social,mobile,B,0,
S008532,C01091,2025-06-20 17:25:03,paid_search,mobile,B,0,
S008533,C00966,2025-07-01 19:59:22,paid_search,tablet,A,1,O002723
S008534,C00446,2025-11-06 14:56:03,email,mobile,A,0,
S008535,C00055,2025-07-31 13:30:58,social,desktop,B,0,
S008536,C00160,2025-04-18 11:28:34,email,desktop,A,0,
S008537,C00971,2025-09-01 18:49:57,organic,mobile,B,1,O002724
S008538,C00353,2025-08-08 23:51:52,organic,mobile,B,1,O002725
S008539,C01685,2025-02-22 21:55:14,social,mobile,B,1,O002726
S008540,C00780,2025-06-16 09:50:01,paid_search,mobile,A,0,
S008541,C00639,2025-12-09 14:45:14,paid_search,mobile,B,0,
S008542,C00946,2025-09-02 23:14:00,email,desktop,A,0,
S008543,C01003,2025-08-30 15:58:55,paid_search,desktop,B,0,
S008544,C00053,2025-03-05 10:42:10,referral,desktop,B,0,
S008545,C00989,2025-09-13 13:24:49,organic,desktop,B,0,
S008546,C00640,2025-03-30 23:09:19,paid_search,desktop,A,0,
S008547,C00269,2025-11-23 16:39:06,organic,mobile,B,0,
S008548,C01049,2025-12-06 22:42:53,paid_search,mobile,B,0,
S008549,C00139,2025-09-26 11:08:31,paid_search,mobile,B,0,
S008550,C01425,2025-11-24 07:25:37,referral,desktop,B,0,
S008551,C00099,2025-10-06 09:52:34,paid_search,mobile,B,0,
S008552,C00160,2025-11-19 16:21:21,referral,mobile,A,1,O002727
S008553,C00958,2025-06-26 18:48:33,email,mobile,A,0,
S008554,C00141,2025-03-29 17:52:05,paid_search,mobile,B,1,O002728
S008555,C01226,2025-06-06 20:10:40,social,desktop,A,1,O002729
S008556,C00807,2025-01-21 19:19:43,paid_search,desktop,B,0,
S008557,C01120,2025-11-21 12:50:53,paid_search,mobile,A,0,
S008558,C00404,2025-07-26 20:27:42,organic,desktop,A,1,O002730
S008559,C01398,2025-02-15 17:58:03,referral,mobile,A,1,O002731
S008560,C01700,2025-05-25 07:21:10,organic,desktop,A,0,
S008561,C00591,2025-10-24 18:58:13,social,mobile,B,0,
S008562,C00459,2025-04-06 19:15:29,social,mobile,B,0,
S008563,C00418,2025-09-07 13:44:04,paid_search,mobile,A,0,
S008564,C01659,2025-12-19 20:18:08,paid_search,mobile,B,1,O002732
S008565,C01202,2025-10-13 19:35:43,organic,mobile,A,0,
S008566,C00180,2025-05-02 18:33:37,paid_search,mobile,A,1,O002733
S008567,C00269,2025-03-25 10:05:08,social,mobile,B,0,
S008568,C00030,2025-04-01 16:50:26,social,mobile,A,0,
S008569,C00019,2025-07-24 12:57:04,paid_search,desktop,B,0,
S008570,C00672,2025-08-31 20:52:59,organic,mobile,A,0,
S008571,C00544,2025-06-26 08:29:56,paid_search,mobile,A,0,
S008572,C01867,2025-10-20 20:49:02,paid_search,tablet,B,0,
S008573,C01365,2025-10-01 15:23:38,social,mobile,B,0,
S008574,C00922,2025-02-09 22:23:08,email,mobile,A,0,
S008575,C01736,2025-04-16 21:32:42,organic,mobile,A,0,
S008576,C00773,2025-09-27 12:27:02,organic,desktop,B,0,
S008577,C01697,2025-07-05 14:57:05,organic,mobile,B,0,
S008578,C01293,2025-12-13 13:30:05,referral,desktop,B,0,
S008579,C01925,2025-02-03 23:58:14,paid_search,mobile,B,0,
S008580,C00247,2025-07-15 10:16:35,organic,desktop,B,1,O002734
S008581,C00465,2025-02-06 21:16:42,email,desktop,B,0,
S008582,C01694,2025-09-05 11:31:41,social,desktop,A,0,
S008583,C00359,2025-05-30 19:39:44,organic,mobile,B,0,
S008584,C00393,2025-10-11 10:46:12,paid_search,desktop,B,0,
S008585,C00307,2025-11-13 19:51:24,organic,desktop,B,0,
S008586,C01218,2025-04-20 10:44:08,organic,desktop,A,1,O002735
S008587,C01189,2025-01-07 19:06:55,referral,mobile,B,1,O002736
S008588,C01134,2025-06-29 11:04:48,paid_search,mobile,A,0,
S008589,C00083,2025-03-20 19:14:59,social,desktop,B,0,
S008590,C00667,2025-05-08 13:50:47,email,mobile,B,0,
S008591,C01175,2025-01-26 21:42:40,organic,mobile,B,1,O002737
S008592,C01331,2025-02-19 11:27:50,organic,mobile,B,0,
S008593,C00537,2025-12-04 19:28:02,social,desktop,B,1,O002738
S008594,C01565,2025-03-04 07:21:45,organic,mobile,B,1,O002739
S008595,C01835,2025-04-17 19:04:23,email,mobile,B,1,O002740
S008596,C00878,2025-12-19 07:31:23,organic,mobile,A,0,
S008597,C01417,2025-04-30 08:11:12,paid_search,desktop,B,0,
S008598,C01552,2025-04-07 19:51:33,social,desktop,A,0,
S008599,C00096,2025-08-24 21:05:20,organic,tablet,A,0,
S008600,C00381,2025-07-08 22:35:58,social,mobile,B,0,
S008601,C01377,2025-01-07 11:35:48,paid_search,tablet,B,1,O002741
S008602,C00804,2025-08-11 22:25:00,email,mobile,A,0,
S008603,C01914,2025-07-25 15:55:44,paid_search,mobile,A,1,O002742
S008604,C01885,2025-08-21 12:09:09,paid_search,mobile,B,0,
S008605,C01151,2025-07-05 19:02:16,referral,mobile,B,1,O002743
S008606,C01703,2025-10-14 22:50:36,social,desktop,B,0,
S008607,C01527,2025-10-13 15:47:53,email,desktop,B,0,
S008608,C01141,2025-12-08 12:42:29,organic,mobile,B,0,
S008609,C01988,2025-11-16 18:03:23,email,mobile,A,0,
S008610,C00106,2025-11-10 11:54:34,referral,desktop,A,1,O002744
S008611,C01742,2025-04-18 19:02:02,organic,mobile,A,1,O002745
S008612,C01081,2025-10-08 10:20:47,paid_search,mobile,B,1,O002746
S008613,C01949,2025-04-12 17:34:40,paid_search,mobile,B,0,
S008614,C01476,2025-07-27 21:38:49,paid_search,mobile,A,1,O002747
S008615,C01625,2025-02-11 13:09:20,referral,mobile,B,0,
S008616,C00647,2025-02-25 19:22:31,social,mobile,B,1,O002748
S008617,C01030,2025-06-04 12:01:01,organic,mobile,A,0,
S008618,C00325,2025-10-14 13:00:59,organic,mobile,B,0,
S008619,C00266,2025-12-16 21:38:29,email,mobile,A,1,O002749
S008620,C00463,2025-09-15 20:13:54,social,mobile,B,1,O002750
S008621,C01598,2025-06-12 18:46:41,paid_search,mobile,A,0,
S008622,C00586,2025-09-12 12:20:29,organic,desktop,A,1,O002751
S008623,C00899,2025-08-20 12:23:37,paid_search,mobile,B,0,
S008624,C01395,2025-04-17 22:07:07,paid_search,desktop,B,1,O002752
S008625,C01857,2025-12-11 18:34:47,paid_search,mobile,B,1,O002753
S008626,C00295,2025-05-15 22:50:06,organic,mobile,B,0,
S008627,C00880,2025-10-30 11:54:38,organic,mobile,A,0,
S008628,C01607,2025-11-03 08:42:36,organic,mobile,B,1,O002754
S008629,C01708,2025-02-16 19:55:27,paid_search,mobile,A,1,O002755
S008630,C01157,2025-10-15 12:07:28,email,mobile,B,1,O002756
S008631,C01623,2025-10-14 09:07:14,paid_search,mobile,B,1,O002757
S008632,C00638,2025-11-14 17:33:00,social,mobile,A,0,
S008633,C01265,2025-03-31 08:04:55,social,mobile,B,1,O002758
S008634,C00695,2025-07-26 16:11:35,referral,desktop,B,1,O002759
S008635,C00370,2025-07-01 13:58:05,email,mobile,A,1,O002760
S008636,C00934,2025-12-17 15:38:01,organic,tablet,A,1,O002761
S008637,C01049,2025-04-25 11:43:05,email,desktop,B,0,
S008638,C01679,2025-07-11 19:47:38,paid_search,mobile,B,1,O002762
S008639,C00160,2025-11-11 19:36:02,paid_search,mobile,A,0,
S008640,C01336,2025-02-18 22:37:37,organic,mobile,A,1,O002763
S008641,C01507,2025-04-08 13:43:57,email,mobile,B,1,O002764
S008642,C01641,2025-10-19 12:12:46,organic,desktop,B,0,
S008643,C01416,2025-11-02 11:53:09,paid_search,mobile,A,0,
S008644,C00034,2025-07-16 23:55:25,email,mobile,A,1,O002765
S008645,C00869,2025-03-30 12:55:27,paid_search,mobile,B,1,O002766
S008646,C01792,2025-03-13 18:02:52,paid_search,mobile,A,0,
S008647,C00907,2025-02-13 23:20:54,email,desktop,B,0,
S008648,C00479,2025-11-08 21:58:08,referral,mobile,B,0,
S008649,C00904,2025-11-22 08:19:23,referral,desktop,A,0,
S008650,C01606,2025-07-17 22:22:04,social,mobile,A,0,
S008651,C01281,2025-01-25 21:55:43,email,mobile,B,1,O002767
S008652,C01868,2025-06-02 13:04:38,social,desktop,A,1,O002768
S008653,C01464,2025-01-21 07:13:17,email,mobile,A,0,
S008654,C00753,2025-01-10 13:48:19,email,mobile,B,0,
S008655,C00705,2025-07-05 09:46:21,paid_search,desktop,B,0,
S008656,C01127,2025-12-14 17:52:46,paid_search,mobile,B,1,O002769
S008657,C01521,2025-04-17 22:49:15,referral,desktop,B,0,
S008658,C00320,2025-10-14 08:29:36,social,tablet,A,0,
S008659,C01565,2025-04-28 21:32:28,social,mobile,B,0,
S008660,C01672,2025-11-27 18:36:08,referral,mobile,A,0,
S008661,C01366,2025-07-15 17:49:43,paid_search,desktop,A,0,
S008662,C00735,2025-02-17 09:12:28,referral,mobile,B,0,
S008663,C00450,2025-01-11 09:50:35,organic,mobile,A,1,O002770
S008664,C00865,2025-04-14 14:20:56,organic,mobile,B,0,
S008665,C00565,2025-01-07 18:23:36,organic,mobile,B,1,O002771
S008666,C01664,2025-10-12 15:32:36,organic,mobile,A,1,O002772
S008667,C00043,2025-03-14 21:08:53,paid_search,desktop,B,0,
S008668,C01363,2025-07-30 23:37:46,paid_search,desktop,B,1,O002773
S008669,C00842,2025-01-24 09:06:02,organic,tablet,A,0,
S008670,C00869,2025-10-11 15:40:27,social,mobile,B,0,
S008671,C00555,2025-01-10 07:24:06,paid_search,mobile,B,0,
S008672,C01566,2025-07-19 17:37:58,paid_search,mobile,A,0,
S008673,C01687,2025-12-27 09:04:48,referral,mobile,B,0,
S008674,C00574,2025-04-16 08:30:52,social,mobile,A,0,
S008675,C01505,2025-08-12 10:34:31,referral,desktop,B,0,
S008676,C01243,2025-02-15 16:23:09,social,mobile,B,0,
S008677,C01383,2025-12-21 20:16:29,referral,mobile,B,0,
S008678,C01351,2025-10-21 16:32:15,paid_search,mobile,B,1,O002774
S008679,C01157,2025-03-16 15:57:18,organic,mobile,B,0,
S008680,C00029,2025-08-29 15:25:41,paid_search,mobile,B,0,
S008681,C01197,2025-03-08 19:00:23,organic,mobile,B,0,
S008682,C00695,2025-09-05 12:39:10,email,mobile,B,0,
S008683,C00359,2025-08-15 15:46:05,organic,mobile,B,1,O002775
S008684,C00432,2025-02-27 12:21:14,social,mobile,A,0,
S008685,C00114,2025-12-14 23:25:04,paid_search,mobile,A,0,
S008686,C01540,2025-02-03 17:05:22,referral,mobile,A,1,O002776
S008687,C00755,2025-10-10 09:57:10,organic,mobile,B,0,
S008688,C01408,2025-10-15 09:41:24,email,mobile,A,0,
S008689,C00534,2025-10-02 23:34:21,email,mobile,A,0,
S008690,C01853,2025-11-01 21:10:26,organic,mobile,B,1,O002777
S008691,C00827,2025-03-02 19:38:12,organic,desktop,B,0,
S008692,C01410,2025-07-22 18:39:44,referral,mobile,A,1,O002778
S008693,C01101,2025-01-22 16:22:22,social,mobile,B,1,O002779
S008694,C00633,2025-02-23 07:03:41,referral,mobile,B,0,
S008695,C01018,2025-08-13 18:19:13,organic,desktop,A,1,O002780
S008696,C01741,2025-07-13 12:48:25,social,mobile,B,1,O002781
S008697,C01446,2025-07-09 12:17:29,paid_search,mobile,A,1,O002782
S008698,C01916,2025-06-13 22:12:09,social,tablet,A,0,
S008699,C00400,2025-12-29 16:26:27,paid_search,mobile,A,0,
S008700,C01369,2025-07-24 16:17:59,referral,desktop,B,0,
S008701,C00202,2025-03-13 11:38:56,social,mobile,A,0,
S008702,C00414,2025-12-30 16:41:02,social,desktop,A,0,
S008703,C01839,2025-05-22 07:35:20,organic,desktop,B,1,O002783
S008704,C01475,2025-01-21 21:15:08,organic,mobile,B,1,O002784
S008705,C00433,2025-06-13 14:42:12,social,mobile,B,0,
S008706,C01886,2025-05-17 08:41:38,email,mobile,A,0,
S008707,C01163,2025-03-27 20:00:31,referral,mobile,B,0,
S008708,C00827,2025-07-13 23:05:56,paid_search,mobile,B,0,
S008709,C00537,2025-05-08 15:07:11,organic,mobile,B,1,O002785
S008710,C00988,2025-08-12 13:51:26,organic,mobile,A,0,
S008711,C00659,2025-09-04 10:00:07,organic,desktop,B,0,
S008712,C00416,2025-06-04 11:25:13,paid_search,mobile,A,1,O002786
S008713,C01266,2025-10-12 23:24:44,paid_search,desktop,A,0,
S008714,C00048,2025-01-18 21:24:39,paid_search,desktop,A,1,O002787
S008715,C00823,2025-08-28 15:36:36,paid_search,mobile,B,1,O002788
S008716,C01197,2025-11-15 18:45:58,email,mobile,B,0,
S008717,C00613,2025-03-10 11:57:52,paid_search,desktop,B,1,O002789
S008718,C01331,2025-02-05 10:53:28,paid_search,mobile,B,0,
S008719,C01576,2025-03-08 23:46:43,email,mobile,A,0,
S008720,C00853,2025-09-29 10:07:01,organic,mobile,B,0,
S008721,C01174,2025-10-22 20:56:43,email,mobile,A,0,
S008722,C00778,2025-05-22 12:02:47,social,desktop,A,0,
S008723,C00966,2025-07-04 15:49:16,email,mobile,A,1,O002790
S008724,C00448,2025-02-26 17:48:14,social,mobile,A,0,
S008725,C00630,2025-10-27 14:58:35,paid_search,mobile,A,0,
S008726,C00494,2025-12-30 16:36:30,referral,mobile,A,1,O002791
S008727,C01572,2025-11-17 14:46:59,referral,mobile,A,0,
S008728,C01863,2025-05-03 08:43:43,social,mobile,B,0,
S008729,C00436,2025-04-19 16:03:08,organic,desktop,A,0,
S008730,C01764,2025-05-14 10:29:49,referral,tablet,A,1,O002792
S008731,C01544,2025-06-24 20:50:00,paid_search,desktop,A,0,
S008732,C01182,2025-08-09 16:09:35,email,desktop,A,0,
S008733,C01657,2025-10-14 20:00:15,social,mobile,B,1,O002793
S008734,C00320,2025-09-16 07:48:03,organic,mobile,A,1,O002794
S008735,C01531,2025-05-31 17:01:38,referral,mobile,B,0,
S008736,C01667,2025-02-21 13:46:30,organic,mobile,B,1,O002795
S008737,C01766,2025-01-24 18:19:58,organic,mobile,A,0,
S008738,C00368,2025-09-11 12:10:25,paid_search,mobile,A,0,
S008739,C01444,2025-09-09 10:17:37,organic,mobile,A,1,O002796
S008740,C00689,2025-06-16 19:02:48,email,mobile,B,0,
S008741,C00632,2025-04-19 09:15:39,email,desktop,A,0,
S008742,C01512,2025-03-13 08:01:22,social,mobile,A,1,O002797
S008743,C01371,2025-02-15 09:37:02,referral,desktop,B,1,O002798
S008744,C00384,2025-05-11 10:54:13,referral,tablet,A,0,
S008745,C00033,2025-11-19 08:20:53,paid_search,mobile,B,1,O002799
S008746,C00130,2025-07-30 21:50:38,email,mobile,A,0,
S008747,C01789,2025-09-24 12:28:34,organic,mobile,B,0,
S008748,C00432,2025-06-16 23:04:21,social,tablet,A,1,O002800
S008749,C00805,2025-10-03 15:45:00,social,desktop,B,0,
S008750,C00806,2025-06-01 09:21:25,organic,desktop,A,0,
S008751,C00484,2025-06-23 21:57:06,email,mobile,A,0,
S008752,C00025,2025-07-23 14:06:12,paid_search,desktop,B,1,O002801
S008753,C01343,2025-12-20 11:55:47,referral,desktop,B,0,
S008754,C00883,2025-01-14 10:07:44,paid_search,mobile,B,0,
S008755,C00626,2025-07-10 22:33:08,organic,desktop,A,1,O002802
S008756,C00295,2025-01-27 09:38:13,referral,mobile,B,1,O002803
S008757,C00803,2025-01-18 11:56:50,organic,desktop,B,0,
S008758,C01123,2025-07-06 15:58:14,paid_search,desktop,B,1,O002804
S008759,C00807,2025-08-17 09:03:26,organic,mobile,B,0,
S008760,C00366,2025-07-25 08:44:39,paid_search,tablet,A,0,
S008761,C00643,2025-03-30 10:10:32,email,mobile,B,0,
S008762,C01630,2025-07-24 11:37:13,email,desktop,A,0,
S008763,C01689,2025-09-06 22:11:36,email,desktop,B,0,
S008764,C01169,2025-11-11 15:48:01,social,mobile,B,0,
S008765,C01639,2025-02-01 14:00:39,social,desktop,B,1,O002805
S008766,C00115,2025-01-27 21:22:29,social,mobile,B,0,
S008767,C01771,2025-11-10 17:00:13,email,mobile,B,0,
S008768,C01620,2025-10-13 22:47:47,paid_search,desktop,A,0,
S008769,C01491,2025-12-28 12:27:12,paid_search,mobile,B,0,
S008770,C00452,2025-06-27 14:45:05,paid_search,desktop,A,0,
S008771,C01005,2025-07-04 15:59:59,paid_search,tablet,B,1,O002806
S008772,C00993,2025-05-05 23:08:59,organic,mobile,B,1,O002807
S008773,C00074,2025-12-14 23:43:57,email,mobile,A,0,
S008774,C00854,2025-12-13 11:21:05,paid_search,desktop,A,0,
S008775,C01439,2025-07-04 07:04:06,social,desktop,B,1,O002808
S008776,C00913,2025-06-16 14:30:11,organic,desktop,B,0,
S008777,C01087,2025-04-04 20:36:28,referral,mobile,B,0,
S008778,C01034,2025-06-20 22:07:59,referral,mobile,A,0,
S008779,C01382,2025-04-08 23:46:54,email,mobile,A,1,O002809
S008780,C01421,2025-02-01 11:05:22,email,mobile,B,0,
S008781,C01418,2025-10-09 16:21:54,social,desktop,A,0,
S008782,C01986,2025-03-13 17:55:03,organic,mobile,A,0,
S008783,C00985,2025-06-07 10:36:03,paid_search,desktop,B,1,O002810
S008784,C00821,2025-10-01 17:26:11,email,mobile,B,0,
S008785,C00150,2025-10-25 20:21:58,email,mobile,A,0,
S008786,C01988,2025-04-26 15:18:13,referral,mobile,A,0,
S008787,C00019,2025-02-10 09:46:21,paid_search,mobile,B,0,
S008788,C00930,2025-11-04 12:46:43,social,tablet,A,0,
S008789,C01482,2025-06-12 08:16:34,email,mobile,A,1,O002811
S008790,C01866,2025-10-14 07:59:20,social,mobile,A,0,
S008791,C01503,2025-12-22 22:15:47,referral,mobile,B,0,
S008792,C01993,2025-09-22 15:10:57,referral,mobile,B,1,O002812
S008793,C00012,2025-11-05 17:23:16,email,tablet,A,1,O002813
S008794,C00115,2025-03-31 22:12:39,referral,desktop,B,0,
S008795,C00647,2025-12-24 20:13:13,organic,desktop,B,1,O002814
S008796,C00197,2025-10-09 23:04:56,paid_search,desktop,B,1,O002815
S008797,C01852,2025-11-02 14:36:28,organic,mobile,A,0,
S008798,C01698,2025-10-25 08:23:50,email,desktop,A,0,
S008799,C00624,2025-04-18 12:24:00,referral,mobile,A,0,
S008800,C00831,2025-08-08 22:56:42,organic,mobile,B,0,
S008801,C01431,2025-05-20 08:03:59,organic,mobile,B,0,
S008802,C00919,2025-10-29 22:48:51,email,mobile,B,1,O002816
S008803,C00501,2025-07-18 16:05:29,referral,mobile,B,0,
S008804,C01215,2025-03-26 15:11:13,organic,mobile,B,0,
S008805,C00327,2025-10-20 14:11:38,email,mobile,B,1,O002817
S008806,C00110,2025-04-24 18:27:02,organic,mobile,A,0,
S008807,C00209,2025-06-29 07:12:34,email,mobile,B,0,
S008808,C01253,2025-08-18 20:47:47,referral,mobile,B,1,O002818
S008809,C00678,2025-09-23 18:40:34,email,desktop,A,0,
S008810,C00598,2025-06-15 15:40:28,social,mobile,A,0,
S008811,C00502,2025-12-19 21:15:10,paid_search,desktop,A,0,
S008812,C01891,2025-03-04 19:10:16,referral,mobile,B,0,
S008813,C01531,2025-06-19 09:13:00,email,desktop,B,0,
S008814,C00243,2025-05-04 23:13:13,referral,mobile,B,0,
S008815,C00785,2025-06-04 13:26:47,social,mobile,B,0,
S008816,C00902,2025-08-24 20:03:19,organic,mobile,A,0,
S008817,C00139,2025-01-09 18:03:58,paid_search,mobile,B,0,
S008818,C01830,2025-07-26 15:34:39,organic,mobile,A,0,
S008819,C01494,2025-03-25 16:58:55,organic,desktop,A,0,
S008820,C01630,2025-12-15 15:16:50,paid_search,desktop,A,0,
S008821,C01514,2025-09-29 13:24:11,organic,desktop,A,0,
S008822,C00123,2025-01-08 09:37:55,organic,desktop,B,1,O002819
S008823,C00497,2025-08-18 13:27:59,organic,mobile,B,0,
S008824,C01187,2025-04-24 17:04:04,referral,mobile,B,1,O002820
S008825,C01008,2025-11-05 19:25:50,paid_search,mobile,A,0,
S008826,C00123,2025-03-21 16:55:20,paid_search,desktop,B,0,
S008827,C01436,2025-07-14 08:28:09,organic,mobile,A,0,
S008828,C00323,2025-06-06 22:07:25,paid_search,tablet,B,1,O002821
S008829,C01469,2025-11-05 07:42:58,paid_search,mobile,B,0,
S008830,C01612,2025-07-04 20:04:25,paid_search,tablet,A,0,
S008831,C01754,2025-09-15 10:55:07,social,mobile,A,0,
S008832,C01244,2025-02-07 23:41:09,organic,mobile,A,1,O002822
S008833,C01293,2025-11-21 23:59:21,social,mobile,B,0,
S008834,C00534,2025-08-09 21:53:23,organic,mobile,A,0,
S008835,C00175,2025-11-20 17:01:26,social,mobile,B,0,
S008836,C00079,2025-05-04 14:53:22,paid_search,mobile,B,0,
S008837,C00949,2025-05-31 11:51:07,paid_search,desktop,B,0,
S008838,C00974,2025-04-02 09:35:34,paid_search,mobile,A,1,O002823
S008839,C01030,2025-12-10 12:00:05,email,mobile,A,0,
S008840,C01409,2025-06-24 23:21:56,social,desktop,B,0,
S008841,C00371,2025-02-15 08:42:43,social,mobile,B,1,O002824
S008842,C01343,2025-05-23 08:48:53,organic,mobile,B,0,
S008843,C01406,2025-09-20 12:02:42,organic,mobile,A,0,
S008844,C00805,2025-10-28 14:19:09,organic,desktop,B,0,
S008845,C00769,2025-03-24 15:50:54,paid_search,desktop,B,1,O002825
S008846,C00177,2025-12-19 20:54:19,organic,mobile,B,1,O002826
S008847,C01313,2025-12-25 08:30:39,email,mobile,B,0,
S008848,C00752,2025-07-02 13:09:59,social,desktop,A,0,
S008849,C00287,2025-08-13 13:47:04,organic,desktop,B,1,O002827
S008850,C00949,2025-08-24 08:32:22,paid_search,desktop,B,0,
S008851,C01511,2025-12-08 21:45:56,email,mobile,B,0,
S008852,C00859,2025-12-15 19:52:14,email,mobile,B,1,O002828
S008853,C01282,2025-01-13 23:58:16,social,desktop,A,1,O002829
S008854,C00400,2025-07-01 13:43:31,social,mobile,A,1,O002830
S008855,C01966,2025-07-22 19:19:45,referral,mobile,A,0,
S008856,C01597,2025-09-02 22:35:20,email,desktop,B,0,
S008857,C00039,2025-11-22 19:43:45,social,mobile,B,1,O002831
S008858,C01187,2025-07-20 17:29:49,organic,mobile,B,1,O002832
S008859,C01924,2025-09-17 07:59:29,referral,mobile,A,1,O002833
S008860,C00465,2025-06-11 20:05:12,paid_search,mobile,B,0,
S008861,C01658,2025-06-19 12:39:17,social,desktop,A,0,
S008862,C01994,2025-10-09 11:09:18,social,mobile,A,0,
S008863,C00439,2025-10-29 17:32:28,social,mobile,B,0,
S008864,C01348,2025-11-14 14:57:02,social,mobile,A,1,O002834
S008865,C00336,2025-08-19 11:28:51,organic,mobile,A,1,O002835
S008866,C01394,2025-09-19 16:34:28,social,mobile,A,0,
S008867,C01068,2025-12-10 22:06:07,social,mobile,A,0,
S008868,C01657,2025-11-26 17:37:35,organic,desktop,B,1,O002836
S008869,C00918,2025-08-28 18:59:48,email,mobile,A,1,O002837
S008870,C00105,2025-12-07 07:51:52,referral,mobile,B,0,
S008871,C01864,2025-11-22 23:39:04,email,mobile,A,0,
S008872,C00693,2025-01-18 21:28:14,paid_search,desktop,B,1,O002838
S008873,C00173,2025-10-10 16:06:15,referral,desktop,B,0,
S008874,C01135,2025-01-03 10:18:08,social,mobile,B,0,
S008875,C00784,2025-04-18 23:12:26,paid_search,mobile,A,0,
S008876,C01050,2025-01-12 10:41:20,email,mobile,A,1,O002839
S008877,C01653,2025-04-15 07:50:18,organic,desktop,B,1,O002840
S008878,C01910,2025-12-14 19:21:44,referral,mobile,A,0,
S008879,C01031,2025-01-01 08:47:16,paid_search,mobile,B,1,O002841
S008880,C01956,2025-01-01 09:51:03,social,mobile,A,0,
S008881,C01484,2025-03-29 20:18:31,organic,mobile,A,0,
S008882,C01968,2025-01-09 13:25:50,social,desktop,A,0,
S008883,C01867,2025-11-16 22:42:58,referral,mobile,B,1,O002842
S008884,C01714,2025-08-02 13:35:09,organic,mobile,A,1,O002843
S008885,C00858,2025-12-12 09:44:12,referral,mobile,A,1,O002844
S008886,C00100,2025-11-29 18:15:13,referral,desktop,A,0,
S008887,C00183,2025-10-21 23:50:45,paid_search,mobile,B,0,
S008888,C01570,2025-07-21 15:10:32,social,mobile,A,0,
S008889,C00003,2025-08-14 12:43:07,paid_search,desktop,B,0,
S008890,C01967,2025-06-13 18:10:40,paid_search,desktop,B,0,
S008891,C00877,2025-11-25 13:50:25,referral,desktop,B,0,
S008892,C00109,2025-01-23 13:15:48,social,mobile,B,0,
S008893,C00995,2025-03-29 19:18:52,social,mobile,B,0,
S008894,C00201,2025-12-02 07:38:29,social,desktop,B,0,
S008895,C00877,2025-09-04 15:58:15,referral,mobile,B,0,
S008896,C00884,2025-07-06 09:55:31,email,desktop,A,1,O002845
S008897,C01394,2025-02-18 14:05:44,social,tablet,A,1,O002846
S008898,C00592,2025-08-16 20:59:17,organic,mobile,A,0,
S008899,C00351,2025-11-10 21:29:03,referral,tablet,B,0,
S008900,C01287,2025-09-15 22:47:12,organic,mobile,B,0,
S008901,C01729,2025-07-03 15:19:29,referral,mobile,B,0,
S008902,C01988,2025-05-03 10:31:16,referral,mobile,A,0,
S008903,C01375,2025-02-20 12:28:12,paid_search,desktop,B,1,O002847
S008904,C01970,2025-10-08 11:41:34,social,desktop,A,0,
S008905,C01676,2025-12-17 16:12:04,paid_search,mobile,A,0,
S008906,C00870,2025-02-02 09:22:50,organic,mobile,A,0,
S008907,C00533,2025-07-16 09:48:34,paid_search,mobile,B,1,O002848
S008908,C01637,2025-06-19 17:41:39,email,desktop,B,0,
S008909,C01885,2025-05-08 17:29:20,paid_search,mobile,B,0,
S008910,C01182,2025-03-03 13:20:14,paid_search,mobile,A,0,
S008911,C00962,2025-11-05 16:40:42,social,tablet,A,0,
S008912,C00026,2025-06-08 23:33:01,email,mobile,A,0,
S008913,C00738,2025-03-06 07:03:07,referral,desktop,A,0,
S008914,C01479,2025-07-27 14:16:47,referral,mobile,B,1,O002849
S008915,C00640,2025-09-20 17:12:59,organic,desktop,A,0,
S008916,C00334,2025-01-28 15:21:48,email,desktop,A,1,O002850
S008917,C01909,2025-10-17 22:45:37,social,mobile,B,1,O002851
S008918,C01317,2025-12-04 09:48:28,paid_search,mobile,B,0,
S008919,C00619,2025-06-15 20:17:18,paid_search,mobile,B,0,
S008920,C01205,2025-01-23 23:06:20,organic,desktop,B,1,O002852
S008921,C00920,2025-12-14 21:28:46,organic,desktop,A,0,
S008922,C01915,2025-09-13 22:57:17,social,mobile,B,0,
S008923,C01706,2025-07-28 21:20:54,paid_search,mobile,A,0,
S008924,C01075,2025-01-03 18:01:15,paid_search,mobile,B,0,
S008925,C00001,2025-12-06 16:37:26,organic,desktop,B,0,
S008926,C01674,2025-03-06 18:34:56,referral,mobile,A,0,
S008927,C01438,2025-07-28 13:21:43,organic,desktop,A,0,
S008928,C00899,2025-09-26 12:59:08,email,mobile,B,0,
S008929,C00622,2025-07-30 13:00:37,paid_search,desktop,A,1,O002853
S008930,C01000,2025-10-01 08:11:41,referral,tablet,A,0,
S008931,C00888,2025-07-03 08:09:16,referral,mobile,A,1,O002854
S008932,C01862,2025-02-04 18:46:41,paid_search,mobile,A,1,O002855
S008933,C00118,2025-07-22 13:54:51,paid_search,mobile,A,0,
S008934,C01739,2025-08-13 09:18:44,referral,mobile,B,0,
S008935,C00165,2025-02-01 23:48:54,paid_search,mobile,B,0,
S008936,C01435,2025-09-23 18:01:51,referral,mobile,B,0,
S008937,C00008,2025-07-12 16:13:16,organic,desktop,A,0,
S008938,C01099,2025-06-14 17:24:35,email,desktop,B,0,
S008939,C00646,2025-06-27 11:24:46,paid_search,mobile,A,0,
S008940,C00134,2025-12-29 21:35:49,paid_search,desktop,A,1,O002856
S008941,C00817,2025-08-05 21:51:09,paid_search,mobile,B,0,
S008942,C01348,2025-02-22 16:27:57,paid_search,mobile,A,0,
S008943,C01190,2025-12-07 17:17:50,email,Unknown,A,1,O002857
S008944,C00375,2025-09-06 17:16:13,organic,desktop,B,0,
S008945,C01332,2025-11-18 15:05:31,referral,mobile,A,0,
S008946,C01742,2025-01-10 13:55:50,paid_search,mobile,A,0,
S008947,C00556,2025-08-08 19:49:41,social,mobile,A,0,
S008948,C01888,2025-08-15 21:32:54,organic,tablet,A,0,
S008949,C01833,2025-12-01 20:55:56,email,desktop,B,0,
S008950,C01676,2025-11-16 13:47:57,organic,mobile,A,1,O002858
S008951,C01705,2025-01-11 11:56:35,paid_search,mobile,B,1,O002859
S008952,C01599,2025-02-28 14:47:53,organic,mobile,B,0,
S008953,C01050,2025-09-07 16:26:14,organic,desktop,A,1,O002860
S008954,C01546,2025-05-27 09:07:53,organic,mobile,A,0,
S008955,C01399,2025-12-10 10:11:53,social,desktop,B,0,
S008956,C00064,2025-12-31 19:54:46,paid_search,tablet,A,0,
S008957,C00275,2025-10-14 16:45:51,organic,mobile,B,1,O002861
S008958,C00770,2025-01-07 22:22:15,paid_search,mobile,A,0,
S008959,C01258,2025-06-08 21:48:37,email,desktop,A,1,O002862
S008960,C00017,2025-12-23 18:17:49,social,mobile,B,1,O002863
S008961,C00160,2025-08-18 07:48:45,organic,tablet,A,1,O002864
S008962,C01937,2025-09-22 16:09:46,email,mobile,B,0,
S008963,C01550,2025-04-06 15:51:34,paid_search,mobile,A,1,O002865
S008964,C01767,2025-07-04 13:05:20,organic,mobile,B,0,
S008965,C01976,2025-10-23 18:46:33,organic,mobile,A,0,
S008966,C01728,2025-10-31 23:34:08,social,mobile,A,1,O002866
S008967,C00283,2025-05-20 15:55:01,paid_search,mobile,B,0,
S008968,C00678,2025-12-25 16:49:26,organic,desktop,A,0,
S008969,C01391,2025-05-21 21:07:38,email,desktop,B,1,O002867
S008970,C00705,2025-10-12 11:16:33,paid_search,mobile,B,1,O002868
S008971,C00706,2025-08-22 21:11:51,organic,mobile,A,0,
S008972,C01500,2025-10-20 13:50:12,paid_search,mobile,A,0,
S008973,C00071,2025-05-15 08:52:14,organic,desktop,B,1,O002869
S008974,C00452,2025-04-19 12:07:11,paid_search,mobile,A,0,
S008975,C00044,2025-05-27 07:26:58,email,desktop,A,0,
S008976,C01619,2025-12-18 19:47:33,organic,mobile,B,0,
S008977,C00708,2025-05-09 15:12:26,social,mobile,A,0,
S008978,C00843,2025-11-07 23:25:42,email,desktop,B,1,O002870
S008979,C01818,2025-10-01 19:54:00,email,mobile,A,0,
S008980,C00143,2025-12-04 17:32:41,referral,mobile,B,0,
S008981,C00620,2025-04-05 22:17:26,organic,mobile,A,1,O002871
S008982,C01205,2025-02-10 22:48:26,organic,mobile,B,1,O002872
S008983,C01849,2025-12-11 12:54:25,paid_search,mobile,B,1,O002873
S008984,C00361,2025-03-08 19:59:46,referral,tablet,B,0,
S008985,C00746,2025-09-22 11:05:47,referral,mobile,A,0,
S008986,C01275,2025-08-15 18:16:28,organic,desktop,B,0,
S008987,C00753,2025-06-17 09:46:21,organic,desktop,B,1,O002874
S008988,C00469,2025-05-01 21:03:03,organic,mobile,B,0,
S008989,C01911,2025-10-16 18:51:25,referral,desktop,B,1,O002875
S008990,C00191,2025-10-17 12:09:23,paid_search,mobile,B,0,
S008991,C00823,2025-03-19 22:45:19,organic,mobile,B,0,
S008992,C00857,2025-05-15 10:18:07,paid_search,mobile,B,0,
S008993,C00388,2025-01-18 16:39:52,social,mobile,A,0,
S008994,C01820,2025-01-16 21:23:07,social,mobile,A,0,
S008995,C01178,2025-08-24 22:15:24,paid_search,mobile,A,0,
S008996,C01737,2025-06-20 08:27:38,organic,desktop,B,0,
S008997,C00529,2025-03-31 17:22:55,referral,tablet,B,0,
S008998,C01583,2025-10-07 07:00:44,referral,mobile,B,0,
S008999,C01385,2025-12-26 11:04:04,organic,mobile,B,0,
S009000,C00459,2025-08-29 09:15:53,paid_search,tablet,B,0,
S009001,C01980,2025-02-21 19:36:00,paid_search,mobile,A,0,
S009002,C00680,2025-06-28 07:27:35,paid_search,mobile,A,0,
S009003,C01411,2025-03-24 23:41:41,organic,mobile,B,0,
S009004,C01705,2025-01-05 08:14:11,organic,mobile,B,1,O002876
S009005,C01750,2025-12-01 20:32:49,paid_search,desktop,A,0,
S009006,C00658,2025-12-20 08:01:18,email,mobile,A,0,
S009007,C01651,2025-11-10 10:18:24,referral,mobile,B,0,
S009008,C01403,2025-02-21 11:09:44,organic,mobile,B,0,
S009009,C01300,2025-07-30 14:44:01,organic,desktop,A,0,
S009010,C01695,2025-10-26 23:18:52,paid_search,mobile,B,1,O002877
S009011,C00318,2025-02-15 23:25:23,social,mobile,A,0,
S009012,C01151,2025-01-02 07:17:46,organic,mobile,B,0,
S009013,C01542,2025-01-26 23:53:22,organic,mobile,A,0,
S009014,C00445,2025-06-18 07:13:52,paid_search,mobile,B,1,O002878
S009015,C01741,2025-09-11 13:47:54,organic,desktop,B,1,O002879
S009016,C00354,2025-07-14 07:02:04,social,mobile,A,0,
S009017,C00752,2025-10-22 18:26:02,paid_search,mobile,A,1,O002880
S009018,C00820,2025-11-16 13:27:32,paid_search,desktop,A,0,
S009019,C00337,2025-11-02 19:50:43,organic,mobile,B,0,
S009020,C01925,2025-12-11 15:35:27,organic,desktop,B,0,
S009021,C01200,2025-07-16 18:43:01,organic,mobile,A,0,
S009022,C01436,2025-02-18 19:56:03,organic,mobile,A,0,
S009023,C00105,2025-03-09 11:17:23,organic,desktop,B,1,O002881
S009024,C01532,2025-03-07 20:53:40,social,desktop,A,0,
S009025,C01044,2025-11-05 12:47:45,email,desktop,A,0,
S009026,C01333,2025-03-17 13:43:46,paid_search,desktop,B,1,O002882
S009027,C01870,2025-09-17 18:33:08,referral,desktop,A,0,
S009028,C01454,2025-05-17 11:04:02,email,desktop,A,0,
S009029,C00190,2025-07-03 22:44:11,paid_search,desktop,A,0,
S009030,C00396,2025-04-19 09:51:08,paid_search,mobile,A,1,O002883
S009031,C01814,2025-06-07 16:08:59,organic,mobile,A,0,
S009032,C01932,2025-03-26 13:16:51,organic,desktop,A,0,
S009033,C00112,2025-04-01 09:20:05,referral,desktop,A,1,O002884
S009034,C00464,2025-08-25 12:16:46,email,mobile,A,0,
S009035,C00232,2025-02-03 16:33:11,organic,desktop,A,0,
S009036,C01927,2025-04-06 09:11:59,referral,desktop,B,0,
S009037,C01755,2025-02-01 22:11:04,paid_search,tablet,B,1,O002885
S009038,C00372,2025-05-04 10:17:03,social,mobile,A,0,
S009039,C01831,2025-04-19 10:28:20,organic,mobile,B,0,
S009040,C01116,2025-12-02 07:17:16,organic,mobile,A,1,O002886
S009041,C01144,2025-09-29 16:50:16,paid_search,desktop,A,0,
S009042,C01031,2025-04-01 17:53:03,social,tablet,B,0,
S009043,C00025,2025-11-09 22:32:53,organic,mobile,B,0,
S009044,C00604,2025-05-27 18:58:47,email,desktop,A,1,O002887
S009045,C00859,2025-06-06 17:19:55,organic,mobile,B,0,
S009046,C01737,2025-03-09 13:53:12,organic,mobile,B,1,O002888
S009047,C00914,2025-10-05 23:52:17,paid_search,mobile,A,0,
S009048,C00722,2025-04-21 11:26:29,referral,tablet,A,0,
S009049,C00121,2025-03-18 18:02:05,paid_search,mobile,B,1,O002889
S009050,C01391,2025-08-02 19:50:46,organic,mobile,B,1,O002890
S009051,C00611,2025-09-30 15:04:11,organic,desktop,B,0,
S009052,C00106,2025-12-01 18:22:48,organic,mobile,A,0,
S009053,C00635,2025-07-09 17:19:16,organic,mobile,B,0,
S009054,C01801,2025-05-24 21:43:40,social,mobile,B,1,O002891
S009055,C00556,2025-02-05 20:43:31,social,mobile,A,0,
S009056,C01152,2025-03-17 10:58:11,email,desktop,A,0,
S009057,C00983,2025-09-09 16:30:42,paid_search,mobile,B,1,O002892
S009058,C01884,2025-07-05 14:12:34,social,mobile,A,0,
S009059,C00036,2025-06-16 10:32:02,email,mobile,A,0,
S009060,C01833,2025-06-10 16:24:27,referral,mobile,B,0,
S009061,C00404,2025-12-12 19:45:03,social,desktop,A,0,
S009062,C01516,2025-08-16 11:56:16,organic,mobile,A,0,
S009063,C01984,2025-02-10 11:11:11,organic,mobile,A,0,
S009064,C00799,2025-09-12 17:50:35,referral,mobile,B,1,O002893
S009065,C00058,2025-04-10 20:53:45,social,mobile,A,0,
S009066,C01191,2025-12-22 13:12:02,organic,mobile,B,0,
S009067,C01572,2025-05-26 20:31:22,email,mobile,A,1,O002894
S009068,C00969,2025-08-23 17:22:36,social,mobile,B,1,O002895
S009069,C00141,2025-06-10 21:46:37,paid_search,mobile,B,0,
S009070,C00467,2025-08-15 13:45:31,paid_search,desktop,B,0,
S009071,C00377,2025-02-07 14:54:43,social,mobile,B,0,
S009072,C00625,2025-01-10 13:00:20,referral,mobile,B,1,O002896
S009073,C01149,2025-03-18 22:11:18,social,mobile,B,0,
S009074,C01028,2025-08-24 20:23:21,social,mobile,A,0,
S009075,C00902,2025-03-10 08:10:15,email,desktop,A,0,
S009076,C01030,2025-03-12 17:30:00,paid_search,mobile,A,0,
S009077,C00533,2025-03-26 14:39:30,social,mobile,B,0,
S009078,C01989,2025-08-03 13:35:19,social,mobile,B,0,
S009079,C01723,2025-01-19 10:17:37,social,mobile,B,0,
S009080,C00238,2025-02-08 09:04:12,email,mobile,A,0,
S009081,C00279,2025-06-08 20:49:10,email,mobile,B,1,O002897
S009082,C01235,2025-11-11 19:49:41,organic,desktop,B,0,
S009083,C00839,2025-11-22 14:07:35,social,desktop,B,0,
S009084,C01225,2025-05-26 17:21:52,social,desktop,B,1,O002898
S009085,C01328,2025-07-11 20:13:43,organic,mobile,A,0,
S009086,C00336,2025-06-12 10:26:54,email,desktop,A,0,
S009087,C00474,2025-05-23 22:38:15,organic,mobile,A,0,
S009088,C01176,2025-02-15 21:27:37,email,desktop,A,0,
S009089,C01131,2025-01-04 22:21:31,social,mobile,B,0,
S009090,C00044,2025-10-29 10:19:28,social,desktop,A,1,O002899
S009091,C00946,2025-05-30 22:53:02,email,mobile,A,1,O002900
S009092,C01511,2025-02-14 18:56:54,organic,desktop,B,1,O002901
S009093,C01798,2025-09-14 13:22:01,organic,tablet,A,0,
S009094,C01889,2025-12-05 12:10:05,social,mobile,B,0,
S009095,C00974,2025-02-06 22:23:23,social,desktop,A,0,
S009096,C00062,2025-05-22 15:20:33,paid_search,mobile,A,1,O002902
S009097,C00923,2025-07-07 22:46:56,paid_search,mobile,B,0,
S009098,C01326,2025-08-02 21:31:31,social,mobile,A,1,O002903
S009099,C00659,2025-04-29 07:50:17,referral,mobile,B,1,O002904
S009100,C01702,2025-05-20 15:17:37,paid_search,mobile,A,0,
S009101,C01314,2025-12-23 12:57:17,social,desktop,A,0,
S009102,C00983,2025-12-19 09:21:12,referral,mobile,B,1,O002905
S009103,C00872,2025-11-26 16:01:04,social,mobile,A,1,O002906
S009104,C01501,2025-12-29 19:42:18,referral,mobile,B,1,O002907
S009105,C01564,2025-03-02 13:56:56,organic,mobile,A,1,O002908
S009106,C00816,2025-06-19 09:38:53,social,tablet,A,0,
S009107,C00337,2025-10-18 17:19:59,social,mobile,B,1,O002909
S009108,C01314,2025-05-11 21:30:19,social,mobile,A,0,
S009109,C00034,2025-12-01 13:39:19,social,desktop,A,0,
S009110,C00386,2025-11-05 20:40:22,email,tablet,A,0,
S009111,C01616,2025-03-28 07:45:15,paid_search,desktop,A,0,
S009112,C01895,2025-01-12 14:11:14,referral,desktop,B,0,
S009113,C00405,2025-03-25 12:24:46,organic,mobile,B,0,
S009114,C00876,2025-08-08 08:30:35,social,mobile,A,1,O002910
S009115,C01977,2025-07-17 23:47:20,paid_search,mobile,B,1,O002911
S009116,C00659,2025-06-23 22:26:03,email,mobile,B,1,O002912
S009117,C01151,2025-01-18 20:50:38,organic,mobile,B,1,O002913
S009118,C00958,2025-04-07 12:32:45,organic,desktop,A,0,
S009119,C00374,2025-10-17 18:49:57,paid_search,desktop,A,0,
S009120,C01436,2025-06-05 15:56:57,referral,mobile,A,0,
S009121,C00992,2025-07-17 09:44:26,social,mobile,A,1,O002914
S009122,C00482,2025-10-24 10:01:04,organic,mobile,A,0,
S009123,C01409,2025-07-23 09:03:22,email,mobile,B,1,O002915
S009124,C01861,2025-11-10 09:22:44,social,mobile,B,0,
S009125,C01601,2025-01-13 21:46:27,paid_search,desktop,B,0,
S009126,C01209,2025-10-12 08:03:48,email,mobile,B,1,O002916
S009127,C01582,2025-02-08 07:25:48,social,mobile,A,0,
S009128,C00693,2025-03-29 18:15:53,organic,mobile,B,0,
S009129,C01802,2025-03-18 22:00:50,organic,tablet,A,1,O002917
S009130,C00087,2025-01-03 23:26:18,organic,mobile,B,0,
S009131,C01476,2025-10-28 15:36:19,organic,mobile,A,0,
S009132,C01047,2025-05-14 15:53:58,email,mobile,B,1,O002918
S009133,C01535,2025-04-20 14:09:35,social,mobile,B,0,
S009134,C01803,2025-11-22 23:43:36,social,mobile,B,0,
S009135,C00434,2025-12-31 23:10:48,social,mobile,A,0,
S009136,C01336,2025-12-04 08:31:36,email,mobile,A,1,O002919
S009137,C00977,2025-11-13 16:28:47,social,desktop,B,1,O002920
S009138,C00908,2025-09-22 23:56:00,organic,mobile,A,0,
S009139,C01231,2025-09-15 07:59:34,organic,desktop,B,1,O002921
S009140,C01310,2025-11-24 14:05:22,referral,mobile,A,0,
S009141,C00784,2025-11-06 08:57:38,referral,mobile,A,0,
S009142,C00034,2025-06-29 18:55:22,email,desktop,A,0,
S009143,C00331,2025-12-11 21:15:22,referral,desktop,B,0,
S009144,C00920,2025-08-13 11:02:34,organic,desktop,A,0,
S009145,C00326,2025-11-11 19:07:40,email,mobile,A,1,O002922
S009146,C00910,2025-10-15 07:31:29,email,mobile,A,0,
S009147,C00855,2025-06-19 12:00:48,paid_search,mobile,B,0,
S009148,C00573,2025-12-17 15:31:41,referral,mobile,B,1,O002923
S009149,C00130,2025-09-24 10:38:32,paid_search,mobile,A,0,
S009150,C00511,2025-11-30 13:14:46,referral,mobile,B,0,
S009151,C01292,2025-06-11 12:47:16,organic,mobile,A,1,O002924
S009152,C01245,2025-08-18 16:31:01,organic,desktop,B,0,
S009153,C00193,2025-08-21 20:34:27,social,mobile,B,0,
S009154,C01573,2025-04-30 18:20:21,organic,desktop,B,0,
S009155,C00203,2025-11-15 09:59:45,social,tablet,B,0,
S009156,C01687,2025-08-06 17:55:11,paid_search,mobile,B,0,
S009157,C00838,2025-09-16 08:52:47,referral,mobile,A,0,
S009158,C01685,2025-09-13 09:06:37,referral,mobile,B,0,
S009159,C00020,2025-04-13 23:27:30,organic,desktop,A,0,
S009160,C00748,2025-01-29 20:09:14,organic,mobile,A,1,O002925
S009161,C00898,2025-07-02 11:03:43,email,desktop,A,0,
S009162,C00768,2025-01-11 21:15:01,organic,desktop,A,0,
S009163,C01084,2025-04-22 17:50:38,social,mobile,A,0,
S009164,C00916,2025-05-16 14:36:07,organic,mobile,A,0,
S009165,C01097,2025-07-10 13:34:27,email,mobile,B,1,O002926
S009166,C01847,2025-03-26 18:37:13,referral,mobile,B,0,
S009167,C00691,2025-04-04 10:09:34,referral,mobile,B,0,
S009168,C01392,2025-01-26 07:27:33,organic,desktop,A,0,
S009169,C01181,2025-05-23 09:53:24,social,mobile,B,1,O002927
S009170,C00426,2025-09-25 07:54:50,referral,mobile,A,1,O002928
S009171,C00446,2025-11-25 11:46:47,email,mobile,A,1,O002929
S009172,C01207,2025-02-16 10:36:13,paid_search,desktop,B,0,
S009173,C00233,2025-05-30 18:53:25,social,mobile,B,0,
S009174,C01176,2025-10-17 13:34:34,email,mobile,A,0,
S009175,C01088,2025-09-14 18:16:40,social,mobile,A,0,
S009176,C00698,2025-08-10 17:26:09,organic,mobile,A,1,O002930
S009177,C00507,2025-05-08 23:58:18,social,desktop,B,0,
S009178,C01971,2025-03-09 15:03:43,paid_search,tablet,B,0,
S009179,C01013,2025-01-17 17:50:10,organic,mobile,B,0,
S009180,C00172,2025-05-24 12:41:15,social,mobile,A,1,O002931
S009181,C00979,2025-11-13 18:15:05,paid_search,mobile,B,0,
S009182,C00971,2025-08-03 08:47:23,social,tablet,B,0,
S009183,C00116,2025-01-08 14:52:54,organic,desktop,A,1,O002932
S009184,C01661,2025-04-11 14:17:14,social,desktop,B,1,O002933
S009185,C00491,2025-08-11 23:06:59,referral,mobile,B,1,O002934
S009186,C00235,2025-05-04 11:13:22,paid_search,mobile,B,1,O002935
S009187,C00656,2025-08-21 22:47:13,paid_search,mobile,A,0,
S009188,C00484,2025-11-28 13:19:23,paid_search,mobile,A,0,
S009189,C01010,2025-12-22 23:44:55,social,mobile,A,0,
S009190,C00388,2025-03-12 09:00:34,email,tablet,A,1,O002936
S009191,C00038,2025-04-24 11:22:05,referral,desktop,A,0,
S009192,C01833,2025-10-20 22:50:18,paid_search,mobile,B,0,
S009193,C01008,2025-11-01 22:04:54,paid_search,desktop,A,0,
S009194,C01917,2025-08-29 21:35:10,organic,desktop,B,0,
S009195,C01950,2025-06-26 23:13:28,paid_search,mobile,A,1,O002937
S009196,C00982,2025-12-20 12:42:45,social,mobile,A,1,O002938
S009197,C00944,2025-03-16 17:27:52,email,tablet,A,0,
S009198,C01593,2025-11-22 19:07:38,referral,mobile,B,0,
S009199,C01938,2025-08-11 22:40:41,organic,mobile,A,0,
S009200,C00521,2025-10-28 16:02:52,social,mobile,B,0,
S009201,C01004,2025-09-05 15:25:16,paid_search,mobile,A,0,
S009202,C00661,2025-12-19 14:36:51,paid_search,mobile,B,0,
S009203,C00652,2025-02-21 18:17:32,organic,mobile,A,0,
S009204,C01354,2025-04-23 09:54:03,email,mobile,A,1,O002939
S009205,C00537,2025-09-06 08:50:30,organic,desktop,B,0,
S009206,C01547,2025-08-25 11:18:18,paid_search,mobile,B,0,
S009207,C00493,2025-04-19 11:21:13,organic,mobile,B,1,O002940
S009208,C00488,2025-04-01 22:38:29,paid_search,mobile,A,1,O002941
S009209,C00149,2025-03-29 11:31:25,email,desktop,B,1,O002942
S009210,C00961,2025-10-28 15:48:31,paid_search,desktop,B,0,
S009211,C01153,2025-03-03 07:42:38,paid_search,mobile,B,0,
S009212,C00138,2025-12-24 16:45:19,organic,desktop,A,0,
S009213,C00564,2025-02-12 18:29:45,referral,mobile,A,0,
S009214,C01975,2025-07-22 13:28:17,paid_search,desktop,B,1,O002943
S009215,C01333,2025-09-05 15:18:12,organic,mobile,B,1,O002944
S009216,C01447,2025-02-10 14:58:14,email,mobile,B,0,
S009217,C00254,2025-07-10 20:51:15,email,mobile,A,0,
S009218,C01281,2025-04-26 14:42:37,organic,mobile,B,0,
S009219,C01216,2025-11-14 07:23:29,email,mobile,A,0,
S009220,C01289,2025-12-11 10:14:30,paid_search,tablet,B,0,
S009221,C00804,2025-02-18 17:25:27,social,mobile,A,1,O002945
S009222,C01049,2025-11-29 17:51:01,paid_search,mobile,B,0,
S009223,C01077,2025-04-30 20:00:19,social,tablet,B,0,
S009224,C01652,2025-02-19 07:01:44,email,desktop,A,0,
S009225,C01672,2025-05-28 17:24:15,organic,desktop,A,1,O002946
S009226,C00008,2025-08-22 08:58:40,organic,mobile,A,0,
S009227,C00481,2025-01-11 10:22:57,organic,mobile,B,1,O002947
S009228,C01141,2025-09-18 17:42:29,referral,desktop,B,1,O002948
S009229,C01953,2025-07-05 22:55:54,email,mobile,B,0,
S009230,C00827,2025-05-03 20:17:33,email,mobile,B,0,
S009231,C00241,2025-01-02 21:55:22,organic,desktop,B,1,O002949
S009232,C00580,2025-11-21 10:53:56,organic,desktop,A,0,
S009233,C01095,2025-06-27 21:43:29,email,desktop,B,1,O002950
S009234,C01350,2025-04-27 10:30:37,referral,mobile,A,0,
S009235,C00130,2025-10-09 22:21:52,email,desktop,A,0,
S009236,C01919,2025-02-24 10:20:17,paid_search,desktop,B,0,
S009237,C00684,2025-12-28 12:41:32,referral,mobile,A,0,
S009238,C00535,2025-12-09 22:38:20,email,mobile,B,0,
S009239,C01629,2025-09-26 07:39:06,paid_search,mobile,B,0,
S009240,C00911,2025-05-07 17:13:39,social,mobile,B,0,
S009241,C00550,2025-06-30 16:48:29,paid_search,mobile,A,0,
S009242,C01353,2025-11-01 10:49:46,referral,desktop,B,0,
S009243,C00324,2025-09-11 15:44:39,organic,desktop,A,0,
S009244,C00865,2025-11-26 22:41:24,referral,mobile,B,0,
S009245,C01612,2025-05-25 20:15:02,organic,mobile,A,1,O002951
S009246,C00765,2025-09-20 21:21:41,referral,desktop,B,1,O002952
S009247,C00381,2025-11-28 16:56:10,referral,mobile,B,1,O002953
S009248,C00780,2025-10-24 21:51:46,email,mobile,A,0,
S009249,C01992,2025-06-14 17:31:33,email,mobile,A,0,
S009250,C00860,2025-03-08 20:26:39,paid_search,mobile,A,0,
S009251,C01337,2025-05-27 14:54:40,paid_search,desktop,B,0,
S009252,C01539,2025-11-01 11:53:31,paid_search,mobile,B,1,O002954
S009253,C01895,2025-02-13 09:46:30,social,desktop,B,1,O002955
S009254,C01158,2025-06-08 20:09:37,social,mobile,A,1,O002956
S009255,C00370,2025-06-04 10:19:06,organic,desktop,A,0,
S009256,C01577,2025-05-15 19:34:11,email,mobile,B,1,O002957
S009257,C00709,2025-12-07 18:10:15,organic,mobile,B,0,
S009258,C00136,2025-12-20 23:55:16,referral,mobile,A,0,
S009259,C00711,2025-12-16 09:46:55,paid_search,desktop,B,1,O002958
S009260,C01911,2025-07-27 23:40:54,organic,tablet,B,1,O002959
S009261,C00002,2025-10-27 10:54:40,referral,mobile,A,0,
S009262,C01977,2025-10-25 07:45:19,referral,mobile,B,0,
S009263,C00540,2025-11-11 16:08:22,organic,desktop,A,0,
S009264,C01676,2025-03-18 11:00:48,paid_search,mobile,A,0,
S009265,C00797,2025-04-29 18:15:21,paid_search,mobile,B,1,O002960
S009266,C01653,2025-12-19 15:01:29,paid_search,mobile,B,0,
S009267,C01033,2025-11-07 14:16:18,organic,desktop,B,0,
S009268,C01270,2025-01-24 23:42:56,paid_search,desktop,A,1,O002961
S009269,C01166,2025-02-24 22:49:43,email,mobile,A,0,
S009270,C01036,2025-07-17 17:46:01,paid_search,tablet,A,0,
S009271,C00191,2025-10-22 07:35:09,organic,mobile,B,0,
S009272,C01919,2025-08-14 15:36:00,social,desktop,B,0,
S009273,C01812,2025-12-10 18:17:47,referral,mobile,A,1,O002962
S009274,C00023,2025-05-29 07:37:08,referral,desktop,B,0,
S009275,C00638,2025-09-19 16:00:11,paid_search,desktop,A,0,
S009276,C00591,2025-08-20 16:47:36,referral,desktop,B,1,O002963
S009277,C00191,2025-03-04 18:51:26,social,mobile,B,0,
S009278,C01218,2025-04-12 23:16:12,organic,mobile,A,0,
S009279,C01840,2025-08-30 22:35:53,social,mobile,A,0,
S009280,C01847,2025-09-12 15:53:47,social,mobile,B,0,
S009281,C01360,2025-06-02 20:11:59,referral,desktop,A,0,
S009282,C00019,2025-05-03 22:39:37,organic,desktop,B,0,
S009283,C00701,2025-01-03 22:51:44,email,mobile,B,1,O002964
S009284,C00757,2025-12-07 17:47:57,referral,mobile,B,0,
S009285,C01262,2025-05-30 17:41:42,referral,desktop,A,0,
S009286,C01081,2025-07-01 08:48:59,organic,desktop,B,0,
S009287,C01006,2025-11-17 23:45:51,referral,mobile,A,1,O002965
S009288,C01810,2025-09-16 11:41:12,organic,mobile,A,1,O002966
S009289,C01619,2025-06-01 19:56:32,social,mobile,B,0,
S009290,C01182,2025-07-16 21:04:44,email,mobile,A,0,
S009291,C01228,2025-06-02 16:22:37,social,mobile,A,0,
S009292,C01679,2025-10-29 11:04:23,social,mobile,B,1,O002967
S009293,C01900,2025-05-06 12:37:09,referral,mobile,A,0,
S009294,C01468,2025-01-17 17:28:50,social,desktop,A,0,
S009295,C00303,2025-04-05 15:14:39,email,mobile,B,1,O002968
S009296,C01698,2025-05-29 08:40:27,referral,mobile,A,0,
S009297,C01284,2025-07-26 22:35:52,organic,mobile,A,0,
S009298,C01169,2025-01-21 14:52:18,organic,desktop,B,1,O002969
S009299,C01638,2025-12-20 14:57:21,social,desktop,A,1,O002970
S009300,C01175,2025-10-24 09:54:00,organic,mobile,B,1,O002971
S009301,C01116,2025-12-03 09:07:24,referral,mobile,A,0,
S009302,C01638,2025-07-13 16:27:10,referral,mobile,A,0,
S009303,C01152,2025-12-21 20:41:21,paid_search,mobile,A,0,
S009304,C01264,2025-05-08 13:30:10,email,mobile,A,0,
S009305,C00351,2025-07-16 09:23:25,paid_search,desktop,B,0,
S009306,C01471,2025-05-17 20:08:07,paid_search,mobile,B,0,
S009307,C01649,2025-08-16 12:41:09,organic,tablet,B,0,
S009308,C01146,2025-07-16 17:24:14,organic,mobile,A,0,
S009309,C00830,2025-06-25 23:23:56,referral,desktop,A,0,
S009310,C01607,2025-11-08 08:33:29,paid_search,mobile,B,0,
S009311,C01025,2025-06-24 23:34:52,organic,mobile,B,0,
S009312,C00202,2025-02-02 11:58:26,social,desktop,A,1,O002972
S009313,C00621,2025-03-01 15:39:03,referral,mobile,B,0,
S009314,C00759,2025-03-07 09:09:23,organic,mobile,B,1,O002973
S009315,C00036,2025-09-25 22:57:20,paid_search,mobile,A,1,O002974
S009316,C01959,2025-01-06 15:36:03,referral,desktop,B,0,
S009317,C00447,2025-03-14 19:17:05,social,tablet,B,1,O002975
S009318,C01833,2025-12-29 12:24:21,paid_search,mobile,B,1,O002976
S009319,C01234,2025-07-07 18:52:36,social,desktop,A,0,
S009320,C01272,2025-04-26 13:45:42,social,desktop,A,0,
S009321,C01486,2025-04-12 17:02:46,organic,mobile,A,0,
S009322,C00429,2025-05-03 23:49:26,social,mobile,B,0,
S009323,C01604,2025-11-19 18:45:12,organic,tablet,A,0,
S009324,C01810,2025-07-27 17:24:58,organic,mobile,A,1,O002977
S009325,C01332,2025-12-14 10:29:31,paid_search,mobile,A,0,
S009326,C01009,2025-06-14 12:46:21,organic,desktop,B,1,O002978
S009327,C00798,2025-01-22 19:00:28,organic,mobile,A,0,
S009328,C01883,2025-09-29 09:36:07,organic,mobile,B,0,
S009329,C00927,2025-08-22 13:15:16,social,mobile,B,0,
S009330,C01394,2025-04-23 10:19:38,referral,mobile,A,0,
S009331,C01213,2025-10-11 17:18:07,social,desktop,B,0,
S009332,C00762,2025-02-03 07:50:30,email,mobile,A,1,O002979
S009333,C01678,2025-05-10 09:33:36,social,mobile,A,0,
S009334,C00682,2025-11-12 09:38:38,paid_search,mobile,A,0,
S009335,C01622,2025-07-29 14:12:00,social,mobile,A,0,
S009336,C00258,2025-08-11 19:41:18,paid_search,mobile,A,0,
S009337,C00713,2025-12-28 20:00:26,paid_search,mobile,B,0,
S009338,C00028,2025-01-15 15:38:22,email,mobile,A,0,
S009339,C01250,2025-09-29 18:01:43,social,mobile,A,0,
S009340,C00014,2025-11-11 18:42:55,paid_search,desktop,A,0,
S009341,C00735,2025-10-21 15:22:24,email,mobile,B,0,
S009342,C01215,2025-05-25 08:15:24,paid_search,desktop,B,0,
S009343,C01064,2025-07-11 15:10:13,paid_search,desktop,A,1,O002980
S009344,C01749,2025-10-19 15:48:55,paid_search,desktop,B,0,
S009345,C00898,2025-04-22 15:33:20,paid_search,desktop,A,0,
S009346,C01347,2025-05-13 14:45:29,organic,mobile,B,0,
S009347,C01162,2025-03-09 10:24:40,organic,desktop,A,1,O002981
S009348,C00495,2025-04-25 20:38:10,email,tablet,B,1,O002982
S009349,C01224,2025-01-06 09:00:53,paid_search,mobile,A,1,O002983
S009350,C01894,2025-05-18 20:18:21,referral,mobile,A,1,O002984
S009351,C01384,2025-12-22 12:42:43,social,mobile,A,0,
S009352,C00797,2025-06-13 08:17:34,organic,mobile,B,0,
S009353,C01741,2025-09-19 15:01:28,paid_search,tablet,B,0,
S009354,C01208,2025-04-11 13:57:50,social,desktop,A,0,
S009355,C01074,2025-07-12 11:50:44,paid_search,mobile,A,0,
S009356,C00936,2025-11-21 11:06:22,social,tablet,A,0,
S009357,C00244,2025-05-26 12:51:51,paid_search,desktop,A,1,O002985
S009358,C00910,2025-08-05 19:50:44,organic,mobile,A,0,
S009359,C01488,2025-07-18 16:08:19,paid_search,mobile,A,0,
S009360,C00609,2025-09-19 12:42:33,paid_search,mobile,B,0,
S009361,C00913,2025-10-27 16:47:11,paid_search,desktop,B,1,O002986
S009362,C01257,2025-02-24 18:50:44,email,tablet,B,1,O002987
S009363,C00524,2025-06-09 10:03:41,organic,mobile,A,0,
S009364,C01509,2025-04-14 22:44:49,social,mobile,B,0,
S009365,C01951,2025-03-08 22:25:31,organic,mobile,B,0,
S009366,C01690,2025-02-16 14:42:41,email,mobile,A,0,
S009367,C00236,2025-01-24 07:49:11,organic,desktop,A,0,
S009368,C01691,2025-02-25 11:29:43,social,mobile,B,1,O002988
S009369,C00608,2025-04-21 10:24:49,organic,mobile,A,0,
S009370,C00741,2025-11-16 19:10:39,paid_search,mobile,B,1,O002989
S009371,C01109,2025-04-13 07:49:47,social,mobile,B,1,O002990
S009372,C01929,2025-11-20 16:59:44,social,tablet,B,1,O002991
S009373,C00423,2025-02-05 19:14:10,email,mobile,B,1,O002992
S009374,C01102,2025-11-24 14:22:47,social,mobile,A,0,
S009375,C01974,2025-10-02 09:53:14,paid_search,mobile,A,1,O002993
S009376,C00707,2025-11-13 20:28:10,organic,mobile,B,0,
S009377,C01520,2025-02-15 22:08:28,referral,desktop,A,1,O002994
S009378,C01345,2025-10-22 09:14:52,paid_search,desktop,B,0,
S009379,C01749,2025-05-11 09:59:12,paid_search,desktop,B,1,O002995
S009380,C01005,2025-04-15 07:45:24,social,desktop,B,1,O002996
S009381,C00304,2025-12-13 10:20:17,organic,mobile,A,0,
S009382,C00966,2025-09-03 12:48:16,social,mobile,A,1,O002997
S009383,C00987,2025-07-02 11:06:40,email,desktop,B,0,
S009384,C01767,2025-04-27 18:39:37,organic,mobile,B,0,
S009385,C00582,2025-04-27 16:08:56,email,desktop,A,0,
S009386,C00895,2025-05-03 13:46:32,organic,mobile,B,0,
S009387,C01535,2025-02-13 16:30:37,organic,desktop,B,1,O002998
S009388,C01525,2025-04-29 23:13:52,referral,mobile,B,1,O002999
S009389,C00680,2025-04-23 14:59:25,social,mobile,A,0,
S009390,C00143,2025-04-20 18:28:10,referral,tablet,B,0,
S009391,C01678,2025-12-18 23:13:20,organic,mobile,A,0,
S009392,C00778,2025-03-09 16:57:40,paid_search,mobile,A,0,
S009393,C00744,2025-01-31 22:46:59,organic,mobile,A,0,
S009394,C01902,2025-06-30 11:17:28,email,mobile,A,1,O003000
S009395,C01733,2025-07-30 19:30:16,referral,mobile,B,0,
S009396,C00038,2025-12-18 16:38:10,social,desktop,A,1,O003001
S009397,C00641,2025-03-05 07:34:20,organic,tablet,B,1,O003002
S009398,C01497,2025-09-28 18:54:24,organic,mobile,B,1,O003003
S009399,C01104,2025-10-09 19:12:33,referral,mobile,A,0,
S009400,C01670,2025-12-12 19:21:50,social,mobile,A,1,O003004
S009401,C01515,2025-10-31 17:11:58,organic,desktop,B,1,O003005
S009402,C00816,2025-04-24 07:13:49,organic,desktop,A,0,
S009403,C01063,2025-09-15 21:20:07,referral,mobile,B,0,
S009404,C01764,2025-03-16 11:38:19,referral,mobile,A,0,
S009405,C00841,2025-04-16 08:17:54,paid_search,desktop,B,0,
S009406,C01935,2025-02-07 17:35:02,organic,desktop,B,0,
S009407,C01084,2025-07-30 17:15:23,paid_search,mobile,A,0,
S009408,C00618,2025-05-05 10:06:56,referral,desktop,A,0,
S009409,C00184,2025-07-12 12:38:24,social,mobile,A,0,
S009410,C01673,2025-12-24 08:54:13,email,desktop,B,1,O003006
S009411,C01626,2025-01-14 10:54:32,organic,mobile,A,1,O003007
S009412,C00944,2025-06-13 13:21:56,social,desktop,A,0,
S009413,C01444,2025-05-15 19:25:42,paid_search,mobile,A,0,
S009414,C00997,2025-09-29 21:59:40,referral,desktop,B,0,
S009415,C00319,2025-12-11 09:48:03,paid_search,mobile,B,1,O003008
S009416,C01336,2025-10-13 07:13:42,referral,mobile,A,0,
S009417,C01744,2025-08-08 09:27:22,organic,desktop,A,0,
S009418,C00317,2025-10-31 21:16:26,organic,desktop,B,0,
S009419,C01525,2025-06-06 09:28:33,paid_search,mobile,B,0,
S009420,C00610,2025-08-06 15:40:14,paid_search,mobile,A,1,O003009
S009421,C01964,2025-02-06 15:49:34,paid_search,desktop,A,0,
S009422,C00790,2025-04-14 08:51:30,email,tablet,A,0,
S009423,C01104,2025-07-25 13:13:21,organic,desktop,A,0,
S009424,C00903,2025-01-26 21:45:34,organic,mobile,B,1,O003010
S009425,C01787,2025-02-24 18:26:06,social,mobile,B,0,
S009426,C01978,2025-01-31 14:54:57,organic,desktop,A,1,O003011
S009427,C01503,2025-12-13 22:24:48,organic,desktop,B,0,
S009428,C01879,2025-04-20 15:59:29,referral,mobile,B,0,
S009429,C01035,2025-10-25 12:40:35,social,mobile,B,0,
S009430,C00749,2025-12-20 12:28:35,referral,mobile,B,1,O003012
S009431,C01320,2025-02-11 18:16:09,organic,mobile,A,0,
S009432,C00080,2025-11-10 21:58:02,organic,mobile,A,0,
S009433,C00130,2025-03-24 19:08:38,email,mobile,A,1,O003013
S009434,C01527,2025-09-22 15:20:54,organic,mobile,B,0,
S009435,C00348,2025-09-30 21:09:23,referral,desktop,A,0,
S009436,C01076,2025-09-16 14:00:49,organic,mobile,A,0,
S009437,C00161,2025-05-27 10:57:08,social,desktop,B,0,
S009438,C01970,2025-04-24 21:30:31,referral,mobile,A,0,
S009439,C00218,2025-11-06 19:52:39,organic,tablet,A,0,
S009440,C01533,2025-09-02 21:30:52,social,desktop,B,1,O003014
S009441,C01949,2025-01-07 10:46:44,organic,desktop,B,1,O003015
S009442,C01094,2025-07-20 07:24:19,paid_search,mobile,A,0,
S009443,C00851,2025-11-14 16:11:43,organic,desktop,B,0,
S009444,C01738,2025-05-29 15:06:00,paid_search,mobile,A,0,
S009445,C00043,2025-03-02 23:57:59,email,mobile,B,0,
S009446,C00787,2025-10-21 13:14:12,organic,mobile,B,1,O003016
S009447,C00071,2025-10-05 22:14:02,paid_search,mobile,B,1,O003017
S009448,C00995,2025-04-20 13:39:54,organic,mobile,B,1,O003018
S009449,C00817,2025-05-14 16:50:49,email,mobile,B,0,
S009450,C00954,2025-06-25 10:48:50,email,mobile,A,0,
S009451,C00728,2025-10-11 10:34:24,email,mobile,A,0,
S009452,C00476,2025-04-21 14:56:35,organic,mobile,A,0,
S009453,C01314,2025-11-08 12:32:10,paid_search,mobile,A,0,
S009454,C00064,2025-05-11 23:02:26,organic,mobile,A,0,
S009455,C01299,2025-05-20 08:44:05,organic,mobile,B,1,O003019
S009456,C01702,2025-06-10 20:06:51,paid_search,desktop,A,1,O003020
S009457,C01993,2025-12-03 14:44:49,paid_search,mobile,B,1,O003021
S009458,C01011,2025-07-03 11:14:23,paid_search,desktop,B,0,
S009459,C00897,2025-01-07 16:02:10,referral,mobile,B,1,O003022
S009460,C00822,2025-11-21 14:26:45,organic,desktop,A,0,
S009461,C01772,2025-10-18 11:46:36,organic,tablet,A,0,
S009462,C01310,2025-11-18 21:28:10,social,desktop,A,0,
S009463,C01512,2025-09-20 14:06:35,organic,desktop,A,0,
S009464,C01683,2025-08-26 15:38:09,paid_search,mobile,B,0,
S009465,C01516,2025-01-10 07:46:31,social,mobile,A,0,
S009466,C00936,2025-05-03 18:16:45,organic,mobile,A,0,
S009467,C01544,2025-02-10 21:32:13,paid_search,mobile,A,0,
S009468,C01486,2025-11-30 19:04:14,paid_search,mobile,A,0,
S009469,C01205,2025-02-08 10:57:22,organic,mobile,B,1,O003023
S009470,C00133,2025-05-02 20:52:41,referral,mobile,B,0,
S009471,C01524,2025-08-04 17:07:47,email,mobile,A,1,O003024
S009472,C01401,2025-07-02 18:27:48,paid_search,mobile,B,1,O003025
S009473,C00120,2025-04-23 22:37:34,referral,mobile,A,0,
S009474,C01475,2025-04-11 15:26:32,email,mobile,B,0,
S009475,C00866,2025-11-18 17:17:15,paid_search,desktop,A,0,
S009476,C00871,2025-12-21 18:03:33,organic,mobile,B,0,
S009477,C00256,2025-06-08 23:22:37,paid_search,desktop,A,0,
S009478,C01194,2025-09-23 13:34:43,social,mobile,A,0,
S009479,C01950,2025-08-13 17:22:58,organic,desktop,A,0,
S009480,C01960,2025-02-22 08:56:55,paid_search,mobile,A,0,
S009481,C01039,2025-05-31 18:19:54,organic,mobile,B,1,O003026
S009482,C01070,2025-12-22 17:47:16,paid_search,mobile,A,0,
S009483,C01955,2025-11-04 20:28:06,paid_search,desktop,B,1,O003027
S009484,C00142,2025-05-29 09:25:26,organic,mobile,A,0,
S009485,C01120,2025-09-06 16:59:11,organic,tablet,A,1,O003028
S009486,C00609,2025-08-12 19:49:28,social,mobile,B,1,O003029
S009487,C01280,2025-04-09 10:41:08,paid_search,mobile,A,0,
S009488,C00421,2025-08-28 23:02:07,paid_search,mobile,B,0,
S009489,C00922,2025-03-31 15:29:32,organic,mobile,A,0,
S009490,C01869,2025-12-12 13:24:56,referral,mobile,B,0,
S009491,C01420,2025-05-27 10:24:12,paid_search,mobile,A,0,
S009492,C01814,2025-08-27 21:34:59,email,desktop,A,1,O003030
S009493,C00902,2025-12-27 21:12:11,organic,mobile,A,0,
S009494,C00303,2025-08-28 14:59:49,paid_search,mobile,B,1,O003031
S009495,C00306,2025-12-07 09:02:35,social,mobile,A,1,O003032
S009496,C00137,2025-10-10 14:11:04,organic,mobile,B,0,
S009497,C01597,2025-12-21 11:37:32,organic,mobile,B,0,
S009498,C00813,2025-12-17 21:30:04,social,mobile,B,1,O003033
S009499,C01358,2025-07-27 18:17:29,social,desktop,A,1,O003034
S009500,C00697,2025-07-24 22:23:36,paid_search,mobile,B,0,
S009501,C00466,2025-01-17 13:20:04,social,mobile,A,0,
S009502,C01115,2025-02-19 15:01:52,referral,desktop,B,1,O003035
S009503,C01280,2025-11-29 15:42:50,organic,desktop,A,1,O003036
S009504,C01495,2025-02-01 09:59:56,referral,desktop,B,0,
S009505,C00594,2025-09-15 09:01:07,social,mobile,A,1,O003037
S009506,C01015,2025-08-06 12:06:50,paid_search,mobile,B,0,
S009507,C01515,2025-09-25 23:15:15,organic,desktop,B,0,
S009508,C00526,2025-09-30 21:06:41,referral,desktop,A,1,O003038
S009509,C00869,2025-10-08 22:38:24,referral,mobile,B,1,O003039
S009510,C00992,2025-08-13 19:36:41,paid_search,mobile,A,0,
S009511,C00771,2025-11-22 12:09:58,organic,desktop,B,0,
S009512,C00825,2025-04-16 11:08:57,organic,tablet,B,0,
S009513,C01148,2025-05-03 08:26:55,referral,mobile,A,1,O003040
S009514,C01990,2025-11-08 14:03:01,organic,mobile,A,0,
S009515,C01839,2025-10-06 21:24:59,organic,desktop,B,0,
S009516,C01407,2025-05-25 18:30:37,paid_search,tablet,B,0,
S009517,C00879,2025-02-19 15:14:49,organic,desktop,B,0,
S009518,C00154,2025-11-16 23:00:41,organic,mobile,A,1,O003041
S009519,C01621,2025-03-15 13:15:13,referral,mobile,B,1,O003042
S009520,C00141,2025-06-08 19:55:14,social,mobile,B,1,O003043
S009521,C01543,2025-08-10 16:14:15,paid_search,mobile,B,0,
S009522,C01678,2025-11-23 20:57:32,paid_search,mobile,A,0,
S009523,C01683,2025-06-03 22:48:14,social,mobile,B,0,
S009524,C01455,2025-09-14 13:33:04,email,mobile,B,1,O003044
S009525,C00711,2025-12-14 07:22:21,paid_search,mobile,B,1,O003045
S009526,C01208,2025-06-15 16:11:23,social,mobile,A,0,
S009527,C01907,2025-06-21 23:38:03,paid_search,tablet,B,1,O003046
S009528,C01744,2025-01-05 16:20:30,organic,tablet,A,0,
S009529,C01981,2025-10-06 11:07:47,social,tablet,B,1,O003047
S009530,C01520,2025-11-01 12:04:33,referral,mobile,A,0,
S009531,C01037,2025-05-29 23:06:33,organic,desktop,B,0,
S009532,C00841,2025-11-20 09:09:14,paid_search,mobile,B,0,
S009533,C00926,2025-08-22 10:02:15,referral,mobile,A,1,O003048
S009534,C00887,2025-09-13 11:01:23,social,desktop,B,0,
S009535,C00758,2025-06-03 15:10:18,organic,mobile,A,0,
S009536,C00723,2025-01-07 15:10:20,paid_search,mobile,B,1,O003049
S009537,C00956,2025-12-31 14:55:22,social,desktop,A,1,O003050
S009538,C00698,2025-12-18 18:38:37,organic,mobile,A,0,
S009539,C00351,2025-06-27 08:58:06,organic,mobile,B,1,O003051
S009540,C00675,2025-08-26 12:42:26,paid_search,mobile,B,0,
S009541,C01807,2025-09-05 11:01:32,paid_search,desktop,B,0,
S009542,C01348,2025-08-12 14:07:09,email,mobile,A,1,O003052
S009543,C00684,2025-04-19 13:03:53,paid_search,desktop,A,1,O003053
S009544,C00526,2025-03-24 20:45:11,organic,desktop,A,1,O003054
S009545,C00631,2025-11-16 18:28:57,social,tablet,B,1,O003055
S009546,C01486,2025-12-31 12:31:40,organic,mobile,A,0,
S009547,C00364,2025-03-15 21:36:39,social,tablet,A,0,
S009548,C01714,2025-08-27 09:25:30,email,mobile,A,0,
S009549,C00733,2025-09-08 21:12:40,referral,mobile,B,0,
S009550,C01443,2025-07-26 13:20:43,organic,tablet,B,1,O003056
S009551,C01618,2025-08-26 09:56:43,paid_search,desktop,A,1,O003057
S009552,C01065,2025-08-21 15:16:57,email,desktop,B,0,
S009553,C00539,2025-02-01 20:54:27,organic,desktop,B,1,O003058
S009554,C00438,2025-11-21 08:15:38,organic,mobile,A,0,
S009555,C01479,2025-12-23 09:05:23,email,mobile,B,1,O003059
S009556,C00958,2025-01-09 22:00:16,paid_search,mobile,A,0,
S009557,C00727,2025-09-28 20:30:59,referral,mobile,B,0,
S009558,C00662,2025-05-02 20:58:57,social,mobile,A,0,
S009559,C01478,2025-12-17 22:33:58,organic,desktop,A,0,
S009560,C01189,2025-01-10 12:28:25,email,desktop,B,1,O003060
S009561,C01648,2025-11-01 23:54:17,organic,mobile,A,1,O003061
S009562,C00723,2025-03-24 15:55:41,social,desktop,B,0,
S009563,C00951,2025-03-16 12:21:17,email,mobile,B,0,
S009564,C01501,2025-10-31 11:27:54,paid_search,mobile,B,0,
S009565,C00644,2025-12-16 19:55:27,referral,mobile,A,0,
S009566,C00422,2025-07-08 21:57:26,email,tablet,A,1,O003062
S009567,C01368,2025-07-03 13:18:32,email,mobile,A,1,O003063
S009568,C01288,2025-03-07 13:14:09,referral,desktop,A,1,O003064
S009569,C01191,2025-08-26 20:44:37,email,mobile,B,0,
S009570,C00037,2025-06-23 12:02:50,paid_search,desktop,B,1,O003065
S009571,C00285,2025-10-26 13:41:08,paid_search,mobile,B,0,
S009572,C01067,2025-10-25 14:26:23,paid_search,mobile,B,0,
S009573,C01958,2025-02-18 11:09:58,paid_search,desktop,A,0,
S009574,C00351,2025-10-26 07:07:47,email,mobile,B,0,
S009575,C00354,2025-08-26 13:14:25,referral,mobile,A,0,
S009576,C00895,2025-01-08 14:45:04,referral,mobile,B,0,
S009577,C00615,2025-06-06 07:33:38,paid_search,mobile,B,1,O003066
S009578,C00636,2025-03-20 17:28:46,organic,desktop,A,0,
S009579,C01228,2025-08-08 09:26:45,email,desktop,A,1,O003067
S009580,C01780,2025-09-12 13:54:43,organic,desktop,A,0,
S009581,C00930,2025-04-30 19:57:37,organic,mobile,A,1,O003068
S009582,C01196,2025-11-04 11:15:16,email,desktop,A,1,O003069
S009583,C00773,2025-01-16 09:04:13,paid_search,mobile,B,1,O003070
S009584,C00564,2025-10-07 08:04:49,referral,mobile,A,0,
S009585,C01075,2025-11-15 19:24:12,social,mobile,B,1,O003071
S009586,C01522,2025-09-27 17:11:05,organic,mobile,A,0,
S009587,C00232,2025-12-02 22:08:28,paid_search,mobile,A,1,O003072
S009588,C00568,2025-11-29 15:05:10,email,mobile,A,0,
S009589,C00561,2025-02-08 07:37:31,organic,desktop,B,0,
S009590,C01311,2025-11-05 18:15:02,paid_search,mobile,B,1,O003073
S009591,C01861,2025-04-27 14:58:03,paid_search,mobile,B,0,
S009592,C01954,2025-12-22 16:35:51,organic,mobile,A,1,O003074
S009593,C01009,2025-12-14 18:16:37,social,mobile,B,0,
S009594,C00349,2025-11-15 07:50:06,social,mobile,B,0,
S009595,C01819,2025-10-12 12:54:29,social,mobile,B,0,
S009596,C01716,2025-12-15 15:20:36,social,mobile,A,0,
S009597,C00502,2025-10-05 07:40:48,email,mobile,A,0,
S009598,C00363,2025-11-16 19:08:52,email,tablet,B,0,
S009599,C00063,2025-04-25 15:02:07,referral,mobile,B,0,
S009600,C01488,2025-11-26 20:06:37,email,mobile,A,0,
S009601,C01776,2025-10-12 10:33:20,organic,mobile,A,0,
S009602,C00454,2025-08-06 21:46:28,social,mobile,A,0,
S009603,C00338,2025-12-24 08:03:45,organic,desktop,A,0,
S009604,C00950,2025-04-14 23:15:37,organic,mobile,A,0,
S009605,C01301,2025-08-26 10:53:10,paid_search,mobile,B,0,
S009606,C01182,2025-04-16 10:47:42,social,mobile,A,0,
S009607,C01338,2025-10-17 14:51:53,referral,mobile,A,1,O003075
S009608,C01337,2025-02-21 22:49:48,email,desktop,B,1,O003076
S009609,C01816,2025-10-14 11:34:47,organic,mobile,A,0,
S009610,C01054,2025-12-27 23:40:13,paid_search,mobile,A,1,O003077
S009611,C01178,2025-11-24 10:40:39,social,mobile,A,0,
S009612,C00475,2025-11-15 10:28:08,email,desktop,B,0,
S009613,C00300,2025-01-12 08:18:59,social,mobile,A,1,O003078
S009614,C00403,2025-02-25 21:25:43,social,mobile,B,1,O003079
S009615,C01209,2025-04-23 23:44:54,social,tablet,B,0,
S009616,C01651,2025-08-03 08:17:44,email,mobile,B,1,O003080
S009617,C00947,2025-06-28 14:04:29,email,mobile,B,1,O003081
S009618,C00581,2025-11-14 12:13:36,social,mobile,B,0,
S009619,C01100,2025-07-02 20:10:07,paid_search,desktop,A,0,
S009620,C01875,2025-01-08 11:47:21,organic,desktop,B,0,
S009621,C00974,2025-11-20 14:41:26,paid_search,mobile,A,0,
S009622,C00157,2025-07-07 19:04:09,email,mobile,B,0,
S009623,C01471,2025-11-30 13:04:39,referral,mobile,B,1,O003082
S009624,C00335,2025-11-14 22:40:44,social,mobile,B,0,
S009625,C01226,2025-09-10 13:44:42,email,mobile,A,1,O003083
S009626,C00808,2025-12-04 16:30:01,referral,mobile,A,0,
S009627,C00016,2025-05-17 23:52:55,organic,mobile,A,0,
S009628,C00137,2025-05-10 19:30:43,paid_search,desktop,B,0,
S009629,C00544,2025-03-31 11:57:53,social,mobile,A,1,O003084
S009630,C01568,2025-11-11 22:50:32,referral,mobile,A,1,O003085
S009631,C00216,2025-12-17 08:14:42,social,desktop,A,1,O003086
S009632,C01857,2025-04-15 16:26:27,organic,mobile,B,0,
S009633,C01240,2025-11-12 16:08:49,social,mobile,A,1,O003087
S009634,C01816,2025-05-19 17:28:03,social,mobile,A,0,
S009635,C00400,2025-06-07 17:15:35,email,desktop,A,0,
S009636,C00004,2025-05-17 11:58:16,email,desktop,A,1,O003088
S009637,C01332,2025-09-05 11:34:52,paid_search,desktop,A,1,O003089
S009638,C00587,2025-08-18 11:47:45,email,mobile,B,0,
S009639,C00648,2025-09-06 14:21:05,social,mobile,A,1,O003090
S009640,C01361,2025-09-23 22:28:01,paid_search,mobile,B,0,
S009641,C01038,2025-02-11 18:10:50,referral,desktop,A,0,
S009642,C00617,2025-02-15 19:17:45,social,mobile,B,1,O003091
S009643,C00171,2025-12-10 18:31:12,paid_search,mobile,B,0,
S009644,C01254,2025-04-17 09:44:39,referral,mobile,A,0,
S009645,C01518,2025-09-11 09:32:45,referral,desktop,A,0,
S009646,C00951,2025-10-01 08:22:19,referral,mobile,B,1,O003092
S009647,C01750,2025-06-12 17:43:25,email,mobile,A,1,O003093
S009648,C00617,2025-10-29 17:43:28,paid_search,desktop,B,1,O003094
S009649,C01549,2025-05-12 21:49:41,organic,mobile,B,0,
S009650,C00158,2025-05-10 13:39:53,paid_search,mobile,A,0,
S009651,C00176,2025-05-04 10:55:06,paid_search,desktop,A,1,O003095
S009652,C00376,2025-07-23 16:47:47,social,desktop,A,0,
S009653,C00238,2025-04-19 10:12:39,referral,mobile,A,0,
S009654,C01533,2025-02-27 07:50:44,email,desktop,B,1,O003096
S009655,C01817,2025-08-30 17:11:23,paid_search,mobile,B,1,O003097
S009656,C01009,2025-10-25 16:58:49,organic,tablet,B,1,O003098
S009657,C00370,2025-08-18 13:33:06,social,desktop,A,0,
S009658,C00648,2025-11-15 19:14:08,paid_search,desktop,A,0,
S009659,C01645,2025-03-25 16:25:40,organic,desktop,B,1,O003099
S009660,C01738,2025-03-04 20:36:28,organic,tablet,A,1,O003100
S009661,C00342,2025-01-30 20:43:44,email,desktop,A,0,
S009662,C01822,2025-05-14 08:09:04,email,desktop,A,0,
S009663,C00031,2025-12-19 19:19:35,paid_search,mobile,B,0,
S009664,C01172,2025-01-14 21:52:22,paid_search,mobile,A,0,
S009665,C01735,2025-07-07 21:29:02,social,desktop,B,0,
S009666,C01573,2025-02-10 08:22:36,email,mobile,B,1,O003101
S009667,C00020,2025-03-28 23:37:01,paid_search,mobile,A,1,O003102
S009668,C01137,2025-12-26 14:20:08,organic,mobile,B,0,
S009669,C00163,2025-06-30 13:13:55,organic,mobile,B,0,
S009670,C00266,2025-08-21 16:35:55,email,tablet,A,1,O003103
S009671,C00595,2025-05-20 11:00:20,organic,mobile,B,0,
S009672,C01815,2025-11-20 09:21:11,social,mobile,B,0,
S009673,C00472,2025-12-31 16:53:49,paid_search,mobile,A,0,
S009674,C00944,2025-01-17 16:07:13,email,desktop,A,1,O003104
S009675,C01983,2025-04-03 23:48:24,email,tablet,B,0,
S009676,C01348,2025-10-16 12:01:58,organic,mobile,A,0,
S009677,C00693,2025-07-26 18:56:47,paid_search,mobile,B,1,O003105
S009678,C01275,2025-12-27 20:27:44,social,mobile,B,0,
S009679,C01228,2025-10-28 14:50:12,email,mobile,A,0,
S009680,C01676,2025-11-11 08:45:23,referral,mobile,A,0,
S009681,C01357,2025-06-02 14:30:09,email,mobile,B,1,O003106
S009682,C01497,2025-07-27 18:59:09,referral,desktop,B,1,O003107
S009683,C01805,2025-07-08 22:54:47,organic,mobile,B,1,O003108
S009684,C00349,2025-05-27 14:10:00,organic,desktop,B,0,
S009685,C01669,2025-07-19 20:49:17,social,desktop,B,0,
S009686,C01487,2025-05-25 16:42:30,social,mobile,B,0,
S009687,C00829,2025-11-13 08:38:04,email,mobile,B,1,O003109
S009688,C00646,2025-11-05 20:37:32,social,mobile,A,0,
S009689,C01753,2025-06-16 08:01:43,referral,desktop,B,0,
S009690,C01279,2025-06-09 16:04:31,email,mobile,B,0,
S009691,C00310,2025-05-01 20:38:58,organic,mobile,A,1,O003110
S009692,C00951,2025-01-18 13:08:37,organic,mobile,B,0,
S009693,C01151,2025-09-14 13:40:23,organic,mobile,B,1,O003111
S009694,C00807,2025-10-30 15:32:50,email,mobile,B,1,O003112
S009695,C00347,2025-12-23 08:39:00,email,tablet,B,1,O003113
S009696,C00673,2025-05-13 10:51:01,social,desktop,B,0,
S009697,C00313,2025-01-28 18:39:21,organic,mobile,B,0,
S009698,C00157,2025-06-03 18:18:06,referral,mobile,B,0,
S009699,C00285,2025-01-15 12:49:08,referral,tablet,B,0,
S009700,C01409,2025-03-26 18:07:31,social,mobile,B,1,O003114
S009701,C00391,2025-07-20 16:34:39,organic,tablet,B,0,
S009702,C00359,2025-04-30 17:47:59,organic,mobile,B,1,O003115
S009703,C01964,2025-03-21 18:11:36,email,desktop,A,0,
S009704,C01241,2025-01-02 16:39:31,social,mobile,B,0,
S009705,C00776,2025-10-22 21:59:52,referral,desktop,A,0,
S009706,C00685,2025-06-26 16:03:49,paid_search,desktop,B,1,O003116
S009707,C01014,2025-07-16 14:28:21,paid_search,desktop,A,0,
S009708,C00644,2025-04-18 14:41:31,social,desktop,A,0,
S009709,C00050,2025-12-19 12:33:17,organic,mobile,A,0,
S009710,C01712,2025-03-10 07:04:40,social,desktop,A,1,O003117
S009711,C00518,2025-07-31 20:33:26,social,mobile,A,0,
S009712,C01526,2025-11-22 08:42:23,organic,mobile,A,0,
S009713,C01394,2025-06-23 12:20:49,organic,desktop,A,1,O003118
S009714,C00213,2025-10-18 17:00:59,paid_search,mobile,B,0,
S009715,C01798,2025-05-06 21:26:12,paid_search,desktop,A,0,
S009716,C01463,2025-06-09 12:20:04,organic,mobile,B,0,
S009717,C00735,2025-12-01 23:24:11,social,mobile,B,0,
S009718,C01844,2025-06-15 15:51:08,paid_search,desktop,A,0,
S009719,C00548,2025-09-01 10:29:24,organic,mobile,A,1,O003119
S009720,C00044,2025-12-20 08:23:18,social,desktop,A,1,O003120
S009721,C01506,2025-09-16 14:21:19,referral,mobile,A,1,O003121
S009722,C01413,2025-09-19 13:59:29,referral,mobile,B,0,
S009723,C00359,2025-12-23 16:08:06,referral,mobile,B,1,O003122
S009724,C00254,2025-07-10 12:29:56,referral,mobile,A,0,
S009725,C01938,2025-09-27 13:01:14,referral,mobile,A,0,
S009726,C01305,2025-08-14 21:43:59,referral,mobile,B,0,
S009727,C00539,2025-05-30 12:05:07,email,mobile,B,0,
S009728,C00870,2025-09-02 11:37:15,organic,desktop,A,0,
S009729,C01470,2025-10-23 13:39:45,organic,mobile,A,1,O003123
S009730,C01840,2025-05-13 21:41:18,organic,mobile,A,1,O003124
S009731,C01077,2025-04-22 19:08:31,organic,mobile,B,0,
S009732,C01013,2025-10-17 22:23:22,organic,mobile,B,0,
S009733,C00010,2025-12-16 19:10:54,paid_search,desktop,A,0,
S009734,C00384,2025-05-09 22:35:19,referral,mobile,A,0,
S009735,C00058,2025-09-03 19:43:05,email,tablet,A,0,
S009736,C01378,2025-05-20 20:34:53,social,mobile,A,1,O003125
S009737,C00919,2025-12-03 20:22:54,referral,desktop,B,0,
S009738,C00550,2025-08-23 17:10:23,organic,desktop,A,0,
S009739,C01061,2025-03-22 16:23:36,referral,mobile,B,0,
S009740,C01071,2025-05-08 07:58:55,organic,desktop,B,0,
S009741,C01127,2025-06-07 22:47:21,email,tablet,B,0,
S009742,C01862,2025-05-12 17:00:51,organic,mobile,A,0,
S009743,C00378,2025-03-07 21:58:12,paid_search,mobile,A,0,
S009744,C01984,2025-09-26 13:35:43,organic,mobile,A,0,
S009745,C01262,2025-03-08 09:29:22,paid_search,mobile,A,0,
S009746,C00477,2025-01-07 13:21:53,organic,desktop,B,0,
S009747,C00977,2025-06-22 20:44:06,referral,mobile,B,0,
S009748,C01076,2025-07-14 22:34:17,paid_search,desktop,A,1,O003126
S009749,C00172,2025-04-17 15:38:22,social,mobile,A,0,
S009750,C01276,2025-12-15 15:23:24,paid_search,mobile,A,0,
S009751,C00239,2025-05-14 12:55:38,social,mobile,B,0,
S009752,C00735,2025-08-04 20:58:50,organic,mobile,B,0,
S009753,C01030,2025-01-14 22:47:23,email,mobile,A,0,
S009754,C00410,2025-05-13 11:37:29,social,mobile,A,0,
S009755,C01882,2025-12-06 12:31:38,email,mobile,A,0,
S009756,C01113,2025-11-21 14:02:18,email,mobile,B,0,
S009757,C00619,2025-07-01 10:50:34,organic,desktop,B,1,O003127
S009758,C01902,2025-01-06 07:47:09,paid_search,desktop,A,1,O003128
S009759,C00856,2025-11-29 19:45:49,organic,mobile,A,1,O003129
S009760,C00025,2025-09-18 18:36:38,referral,mobile,B,0,
S009761,C01037,2025-06-16 08:42:41,paid_search,mobile,B,0,
S009762,C01919,2025-03-02 15:22:37,referral,mobile,B,0,
S009763,C00987,2025-02-09 07:41:49,paid_search,desktop,B,1,O003130
S009764,C00771,2025-06-08 09:55:40,social,desktop,B,0,
S009765,C01391,2025-12-06 14:48:27,email,desktop,B,0,
S009766,C01906,2025-03-13 12:22:56,organic,mobile,A,0,
S009767,C01213,2025-04-07 15:34:17,referral,mobile,B,1,O003131
S009768,C01074,2025-07-02 21:07:07,paid_search,desktop,A,0,
S009769,C00507,2025-04-30 07:28:06,organic,mobile,B,0,
S009770,C01701,2025-10-21 22:11:58,organic,mobile,B,0,
S009771,C00201,2025-03-22 12:27:53,email,mobile,B,0,
S009772,C01005,2025-09-11 23:59:07,paid_search,mobile,B,0,
S009773,C00806,2025-12-19 15:16:53,organic,mobile,A,0,
S009774,C01615,2025-12-26 19:09:29,paid_search,mobile,B,1,O003132
S009775,C01982,2025-12-29 22:45:49,paid_search,desktop,A,0,
S009776,C00458,2025-02-07 18:11:40,email,mobile,A,0,
S009777,C01026,2025-06-16 18:43:30,referral,desktop,A,0,
S009778,C00345,2025-12-26 08:03:35,referral,mobile,B,0,
S009779,C01815,2025-04-05 23:14:05,organic,desktop,B,0,
S009780,C01910,2025-12-09 16:22:41,organic,mobile,A,1,O003133
S009781,C01955,2025-01-17 14:21:16,email,desktop,B,0,
S009782,C00100,2025-11-18 19:16:15,social,mobile,A,0,
S009783,C01197,2025-02-01 12:24:30,organic,mobile,B,0,
S009784,C01440,2025-05-18 18:44:38,organic,desktop,A,0,
S009785,C00796,2025-10-15 19:33:26,organic,mobile,A,0,
S009786,C01775,2025-08-29 20:28:08,organic,mobile,B,0,
S009787,C00680,2025-07-18 08:12:09,paid_search,mobile,A,0,
S009788,C01853,2025-03-27 09:20:35,social,tablet,B,0,
S009789,C01958,2025-03-14 20:53:33,email,mobile,A,1,O003134
S009790,C00698,2025-09-18 20:09:17,social,mobile,A,1,O003135
S009791,C01220,2025-01-24 07:07:59,social,mobile,A,1,O003136
S009792,C00231,2025-11-06 13:57:27,organic,mobile,B,0,
S009793,C00053,2025-03-05 22:33:06,paid_search,mobile,B,0,
S009794,C00701,2025-11-24 15:36:54,paid_search,desktop,B,1,O003137
S009795,C00572,2025-12-22 20:12:42,paid_search,mobile,A,0,
S009796,C01222,2025-11-01 07:15:51,referral,mobile,A,1,O003138
S009797,C00043,2025-06-04 19:39:05,email,mobile,B,1,O003139
S009798,C00615,2025-01-05 14:40:20,paid_search,mobile,B,0,
S009799,C01896,2025-05-22 21:09:21,social,desktop,A,0,
S009800,C01259,2025-11-03 18:51:29,organic,desktop,B,0,
S009801,C01537,2025-10-07 22:55:31,organic,mobile,B,0,
S009802,C01813,2025-12-06 14:49:30,organic,mobile,B,0,
S009803,C01960,2025-09-30 18:55:52,email,mobile,A,0,
S009804,C01293,2025-06-14 18:30:13,referral,mobile,B,1,O003140
S009805,C00653,2025-03-01 21:17:34,referral,mobile,B,1,O003141
S009806,C00970,2025-09-06 08:45:52,organic,mobile,A,0,
S009807,C01385,2025-06-15 23:28:28,paid_search,mobile,B,0,
S009808,C01378,2025-06-19 16:52:14,social,desktop,A,0,
S009809,C01616,2025-07-11 16:17:10,organic,desktop,A,0,
S009810,C00041,2025-08-04 23:01:24,social,mobile,B,0,
S009811,C00871,2025-09-24 21:40:12,organic,mobile,B,0,
S009812,C00549,2025-08-07 13:33:48,email,mobile,B,0,
S009813,C00832,2025-11-05 15:05:38,referral,mobile,A,1,O003142
S009814,C00702,2025-07-11 14:25:35,social,mobile,A,0,
S009815,C00891,2025-12-10 20:50:30,paid_search,desktop,B,0,
S009816,C01501,2025-12-26 08:21:52,organic,mobile,B,1,O003143
S009817,C01208,2025-03-12 12:08:56,organic,mobile,A,0,
S009818,C00004,2025-10-30 10:07:29,organic,desktop,A,0,
S009819,C00864,2025-04-23 16:54:09,paid_search,desktop,A,0,
S009820,C00738,2025-01-13 08:19:23,social,desktop,A,0,
S009821,C00741,2025-08-28 20:09:11,organic,mobile,B,1,O003144
S009822,C01950,2025-01-03 21:01:21,organic,mobile,A,1,O003145
S009823,C00965,2025-04-06 16:17:32,organic,mobile,B,0,
S009824,C01457,2025-05-25 16:41:21,social,desktop,B,0,
S009825,C01579,2025-12-27 18:06:17,paid_search,mobile,B,0,
S009826,C00506,2025-12-05 07:48:48,social,mobile,A,0,
S009827,C00323,2025-09-18 12:49:02,organic,mobile,B,0,
S009828,C01194,2025-07-18 09:19:14,email,mobile,A,0,
S009829,C00939,2025-10-12 16:23:20,social,desktop,B,1,O003146
S009830,C00238,2025-06-23 13:06:53,organic,tablet,A,0,
S009831,C00554,2025-11-29 23:06:50,paid_search,tablet,A,0,
S009832,C01145,2025-03-21 21:54:29,email,desktop,B,0,
S009833,C01344,2025-03-27 17:35:30,email,desktop,A,1,O003147
S009834,C00882,2025-12-22 23:19:59,email,mobile,A,0,
S009835,C01696,2025-02-22 14:09:29,organic,desktop,A,0,
S009836,C00108,2025-08-02 08:57:52,paid_search,desktop,A,1,O003148
S009837,C00147,2025-06-17 10:25:46,social,mobile,B,0,
S009838,C00517,2025-05-31 10:55:01,paid_search,mobile,B,1,O003149
S009839,C00289,2025-07-02 12:37:53,referral,mobile,B,0,
S009840,C01122,2025-12-10 07:01:27,paid_search,mobile,A,0,
S009841,C01323,2025-07-06 23:56:21,paid_search,mobile,B,0,
S009842,C00649,2025-03-20 09:16:10,email,desktop,B,0,
S009843,C01198,2025-10-12 16:06:42,organic,mobile,A,1,O003150
S009844,C01517,2025-05-26 13:58:12,email,mobile,B,1,O003151
S009845,C01868,2025-12-02 20:06:51,referral,desktop,A,1,O003152
S009846,C00912,2025-07-06 19:25:19,email,mobile,A,0,
S009847,C01989,2025-06-19 11:28:32,paid_search,tablet,B,1,O003153
S009848,C01560,2025-08-06 07:47:40,referral,desktop,A,0,
S009849,C00844,2025-04-24 16:11:25,organic,mobile,A,0,
S009850,C00476,2025-07-20 07:06:45,social,mobile,A,1,O003154
S009851,C01258,2025-02-04 19:15:30,email,mobile,A,0,
S009852,C01596,2025-03-24 14:02:28,referral,mobile,A,1,O003155
S009853,C00432,2025-12-11 11:51:16,email,mobile,A,1,O003156
S009854,C01459,2025-08-01 10:16:27,referral,mobile,B,1,O003157
S009855,C00525,2025-08-05 12:11:57,social,mobile,B,0,
S009856,C01094,2025-12-14 22:13:11,email,mobile,A,1,O003158
S009857,C00394,2025-11-01 17:01:08,paid_search,tablet,A,0,
S009858,C00249,2025-03-28 14:31:12,social,desktop,B,0,
S009859,C01363,2025-07-08 22:57:19,organic,mobile,B,1,O003159
S009860,C01308,2025-06-11 18:57:47,referral,desktop,A,0,
S009861,C01823,2025-05-11 08:37:10,email,mobile,B,0,
S009862,C00795,2025-12-05 19:53:24,email,mobile,B,0,
S009863,C01734,2025-10-22 20:18:55,email,mobile,A,0,
S009864,C00364,2025-07-09 16:15:26,referral,mobile,A,0,
S009865,C01361,2025-05-21 23:48:02,organic,tablet,B,1,O003160
S009866,C01084,2025-12-05 09:02:57,email,desktop,A,0,
S009867,C00485,2025-04-10 17:08:13,social,desktop,B,0,
S009868,C00268,2025-08-28 16:03:33,referral,mobile,A,1,O003161
S009869,C00983,2025-06-25 07:12:09,organic,mobile,B,1,O003162
S009870,C00034,2025-10-31 22:10:21,organic,mobile,A,0,
S009871,C01549,2025-10-05 12:42:03,paid_search,desktop,B,0,
S009872,C01204,2025-09-27 15:03:43,organic,mobile,A,0,
S009873,C00306,2025-04-20 23:07:09,paid_search,mobile,A,0,
S009874,C00485,2025-05-18 12:59:58,paid_search,mobile,B,1,O003163
S009875,C01778,2025-06-24 23:42:00,organic,mobile,A,0,
S009876,C01278,2025-12-27 12:05:31,referral,mobile,A,1,O003164
S009877,C01466,2025-09-23 22:05:37,email,desktop,A,0,
S009878,C00308,2025-11-15 20:07:26,paid_search,mobile,A,0,
S009879,C01503,2025-01-11 12:33:08,organic,tablet,B,0,
S009880,C01024,2025-06-19 19:13:27,organic,mobile,A,1,O003165
S009881,C00828,2025-11-01 17:32:35,social,desktop,A,0,
S009882,C01939,2025-02-05 14:44:42,email,mobile,B,0,
S009883,C01377,2025-07-17 13:29:04,social,mobile,B,0,
S009884,C01987,2025-05-26 18:40:30,organic,desktop,B,1,O003166
S009885,C00947,2025-08-13 17:16:44,organic,mobile,B,1,O003167
S009886,C01429,2025-08-11 17:24:10,social,mobile,B,1,O003168
S009887,C01109,2025-01-18 07:58:17,email,desktop,B,1,O003169
S009888,C00311,2025-08-20 17:18:38,organic,desktop,B,0,
S009889,C01555,2025-10-22 18:31:52,paid_search,tablet,B,0,
S009890,C01864,2025-03-24 19:40:19,organic,mobile,A,0,
S009891,C01568,2025-05-07 19:03:25,paid_search,desktop,A,0,
S009892,C00398,2025-08-04 16:33:54,referral,desktop,A,0,
S009893,C01972,2025-06-11 19:19:03,email,mobile,A,1,O003170
S009894,C01640,2025-04-06 22:58:09,email,mobile,A,1,O003171
S009895,C01147,2025-05-22 09:19:11,paid_search,desktop,B,0,
S009896,C01494,2025-07-02 20:15:21,social,mobile,A,0,
S009897,C00556,2025-10-06 08:39:18,paid_search,desktop,A,0,
S009898,C01056,2025-01-07 08:52:36,social,tablet,A,0,
S009899,C01292,2025-03-31 09:40:36,referral,mobile,A,1,O003172
S009900,C01757,2025-12-21 08:52:31,organic,mobile,B,0,
S009901,C01969,2025-06-19 12:55:24,social,desktop,B,1,O003173
S009902,C01579,2025-01-19 19:22:48,referral,mobile,B,1,O003174
S009903,C01249,2025-04-12 17:37:30,paid_search,tablet,B,0,
S009904,C01587,2025-07-17 19:40:54,organic,mobile,B,0,
S009905,C01312,2025-07-19 15:49:11,social,desktop,A,0,
S009906,C00064,2025-07-02 09:40:36,email,desktop,A,1,O003175
S009907,C01309,2025-02-21 18:53:00,organic,mobile,B,0,
S009908,C00172,2025-12-13 12:51:49,email,mobile,A,0,
S009909,C01072,2025-01-22 20:17:55,social,mobile,A,1,O003176
S009910,C01749,2025-10-14 19:10:18,paid_search,desktop,B,0,
S009911,C00003,2025-03-12 17:39:37,referral,mobile,B,1,O003177
S009912,C00177,2025-01-17 21:15:38,paid_search,mobile,B,1,O003178
S009913,C01590,2025-09-08 13:43:01,email,desktop,A,0,
S009914,C00160,2025-02-27 08:11:54,social,desktop,A,0,
S009915,C01157,2025-11-28 16:32:50,social,desktop,B,1,O003179
S009916,C00515,2025-04-07 08:00:59,paid_search,desktop,B,0,
S009917,C01733,2025-09-19 23:23:24,referral,mobile,B,0,
S009918,C00586,2025-10-16 13:18:11,email,mobile,A,0,
S009919,C01653,2025-08-27 07:17:46,social,desktop,B,0,
S009920,C01179,2025-12-31 22:02:02,organic,mobile,B,0,
S009921,C00579,2025-07-25 18:26:15,paid_search,mobile,B,0,
S009922,C01288,2025-10-04 10:17:40,referral,tablet,A,1,O003180
S009923,C00268,2025-02-08 09:54:10,email,mobile,A,0,
S009924,C00921,2025-03-26 22:34:38,paid_search,desktop,B,1,O003181
S009925,C00385,2025-06-13 08:06:18,paid_search,mobile,B,0,
S009926,C01870,2025-03-26 20:41:18,organic,mobile,A,0,
S009927,C01097,2025-09-02 13:14:43,email,desktop,B,1,O003182
S009928,C01833,2025-04-30 20:58:39,social,mobile,B,0,
S009929,C00496,2025-06-22 14:39:35,organic,mobile,A,0,
S009930,C01927,2025-01-09 18:18:01,paid_search,desktop,B,0,
S009931,C00689,2025-07-29 09:02:40,email,desktop,B,0,
S009932,C00865,2025-07-29 18:33:42,email,mobile,B,0,
S009933,C00418,2025-05-11 08:09:26,email,mobile,A,0,
S009934,C00651,2025-05-21 11:40:16,email,mobile,B,0,
S009935,C01217,2025-05-26 15:41:42,paid_search,mobile,B,0,
S009936,C01428,2025-11-21 12:02:56,organic,desktop,A,0,
S009937,C01644,2025-01-08 21:13:51,paid_search,desktop,A,0,
S009938,C01036,2025-06-08 22:20:57,paid_search,mobile,A,0,
S009939,C00966,2025-04-26 19:41:03,organic,tablet,A,1,O003183
S009940,C01745,2025-09-25 11:53:07,paid_search,mobile,B,1,O003184
S009941,C01140,2025-06-16 21:18:40,social,mobile,A,1,O003185
S009942,C00006,2025-02-08 13:16:23,referral,desktop,A,1,O003186
S009943,C01988,2025-08-21 18:08:46,email,desktop,A,0,
S009944,C01425,2025-01-18 07:38:39,social,mobile,B,0,
S009945,C00736,2025-01-29 20:01:31,email,desktop,A,1,O003187
S009946,C00210,2025-07-26 10:55:26,organic,mobile,A,0,
S009947,C01586,2025-06-06 19:57:32,referral,tablet,A,0,
S009948,C00842,2025-12-30 07:27:51,paid_search,mobile,A,1,O003188
S009949,C00146,2025-11-23 10:22:05,organic,mobile,A,0,
S009950,C00875,2025-10-07 15:16:41,paid_search,mobile,B,1,O003189
S009951,C00987,2025-06-18 17:08:26,referral,mobile,B,1,O003190
S009952,C01831,2025-09-27 12:13:23,email,mobile,B,1,O003191
S009953,C00832,2025-12-13 12:47:52,social,mobile,A,0,
S009954,C01053,2025-11-10 16:32:06,email,desktop,B,1,O003192
S009955,C00378,2025-06-20 19:53:59,paid_search,desktop,A,0,
S009956,C01785,2025-12-06 21:07:41,organic,mobile,B,1,O003193
S009957,C00845,2025-02-08 08:52:57,paid_search,desktop,B,0,
S009958,C01085,2025-07-27 20:35:17,social,mobile,B,0,
S009959,C01012,2025-03-31 20:35:46,email,mobile,A,0,
S009960,C01930,2025-01-21 09:21:53,social,desktop,A,0,
S009961,C00447,2025-12-01 23:25:17,email,mobile,B,1,O003194
S009962,C01146,2025-12-12 11:50:53,email,desktop,A,1,O003195
S009963,C00154,2025-05-20 21:31:44,social,mobile,A,0,
S009964,C00435,2025-03-25 15:10:07,referral,mobile,B,0,
S009965,C00730,2025-05-21 17:38:38,social,tablet,A,0,
S009966,C01269,2025-01-07 16:04:34,social,desktop,B,0,
S009967,C00124,2025-11-12 07:09:18,email,mobile,A,1,O003196
S009968,C00168,2025-10-03 16:25:39,organic,mobile,A,1,O003197
S009969,C00611,2025-11-08 20:08:12,social,desktop,B,0,
S009970,C00740,2025-05-20 15:05:38,referral,desktop,A,0,
S009971,C00232,2025-02-10 18:46:17,social,mobile,A,1,O003198
S009972,C01898,2025-08-08 10:08:29,organic,desktop,A,0,
S009973,C00992,2025-12-13 16:33:31,organic,mobile,A,1,O003199
S009974,C00441,2025-09-03 18:12:48,social,mobile,B,0,
S009975,C00709,2025-12-24 09:46:30,paid_search,mobile,B,1,O003200
S009976,C00077,2025-03-22 16:44:38,organic,mobile,B,0,
S009977,C00155,2025-11-30 18:23:13,social,mobile,B,0,
S009978,C00158,2025-11-29 22:21:58,paid_search,mobile,A,0,
S009979,C01626,2025-07-03 11:04:46,paid_search,mobile,A,0,
S009980,C00506,2025-10-07 16:46:03,social,mobile,A,0,
S009981,C00982,2025-05-06 10:38:15,social,mobile,A,0,
S009982,C01294,2025-04-14 14:55:28,email,mobile,A,1,O003201
S009983,C01834,2025-11-01 12:12:53,email,desktop,A,0,
S009984,C00119,2025-07-30 21:20:04,organic,mobile,B,0,
S009985,C00437,2025-11-05 09:53:47,referral,mobile,B,0,
S009986,C01620,2025-02-14 21:29:09,social,mobile,A,0,
S009987,C00451,2025-03-12 12:19:17,social,mobile,B,1,O003202
S009988,C01601,2025-12-19 12:33:36,email,mobile,B,1,O003203
S009989,C00095,2025-06-28 09:25:49,email,desktop,B,1,O003204
S009990,C00284,2025-10-06 21:59:02,email,mobile,A,0,
S009991,C00987,2025-09-14 10:07:56,organic,mobile,B,0,
S009992,C00767,2025-01-11 21:04:41,organic,mobile,B,0,
S009993,C00082,2025-10-18 15:46:45,referral,mobile,A,1,O003205
S009994,C00904,2025-02-13 22:49:46,social,mobile,A,0,
S009995,C01011,2025-03-07 14:54:36,email,mobile,B,1,O003206
S009996,C00666,2025-10-03 20:38:04,paid_search,mobile,A,0,
S009997,C00241,2025-12-12 10:58:55,referral,desktop,B,0,
S009998,C00103,2025-12-08 15:07:11,paid_search,desktop,B,0,
S009999,C01393,2025-05-03 09:07:21,email,mobile,B,0,
S010000,C00320,2025-01-14 16:59:05,social,desktop,A,0,
S010001,C00830,2025-02-02 19:23:24,email,mobile,A,0,
S010002,C01111,2025-10-03 22:03:24,email,tablet,B,0,
S010003,C01095,2025-01-27 08:29:35,referral,mobile,B,1,O003207
S010004,C00092,2025-11-10 18:21:38,referral,mobile,A,1,O003208
S010005,C01874,2025-03-01 07:25:01,referral,mobile,A,0,
S010006,C00494,2025-12-06 19:25:34,paid_search,desktop,A,0,
S010007,C00962,2025-06-14 22:22:42,paid_search,tablet,A,0,
S010008,C00568,2025-09-03 11:43:10,social,mobile,A,0,
S010009,C00505,2025-09-24 08:09:25,paid_search,mobile,B,0,
S010010,C01400,2025-03-11 10:11:50,referral,desktop,A,1,O003209
S010011,C01169,2025-12-10 08:22:53,social,mobile,B,0,
S010012,C01834,2025-09-20 21:38:56,social,mobile,A,0,
S010013,C01985,2025-09-01 20:19:43,organic,mobile,B,1,O003210
S010014,C01378,2025-01-13 10:52:14,organic,desktop,A,0,
S010015,C00413,2025-10-05 15:15:23,social,desktop,B,0,
S010016,C00933,2025-04-14 07:00:14,referral,mobile,B,0,
S010017,C00018,2025-12-13 10:22:53,organic,mobile,A,1,O003211
S010018,C01801,2025-04-05 16:26:47,social,mobile,B,0,
S010019,C00510,2025-09-09 19:59:14,organic,mobile,A,0,
S010020,C01671,2025-05-13 13:50:27,social,mobile,B,0,
S010021,C00990,2025-02-15 22:49:46,social,mobile,A,0,
S010022,C00886,2025-04-21 15:53:20,referral,mobile,A,1,O003212
S010023,C01510,2025-01-28 23:53:37,paid_search,mobile,A,0,
S010024,C00499,2025-12-12 19:39:43,organic,mobile,B,0,
S010025,C00503,2025-03-25 09:41:35,referral,desktop,B,0,
S010026,C01259,2025-05-15 10:03:26,email,mobile,B,1,O003213
S010027,C01017,2025-11-14 13:38:49,social,desktop,B,0,
S010028,C00856,2025-05-23 07:13:00,email,desktop,A,1,O003214
S010029,C01976,2025-03-27 15:07:28,organic,desktop,A,1,O003215
S010030,C01018,2025-04-08 17:15:53,organic,desktop,A,0,
S010031,C01055,2025-10-23 20:44:28,referral,mobile,B,1,O003216
S010032,C01005,2025-06-09 07:21:21,organic,mobile,B,0,
S010033,C00692,2025-04-16 18:08:16,email,mobile,A,0,
S010034,C00487,2025-08-19 22:13:30,email,mobile,B,0,
S010035,C01346,2025-12-01 13:31:32,email,mobile,A,1,O003217
S010036,C01113,2025-03-17 22:30:13,email,mobile,B,1,O003218
S010037,C01610,2025-02-24 14:56:50,organic,tablet,A,1,O003219
S010038,C00174,2025-06-05 21:23:08,referral,mobile,A,0,
S010039,C00856,2025-09-09 16:06:11,paid_search,desktop,A,1,O003220
S010040,C01692,2025-01-09 16:16:20,paid_search,mobile,A,1,O003221
S010041,C00512,2025-08-24 21:12:14,email,desktop,A,0,
S010042,C01001,2025-11-18 12:20:25,referral,mobile,B,0,
S010043,C00197,2025-09-10 21:26:41,referral,mobile,B,0,
S010044,C00680,2025-11-13 13:54:10,social,mobile,A,0,
S010045,C00638,2025-09-14 14:02:33,organic,mobile,A,0,
S010046,C01813,2025-06-19 09:52:27,paid_search,desktop,B,1,O003222
S010047,C00362,2025-03-18 18:57:08,email,mobile,A,1,O003223
S010048,C00649,2025-12-23 23:24:10,organic,mobile,B,0,
S010049,C01068,2025-04-26 14:36:57,social,desktop,A,0,
S010050,C01500,2025-09-06 09:02:05,paid_search,desktop,A,0,
S010051,C00348,2025-06-12 13:24:55,organic,mobile,A,0,
S010052,C00198,2025-07-23 19:31:15,social,desktop,A,0,
S010053,C00903,2025-11-18 09:05:31,social,desktop,B,1,O003224
S010054,C01764,2025-02-22 23:05:17,email,desktop,A,0,
S010055,C00422,2025-10-07 09:54:04,social,desktop,A,0,
S010056,C00309,2025-11-21 13:45:39,paid_search,mobile,B,0,
S010057,C00697,2025-09-15 19:52:57,paid_search,mobile,B,1,O003225
S010058,C00276,2025-05-02 22:27:09,paid_search,mobile,A,0,
S010059,C00641,2025-04-01 15:27:54,organic,mobile,B,0,
S010060,C01545,2025-03-04 12:36:33,email,mobile,B,0,
S010061,C01883,2025-10-25 22:06:51,referral,mobile,B,0,
S010062,C01250,2025-08-21 19:22:10,referral,desktop,A,1,O003226
S010063,C00743,2025-11-21 17:10:12,email,mobile,B,1,O003227
S010064,C00209,2025-01-07 22:42:27,email,mobile,B,1,O003228
S010065,C00807,2025-05-01 23:41:28,social,mobile,B,0,
S010066,C00058,2025-11-19 08:57:25,organic,mobile,A,0,
S010067,C01318,2025-07-06 07:08:47,social,desktop,A,0,
S010068,C01316,2025-03-02 10:01:39,email,mobile,A,0,
S010069,C00610,2025-06-10 11:36:27,paid_search,mobile,A,1,O003229
S010070,C01182,2025-09-02 16:53:38,social,desktop,A,0,
S010071,C00132,2025-11-19 21:07:12,paid_search,mobile,A,1,O003230
S010072,C01607,2025-06-18 18:30:46,organic,mobile,B,0,
S010073,C00912,2025-07-08 21:43:00,paid_search,mobile,A,0,
S010074,C01105,2025-02-02 17:29:35,paid_search,desktop,B,1,O003231
S010075,C00962,2025-04-09 19:36:13,paid_search,desktop,A,0,
S010076,C01263,2025-09-16 20:52:35,email,tablet,B,1,O003232
S010077,C01283,2025-07-04 14:02:42,paid_search,desktop,B,1,O003233
S010078,C01444,2025-12-21 08:36:24,organic,desktop,A,0,
S010079,C01705,2025-10-09 17:49:03,email,mobile,B,0,
S010080,C01722,2025-02-13 13:32:00,paid_search,mobile,A,0,
S010081,C00866,2025-09-13 19:24:13,organic,mobile,A,1,O003234
S010082,C00196,2025-11-28 10:21:26,referral,desktop,A,0,
S010083,C00200,2025-02-26 13:24:03,social,mobile,A,0,
S010084,C01508,2025-01-29 19:21:15,email,mobile,A,0,
S010085,C01429,2025-12-26 21:53:43,email,desktop,B,0,
S010086,C01306,2025-04-18 07:51:52,paid_search,mobile,A,0,
S010087,C01585,2025-12-11 13:04:13,paid_search,mobile,B,0,
S010088,C00061,2025-07-06 17:15:32,email,desktop,B,1,O003235
S010089,C01152,2025-06-18 14:34:39,referral,desktop,A,0,
S010090,C00834,2025-04-16 19:29:41,paid_search,mobile,A,0,
S010091,C01953,2025-02-13 11:21:59,paid_search,mobile,B,1,O003236
S010092,C01579,2025-08-11 11:17:21,organic,tablet,B,1,O003237
S010093,C00760,2025-09-24 17:57:02,social,desktop,A,0,
S010094,C01081,2025-12-26 20:55:26,paid_search,desktop,B,0,
S010095,C00423,2025-09-01 15:02:07,social,mobile,B,1,O003238
S010096,C00438,2025-05-29 14:20:01,paid_search,desktop,A,1,O003239
S010097,C00033,2025-04-02 19:22:12,paid_search,desktop,B,0,
S010098,C01723,2025-09-19 14:12:58,paid_search,mobile,B,0,
S010099,C01036,2025-04-17 19:17:39,paid_search,desktop,A,0,
S010100,C01183,2025-11-08 17:15:24,paid_search,mobile,B,0,
S010101,C01826,2025-06-20 15:00:13,social,desktop,A,1,O003240
S010102,C00368,2025-04-16 23:46:59,email,mobile,A,0,
S010103,C01266,2025-08-11 11:10:08,social,desktop,A,0,
S010104,C00553,2025-01-20 19:29:22,paid_search,mobile,B,0,
S010105,C00763,2025-07-09 21:57:47,email,desktop,B,0,
S010106,C01178,2025-12-19 22:44:54,paid_search,mobile,A,1,O003241
S010107,C01022,2025-12-03 18:03:25,referral,mobile,A,0,
S010108,C00682,2025-07-10 23:48:53,email,desktop,A,0,
S010109,C01144,2025-08-23 09:37:52,organic,mobile,A,0,
S010110,C01897,2025-10-25 07:28:33,social,desktop,B,0,
S010111,C01990,2025-09-17 21:38:48,referral,mobile,A,1,O003242
S010112,C00921,2025-02-23 20:58:32,organic,mobile,B,0,
S010113,C00072,2025-11-20 12:43:12,social,mobile,A,1,O003243
S010114,C01052,2025-11-19 13:50:34,paid_search,desktop,A,1,O003244
S010115,C01639,2025-10-21 19:19:04,referral,tablet,B,1,O003245
S010116,C00335,2025-01-10 15:27:53,referral,desktop,B,0,
S010117,C01307,2025-11-24 19:47:41,email,mobile,B,1,O003246
S010118,C00599,2025-11-05 13:16:48,social,mobile,B,0,
S010119,C01174,2025-12-30 22:41:31,social,desktop,A,0,
S010120,C01165,2025-10-07 17:22:21,paid_search,tablet,B,1,O003247
S010121,C00476,2025-05-15 08:34:12,organic,mobile,A,0,
S010122,C00064,2025-03-12 17:00:34,paid_search,mobile,A,1,O003248
S010123,C00953,2025-06-09 16:48:41,organic,mobile,B,0,
S010124,C00255,2025-04-05 23:43:17,referral,mobile,B,1,O003249
S010125,C00265,2025-12-16 10:19:39,organic,tablet,B,1,O003250
S010126,C00172,2025-09-12 14:56:28,social,mobile,A,1,O003251
S010127,C00535,2025-11-28 23:20:18,social,mobile,B,0,
S010128,C01280,2025-11-06 22:48:21,organic,mobile,A,0,
S010129,C01337,2025-07-27 11:23:21,paid_search,mobile,B,0,
S010130,C00813,2025-12-19 20:58:40,paid_search,mobile,B,0,
S010131,C00118,2025-11-10 12:14:50,social,desktop,A,1,O003252
S010132,C01429,2025-05-21 07:17:14,organic,mobile,B,1,O003253
S010133,C00416,2025-03-26 23:08:18,paid_search,mobile,A,0,
S010134,C01741,2025-01-10 20:45:45,organic,mobile,B,0,
S010135,C00652,2025-09-07 18:55:56,organic,mobile,A,0,
S010136,C00203,2025-07-31 08:23:47,organic,mobile,B,1,O003254
S010137,C01631,2025-02-14 23:35:41,organic,mobile,B,0,
S010138,C01053,2025-03-18 16:29:49,social,desktop,B,0,
S010139,C00294,2025-09-13 20:58:26,email,mobile,A,1,O003255
S010140,C00870,2025-09-04 08:50:31,paid_search,mobile,A,0,
S010141,C00173,2025-11-21 21:28:18,organic,desktop,B,0,
S010142,C00867,2025-09-17 16:06:40,email,mobile,B,1,O003256
S010143,C01948,2025-04-14 10:45:13,organic,desktop,A,1,O003257
S010144,C01262,2025-12-26 23:31:41,email,mobile,A,0,
S010145,C01968,2025-06-26 19:58:00,social,desktop,A,0,
S010146,C01680,2025-01-16 08:27:46,organic,desktop,A,1,O003258
S010147,C00381,2025-10-15 16:30:54,referral,mobile,B,1,O003259
S010148,C00554,2025-08-21 22:28:18,social,mobile,A,0,
S010149,C00344,2025-10-20 19:51:22,organic,mobile,A,0,
S010150,C01331,2025-07-23 19:57:00,referral,mobile,B,1,O003260
S010151,C01617,2025-10-26 07:24:58,social,mobile,B,1,O003261
S010152,C01033,2025-09-04 13:15:07,email,desktop,B,0,
S010153,C01930,2025-10-25 15:45:26,social,desktop,A,0,
S010154,C00258,2025-11-05 11:52:44,email,mobile,A,0,
S010155,C00086,2025-12-20 09:02:34,social,mobile,A,0,
S010156,C00465,2025-07-19 22:56:36,paid_search,desktop,B,0,
S010157,C00318,2025-12-26 14:27:19,organic,mobile,A,0,
S010158,C01367,2025-12-25 09:20:30,organic,mobile,B,1,O003262
S010159,C00193,2025-12-18 09:30:48,social,mobile,B,0,
S010160,C01088,2025-12-12 18:42:37,social,desktop,A,0,
S010161,C01745,2025-12-30 18:49:14,organic,desktop,B,0,
S010162,C00771,2025-05-13 19:15:19,referral,mobile,B,0,
S010163,C01960,2025-11-26 19:43:09,referral,mobile,A,0,
S010164,C01940,2025-05-27 19:52:33,email,mobile,A,0,
S010165,C01375,2025-06-09 09:41:59,organic,desktop,B,1,O003263
S010166,C01104,2025-08-14 15:53:39,social,desktop,A,0,
S010167,C01458,2025-07-08 09:32:11,organic,desktop,A,1,O003264
S010168,C00993,2025-07-01 14:25:18,organic,tablet,B,1,O003265
S010169,C01558,2025-02-07 08:50:42,referral,desktop,A,1,O003266
S010170,C00886,2025-12-01 13:40:05,email,desktop,A,1,O003267
S010171,C00655,2025-09-15 10:16:36,organic,tablet,B,0,
S010172,C01358,2025-10-18 17:41:01,email,mobile,A,1,O003268
S010173,C00419,2025-05-17 18:55:17,paid_search,mobile,B,0,
S010174,C01662,2025-11-10 07:14:55,organic,desktop,A,0,
S010175,C01808,2025-11-27 15:15:55,organic,tablet,A,1,O003269
S010176,C00622,2025-09-16 07:09:42,email,desktop,A,0,
S010177,C01727,2025-12-29 12:37:34,referral,mobile,B,0,
S010178,C00211,2025-02-10 21:59:31,organic,desktop,B,1,O003270
S010179,C00828,2025-01-28 22:19:12,paid_search,mobile,A,0,
S010180,C00029,2025-01-07 10:09:48,paid_search,desktop,B,0,
S010181,C01191,2025-05-06 11:34:50,organic,desktop,B,0,
S010182,C00828,2025-06-29 23:11:50,social,desktop,A,0,
S010183,C01824,2025-07-28 21:15:21,organic,mobile,A,0,
S010184,C01540,2025-02-09 19:01:24,organic,mobile,A,1,O003271
S010185,C01048,2025-03-10 11:29:07,social,desktop,A,0,
S010186,C00785,2025-12-20 11:27:54,social,desktop,B,0,
S010187,C01995,2025-06-26 21:08:18,organic,mobile,B,1,O003272
S010188,C01051,2025-01-30 13:18:00,referral,desktop,B,1,O003273
S010189,C00080,2025-04-30 14:27:51,social,mobile,A,1,O003274
S010190,C00936,2025-07-16 19:13:53,organic,desktop,A,0,
S010191,C01511,2025-10-24 16:34:53,organic,mobile,B,0,
S010192,C00904,2025-11-03 11:21:44,organic,mobile,A,1,O003275
S010193,C01311,2025-01-20 19:13:53,organic,desktop,B,0,
S010194,C01081,2025-02-26 14:44:04,organic,tablet,B,1,O003276
S010195,C00619,2025-08-25 12:36:35,referral,mobile,B,0,
S010196,C01026,2025-12-22 21:31:35,paid_search,desktop,A,1,O003277
S010197,C01117,2025-12-06 22:03:19,organic,desktop,B,1,O003278
S010198,C01643,2025-02-13 18:44:41,referral,desktop,B,1,O003279
S010199,C01926,2025-06-13 22:08:40,social,mobile,A,1,O003280
S010200,C00743,2025-05-11 15:17:22,organic,mobile,B,1,O003281
S010201,C01522,2025-08-13 14:48:31,organic,mobile,A,1,O003282
S010202,C01549,2025-01-05 20:11:59,paid_search,desktop,B,0,
S010203,C01841,2025-12-25 07:52:19,referral,desktop,B,0,
S010204,C00533,2025-08-22 20:16:20,referral,mobile,B,0,
S010205,C00492,2025-09-16 14:20:50,email,mobile,A,1,O003283
S010206,C00275,2025-05-29 12:27:44,referral,tablet,B,0,
S010207,C01861,2025-10-28 14:15:08,organic,tablet,B,1,O003284
S010208,C01251,2025-02-10 15:44:30,paid_search,tablet,B,1,O003285
S010209,C01044,2025-11-29 18:57:20,organic,desktop,A,1,O003286
S010210,C01949,2025-09-25 18:09:57,email,tablet,B,1,O003287
S010211,C00047,2025-07-09 12:04:17,social,mobile,B,0,
S010212,C01174,2025-12-07 19:35:01,social,mobile,A,0,
S010213,C00537,2025-04-06 07:18:07,email,mobile,B,0,
S010214,C00559,2025-12-29 22:39:51,referral,mobile,B,1,O003288
S010215,C00371,2025-03-15 19:03:32,organic,mobile,B,0,
S010216,C01600,2025-09-29 20:52:08,organic,tablet,A,0,
S010217,C01094,2025-11-02 23:29:13,email,mobile,A,1,O003289
S010218,C00736,2025-01-12 14:46:46,paid_search,tablet,A,0,
S010219,C00517,2025-06-11 20:19:14,social,mobile,B,0,
S010220,C01827,2025-09-08 11:27:12,email,mobile,B,1,O003290
S010221,C00951,2025-08-27 08:33:43,referral,desktop,B,0,
S010222,C01823,2025-08-06 08:40:25,referral,desktop,B,1,O003291
S010223,C01739,2025-03-09 20:32:04,email,mobile,B,0,
S010224,C00711,2025-06-20 07:07:08,organic,mobile,B,1,O003292
S010225,C01865,2025-10-24 13:28:14,organic,desktop,B,0,
S010226,C00880,2025-12-29 23:57:15,email,mobile,A,0,
S010227,C00270,2025-01-08 11:21:40,social,desktop,A,0,
S010228,C01085,2025-12-11 11:12:04,social,desktop,B,0,
S010229,C00594,2025-06-12 08:54:33,social,mobile,A,0,
S010230,C00685,2025-03-12 22:35:55,social,desktop,B,1,O003293
S010231,C01430,2025-01-06 20:30:23,paid_search,mobile,A,0,
S010232,C01680,2025-08-14 16:54:21,social,mobile,A,0,
S010233,C00062,2025-09-18 19:18:53,organic,mobile,A,1,O003294
S010234,C01829,2025-03-28 17:43:40,organic,mobile,B,0,
S010235,C00153,2025-04-08 20:15:47,organic,mobile,B,0,
S010236,C00669,2025-04-05 10:26:49,email,mobile,B,0,
S010237,C00772,2025-11-27 15:15:14,organic,desktop,A,0,
S010238,C01721,2025-10-22 08:03:56,email,mobile,B,0,
S010239,C00405,2025-04-19 16:25:47,organic,desktop,B,1,O003295
S010240,C00393,2025-10-12 19:04:37,paid_search,mobile,B,0,
S010241,C00975,2025-06-13 23:34:47,paid_search,mobile,B,1,O003296
S010242,C01897,2025-02-20 15:03:14,social,tablet,B,0,
S010243,C00769,2025-12-23 09:54:04,paid_search,desktop,B,1,O003297
S010244,C00764,2025-03-15 11:46:35,email,desktop,A,1,O003298
S010245,C00584,2025-05-10 11:59:36,paid_search,mobile,A,0,
S010246,C01682,2025-12-12 08:13:02,referral,mobile,A,1,O003299
S010247,C00245,2025-03-31 13:29:27,email,mobile,B,1,O003300
S010248,C00484,2025-11-12 08:35:02,organic,mobile,A,0,
S010249,C00035,2025-04-20 07:15:44,email,mobile,B,1,O003301
S010250,C00808,2025-10-06 21:53:48,referral,desktop,A,0,
S010251,C00360,2025-11-05 20:39:28,referral,tablet,A,0,
S010252,C00554,2025-11-22 10:31:13,email,desktop,A,1,O003302
S010253,C01517,2025-06-13 17:28:44,organic,desktop,B,0,
S010254,C01872,2025-08-27 21:48:17,organic,desktop,A,0,
S010255,C00091,2025-10-11 20:17:42,social,desktop,B,0,
S010256,C01300,2025-11-01 11:47:43,organic,mobile,A,0,
S010257,C01861,2025-04-01 07:32:29,referral,mobile,B,0,
S010258,C01707,2025-10-10 15:07:18,organic,mobile,B,0,
S010259,C01671,2025-12-16 11:33:00,paid_search,mobile,B,1,O003303
S010260,C00696,2025-08-05 21:21:55,organic,mobile,A,1,O003304
S010261,C01820,2025-01-11 23:19:10,paid_search,mobile,A,0,
S010262,C01908,2025-12-12 10:54:43,organic,mobile,A,0,
S010263,C00817,2025-07-10 16:12:30,email,mobile,B,1,O003305
S010264,C00859,2025-06-25 19:19:46,referral,mobile,B,1,O003306
S010265,C01080,2025-12-10 10:07:20,paid_search,desktop,A,1,O003307
S010266,C01543,2025-04-23 22:04:05,paid_search,desktop,B,0,
S010267,C00176,2025-02-17 13:53:45,social,mobile,A,0,
S010268,C01688,2025-11-10 22:44:40,paid_search,mobile,A,0,
S010269,C00932,2025-01-01 18:36:27,email,mobile,A,0,
S010270,C00525,2025-07-24 08:42:46,referral,desktop,B,1,O003308
S010271,C00340,2025-09-02 19:27:49,paid_search,mobile,A,1,O003309
S010272,C01983,2025-11-05 16:06:28,email,tablet,B,0,
S010273,C01427,2025-09-25 08:09:40,referral,tablet,B,0,
S010274,C00388,2025-10-28 10:55:37,paid_search,desktop,A,0,
S010275,C00430,2025-06-29 12:29:06,paid_search,mobile,A,0,
S010276,C00868,2025-03-27 22:34:02,organic,desktop,A,0,
S010277,C01042,2025-01-15 13:58:17,referral,mobile,A,0,
S010278,C00915,2025-12-14 11:49:56,organic,mobile,B,0,
S010279,C00582,2025-06-14 10:15:07,organic,desktop,A,0,
S010280,C01626,2025-07-05 22:21:38,organic,mobile,A,1,O003310
S010281,C01545,2025-08-30 08:58:55,paid_search,mobile,B,0,
S010282,C01783,2025-05-20 10:49:49,referral,mobile,B,0,
S010283,C01881,2025-08-14 14:16:42,email,mobile,B,0,
S010284,C01834,2025-04-13 23:42:29,referral,mobile,A,0,
S010285,C01143,2025-07-21 20:57:21,organic,mobile,B,1,O003311
S010286,C01666,2025-12-21 12:24:11,social,mobile,A,0,
S010287,C00844,2025-08-25 18:19:13,organic,mobile,A,0,
S010288,C00668,2025-03-21 16:13:55,social,mobile,A,1,O003312
S010289,C01573,2025-07-17 16:36:50,email,mobile,B,0,
S010290,C00224,2025-09-06 07:03:01,referral,mobile,A,0,
S010291,C01385,2025-11-30 13:44:18,social,mobile,B,0,
S010292,C00515,2025-03-27 08:20:20,paid_search,mobile,B,1,O003313
S010293,C00212,2025-04-02 17:19:14,referral,desktop,A,1,O003314
S010294,C01876,2025-10-25 08:53:02,social,tablet,A,1,O003315
S010295,C01777,2025-06-18 07:25:17,organic,mobile,B,0,
S010296,C00717,2025-03-14 10:46:28,referral,mobile,B,0,
S010297,C00156,2025-10-10 23:45:28,email,desktop,A,0,
S010298,C00330,2025-03-11 20:41:48,email,mobile,A,0,
S010299,C00535,2025-10-04 08:54:33,email,desktop,B,1,O003316
S010300,C01962,2025-11-11 11:11:12,referral,desktop,A,0,
S010301,C00730,2025-12-17 08:06:59,paid_search,mobile,A,1,O003317
S010302,C01763,2025-04-29 09:48:17,social,mobile,B,1,O003318
S010303,C01151,2025-12-04 09:55:16,referral,mobile,B,0,
S010304,C00819,2025-05-26 16:00:45,paid_search,mobile,B,1,O003319
S010305,C01071,2025-06-21 19:55:44,referral,mobile,B,0,
S010306,C00940,2025-02-06 13:03:31,organic,mobile,A,1,O003320
S010307,C00152,2025-06-19 18:36:50,organic,mobile,A,0,
S010308,C01154,2025-09-19 09:04:35,referral,mobile,A,1,O003321
S010309,C00185,2025-12-26 17:10:08,paid_search,tablet,B,0,
S010310,C01907,2025-10-08 19:44:37,referral,mobile,B,0,
S010311,C01358,2025-04-18 12:17:13,social,mobile,A,0,
S010312,C01539,2025-04-19 07:39:13,paid_search,mobile,B,0,
S010313,C00782,2025-06-08 14:27:24,referral,desktop,A,0,
S010314,C00561,2025-11-25 21:21:24,organic,mobile,B,0,
S010315,C01117,2025-11-19 21:14:35,social,mobile,B,0,
S010316,C01716,2025-11-19 11:20:20,organic,mobile,A,1,O003322
S010317,C00838,2025-05-09 22:54:07,paid_search,mobile,A,0,
S010318,C01613,2025-07-18 22:17:36,referral,mobile,B,0,
S010319,C01325,2025-05-26 11:59:49,social,tablet,B,0,
S010320,C00360,2025-12-19 12:16:44,email,mobile,A,1,O003323
S010321,C01152,2025-08-27 17:56:26,email,mobile,A,1,O003324
S010322,C00935,2025-05-10 23:49:56,organic,tablet,B,1,O003325
S010323,C01541,2025-10-06 07:06:11,email,desktop,B,0,
S010324,C00579,2025-03-10 07:48:10,organic,desktop,B,0,
S010325,C01201,2025-09-08 12:11:33,organic,mobile,B,0,
S010326,C00756,2025-04-03 17:23:15,social,desktop,A,0,
S010327,C00641,2025-02-03 10:50:54,social,desktop,B,1,O003326
S010328,C01933,2025-11-05 11:43:14,organic,mobile,B,1,O003327
S010329,C00142,2025-07-12 13:40:38,referral,mobile,A,0,
S010330,C00065,2025-06-27 08:51:56,referral,mobile,B,0,
S010331,C01970,2025-08-14 12:32:45,organic,tablet,A,0,
S010332,C01416,2025-06-26 20:39:25,social,mobile,A,1,O003328
S010333,C00788,2025-08-03 12:36:09,email,desktop,A,0,
S010334,C00483,2025-01-02 08:58:55,referral,mobile,B,0,
S010335,C01445,2025-10-03 10:39:42,paid_search,mobile,B,1,O003329
S010336,C01056,2025-07-10 15:38:59,email,mobile,A,1,O003330
S010337,C01968,2025-01-17 18:03:23,social,mobile,A,1,O003331
S010338,C00317,2025-10-01 23:10:00,social,mobile,B,0,
S010339,C01486,2025-02-21 12:26:55,organic,mobile,A,0,
S010340,C00250,2025-03-16 09:09:24,social,mobile,A,0,
S010341,C00211,2025-11-01 08:02:07,organic,mobile,B,0,
S010342,C01632,2025-01-03 17:48:52,social,mobile,A,1,O003332
S010343,C01664,2025-12-17 20:15:18,email,mobile,A,0,
S010344,C00383,2025-08-15 22:34:43,organic,mobile,B,0,
S010345,C01169,2025-03-29 18:06:13,referral,mobile,B,0,
S010346,C00377,2025-12-24 12:58:14,social,desktop,B,0,
S010347,C01080,2025-09-10 15:51:22,social,mobile,A,0,
S010348,C01636,2025-08-30 16:20:53,organic,mobile,A,0,
S010349,C00021,2025-12-19 11:43:29,organic,desktop,B,1,O003333
S010350,C01138,2025-10-26 09:53:03,email,desktop,A,1,O003334
S010351,C00608,2025-05-23 18:59:20,paid_search,mobile,A,1,O003335
S010352,C00044,2025-09-02 09:13:25,social,mobile,A,1,O003336
S010353,C01579,2025-03-23 21:18:05,paid_search,desktop,B,1,O003337
S010354,C01338,2025-01-02 22:06:20,referral,mobile,A,1,O003338
S010355,C00464,2025-07-16 08:13:18,organic,desktop,A,1,O003339
S010356,C01571,2025-12-05 09:57:05,email,mobile,B,0,
S010357,C00097,2025-06-28 20:32:41,email,desktop,B,0,
S010358,C00521,2025-12-08 19:46:35,email,mobile,B,1,O003340
S010359,C00865,2025-04-14 09:35:56,email,desktop,B,0,
S010360,C00750,2025-01-31 08:51:19,organic,mobile,A,0,
S010361,C01882,2025-04-02 14:26:51,social,desktop,A,0,
S010362,C01161,2025-01-20 19:10:02,paid_search,mobile,B,0,
S010363,C00209,2025-02-26 22:14:17,social,mobile,B,0,
S010364,C00242,2025-12-17 09:29:21,organic,mobile,A,0,
S010365,C00128,2025-11-19 21:42:40,paid_search,mobile,A,0,
S010366,C00729,2025-08-28 13:41:02,social,mobile,B,0,
S010367,C00895,2025-09-17 11:06:58,social,desktop,B,0,
S010368,C01589,2025-06-03 18:55:24,email,mobile,B,0,
S010369,C00629,2025-03-28 18:45:36,email,mobile,B,1,O003341
S010370,C00477,2025-04-12 09:14:50,email,mobile,B,0,
S010371,C01831,2025-08-12 11:25:02,paid_search,mobile,B,0,
S010372,C00517,2025-02-12 19:14:47,email,mobile,B,0,
S010373,C01678,2025-12-20 10:13:38,referral,mobile,A,0,
S010374,C00602,2025-10-05 15:01:41,paid_search,mobile,A,1,O003342
S010375,C01921,2025-10-22 08:31:46,organic,desktop,B,1,O003343
S010376,C00087,2025-12-01 12:41:56,social,desktop,B,0,
S010377,C01860,2025-04-07 21:24:27,organic,mobile,A,0,
S010378,C01385,2025-04-03 10:43:49,referral,mobile,B,1,O003344
S010379,C01757,2025-09-27 11:46:36,referral,tablet,B,1,O003345
S010380,C00735,2025-04-20 09:37:45,organic,mobile,B,0,
S010381,C00646,2025-05-30 16:06:48,organic,mobile,A,0,
S010382,C00051,2025-09-12 09:24:38,social,mobile,B,1,O003346
S010383,C00002,2025-07-20 23:30:38,referral,tablet,A,0,
S010384,C00726,2025-08-02 23:38:47,social,mobile,A,0,
S010385,C01327,2025-10-14 16:04:57,referral,desktop,B,0,
S010386,C00762,2025-03-27 19:04:10,social,mobile,A,0,
S010387,C00738,2025-01-31 21:26:45,email,desktop,A,0,
S010388,C00673,2025-08-08 18:47:13,email,mobile,B,0,
S010389,C00955,2025-01-08 18:14:19,social,mobile,B,0,
S010390,C01705,2025-06-06 16:23:54,email,mobile,B,0,
S010391,C00205,2025-03-19 11:41:13,organic,mobile,B,1,O003347
S010392,C01103,2025-06-19 12:46:48,social,mobile,B,0,
S010393,C01229,2025-07-19 23:02:51,paid_search,mobile,B,1,O003348
S010394,C01988,2025-11-26 23:18:15,organic,mobile,A,1,O003349
S010395,C00679,2025-12-17 18:45:49,organic,desktop,B,0,
S010396,C00868,2025-11-10 11:29:56,referral,mobile,A,1,O003350
S010397,C00349,2025-02-12 09:37:22,email,mobile,B,0,
S010398,C01420,2025-03-29 12:46:21,referral,mobile,A,0,
S010399,C00880,2025-01-14 12:49:30,paid_search,desktop,A,0,
S010400,C01487,2025-07-21 17:02:12,social,mobile,B,0,
S010401,C01958,2025-11-20 21:48:45,social,tablet,A,1,O003351
S010402,C01833,2025-03-04 15:44:16,email,mobile,B,0,
S010403,C00686,2025-06-12 17:13:53,referral,tablet,A,0,
S010404,C00887,2025-06-06 20:09:56,referral,mobile,B,0,
S010405,C01504,2025-06-12 18:34:13,organic,mobile,A,0,
S010406,C00769,2025-10-16 07:56:57,paid_search,mobile,B,0,
S010407,C01521,2025-06-09 10:05:01,referral,mobile,B,0,
S010408,C00362,2025-12-12 23:35:45,organic,mobile,A,0,
S010409,C01357,2025-11-14 14:58:07,organic,mobile,B,0,
S010410,C00414,2025-10-19 19:51:29,social,mobile,A,1,O003352
S010411,C01201,2025-08-21 12:49:16,social,desktop,B,0,
S010412,C00436,2025-02-03 07:20:40,paid_search,mobile,A,0,
S010413,C00696,2025-10-08 20:44:11,social,desktop,A,0,
S010414,C01229,2025-04-23 13:58:59,social,mobile,B,0,
S010415,C00115,2025-11-18 23:27:50,paid_search,mobile,B,0,
S010416,C00629,2025-06-22 23:47:53,paid_search,mobile,B,0,
S010417,C00053,2025-08-30 13:12:33,paid_search,mobile,B,0,
S010418,C01035,2025-12-19 20:52:17,email,desktop,B,0,
S010419,C00319,2025-07-04 19:19:53,organic,desktop,B,1,O003353
S010420,C00520,2025-04-26 21:41:33,paid_search,mobile,A,0,
S010421,C00165,2025-08-27 19:12:24,social,mobile,B,1,O003354
S010422,C00843,2025-05-01 22:10:27,paid_search,desktop,B,0,
S010423,C01573,2025-07-19 18:42:54,paid_search,mobile,B,1,O003355
S010424,C01884,2025-07-05 14:21:37,social,mobile,A,0,
S010425,C00234,2025-07-19 19:36:09,organic,mobile,A,0,
S010426,C00411,2025-12-27 12:04:07,referral,mobile,B,1,O003356
S010427,C01121,2025-11-05 07:26:36,paid_search,desktop,B,0,
S010428,C01019,2025-06-25 12:20:35,organic,mobile,B,0,
S010429,C00609,2025-05-31 16:26:45,paid_search,mobile,B,0,
S010430,C00457,2025-07-16 21:04:43,organic,mobile,B,0,
S010431,C00229,2025-11-23 21:51:47,email,desktop,B,0,
S010432,C01307,2025-08-10 08:54:27,social,mobile,B,0,
S010433,C00673,2025-10-28 17:54:11,email,tablet,B,0,
S010434,C00060,2025-11-11 20:17:33,social,desktop,A,0,
S010435,C01695,2025-06-05 07:48:51,email,desktop,B,1,O003357
S010436,C00856,2025-11-04 23:43:39,paid_search,mobile,A,1,O003358
S010437,C01264,2025-07-04 19:40:10,paid_search,tablet,A,0,
S010438,C00376,2025-02-22 21:23:20,referral,desktop,A,0,
S010439,C00597,2025-03-16 13:42:15,paid_search,mobile,B,1,O003359
S010440,C00226,2025-02-05 20:51:20,email,mobile,A,0,
S010441,C00840,2025-08-18 14:18:24,referral,mobile,A,1,O003360
S010442,C01163,2025-08-09 14:36:13,organic,mobile,B,0,
S010443,C01356,2025-12-11 14:44:27,paid_search,mobile,A,0,
S010444,C01619,2025-12-30 08:25:18,paid_search,mobile,B,1,O003361
S010445,C00291,2025-07-25 15:34:37,social,desktop,B,1,O003362
S010446,C01092,2025-09-30 08:35:30,organic,mobile,A,1,O003363
S010447,C00304,2025-03-10 15:03:03,referral,desktop,A,0,
S010448,C00758,2025-08-28 23:07:08,paid_search,desktop,A,0,
S010449,C00185,2025-03-15 18:00:43,email,desktop,B,0,
S010450,C00964,2025-01-12 11:15:49,organic,mobile,A,1,O003364
S010451,C01365,2025-05-11 20:32:42,paid_search,desktop,B,1,O003365
S010452,C01581,2025-01-09 09:37:59,social,tablet,B,0,
S010453,C00177,2025-12-15 19:07:03,referral,desktop,B,1,O003366
S010454,C00514,2025-09-20 13:15:53,email,tablet,A,0,
S010455,C00846,2025-07-22 15:13:47,referral,mobile,A,1,O003367
S010456,C01889,2025-04-21 11:55:18,paid_search,mobile,B,0,
S010457,C00937,2025-06-28 22:09:38,paid_search,mobile,B,1,O003368
S010458,C00189,2025-11-26 09:46:00,paid_search,mobile,B,1,O003369
S010459,C00092,2025-06-09 20:39:59,social,mobile,A,1,O003370
S010460,C00096,2025-11-13 10:42:10,paid_search,desktop,A,0,
S010461,C00432,2025-09-20 22:48:43,email,mobile,A,0,
S010462,C01824,2025-04-07 09:39:01,referral,mobile,A,0,
S010463,C01026,2025-02-12 22:31:34,referral,desktop,A,0,
S010464,C00338,2025-12-23 22:51:32,organic,mobile,A,0,
S010465,C00044,2025-12-01 20:23:00,paid_search,mobile,A,0,
S010466,C00385,2025-08-28 19:10:54,organic,desktop,B,0,
S010467,C01147,2025-04-15 18:32:21,social,mobile,B,0,
S010468,C00636,2025-05-10 09:49:59,email,mobile,A,0,
S010469,C00972,2025-09-03 11:52:43,referral,mobile,A,1,O003371
S010470,C00073,2025-06-18 13:47:29,email,desktop,B,1,O003372
S010471,C00386,2025-12-29 20:36:41,organic,mobile,A,1,O003373
S010472,C01451,2025-04-24 17:03:47,email,mobile,B,0,
S010473,C00528,2025-03-21 23:53:49,paid_search,mobile,A,0,
S010474,C01618,2025-09-02 20:59:03,organic,desktop,A,0,
S010475,C01130,2025-06-14 20:57:46,social,mobile,A,0,
S010476,C00065,2025-08-14 19:55:32,organic,desktop,B,0,
S010477,C01642,2025-12-21 18:14:51,paid_search,mobile,A,0,
S010478,C01202,2025-12-11 12:08:14,organic,desktop,A,1,O003374
S010479,C01175,2025-06-21 21:17:22,referral,mobile,B,1,O003375
S010480,C01940,2025-12-26 17:51:17,social,mobile,A,0,
S010481,C01330,2025-11-06 17:28:12,paid_search,mobile,A,1,O003376
S010482,C00990,2025-06-02 14:55:02,organic,mobile,A,0,
S010483,C00929,2025-07-01 16:44:15,organic,mobile,B,1,O003377
S010484,C01657,2025-09-25 14:15:58,social,tablet,B,0,
S010485,C01850,2025-06-15 17:32:50,organic,mobile,A,0,
S010486,C01062,2025-07-17 14:14:24,email,desktop,A,0,
S010487,C01570,2025-02-21 12:19:25,paid_search,mobile,A,1,O003378
S010488,C00539,2025-02-15 10:12:47,social,mobile,B,0,
S010489,C00894,2025-12-23 08:36:09,organic,desktop,A,1,O003379
S010490,C01525,2025-11-28 20:33:56,paid_search,mobile,B,0,
S010491,C00312,2025-01-05 09:12:40,social,desktop,A,0,
S010492,C01714,2025-03-01 15:56:39,email,desktop,A,1,O003380
S010493,C01592,2025-04-21 23:19:08,email,mobile,A,1,O003381
S010494,C01469,2025-11-09 19:41:59,referral,mobile,B,0,
S010495,C00795,2025-01-29 14:39:17,organic,mobile,B,1,O003382
S010496,C00532,2025-08-07 09:09:18,social,mobile,A,0,
S010497,C01112,2025-09-06 20:50:25,email,mobile,A,0,
S010498,C00064,2025-03-07 07:49:35,referral,mobile,A,0,
S010499,C00172,2025-01-29 17:55:21,organic,mobile,A,0,
S010500,C00169,2025-05-06 17:21:46,organic,mobile,B,1,O003383
S010501,C01117,2025-03-21 23:10:23,organic,desktop,B,0,
S010502,C01581,2025-01-01 20:47:02,referral,desktop,B,0,
S010503,C01070,2025-02-07 11:24:37,paid_search,mobile,A,0,
S010504,C01914,2025-08-11 21:19:49,organic,mobile,A,0,
S010505,C01631,2025-09-06 07:29:38,social,mobile,B,0,
S010506,C00146,2025-03-27 15:03:45,email,mobile,A,0,
S010507,C01341,2025-04-17 17:54:57,organic,mobile,B,0,
S010508,C00910,2025-03-20 19:05:15,organic,mobile,A,0,
S010509,C00673,2025-04-05 11:28:53,paid_search,mobile,B,1,O003384
S010510,C01102,2025-04-14 08:51:59,paid_search,mobile,A,0,
S010511,C01077,2025-11-30 08:01:38,social,desktop,B,1,O003385
S010512,C01856,2025-01-27 16:10:19,organic,tablet,A,0,
S010513,C01775,2025-09-01 18:21:35,paid_search,mobile,B,1,O003386
S010514,C00431,2025-11-12 07:17:20,social,mobile,B,1,O003387
S010515,C00045,2025-06-19 17:58:14,referral,mobile,B,0,
S010516,C01518,2025-07-25 13:45:11,organic,desktop,A,0,
S010517,C01297,2025-06-11 20:37:37,organic,desktop,B,0,
S010518,C01819,2025-09-24 14:03:55,referral,mobile,B,1,O003388
S010519,C00333,2025-11-13 11:32:36,organic,mobile,B,0,
S010520,C00724,2025-06-29 09:39:31,organic,mobile,A,0,
S010521,C01428,2025-03-26 13:49:01,organic,mobile,A,0,
S010522,C00084,2025-03-13 08:42:04,email,mobile,A,1,O003389
S010523,C00547,2025-07-24 22:47:59,paid_search,desktop,B,1,O003390
S010524,C00496,2025-11-02 12:46:40,organic,desktop,A,1,O003391
S010525,C01139,2025-05-22 13:02:18,social,mobile,B,0,
S010526,C01677,2025-10-05 22:06:55,paid_search,desktop,B,1,O003392
S010527,C01984,2025-05-07 22:34:42,paid_search,mobile,A,0,
S010528,C01264,2025-07-14 07:11:36,organic,desktop,A,1,O003393
S010529,C00580,2025-08-24 12:58:21,social,mobile,A,0,
S010530,C01788,2025-10-01 10:55:02,organic,mobile,A,1,O003394
S010531,C00337,2025-09-04 20:56:29,referral,mobile,B,1,O003395
S010532,C00544,2025-08-04 14:40:51,organic,desktop,A,0,
S010533,C01043,2025-03-10 09:03:01,social,mobile,B,0,
S010534,C00064,2025-03-14 07:01:51,organic,mobile,A,1,O003396
S010535,C01683,2025-11-02 17:25:32,paid_search,tablet,B,0,
S010536,C01586,2025-04-24 07:11:22,organic,mobile,A,0,
S010537,C00419,2025-02-11 20:29:08,paid_search,mobile,B,1,O003397
S010538,C00917,2025-05-31 17:59:57,organic,mobile,B,0,
S010539,C00547,2025-07-30 07:15:37,organic,tablet,B,0,
S010540,C01773,2025-11-15 21:45:32,email,mobile,B,0,
S010541,C00517,2025-02-19 16:41:46,paid_search,mobile,B,0,
S010542,C01058,2025-11-11 13:19:52,paid_search,mobile,A,1,O003398
S010543,C01841,2025-11-19 09:18:10,social,mobile,B,1,O003399
S010544,C00790,2025-12-29 12:04:21,social,mobile,A,0,
S010545,C01586,2025-10-29 13:50:20,paid_search,desktop,A,1,O003400
S010546,C00770,2025-03-25 15:15:37,referral,mobile,A,0,
S010547,C01579,2025-02-01 11:16:59,paid_search,mobile,B,0,
S010548,C00151,2025-08-21 13:29:36,organic,mobile,B,1,O003401
S010549,C00475,2025-11-05 11:15:57,organic,desktop,B,0,
S010550,C00627,2025-05-27 09:41:10,paid_search,desktop,B,1,O003402
S010551,C00762,2025-10-17 20:10:34,paid_search,desktop,A,0,
S010552,C00127,2025-07-18 13:38:44,organic,mobile,B,1,O003403
S010553,C00111,2025-09-25 22:45:36,organic,desktop,B,0,
S010554,C01613,2025-04-27 23:31:30,organic,mobile,B,1,O003404
S010555,C00109,2025-06-24 18:05:53,email,desktop,B,1,O003405
S010556,C01495,2025-06-19 17:34:35,social,desktop,B,0,
S010557,C01696,2025-08-24 18:21:07,referral,mobile,A,0,
S010558,C00956,2025-12-29 14:42:39,social,desktop,A,0,
S010559,C01599,2025-08-10 19:05:08,paid_search,mobile,B,0,
S010560,C00802,2025-11-04 23:15:42,social,mobile,A,1,O003406
S010561,C00341,2025-11-13 22:02:42,paid_search,desktop,B,0,
S010562,C01909,2025-11-10 21:01:41,referral,mobile,B,0,
S010563,C01806,2025-03-22 07:44:01,paid_search,mobile,A,1,O003407
S010564,C01962,2025-08-11 19:24:47,paid_search,mobile,A,0,
S010565,C01944,2025-08-21 09:49:37,organic,tablet,A,0,
S010566,C01451,2025-07-29 16:04:38,organic,mobile,B,1,O003408
S010567,C00820,2025-02-23 11:25:08,paid_search,desktop,A,0,
S010568,C00937,2025-12-16 13:57:07,referral,mobile,B,1,O003409
S010569,C01455,2025-12-20 12:45:16,paid_search,mobile,B,0,
S010570,C00175,2025-11-08 20:21:20,paid_search,mobile,B,0,
S010571,C01809,2025-10-24 16:35:34,organic,mobile,B,0,
S010572,C01194,2025-01-29 23:35:21,paid_search,mobile,A,0,
S010573,C00554,2025-12-04 09:20:06,referral,desktop,A,0,
S010574,C01082,2025-12-14 11:14:58,referral,desktop,A,1,O003410
S010575,C00428,2025-08-03 17:00:25,social,tablet,A,0,
S010576,C01174,2025-10-28 23:34:04,social,mobile,A,1,O003411
S010577,C00010,2025-06-24 11:49:56,referral,mobile,A,0,
S010578,C00014,2025-10-12 07:54:05,paid_search,mobile,A,0,
S010579,C01741,2025-11-16 11:14:55,organic,mobile,B,0,
S010580,C00065,2025-10-30 09:31:05,paid_search,mobile,B,0,
S010581,C00025,2025-04-22 18:06:53,paid_search,desktop,B,0,
S010582,C00032,2025-08-15 07:20:00,email,desktop,A,0,
S010583,C01801,2025-10-27 21:33:01,paid_search,mobile,B,0,
S010584,C01859,2025-06-26 20:36:37,email,tablet,B,0,
S010585,C00064,2025-06-06 22:58:53,organic,mobile,A,0,
S010586,C00136,2025-09-26 07:24:05,paid_search,mobile,A,0,
S010587,C01684,2025-07-06 14:51:42,email,mobile,A,0,
S010588,C01023,2025-01-21 11:41:57,paid_search,mobile,B,0,
S010589,C01518,2025-06-05 17:55:19,email,mobile,A,1,O003412
S010590,C01526,2025-11-01 11:50:07,paid_search,mobile,A,0,
S010591,C00690,2025-08-08 12:23:52,paid_search,tablet,A,0,
S010592,C01345,2025-10-31 07:35:37,organic,mobile,B,1,O003413
S010593,C00159,2025-07-06 19:03:00,social,desktop,B,1,O003414
S010594,C00684,2025-12-11 23:43:26,organic,desktop,A,1,O003415
S010595,C01957,2025-03-02 16:29:20,social,mobile,B,1,O003416
S010596,C00548,2025-03-29 16:59:00,social,mobile,A,0,
S010597,C01938,2025-05-13 17:58:31,organic,mobile,A,0,
S010598,C01100,2025-10-17 17:54:48,organic,tablet,A,1,O003417
S010599,C00195,2025-11-05 13:44:15,social,desktop,B,1,O003418
S010600,C00525,2025-06-08 07:04:57,referral,mobile,B,1,O003419
S010601,C01110,2025-01-07 13:08:15,social,mobile,A,0,
S010602,C01891,2025-09-11 16:02:30,organic,mobile,B,1,O003420
S010603,C00671,2025-11-22 10:37:50,organic,tablet,B,0,
S010604,C01772,2025-08-13 13:36:16,social,desktop,A,1,O003421
S010605,C00208,2025-12-09 12:02:56,paid_search,desktop,A,1,O003422
S010606,C00416,2025-06-27 09:12:23,organic,desktop,A,0,
S010607,C01710,2025-09-24 09:01:03,social,mobile,A,0,
S010608,C01550,2025-08-29 15:50:25,social,mobile,A,1,O003423
S010609,C01529,2025-12-20 19:26:41,social,mobile,B,0,
S010610,C01227,2025-03-15 08:11:37,social,mobile,B,0,
S010611,C00522,2025-05-18 07:36:27,email,desktop,A,0,
S010612,C00325,2025-11-25 13:43:54,social,mobile,B,1,O003424
S010613,C00221,2025-02-11 10:27:39,social,desktop,B,1,O003425
S010614,C00351,2025-06-15 23:49:43,paid_search,mobile,B,0,
S010615,C00662,2025-09-05 22:08:06,social,desktop,A,0,
S010616,C00570,2025-12-01 18:30:58,referral,mobile,A,0,
S010617,C01917,2025-05-22 22:41:43,organic,mobile,B,0,
S010618,C01502,2025-11-15 08:01:03,referral,mobile,A,1,O003426
S010619,C00165,2025-02-03 20:16:51,organic,mobile,B,0,
S010620,C00104,2025-03-20 16:09:36,organic,desktop,A,1,O003427
S010621,C01808,2025-09-20 12:01:56,organic,mobile,A,1,O003428
S010622,C00936,2025-06-22 23:05:27,social,mobile,A,0,
S010623,C00924,2025-09-20 11:39:32,paid_search,mobile,A,1,O003429
S010624,C01305,2025-06-03 09:32:47,email,mobile,B,0,
S010625,C01905,2025-04-24 13:05:50,organic,desktop,B,1,O003430
S010626,C01591,2025-04-18 09:24:13,referral,mobile,B,0,
S010627,C00419,2025-07-11 22:49:52,organic,mobile,B,1,O003431
S010628,C00320,2025-06-21 20:23:53,paid_search,tablet,A,0,
S010629,C00418,2025-08-14 19:29:40,social,mobile,A,1,O003432
S010630,C01613,2025-04-04 11:41:48,paid_search,desktop,B,1,O003433
S010631,C01112,2025-11-29 21:42:04,organic,mobile,A,1,O003434
S010632,C01675,2025-05-07 08:25:54,organic,mobile,B,0,
S010633,C01865,2025-08-07 08:33:21,referral,mobile,B,1,O003435
S010634,C01588,2025-12-31 09:07:12,organic,mobile,A,1,O003436
S010635,C00026,2025-05-27 20:45:07,email,mobile,A,0,
S010636,C00387,2025-01-26 15:14:10,paid_search,mobile,B,1,O003437
S010637,C01590,2025-07-22 09:56:36,email,mobile,A,0,
S010638,C01882,2025-03-19 10:20:46,organic,mobile,A,1,O003438
S010639,C01423,2025-05-21 09:55:19,paid_search,mobile,B,1,O003439
S010640,C00998,2025-09-08 16:36:20,referral,mobile,A,1,O003440
S010641,C00267,2025-11-15 08:33:06,paid_search,mobile,B,0,
S010642,C01269,2025-08-04 21:49:31,referral,mobile,B,0,
S010643,C01671,2025-05-19 20:46:48,organic,tablet,B,1,O003441
S010644,C00073,2025-07-25 20:14:10,paid_search,mobile,B,0,
S010645,C00015,2025-03-06 15:09:48,referral,mobile,B,1,O003442
S010646,C01031,2025-10-24 11:40:33,social,mobile,B,0,
S010647,C01054,2025-09-20 08:15:10,referral,mobile,A,0,
S010648,C00428,2025-04-12 09:14:20,social,desktop,A,0,
S010649,C01663,2025-12-20 15:51:24,organic,mobile,B,0,
S010650,C01561,2025-06-27 08:57:02,paid_search,desktop,B,1,O003443
S010651,C00940,2025-04-26 18:59:29,organic,desktop,A,1,O003444
S010652,C00726,2025-05-07 13:43:39,organic,mobile,A,0,
S010653,C00489,2025-01-21 19:22:59,paid_search,mobile,B,0,
S010654,C00429,2025-05-29 22:24:26,organic,mobile,B,1,O003445
S010655,C00580,2025-08-26 20:19:01,paid_search,desktop,A,1,O003446
S010656,C01748,2025-11-21 22:34:16,organic,desktop,A,0,
S010657,C01674,2025-03-02 07:08:26,organic,desktop,A,1,O003447
S010658,C00428,2025-12-01 13:25:45,organic,mobile,A,1,O003448
S010659,C00339,2025-01-17 23:59:34,paid_search,desktop,B,1,O003449
S010660,C01677,2025-03-01 15:13:57,email,mobile,B,0,
S010661,C00821,2025-05-26 16:17:15,organic,mobile,B,1,O003450
S010662,C00170,2025-01-06 21:17:13,organic,mobile,A,1,O003451
S010663,C01525,2025-09-18 22:12:01,social,desktop,B,0,
S010664,C00631,2025-01-18 18:33:17,paid_search,mobile,B,1,O003452
S010665,C00260,2025-01-16 18:52:51,paid_search,mobile,A,1,O003453
S010666,C01578,2025-12-13 18:13:41,email,mobile,A,0,
S010667,C00497,2025-01-15 08:05:33,email,desktop,B,1,O003454
S010668,C00542,2025-06-23 19:03:50,email,mobile,A,0,
S010669,C00298,2025-01-04 23:30:49,social,mobile,A,1,O003455
S010670,C00509,2025-05-31 14:21:06,referral,mobile,B,1,O003456
S010671,C01477,2025-03-13 14:57:26,email,desktop,B,1,O003457
S010672,C00251,2025-05-24 11:26:14,referral,desktop,B,0,
S010673,C01776,2025-01-15 15:12:28,referral,mobile,A,0,
S010674,C01513,2025-06-11 22:04:22,email,mobile,B,1,O003458
S010675,C01641,2025-01-14 12:25:46,organic,desktop,B,0,
S010676,C01640,2025-12-08 10:14:50,paid_search,mobile,A,0,
S010677,C00138,2025-08-04 14:28:15,organic,mobile,A,0,
S010678,C01163,2025-07-06 17:57:15,email,mobile,B,0,
S010679,C00443,2025-02-23 18:25:04,email,mobile,B,1,O003459
S010680,C00174,2025-03-21 14:07:52,paid_search,mobile,A,0,
S010681,C01613,2025-12-30 10:55:36,organic,mobile,B,0,
S010682,C01766,2025-09-22 20:24:49,paid_search,mobile,A,0,
S010683,C00475,2025-10-18 20:23:18,paid_search,mobile,B,0,
S010684,C01462,2025-11-19 22:40:38,organic,mobile,A,1,O003460
S010685,C00734,2025-02-19 08:01:06,referral,desktop,A,0,
S010686,C00997,2025-04-28 20:08:16,social,mobile,B,1,O003461
S010687,C00555,2025-12-09 13:52:11,organic,mobile,B,0,
S010688,C01173,2025-01-07 21:11:09,paid_search,tablet,B,0,
S010689,C00183,2025-08-29 07:07:00,referral,desktop,B,1,O003462
S010690,C01821,2025-10-13 12:28:04,social,tablet,B,0,
S010691,C01307,2025-10-11 21:37:39,social,mobile,B,0,
S010692,C01027,2025-04-30 11:16:25,social,desktop,B,0,
S010693,C01609,2025-04-30 22:14:54,organic,mobile,B,0,
S010694,C01130,2025-08-17 12:25:31,paid_search,mobile,A,1,O003463
S010695,C01353,2025-12-10 18:20:14,referral,mobile,B,0,
S010696,C00042,2025-10-11 10:56:51,organic,mobile,A,0,
S010697,C01028,2025-05-07 21:10:23,organic,mobile,A,0,
S010698,C01522,2025-08-22 12:15:25,paid_search,mobile,A,0,
S010699,C00025,2025-12-14 12:47:35,organic,desktop,B,0,
S010700,C00519,2025-11-07 17:12:22,social,desktop,B,1,O003464
S010701,C00462,2025-01-12 16:02:39,organic,desktop,A,0,
S010702,C00423,2025-05-09 19:30:22,email,mobile,B,1,O003465
S010703,C01694,2025-04-22 23:21:44,organic,mobile,A,0,
S010704,C01495,2025-12-19 08:06:37,paid_search,mobile,B,0,
S010705,C00934,2025-12-23 17:05:11,organic,mobile,A,0,
S010706,C00819,2025-10-27 08:04:56,organic,mobile,B,0,
S010707,C01682,2025-06-28 07:36:13,organic,desktop,A,1,O003466
S010708,C00502,2025-05-15 16:59:20,referral,mobile,A,0,
S010709,C00188,2025-06-16 09:45:06,organic,desktop,A,0,
S010710,C01048,2025-12-19 12:48:31,organic,mobile,A,1,O003467
S010711,C00479,2025-05-23 16:55:46,email,mobile,B,0,
S010712,C00961,2025-06-11 10:04:14,organic,mobile,B,0,
S010713,C01535,2025-10-02 12:56:17,organic,mobile,B,1,O003468
S010714,C01680,2025-05-04 15:06:06,organic,desktop,A,1,O003469
S010715,C00406,2025-05-25 17:57:39,email,tablet,A,0,
S010716,C00383,2025-08-28 11:13:16,social,mobile,B,1,O003470
S010717,C01199,2025-02-01 20:14:31,referral,tablet,B,0,
S010718,C01426,2025-12-28 14:37:02,email,mobile,A,1,O003471
S010719,C01802,2025-08-31 16:35:19,email,mobile,A,0,
S010720,C01447,2025-11-07 17:29:20,email,mobile,B,1,O003472
S010721,C00086,2025-02-04 22:14:32,email,mobile,A,0,
S010722,C01719,2025-09-26 11:56:00,social,desktop,B,0,
S010723,C00909,2025-05-15 22:02:44,organic,mobile,B,0,
S010724,C01560,2025-06-30 12:22:16,email,mobile,A,0,
S010725,C00780,2025-08-23 10:51:37,referral,mobile,A,0,
S010726,C01086,2025-12-12 19:27:57,organic,desktop,A,0,
S010727,C01746,2025-04-19 21:19:19,paid_search,mobile,A,1,O003473
S010728,C01157,2025-03-04 12:04:22,organic,desktop,B,1,O003474
S010729,C01919,2025-02-09 09:33:38,email,desktop,B,0,
S010730,C01635,2025-07-05 12:10:53,social,tablet,B,0,
S010731,C00048,2025-04-04 19:44:40,paid_search,tablet,A,0,
S010732,C01245,2025-11-17 07:25:23,referral,desktop,B,1,O003475
S010733,C01826,2025-01-07 11:25:01,organic,desktop,A,0,
S010734,C00237,2025-12-01 21:48:18,email,mobile,B,1,O003476
S010735,C00953,2025-12-24 20:16:05,email,mobile,B,0,
S010736,C00362,2025-09-10 17:10:34,social,mobile,A,0,
S010737,C00128,2025-09-24 10:59:29,paid_search,mobile,A,0,
S010738,C00484,2025-02-04 10:06:36,organic,mobile,A,0,
S010739,C00162,2025-05-27 13:23:13,email,mobile,A,0,
S010740,C00530,2025-05-31 13:35:11,referral,desktop,A,0,
S010741,C00831,2025-02-21 08:24:11,organic,mobile,B,1,O003477
S010742,C01853,2025-09-06 09:34:40,organic,desktop,B,0,
S010743,C01086,2025-10-14 23:46:21,social,desktop,A,0,
S010744,C01891,2025-12-17 21:05:25,email,mobile,B,0,
S010745,C00709,2025-08-03 14:21:05,email,mobile,B,0,
S010746,C00430,2025-03-21 07:19:58,paid_search,mobile,A,0,
S010747,C01801,2025-11-09 12:16:27,email,desktop,B,0,
S010748,C01477,2025-05-13 09:17:45,email,mobile,B,0,
S010749,C01205,2025-12-11 23:38:02,paid_search,mobile,B,0,
S010750,C01873,2025-07-25 13:09:55,organic,desktop,B,1,O003478
S010751,C01680,2025-06-26 14:51:25,organic,mobile,A,0,
S010752,C01714,2025-03-30 18:33:36,organic,mobile,A,0,
S010753,C01350,2025-08-19 20:42:03,organic,tablet,A,0,
S010754,C00151,2025-12-14 20:22:36,organic,desktop,B,1,O003479
S010755,C01277,2025-04-21 12:22:58,referral,mobile,B,1,O003480
S010756,C00597,2025-07-31 17:50:33,organic,tablet,B,0,
S010757,C00514,2025-08-13 11:34:11,organic,mobile,A,0,
S010758,C00057,2025-03-16 14:58:28,organic,mobile,B,1,O003481
S010759,C00197,2025-03-12 15:30:38,paid_search,tablet,B,0,
S010760,C01598,2025-11-17 09:24:25,paid_search,mobile,A,0,
S010761,C00065,2025-06-16 14:16:13,organic,desktop,B,0,
S010762,C01193,2025-02-19 10:22:56,organic,desktop,B,1,O003482
S010763,C01629,2025-12-13 10:18:33,organic,mobile,B,1,O003483
S010764,C01173,2025-11-21 12:20:21,organic,mobile,B,0,
S010765,C01272,2025-06-09 20:39:21,social,mobile,A,0,
S010766,C00172,2025-09-14 09:38:42,paid_search,mobile,A,0,
S010767,C00548,2025-11-08 09:38:18,paid_search,desktop,A,1,O003484
S010768,C00241,2025-04-30 08:03:07,organic,mobile,B,0,
S010769,C00657,2025-11-10 12:39:52,paid_search,mobile,B,0,
S010770,C00352,2025-12-27 18:19:45,social,desktop,A,0,
S010771,C00026,2025-04-01 07:53:25,organic,desktop,A,0,
S010772,C00350,2025-12-22 13:23:39,paid_search,mobile,A,0,
S010773,C01162,2025-02-20 16:26:37,organic,mobile,A,0,
S010774,C00022,2025-05-12 23:14:06,organic,mobile,A,0,
S010775,C01446,2025-10-22 08:46:00,social,mobile,A,1,O003485
S010776,C00127,2025-09-08 07:41:28,referral,desktop,B,0,
S010777,C00705,2025-10-22 17:51:04,referral,desktop,B,0,
S010778,C01854,2025-12-10 15:30:20,organic,mobile,A,0,
S010779,C01638,2025-01-27 17:42:18,paid_search,desktop,A,1,O003486
S010780,C00145,2025-08-02 09:50:19,email,mobile,B,1,O003487
S010781,C00421,2025-09-02 23:18:36,social,mobile,B,1,O003488
S010782,C00642,2025-08-30 19:28:07,organic,mobile,A,0,
S010783,C00947,2025-10-22 09:14:51,organic,mobile,B,1,O003489
S010784,C01951,2025-10-20 11:59:45,paid_search,tablet,B,0,
S010785,C00943,2025-04-24 19:35:02,organic,mobile,B,0,
S010786,C00178,2025-03-11 15:12:24,social,tablet,A,0,
S010787,C01219,2025-04-25 15:16:31,organic,mobile,B,0,
S010788,C01387,2025-01-01 13:38:19,organic,mobile,B,0,
S010789,C01013,2025-07-26 09:09:46,paid_search,desktop,B,0,
S010790,C00776,2025-11-28 21:24:18,referral,mobile,A,0,
S010791,C01775,2025-01-03 18:13:04,referral,mobile,B,0,
S010792,C00450,2025-10-18 19:52:36,referral,desktop,A,0,
S010793,C00041,2025-05-30 15:21:04,paid_search,desktop,B,0,
S010794,C01359,2025-03-29 08:51:40,email,desktop,B,1,O003490
S010795,C01567,2025-09-29 20:43:51,email,desktop,B,1,O003491
S010796,C00248,2025-10-21 19:26:10,organic,mobile,A,1,O003492
S010797,C01184,2025-07-24 08:58:48,paid_search,mobile,A,0,
S010798,C00577,2025-04-23 07:53:10,referral,mobile,B,0,
S010799,C01358,2025-08-25 16:51:43,social,desktop,A,0,
S010800,C01783,2025-02-04 08:55:13,paid_search,mobile,B,1,O003493
S010801,C01940,2025-06-25 09:42:52,social,mobile,A,0,
S010802,C01588,2025-08-26 23:32:27,email,desktop,A,0,
S010803,C01240,2025-09-14 08:14:37,social,mobile,A,0,
S010804,C01533,2025-05-03 16:51:03,organic,mobile,B,0,
S010805,C00487,2025-08-31 14:50:53,organic,mobile,B,0,
S010806,C00632,2025-04-14 16:48:32,organic,mobile,A,0,
S010807,C01905,2025-06-07 08:00:48,social,desktop,B,0,
S010808,C01630,2025-12-19 09:36:26,email,mobile,A,0,
S010809,C00697,2025-12-19 11:24:41,social,desktop,B,0,
S010810,C01087,2025-01-01 18:52:55,email,mobile,B,0,
S010811,C00894,2025-12-04 17:15:40,referral,mobile,A,0,
S010812,C01040,2025-02-12 20:18:35,organic,desktop,A,1,O003494
S010813,C00148,2025-06-01 17:20:42,email,mobile,A,1,O003495
S010814,C01393,2025-05-02 09:13:49,referral,mobile,B,1,O003496
S010815,C00758,2025-02-09 07:28:31,paid_search,mobile,A,0,
S010816,C00814,2025-10-03 09:43:07,paid_search,desktop,A,0,
S010817,C01834,2025-10-23 10:50:57,referral,mobile,A,0,
S010818,C01515,2025-02-25 18:25:40,paid_search,desktop,B,1,O003497
S010819,C01424,2025-06-07 11:12:22,referral,mobile,A,0,
S010820,C01937,2025-05-04 21:35:27,paid_search,mobile,B,0,
S010821,C01463,2025-12-17 18:25:37,organic,mobile,B,1,O003498
S010822,C01197,2025-11-21 14:51:35,social,mobile,B,0,
S010823,C01681,2025-05-30 10:03:47,social,desktop,B,0,
S010824,C00004,2025-07-21 18:56:00,paid_search,mobile,A,0,
S010825,C01912,2025-09-05 07:46:38,social,mobile,A,0,
S010826,C00274,2025-08-27 11:46:35,social,desktop,A,0,
S010827,C01919,2025-09-07 12:00:00,paid_search,mobile,B,1,O003499
S010828,C00752,2025-03-25 22:22:22,social,mobile,A,1,O003500
S010829,C01230,2025-02-26 23:35:25,organic,mobile,A,1,O003501
S010830,C00504,2025-08-15 22:45:42,organic,mobile,A,1,O003502
S010831,C00391,2025-07-30 08:52:56,paid_search,mobile,B,0,
S010832,C00543,2025-05-25 21:09:42,social,desktop,B,1,O003503
S010833,C01862,2025-03-01 13:33:27,social,mobile,A,0,
S010834,C00984,2025-01-17 08:47:19,organic,mobile,A,0,
S010835,C00034,2025-01-23 13:34:21,organic,desktop,A,1,O003504
S010836,C01214,2025-07-08 16:04:34,email,mobile,A,0,
S010837,C01537,2025-06-07 14:15:58,organic,mobile,B,0,
S010838,C00354,2025-08-08 11:02:13,paid_search,mobile,A,1,O003505
S010839,C00886,2025-12-28 09:10:12,referral,mobile,A,0,
S010840,C00787,2025-12-19 17:02:27,paid_search,desktop,B,0,
S010841,C00529,2025-08-15 15:45:59,email,mobile,B,0,
S010842,C00751,2025-11-30 11:24:46,referral,desktop,B,1,O003506
S010843,C00793,2025-08-09 07:10:09,social,tablet,B,1,O003507
S010844,C00747,2025-11-12 12:18:11,organic,mobile,B,0,
S010845,C01751,2025-11-13 23:11:19,paid_search,desktop,B,0,
S010846,C00381,2025-07-26 16:59:59,paid_search,mobile,B,1,O003508
S010847,C01197,2025-07-23 18:07:02,referral,desktop,B,0,
S010848,C00488,2025-04-09 08:10:21,referral,mobile,A,0,
S010849,C01018,2025-10-20 09:49:32,organic,desktop,A,0,
S010850,C00255,2025-03-07 14:30:22,social,mobile,B,0,
S010851,C01640,2025-05-15 20:41:07,organic,mobile,A,0,
S010852,C00044,2025-12-18 19:01:17,paid_search,desktop,A,1,O003509
S010853,C00066,2025-01-16 16:59:06,organic,mobile,A,1,O003510
S010854,C00212,2025-10-02 19:38:40,organic,desktop,A,0,
S010855,C01663,2025-09-24 10:04:08,paid_search,mobile,B,0,
S010856,C00362,2025-04-19 13:31:03,referral,tablet,A,1,O003511
S010857,C01155,2025-09-16 19:16:47,social,mobile,B,1,O003512
S010858,C01649,2025-10-29 22:50:54,email,mobile,B,1,O003513
S010859,C01775,2025-03-22 14:24:45,organic,mobile,B,0,
S010860,C00481,2025-08-22 17:08:19,paid_search,mobile,B,0,
S010861,C01992,2025-10-03 15:49:14,paid_search,desktop,A,0,
S010862,C01643,2025-05-28 10:59:43,organic,mobile,B,0,
S010863,C01388,2025-06-19 09:11:05,social,desktop,A,1,O003514
S010864,C01877,2025-06-26 14:46:42,paid_search,tablet,B,1,O003515
S010865,C01710,2025-11-04 07:46:52,email,desktop,A,0,
S010866,C01009,2025-07-31 09:04:36,paid_search,desktop,B,1,O003516
S010867,C01639,2025-05-18 18:25:22,referral,desktop,B,1,O003517
S010868,C00213,2025-04-15 16:37:42,email,mobile,B,1,O003518
S010869,C01999,2025-03-31 21:02:21,social,desktop,B,0,
S010870,C01104,2025-01-26 22:33:08,referral,desktop,A,1,O003519
S010871,C00485,2025-04-23 15:53:18,social,mobile,B,0,
S010872,C00882,2025-08-26 18:02:57,email,desktop,A,0,
S010873,C01713,2025-02-25 12:00:17,email,mobile,B,0,
S010874,C01810,2025-12-01 09:36:07,email,desktop,A,1,O003520
S010875,C00511,2025-10-23 16:59:20,referral,desktop,B,0,
S010876,C00371,2025-06-24 16:43:21,social,desktop,B,1,O003521
S010877,C01923,2025-04-11 07:35:11,organic,desktop,B,0,
S010878,C01892,2025-11-15 21:29:09,paid_search,desktop,A,0,
S010879,C00266,2025-08-21 19:39:42,organic,mobile,A,1,O003522
S010880,C01574,2025-04-13 18:12:50,paid_search,tablet,A,0,
S010881,C00880,2025-02-25 08:45:08,organic,desktop,A,0,
S010882,C01329,2025-12-06 12:14:10,paid_search,mobile,B,0,
S010883,C00444,2025-05-07 11:03:10,referral,desktop,A,0,
S010884,C01218,2025-07-16 19:09:24,referral,mobile,A,1,O003523
S010885,C00699,2025-04-04 20:13:44,organic,desktop,B,0,
S010886,C00041,2025-11-21 13:01:58,social,desktop,B,1,O003524
S010887,C00833,2025-11-21 10:40:49,social,desktop,B,0,
S010888,C00593,2025-04-19 16:52:56,referral,desktop,B,1,O003525
S010889,C00734,2025-01-21 15:40:53,social,mobile,A,0,
S010890,C00119,2025-05-19 14:46:02,paid_search,mobile,B,0,
S010891,C01385,2025-11-08 19:38:39,email,desktop,B,0,
S010892,C01899,2025-08-16 19:35:58,organic,desktop,B,0,
S010893,C00361,2025-08-12 12:10:33,organic,tablet,B,0,
S010894,C00068,2025-03-17 07:32:30,paid_search,mobile,A,0,
S010895,C01654,2025-06-13 16:32:38,referral,desktop,A,0,
S010896,C01944,2025-01-13 09:28:43,paid_search,mobile,A,1,O003526
S010897,C01649,2025-12-03 22:03:07,organic,mobile,B,0,
S010898,C01874,2025-04-19 12:01:46,paid_search,mobile,A,1,O003527
S010899,C01327,2025-12-28 20:25:51,referral,desktop,B,0,
S010900,C01034,2025-06-20 18:53:49,referral,mobile,A,1,O003528
S010901,C00967,2025-06-17 10:40:45,referral,desktop,B,1,O003529
S010902,C01235,2025-01-04 12:10:36,referral,mobile,B,1,O003530
S010903,C00714,2025-05-21 15:51:49,organic,mobile,A,0,
S010904,C01065,2025-07-21 09:10:24,organic,mobile,B,1,O003531
S010905,C01969,2025-12-23 19:33:11,social,mobile,B,1,O003532
S010906,C01355,2025-07-01 15:13:10,organic,tablet,B,0,
S010907,C00440,2025-12-11 18:46:07,paid_search,desktop,A,0,
S010908,C01807,2025-06-14 18:08:32,paid_search,desktop,B,0,
S010909,C01709,2025-10-31 16:30:46,paid_search,desktop,B,0,
S010910,C00424,2025-12-31 08:23:13,paid_search,mobile,A,1,O003533
S010911,C01251,2025-09-22 14:16:16,paid_search,mobile,B,1,O003534
S010912,C00181,2025-05-08 10:16:40,organic,mobile,B,1,O003535
S010913,C01402,2025-06-14 09:42:01,email,mobile,A,1,O003536
S010914,C01371,2025-07-04 19:34:01,email,mobile,B,0,
S010915,C00113,2025-08-01 13:34:14,paid_search,mobile,B,0,
S010916,C00595,2025-03-01 22:44:17,email,mobile,B,0,
S010917,C00875,2025-01-11 13:58:26,paid_search,mobile,B,1,O003537
S010918,C01124,2025-09-12 08:36:06,organic,mobile,A,1,O003538
S010919,C00958,2025-08-06 10:20:59,email,desktop,A,0,
S010920,C00032,2025-02-02 22:48:08,organic,mobile,A,0,
S010921,C00651,2025-06-12 23:06:39,social,mobile,B,1,O003539
S010922,C00317,2025-01-22 16:45:33,organic,mobile,B,1,O003540
S010923,C00763,2025-03-23 17:39:36,social,mobile,B,0,
S010924,C01260,2025-08-06 10:38:26,organic,desktop,A,1,O003541
S010925,C00811,2025-06-28 20:08:13,social,mobile,B,0,
S010926,C00324,2025-12-04 18:05:21,paid_search,mobile,A,1,O003542
S010927,C00414,2025-12-28 15:59:04,referral,mobile,A,0,
S010928,C00962,2025-11-22 17:13:52,email,mobile,A,0,
S010929,C01840,2025-06-09 21:34:00,organic,desktop,A,1,O003543
S010930,C01057,2025-12-19 23:27:47,social,mobile,B,0,
S010931,C00485,2025-10-21 19:02:45,referral,desktop,B,1,O003544
S010932,C00668,2025-10-03 14:07:36,organic,desktop,A,0,
S010933,C00876,2025-04-29 15:51:22,organic,desktop,A,1,O003545
S010934,C00952,2025-02-01 09:40:33,email,mobile,A,1,O003546
S010935,C00255,2025-06-19 11:59:49,organic,desktop,B,0,
S010936,C01303,2025-11-27 15:19:28,social,mobile,B,1,O003547
S010937,C01094,2025-03-31 16:46:35,referral,desktop,A,0,
S010938,C00759,2025-08-11 11:30:43,social,mobile,B,0,
S010939,C01852,2025-07-21 19:33:34,paid_search,desktop,A,0,
S010940,C01381,2025-11-30 09:57:08,organic,mobile,B,0,
S010941,C01773,2025-06-28 10:55:55,social,desktop,B,0,
S010942,C00186,2025-04-05 15:25:49,paid_search,mobile,A,0,
S010943,C00595,2025-04-06 11:12:54,organic,tablet,B,0,
S010944,C01451,2025-04-27 17:29:28,email,mobile,B,0,
S010945,C01718,2025-12-22 23:46:53,organic,mobile,A,0,
S010946,C01215,2025-12-25 14:12:11,organic,mobile,B,0,
S010947,C00450,2025-11-10 22:51:19,referral,mobile,A,1,O003548
S010948,C00297,2025-01-27 12:22:40,email,mobile,B,0,
S010949,C00198,2025-10-05 20:23:42,paid_search,desktop,A,0,
S010950,C01105,2025-05-18 18:58:23,organic,mobile,B,0,
S010951,C00017,2025-08-18 21:21:26,paid_search,mobile,B,0,
S010952,C01058,2025-12-23 08:13:43,organic,mobile,A,1,O003549
S010953,C00790,2025-07-06 16:56:04,referral,desktop,A,0,
S010954,C01977,2025-08-19 07:27:09,paid_search,tablet,B,0,
S010955,C01445,2025-06-21 17:21:13,social,desktop,B,1,O003550
S010956,C01125,2025-12-22 20:27:21,email,mobile,B,0,
S010957,C00068,2025-08-26 14:15:37,social,tablet,A,0,
S010958,C01396,2025-10-07 15:27:15,social,mobile,A,0,
S010959,C00397,2025-04-30 12:19:33,organic,desktop,B,1,O003551
S010960,C01748,2025-09-10 18:48:44,email,mobile,A,1,O003552
S010961,C00209,2025-01-28 11:22:32,social,desktop,B,0,
S010962,C01058,2025-06-08 16:09:31,organic,mobile,A,0,
S010963,C01554,2025-10-18 07:50:30,organic,desktop,A,0,
S010964,C00424,2025-06-23 21:06:10,social,mobile,A,0,
S010965,C00880,2025-08-11 19:54:47,social,desktop,A,0,
S010966,C01895,2025-08-03 15:24:57,referral,mobile,B,1,O003553
S010967,C01896,2025-12-13 17:28:17,social,desktop,A,0,
S010968,C00922,2025-10-26 21:37:00,organic,mobile,A,1,O003554
S010969,C01019,2025-07-29 17:02:30,paid_search,mobile,B,1,O003555
S010970,C01590,2025-12-01 10:29:16,paid_search,mobile,A,1,O003556
S010971,C00151,2025-08-01 11:26:18,organic,desktop,B,0,
S010972,C01677,2025-10-13 19:48:37,referral,mobile,B,1,O003557
S010973,C00995,2025-12-11 16:57:04,organic,desktop,B,0,
S010974,C01204,2025-05-18 15:03:36,organic,mobile,A,0,
S010975,C00320,2025-11-11 19:43:09,paid_search,tablet,A,0,
S010976,C00664,2025-08-29 19:56:38,email,desktop,A,0,
S010977,C00618,2025-04-06 23:53:35,organic,mobile,A,0,
S010978,C00180,2025-07-27 09:25:51,social,desktop,A,1,O003558
S010979,C00323,2025-08-23 22:08:46,paid_search,tablet,B,0,
S010980,C01641,2025-11-26 07:16:33,organic,desktop,B,1,O003559
S010981,C00629,2025-09-13 19:45:40,paid_search,mobile,B,0,
S010982,C00871,2025-11-29 20:39:49,email,mobile,B,0,
S010983,C00889,2025-03-13 13:32:39,organic,mobile,B,0,
S010984,C01807,2025-11-09 13:34:28,referral,mobile,B,1,O003560
S010985,C00620,2025-12-06 13:23:49,social,mobile,A,0,
S010986,C00165,2025-03-25 22:20:19,organic,desktop,B,0,
S010987,C01932,2025-09-22 23:47:54,organic,desktop,A,0,
S010988,C00838,2025-11-22 21:12:03,paid_search,desktop,A,0,
S010989,C01081,2025-04-09 20:36:44,organic,mobile,B,0,
S010990,C00829,2025-09-17 14:15:05,referral,desktop,B,0,
S010991,C01084,2025-03-19 21:08:55,referral,desktop,A,0,
S010992,C01609,2025-05-06 22:04:41,organic,mobile,B,0,
S010993,C01844,2025-10-10 13:15:09,social,mobile,A,0,
S010994,C01303,2025-01-12 22:53:01,organic,mobile,B,1,O003561
S010995,C01416,2025-03-04 22:38:09,email,mobile,A,1,O003562
S010996,C00451,2025-05-18 16:27:57,organic,mobile,B,1,O003563
S010997,C01504,2025-10-02 19:45:36,organic,mobile,A,0,
S010998,C00443,2025-09-28 14:40:57,organic,desktop,B,1,O003564
S010999,C01400,2025-08-31 20:29:47,organic,desktop,A,0,
S011000,C01836,2025-03-29 12:21:52,email,mobile,A,0,
S011001,C01532,2025-01-28 15:39:39,referral,mobile,A,0,
S011002,C00061,2025-02-15 13:41:47,social,desktop,B,0,
S011003,C00410,2025-04-11 14:36:51,organic,desktop,A,0,
S011004,C01056,2025-09-07 12:47:56,social,tablet,A,1,O003565
S011005,C00863,2025-11-03 23:43:31,referral,mobile,B,0,
S011006,C01436,2025-02-02 15:41:07,organic,desktop,A,0,
S011007,C01791,2025-05-03 17:57:00,social,mobile,B,0,
S011008,C00274,2025-06-26 10:10:08,organic,mobile,A,0,
S011009,C01744,2025-07-29 22:02:49,email,mobile,A,0,
S011010,C00539,2025-02-10 07:25:40,social,mobile,B,1,O003566
S011011,C01606,2025-03-09 11:05:52,referral,desktop,A,1,O003567
S011012,C01608,2025-04-21 10:08:22,organic,mobile,A,0,
S011013,C00615,2025-12-04 15:31:37,paid_search,mobile,B,0,
S011014,C00154,2025-01-12 22:34:16,organic,mobile,A,0,
S011015,C00940,2025-08-22 15:34:07,email,mobile,A,0,
S011016,C00890,2025-01-11 19:04:32,organic,desktop,A,0,
S011017,C01954,2025-04-27 19:55:11,referral,mobile,A,1,O003568
S011018,C01472,2025-10-14 10:42:28,paid_search,mobile,A,0,
S011019,C01869,2025-12-26 11:45:23,paid_search,desktop,B,0,
S011020,C00539,2025-09-08 21:57:27,social,tablet,B,0,
S011021,C01166,2025-10-21 23:31:07,social,tablet,A,0,
S011022,C01595,2025-03-31 17:02:10,social,desktop,B,0,
S011023,C01659,2025-11-18 15:02:22,social,mobile,B,0,
S011024,C00469,2025-05-05 13:28:13,organic,mobile,B,0,
S011025,C00090,2025-12-12 08:05:18,referral,mobile,A,1,O003569
S011026,C00858,2025-01-29 20:31:36,organic,mobile,A,0,
S011027,C00753,2025-12-02 12:53:44,organic,desktop,B,0,
S011028,C00913,2025-03-25 15:43:36,paid_search,desktop,B,1,O003570
S011029,C00172,2025-11-13 14:56:55,email,tablet,A,1,O003571
S011030,C00778,2025-08-02 21:41:50,paid_search,mobile,A,1,O003572
S011031,C01837,2025-12-03 23:36:16,social,desktop,B,0,
S011032,C01814,2025-07-12 21:36:16,referral,desktop,A,1,O003573
S011033,C00763,2025-04-11 23:52:51,social,mobile,B,0,
S011034,C01867,2025-03-19 16:18:56,organic,mobile,B,0,
S011035,C00256,2025-01-14 21:17:31,paid_search,mobile,A,0,
S011036,C01661,2025-07-02 13:08:56,social,desktop,B,1,O003574
S011037,C01742,2025-03-04 08:33:09,organic,desktop,A,1,O003575
S011038,C00981,2025-01-22 09:31:57,paid_search,mobile,B,0,
S011039,C01549,2025-08-02 13:41:29,email,desktop,B,0,
S011040,C01540,2025-09-05 09:34:53,email,desktop,A,1,O003576
S011041,C01079,2025-03-01 21:45:01,paid_search,mobile,B,1,O003577
S011042,C01436,2025-11-12 14:53:31,social,mobile,A,1,O003578
S011043,C00516,2025-10-08 08:30:29,social,desktop,A,0,
S011044,C00840,2025-08-06 07:11:53,paid_search,mobile,A,1,O003579
S011045,C00098,2025-02-18 16:54:18,organic,desktop,A,1,O003580
S011046,C00517,2025-08-26 16:23:43,organic,mobile,B,0,
S011047,C01369,2025-04-19 21:31:19,referral,desktop,B,0,
S011048,C00013,2025-02-02 13:51:22,organic,mobile,B,0,
S011049,C01810,2025-02-07 17:02:06,paid_search,desktop,A,0,
S011050,C00803,2025-11-04 11:28:43,email,mobile,B,0,
S011051,C01229,2025-07-20 18:56:37,organic,mobile,B,0,
S011052,C01841,2025-11-05 17:13:07,referral,mobile,B,1,O003581
S011053,C00651,2025-11-30 23:30:47,referral,desktop,B,1,O003582
S011054,C00568,2025-11-01 16:55:22,organic,mobile,A,1,O003583
S011055,C01095,2025-08-19 14:16:58,organic,mobile,B,0,
S011056,C01554,2025-08-27 12:20:24,social,mobile,A,1,O003584
S011057,C00150,2025-10-28 23:49:11,paid_search,mobile,A,0,
S011058,C01827,2025-07-17 17:15:06,email,desktop,B,0,
S011059,C00239,2025-01-20 07:37:42,referral,mobile,B,0,
S011060,C00418,2025-02-12 20:43:29,paid_search,mobile,A,1,O003585
S011061,C01799,2025-10-10 07:07:16,paid_search,mobile,B,1,O003586
S011062,C01321,2025-08-02 23:28:21,paid_search,tablet,B,0,
S011063,C00799,2025-07-20 11:51:54,organic,desktop,B,0,
S011064,C01332,2025-08-22 15:57:55,paid_search,tablet,A,0,
S011065,C01321,2025-11-07 07:51:55,paid_search,mobile,B,1,O003587
S011066,C00048,2025-11-10 15:39:06,referral,desktop,A,0,
S011067,C01568,2025-08-23 08:02:30,organic,mobile,A,0,
S011068,C00520,2025-02-15 18:15:53,organic,desktop,A,0,
S011069,C01768,2025-07-01 08:02:53,referral,desktop,A,0,
S011070,C01630,2025-10-31 15:25:01,organic,mobile,A,0,
S011071,C01555,2025-11-15 13:09:44,organic,desktop,B,0,
S011072,C01832,2025-09-28 10:33:05,social,desktop,A,1,O003588
S011073,C01497,2025-09-26 08:51:15,email,mobile,B,0,
S011074,C01457,2025-08-09 14:21:11,organic,mobile,B,0,
S011075,C01872,2025-04-14 20:42:14,organic,mobile,A,0,
S011076,C00689,2025-03-25 10:21:38,paid_search,mobile,B,0,
S011077,C01992,2025-08-20 19:10:24,organic,desktop,A,0,
S011078,C00240,2025-07-03 23:26:52,organic,mobile,A,1,O003589
S011079,C00915,2025-05-21 20:31:06,email,mobile,B,1,O003590
S011080,C01252,2025-04-21 20:48:16,paid_search,mobile,A,1,O003591
S011081,C01583,2025-08-01 14:31:43,referral,desktop,B,1,O003592
S011082,C00068,2025-08-14 22:08:14,paid_search,desktop,A,0,
S011083,C01033,2025-10-04 16:28:48,organic,mobile,B,0,
S011084,C01252,2025-11-11 07:59:17,paid_search,desktop,A,0,
S011085,C01823,2025-06-11 23:03:04,referral,mobile,B,1,O003593
S011086,C01010,2025-06-17 11:28:19,organic,mobile,A,0,
S011087,C00708,2025-10-31 15:43:10,organic,mobile,A,0,
S011088,C00480,2025-09-20 15:22:46,organic,mobile,A,1,O003594
S011089,C01380,2025-12-16 20:14:00,paid_search,desktop,A,0,
S011090,C00629,2025-09-12 18:42:37,organic,desktop,B,1,O003595
S011091,C00721,2025-10-14 22:16:57,referral,mobile,B,0,
S011092,C00140,2025-07-19 13:09:07,organic,mobile,A,0,
S011093,C00946,2025-02-04 17:52:33,organic,mobile,A,1,O003596
S011094,C01446,2025-01-26 10:33:18,organic,mobile,A,0,
S011095,C01461,2025-09-06 19:25:14,organic,mobile,B,1,O003597
S011096,C01680,2025-06-04 14:08:28,paid_search,mobile,A,0,
S011097,C01845,2025-01-24 16:20:42,organic,mobile,B,0,
S011098,C00115,2025-04-30 12:08:26,paid_search,mobile,B,1,O003598
S011099,C01763,2025-10-01 23:00:32,referral,mobile,B,0,
S011100,C01393,2025-08-21 22:25:47,organic,mobile,B,0,
S011101,C00640,2025-01-06 12:34:57,social,mobile,A,0,
S011102,C01966,2025-06-10 20:59:38,organic,mobile,A,0,
S011103,C00690,2025-06-27 23:11:12,referral,mobile,A,0,
S011104,C01404,2025-07-21 18:18:37,email,mobile,A,0,
S011105,C01333,2025-07-02 14:17:21,paid_search,desktop,B,0,
S011106,C00302,2025-05-26 08:03:08,email,mobile,A,0,
S011107,C01467,2025-04-11 18:01:22,email,mobile,B,0,
S011108,C01821,2025-09-10 15:42:42,social,desktop,B,1,O003599
S011109,C01048,2025-05-30 19:37:26,organic,mobile,A,0,
S011110,C00320,2025-04-25 14:59:12,organic,mobile,A,0,
S011111,C01754,2025-08-03 09:36:06,paid_search,mobile,A,1,O003600
S011112,C00822,2025-11-19 16:59:37,email,mobile,A,0,
S011113,C01732,2025-01-31 23:48:50,paid_search,mobile,A,0,
S011114,C01046,2025-09-13 17:52:22,referral,mobile,A,0,
S011115,C00706,2025-06-28 17:58:21,paid_search,mobile,A,0,
S011116,C00743,2025-06-03 16:41:01,organic,mobile,B,1,O003601
S011117,C01023,2025-09-27 18:23:03,paid_search,mobile,B,0,
S011118,C00434,2025-06-19 17:58:49,social,mobile,A,0,
S011119,C00413,2025-11-02 17:39:55,paid_search,mobile,B,0,
S011120,C01533,2025-04-01 14:02:34,organic,desktop,B,0,
S011121,C00353,2025-03-10 08:21:39,referral,desktop,B,0,
S011122,C00306,2025-12-02 12:54:45,organic,mobile,A,0,
S011123,C01995,2025-05-28 10:09:40,organic,mobile,B,0,
S011124,C00246,2025-04-01 16:52:34,paid_search,tablet,A,1,O003602
S011125,C00403,2025-10-21 20:23:44,organic,mobile,B,0,
S011126,C00394,2025-01-12 08:14:47,social,Unknown,A,0,
S011127,C01335,2025-02-26 20:14:01,referral,mobile,B,0,
S011128,C01753,2025-02-25 10:59:47,paid_search,desktop,B,1,O003603
S011129,C00728,2025-01-04 09:20:28,social,mobile,A,0,
S011130,C01720,2025-10-31 14:15:25,organic,desktop,A,0,
S011131,C00688,2025-12-05 11:48:38,paid_search,tablet,A,1,O003604
S011132,C00972,2025-02-13 15:34:22,organic,tablet,A,0,
S011133,C00146,2025-05-26 19:29:02,referral,mobile,A,1,O003605
S011134,C00021,2025-05-11 16:37:37,email,desktop,B,0,
S011135,C00238,2025-06-07 07:56:10,social,desktop,A,0,
S011136,C00848,2025-05-25 13:09:33,referral,mobile,A,0,
S011137,C01856,2025-02-03 16:40:38,paid_search,mobile,A,0,
S011138,C01170,2025-05-08 16:32:39,organic,mobile,A,0,
S011139,C01942,2025-02-28 21:45:34,social,tablet,A,1,O003606
S011140,C01590,2025-09-12 08:42:59,organic,mobile,A,0,
S011141,C01389,2025-12-26 10:21:46,organic,mobile,B,0,
S011142,C01885,2025-12-26 11:42:49,referral,desktop,B,0,
S011143,C01941,2025-08-09 20:19:45,social,tablet,B,0,
S011144,C01383,2025-10-02 23:01:21,organic,mobile,B,1,O003607
S011145,C01344,2025-07-08 23:42:56,paid_search,mobile,A,1,O003608
S011146,C00165,2025-07-08 13:26:22,email,mobile,B,1,O003609
S011147,C00420,2025-01-19 20:53:36,social,mobile,A,1,O003610
S011148,C01328,2025-06-19 15:20:13,email,mobile,A,0,
S011149,C01390,2025-04-01 14:31:49,organic,mobile,A,0,
S011150,C01949,2025-03-05 13:38:14,paid_search,desktop,B,0,
S011151,C01418,2025-05-19 07:06:14,paid_search,mobile,A,0,
S011152,C01378,2025-05-16 18:46:27,organic,mobile,A,1,O003611
S011153,C01978,2025-11-01 17:47:15,social,desktop,A,1,O003612
S011154,C01304,2025-08-08 13:11:24,organic,mobile,A,0,
S011155,C00605,2025-05-20 10:59:47,email,mobile,B,0,
S011156,C01159,2025-09-22 13:19:58,social,mobile,B,0,
S011157,C01899,2025-12-19 16:52:33,organic,mobile,B,1,O003613
S011158,C00925,2025-09-13 07:02:58,email,mobile,B,0,
S011159,C00703,2025-05-03 07:06:10,referral,mobile,B,1,O003614
S011160,C00775,2025-05-14 18:02:07,social,mobile,B,0,
S011161,C00459,2025-12-04 15:31:42,organic,mobile,B,0,
S011162,C00017,2025-04-12 21:15:56,paid_search,mobile,B,0,
S011163,C00157,2025-06-03 16:09:44,organic,mobile,B,0,
S011164,C00911,2025-09-01 18:53:39,paid_search,mobile,B,0,
S011165,C01869,2025-08-15 15:19:34,email,desktop,B,1,O003615
S011166,C00845,2025-03-09 22:35:43,email,mobile,B,1,O003616
S011167,C01832,2025-08-28 13:56:36,paid_search,tablet,A,0,
S011168,C01844,2025-07-23 14:50:36,social,mobile,A,0,
S011169,C00478,2025-08-14 18:41:35,organic,tablet,A,0,
S011170,C00069,2025-11-24 11:32:49,organic,desktop,B,1,O003617
S011171,C00653,2025-08-21 19:32:54,paid_search,mobile,B,1,O003618
S011172,C00040,2025-11-28 13:48:21,organic,mobile,A,0,
S011173,C00986,2025-04-11 13:44:37,email,mobile,A,0,
S011174,C00696,2025-11-03 23:38:50,social,mobile,A,0,
S011175,C01743,2025-02-27 21:18:23,email,mobile,B,0,
S011176,C01831,2025-10-28 20:43:47,social,mobile,B,1,O003619
S011177,C01854,2025-08-01 07:27:20,email,mobile,A,0,
S011178,C01653,2025-08-14 20:50:42,paid_search,desktop,B,0,
S011179,C00006,2025-07-15 12:54:31,referral,desktop,A,0,
S011180,C01692,2025-03-18 19:42:30,referral,mobile,A,0,
S011181,C01573,2025-12-25 15:01:46,email,mobile,B,0,
S011182,C01138,2025-11-14 17:26:16,organic,mobile,A,0,
S011183,C01414,2025-03-29 18:34:12,paid_search,mobile,A,0,
S011184,C01074,2025-05-04 18:58:55,organic,mobile,A,0,
S011185,C01573,2025-08-25 17:45:57,referral,mobile,B,0,
S011186,C00475,2025-11-22 10:41:13,social,mobile,B,1,O003620
S011187,C00554,2025-09-12 22:33:16,social,tablet,A,0,
S011188,C00471,2025-08-05 14:56:56,paid_search,mobile,B,0,
S011189,C00939,2025-11-24 11:36:38,social,mobile,B,0,
S011190,C01778,2025-12-15 10:22:19,referral,mobile,A,1,O003621
S011191,C01082,2025-12-07 09:07:21,referral,mobile,A,0,
S011192,C01932,2025-05-14 12:39:28,organic,mobile,A,0,
S011193,C00009,2025-02-01 11:00:19,referral,desktop,B,0,
S011194,C01376,2025-08-04 19:21:34,organic,desktop,A,1,O003622
S011195,C01863,2025-05-17 22:42:15,social,mobile,B,0,
S011196,C00126,2025-01-04 18:48:50,social,desktop,A,1,O003623
S011197,C00542,2025-06-15 16:52:21,organic,desktop,A,1,O003624
S011198,C01246,2025-06-02 16:09:31,paid_search,desktop,A,1,O003625
S011199,C00707,2025-12-07 14:17:06,referral,desktop,B,1,O003626
S011200,C01204,2025-05-27 23:19:22,referral,mobile,A,1,O003627
S011201,C01142,2025-12-09 12:08:50,social,tablet,A,0,
S011202,C01868,2025-09-12 23:44:17,email,mobile,A,0,
S011203,C01923,2025-08-20 17:25:20,paid_search,desktop,B,1,O003628
S011204,C00357,2025-01-14 20:34:06,referral,mobile,B,1,O003629
S011205,C00930,2025-03-29 22:15:35,organic,mobile,A,0,
S011206,C01587,2025-03-11 18:36:37,organic,mobile,B,0,
S011207,C01724,2025-12-16 22:27:21,social,mobile,A,0,
S011208,C00232,2025-01-18 21:40:00,email,desktop,A,0,
S011209,C00174,2025-07-22 07:19:09,referral,mobile,A,0,
S011210,C00581,2025-07-06 18:11:33,organic,mobile,B,1,O003630
S011211,C00535,2025-05-17 22:20:23,organic,mobile,B,1,O003631
S011212,C01123,2025-05-28 18:36:12,paid_search,desktop,B,1,O003632
S011213,C00332,2025-07-12 17:58:21,paid_search,mobile,A,0,
S011214,C00023,2025-04-26 15:49:02,referral,desktop,B,0,
S011215,C00181,2025-09-16 14:17:05,email,mobile,B,0,
S011216,C00930,2025-05-31 16:06:37,referral,desktop,A,1,O003633
S011217,C01227,2025-05-16 18:40:10,email,mobile,B,1,O003634
S011218,C01270,2025-03-23 14:58:47,organic,mobile,A,0,
S011219,C01833,2025-08-09 21:37:56,social,mobile,B,0,
S011220,C01216,2025-05-07 07:14:45,social,mobile,A,0,
S011221,C00856,2025-11-11 17:15:53,paid_search,desktop,A,1,O003635
S011222,C01239,2025-10-03 21:18:09,social,mobile,B,0,
S011223,C01847,2025-05-08 16:57:58,paid_search,mobile,B,0,
S011224,C01256,2025-08-16 09:18:05,referral,desktop,A,0,
S011225,C01568,2025-11-30 13:03:59,social,mobile,A,0,
S011226,C00862,2025-05-02 17:13:26,social,desktop,A,0,
S011227,C00822,2025-05-03 12:05:05,social,mobile,A,1,O003636
S011228,C01436,2025-11-10 15:03:42,social,desktop,A,0,
S011229,C00567,2025-01-24 23:35:11,organic,desktop,B,0,
S011230,C00305,2025-04-14 15:42:59,paid_search,desktop,B,1,O003637
S011231,C00760,2025-10-31 14:15:53,email,tablet,A,1,O003638
S011232,C01307,2025-09-26 09:39:00,referral,mobile,B,1,O003639
S011233,C01553,2025-08-15 08:19:30,email,desktop,B,0,
S011234,C00460,2025-12-18 11:35:55,paid_search,desktop,A,1,O003640
S011235,C01412,2025-12-31 20:17:23,email,mobile,A,1,O003641
S011236,C01113,2025-02-23 15:29:38,organic,mobile,B,0,
S011237,C00001,2025-06-08 18:30:22,paid_search,mobile,B,0,
S011238,C01018,2025-04-20 11:31:27,social,mobile,A,1,O003642
S011239,C01410,2025-08-09 18:41:27,referral,mobile,A,0,
S011240,C01216,2025-09-27 09:42:16,social,desktop,A,1,O003643
S011241,C01396,2025-10-21 13:25:10,email,mobile,A,1,O003644
S011242,C01358,2025-09-19 12:18:06,organic,mobile,A,0,
S011243,C00064,2025-10-04 16:02:51,paid_search,desktop,A,1,O003645
S011244,C00189,2025-02-23 21:52:04,paid_search,mobile,B,1,O003646
S011245,C00088,2025-05-20 18:26:43,paid_search,mobile,A,1,O003647
S011246,C00945,2025-12-16 18:57:26,paid_search,desktop,B,0,
S011247,C01022,2025-12-15 19:17:00,organic,mobile,A,1,O003648
S011248,C01956,2025-07-28 15:51:59,organic,mobile,A,0,
S011249,C01568,2025-06-02 08:39:54,social,desktop,A,0,
S011250,C00545,2025-10-10 17:36:27,social,desktop,B,0,
S011251,C00916,2025-09-29 10:22:14,social,mobile,A,1,O003649
S011252,C01048,2025-08-02 07:53:23,referral,mobile,A,0,
S011253,C01335,2025-10-05 14:14:57,referral,mobile,B,1,O003650
S011254,C01715,2025-09-28 10:36:37,social,desktop,B,1,O003651
S011255,C01693,2025-06-23 19:52:22,email,tablet,B,0,
S011256,C00779,2025-02-15 08:25:08,paid_search,mobile,B,0,
S011257,C00456,2025-02-10 14:43:04,referral,tablet,A,0,
S011258,C00356,2025-10-09 21:54:42,email,desktop,A,1,O003652
S011259,C01623,2025-11-10 12:48:35,referral,mobile,B,1,O003653
S011260,C00524,2025-04-13 07:33:30,email,desktop,A,0,
S011261,C01677,2025-09-17 23:52:33,referral,desktop,B,0,
S011262,C01302,2025-06-30 11:43:35,social,mobile,A,1,O003654
S011263,C00987,2025-10-06 14:51:48,referral,mobile,B,1,O003655
S011264,C01165,2025-07-05 23:46:31,organic,mobile,B,0,
S011265,C01544,2025-12-02 12:07:00,referral,mobile,A,0,
S011266,C00759,2025-08-21 21:45:42,paid_search,mobile,B,0,
S011267,C00431,2025-10-28 12:55:15,social,mobile,B,0,
S011268,C00056,2025-11-09 08:50:36,organic,tablet,A,0,
S011269,C00405,2025-09-12 08:51:30,social,mobile,B,0,
S011270,C01387,2025-01-02 19:53:24,paid_search,desktop,B,1,O003656
S011271,C00241,2025-06-20 21:04:00,social,mobile,B,1,O003657
S011272,C01214,2025-05-27 12:38:24,paid_search,mobile,A,0,
S011273,C00274,2025-12-26 09:25:51,social,desktop,A,0,
S011274,C00089,2025-07-26 09:44:42,paid_search,mobile,B,0,
S011275,C01895,2025-09-13 17:28:53,organic,desktop,B,0,
S011276,C01251,2025-06-01 19:02:50,referral,mobile,B,1,O003658
S011277,C00730,2025-12-26 12:43:24,organic,mobile,A,1,O003659
S011278,C00074,2025-08-02 15:05:00,social,tablet,A,0,
S011279,C00659,2025-05-14 21:35:51,organic,desktop,B,0,
S011280,C01211,2025-08-07 16:09:17,organic,desktop,B,0,
S011281,C00792,2025-07-19 23:41:38,organic,mobile,A,0,
S011282,C00433,2025-03-19 12:33:10,referral,mobile,B,1,O003660
S011283,C01673,2025-03-21 16:31:36,paid_search,mobile,B,1,O003661
S011284,C00882,2025-02-01 09:43:34,social,mobile,A,0,
S011285,C01464,2025-11-05 13:06:40,paid_search,mobile,A,0,
S011286,C01787,2025-09-21 17:04:47,social,mobile,B,0,
S011287,C01837,2025-10-03 10:34:14,social,mobile,B,0,
S011288,C00281,2025-02-25 18:44:07,organic,mobile,B,0,
S011289,C01764,2025-04-05 17:56:05,paid_search,mobile,A,1,O003662
S011290,C01392,2025-02-04 11:59:55,social,desktop,A,0,
S011291,C01882,2025-06-15 13:13:50,email,mobile,A,0,
S011292,C01813,2025-09-03 09:28:54,organic,mobile,B,1,O003663
S011293,C01413,2025-02-20 08:34:24,organic,mobile,B,1,O003664
S011294,C00942,2025-10-09 17:22:03,organic,mobile,A,1,O003665
S011295,C01220,2025-08-06 17:13:14,referral,mobile,A,0,
S011296,C01079,2025-04-29 18:40:35,organic,mobile,B,1,O003666
S011297,C00879,2025-07-08 22:37:56,email,desktop,B,1,O003667
S011298,C00061,2025-02-10 19:44:42,paid_search,desktop,B,1,O003668
S011299,C00415,2025-10-02 20:04:09,organic,desktop,B,0,
S011300,C01447,2025-02-15 14:52:27,organic,mobile,B,0,
S011301,C00714,2025-01-28 16:33:29,social,mobile,A,0,
S011302,C00367,2025-09-12 10:55:37,email,mobile,B,1,O003669
S011303,C00403,2025-05-24 18:15:07,social,mobile,B,0,
S011304,C01594,2025-01-05 15:23:58,paid_search,mobile,A,1,O003670
S011305,C00125,2025-11-09 22:40:27,paid_search,mobile,B,1,O003671
S011306,C01602,2025-03-29 19:35:29,paid_search,mobile,A,0,
S011307,C00295,2025-06-03 16:05:39,social,desktop,B,0,
S011308,C00677,2025-06-04 17:19:27,paid_search,mobile,B,0,
S011309,C01670,2025-02-04 13:47:40,organic,desktop,A,0,
S011310,C01280,2025-02-22 17:55:11,paid_search,mobile,A,0,
S011311,C01550,2025-03-11 17:56:46,paid_search,desktop,A,0,
S011312,C01930,2025-12-15 09:10:21,organic,mobile,A,1,O003672
S011313,C00031,2025-06-02 10:31:30,paid_search,desktop,B,1,O003673
S011314,C00980,2025-11-24 18:29:29,organic,mobile,A,0,
S011315,C00066,2025-02-24 08:06:44,paid_search,desktop,A,0,
S011316,C01255,2025-12-11 10:47:36,organic,desktop,B,1,O003674
S011317,C01410,2025-12-10 14:54:44,organic,desktop,A,0,
S011318,C01326,2025-11-12 23:31:19,email,desktop,A,0,
S011319,C00973,2025-03-22 22:23:20,organic,desktop,B,1,O003675
S011320,C00213,2025-02-14 15:42:12,organic,mobile,B,1,O003676
S011321,C00009,2025-11-05 19:46:26,referral,mobile,B,0,
S011322,C01120,2025-01-24 09:01:16,organic,desktop,A,0,
S011323,C01473,2025-06-16 18:22:26,email,desktop,B,0,
S011324,C00302,2025-03-23 07:04:25,referral,mobile,A,1,O003677
S011325,C01224,2025-04-25 10:39:17,paid_search,mobile,A,0,
S011326,C00844,2025-04-22 18:16:00,organic,mobile,A,0,
S011327,C00075,2025-08-21 17:42:47,organic,mobile,B,1,O003678
S011328,C00683,2025-12-24 07:44:23,social,mobile,B,1,O003679
S011329,C01790,2025-09-07 22:31:38,social,desktop,A,0,
S011330,C00079,2025-12-11 18:48:02,social,desktop,B,1,O003680
S011331,C01861,2025-11-09 10:11:57,organic,mobile,B,1,O003681
S011332,C01082,2025-01-26 18:04:28,paid_search,desktop,A,0,
S011333,C00412,2025-05-13 13:23:41,paid_search,desktop,A,1,O003682
S011334,C00316,2025-11-17 10:26:12,email,mobile,A,1,O003683
S011335,C01865,2025-12-27 19:57:18,social,desktop,B,1,O003684
S011336,C01662,2025-03-04 15:59:07,organic,mobile,A,0,
S011337,C00406,2025-09-29 09:24:04,organic,mobile,A,0,
S011338,C00699,2025-02-05 07:30:50,email,mobile,B,0,
S011339,C01087,2025-09-01 12:19:36,social,desktop,B,0,
S011340,C00806,2025-03-14 17:10:47,paid_search,desktop,A,1,O003685
S011341,C01997,2025-06-01 16:47:39,email,mobile,B,1,O003686
S011342,C00619,2025-04-04 08:59:59,referral,mobile,B,0,
S011343,C00282,2025-05-27 07:05:21,organic,mobile,A,1,O003687
S011344,C01344,2025-12-27 20:57:00,organic,desktop,A,1,O003688
S011345,C00760,2025-06-24 20:44:55,paid_search,desktop,A,0,
S011346,C00166,2025-01-14 22:17:34,organic,desktop,A,0,
S011347,C01319,2025-12-19 15:25:55,organic,mobile,B,1,O003689
S011348,C00532,2025-09-25 09:47:45,referral,mobile,A,0,
S011349,C00042,2025-04-08 09:27:54,organic,desktop,A,0,
S011350,C00719,2025-10-19 20:49:28,organic,mobile,B,1,O003690
S011351,C01256,2025-02-25 20:04:18,email,mobile,A,0,
S011352,C01640,2025-12-25 07:15:32,organic,mobile,A,0,
S011353,C01203,2025-11-14 10:12:52,email,mobile,B,0,
S011354,C00654,2025-10-19 20:31:27,paid_search,desktop,A,1,O003691
S011355,C00915,2025-10-01 23:56:41,social,desktop,B,1,O003692
S011356,C00445,2025-05-19 10:24:00,referral,mobile,B,0,
S011357,C01382,2025-05-16 08:38:44,email,mobile,A,1,O003693
S011358,C00896,2025-08-02 13:28:37,paid_search,mobile,A,0,
S011359,C01183,2025-09-03 23:47:06,paid_search,desktop,B,0,
S011360,C01530,2025-05-29 17:39:42,referral,mobile,A,1,O003694
S011361,C01481,2025-10-15 14:41:07,paid_search,mobile,B,1,O003695
S011362,C00023,2025-02-10 14:42:49,organic,mobile,B,1,O003696
S011363,C00996,2025-05-18 10:24:35,social,desktop,A,0,
S011364,C01031,2025-10-26 10:33:47,social,mobile,B,0,
S011365,C00699,2025-08-07 16:52:16,organic,mobile,B,1,O003697
S011366,C01950,2025-11-20 18:39:35,social,tablet,A,0,
S011367,C00825,2025-09-15 09:46:10,social,desktop,B,1,O003698
S011368,C01680,2025-09-13 20:59:16,email,mobile,A,0,
S011369,C00753,2025-09-10 20:44:57,email,mobile,B,0,
S011370,C01529,2025-08-10 23:52:02,social,tablet,B,0,
S011371,C01454,2025-11-30 19:14:30,social,tablet,A,0,
S011372,C00686,2025-06-23 16:31:29,organic,desktop,A,0,
S011373,C00717,2025-05-08 08:38:43,referral,mobile,B,1,O003699
S011374,C01419,2025-01-31 16:24:22,referral,desktop,B,0,
S011375,C00009,2025-05-29 13:57:59,email,desktop,B,1,O003700
S011376,C00232,2025-07-05 14:13:51,organic,desktop,A,0,
S011377,C00630,2025-11-21 17:52:07,organic,desktop,A,1,O003701
S011378,C00078,2025-08-13 15:40:40,paid_search,mobile,A,0,
S011379,C01628,2025-05-14 12:03:59,social,desktop,A,0,
S011380,C01069,2025-07-14 12:46:41,organic,desktop,B,0,
S011381,C00707,2025-08-25 16:28:51,email,mobile,B,1,O003702
S011382,C01369,2025-10-04 10:00:54,organic,tablet,B,0,
S011383,C01878,2025-07-07 13:26:04,paid_search,mobile,A,0,
S011384,C01849,2025-01-23 08:42:12,organic,mobile,B,1,O003703
S011385,C00404,2025-06-23 18:20:43,organic,desktop,A,1,O003704
S011386,C00999,2025-11-23 23:30:56,organic,mobile,B,1,O003705
S011387,C01464,2025-02-17 17:58:37,paid_search,tablet,A,0,
S011388,C01159,2025-08-01 13:17:43,social,mobile,B,0,
S011389,C00238,2025-12-31 17:20:05,social,mobile,A,0,
S011390,C01665,2025-03-10 17:53:54,organic,desktop,B,1,O003706
S011391,C01654,2025-06-22 14:59:50,social,mobile,A,0,
S011392,C00411,2025-06-04 19:38:59,social,mobile,B,0,
S011393,C00601,2025-10-08 12:33:50,organic,desktop,B,1,O003707
S011394,C00228,2025-06-20 23:01:43,paid_search,desktop,A,0,
S011395,C00640,2025-02-14 10:03:35,referral,mobile,A,0,
S011396,C01849,2025-12-25 09:07:35,organic,mobile,B,1,O003708
S011397,C00458,2025-11-05 17:22:24,paid_search,desktop,A,0,
S011398,C00925,2025-11-21 10:16:30,organic,mobile,B,1,O003709
S011399,C00617,2025-08-17 22:32:34,email,mobile,B,1,O003710
S011400,C00690,2025-06-17 19:21:59,organic,mobile,A,1,O003711
S011401,C01151,2025-05-21 14:17:25,organic,mobile,B,0,
S011402,C00559,2025-03-31 19:38:01,referral,mobile,B,0,
S011403,C01934,2025-05-10 19:02:17,paid_search,mobile,A,1,O003712
S011404,C01660,2025-11-26 12:12:33,organic,tablet,A,1,O003713
S011405,C01467,2025-04-30 17:35:52,paid_search,mobile,B,0,
S011406,C00098,2025-06-06 16:27:15,organic,desktop,A,0,
S011407,C01508,2025-10-16 08:17:27,referral,mobile,A,0,
S011408,C00638,2025-08-02 07:26:27,paid_search,mobile,A,0,
S011409,C01440,2025-08-06 14:15:30,paid_search,desktop,A,0,
S011410,C01997,2025-10-18 07:25:47,paid_search,desktop,B,0,
S011411,C00553,2025-03-12 13:17:32,organic,mobile,B,1,O003714
S011412,C01373,2025-08-12 21:01:44,email,mobile,B,1,O003715
S011413,C00279,2025-08-21 11:32:39,organic,mobile,B,1,O003716
S011414,C00280,2025-06-18 22:29:49,paid_search,mobile,A,0,
S011415,C00013,2025-11-22 08:01:23,organic,mobile,B,0,
S011416,C01163,2025-04-23 16:40:49,email,mobile,B,0,
S011417,C00390,2025-06-20 12:54:39,paid_search,mobile,A,0,
S011418,C00346,2025-12-07 18:26:23,organic,mobile,A,0,
S011419,C00991,2025-02-27 23:02:14,referral,desktop,B,0,
S011420,C00226,2025-09-02 16:53:02,paid_search,desktop,A,0,
S011421,C00276,2025-10-25 20:51:09,organic,desktop,A,0,
S011422,C00684,2025-02-26 07:38:43,paid_search,mobile,A,0,
S011423,C00381,2025-03-30 12:39:47,organic,desktop,B,0,
S011424,C01428,2025-11-23 13:28:51,organic,mobile,A,0,
S011425,C01725,2025-09-19 10:08:41,social,desktop,B,1,O003717
S011426,C00131,2025-01-25 23:07:06,organic,desktop,B,1,O003718
S011427,C01005,2025-04-20 13:01:37,organic,desktop,B,0,
S011428,C01252,2025-02-13 12:43:07,organic,mobile,A,1,O003719
S011429,C01472,2025-10-06 07:52:19,organic,mobile,A,0,
S011430,C00064,2025-05-02 16:31:35,paid_search,mobile,A,0,
S011431,C01042,2025-11-08 12:06:13,paid_search,mobile,A,0,
S011432,C00187,2025-07-23 19:56:57,email,desktop,B,1,O003720
S011433,C01241,2025-08-23 19:14:24,paid_search,mobile,B,0,
S011434,C00633,2025-01-08 19:33:26,referral,tablet,B,0,
S011435,C01133,2025-08-11 16:42:07,email,desktop,B,1,O003721
S011436,C01794,2025-09-19 22:43:39,referral,mobile,A,0,
S011437,C01961,2025-11-04 09:31:02,referral,mobile,B,0,
S011438,C01709,2025-02-27 19:57:43,paid_search,mobile,B,0,
S011439,C01000,2025-09-28 17:42:22,email,desktop,A,0,
S011440,C00871,2025-12-28 20:04:46,email,mobile,B,0,
S011441,C00601,2025-07-12 20:05:04,social,mobile,B,0,
S011442,C01459,2025-12-17 20:19:58,paid_search,tablet,B,1,O003722
S011443,C00454,2025-02-02 10:15:32,referral,mobile,A,0,
S011444,C01637,2025-01-23 19:57:00,organic,mobile,B,0,
S011445,C01550,2025-06-10 19:12:59,organic,mobile,A,1,O003723
S011446,C01658,2025-03-28 22:14:03,paid_search,mobile,A,0,
S011447,C00246,2025-09-13 23:01:31,organic,desktop,A,0,
S011448,C00817,2025-10-27 20:52:56,referral,Unknown,B,0,
S011449,C00310,2025-01-11 11:51:18,referral,mobile,A,0,
S011450,C01506,2025-02-04 10:33:15,social,mobile,A,0,
S011451,C00268,2025-12-30 21:54:57,social,desktop,A,0,
S011452,C01319,2025-01-30 22:22:50,email,mobile,B,0,
S011453,C00110,2025-02-09 07:36:20,email,desktop,A,0,
S011454,C01825,2025-06-18 23:12:51,paid_search,mobile,B,0,
S011455,C01699,2025-08-06 10:21:15,organic,mobile,B,0,
S011456,C01724,2025-05-07 16:17:34,paid_search,mobile,A,1,O003724
S011457,C01746,2025-01-22 07:46:40,referral,mobile,A,1,O003725
S011458,C00780,2025-06-07 12:09:11,paid_search,mobile,A,0,
S011459,C00007,2025-12-26 20:18:29,organic,mobile,B,1,O003726
S011460,C00296,2025-12-20 18:47:50,paid_search,mobile,A,0,
S011461,C00813,2025-07-05 16:40:56,organic,mobile,B,1,O003727
S011462,C01267,2025-07-06 22:50:36,paid_search,mobile,B,0,
S011463,C01735,2025-01-26 09:27:31,email,mobile,B,1,O003728
S011464,C00938,2025-05-29 18:39:51,organic,desktop,A,0,
S011465,C01388,2025-05-09 10:02:14,social,mobile,A,0,
S011466,C00298,2025-05-14 21:46:20,social,desktop,A,0,
S011467,C01659,2025-04-19 13:30:51,organic,mobile,B,0,
S011468,C01518,2025-05-13 22:26:54,social,mobile,A,0,
S011469,C01930,2025-01-29 08:10:51,paid_search,mobile,A,0,
S011470,C00011,2025-09-22 21:46:45,referral,desktop,B,1,O003729
S011471,C01878,2025-08-19 22:13:16,social,mobile,A,0,
S011472,C00045,2025-07-02 19:03:14,email,mobile,B,1,O003730
S011473,C01142,2025-01-18 20:20:27,social,desktop,A,0,
S011474,C00357,2025-03-19 17:44:11,organic,mobile,B,0,
S011475,C00511,2025-06-21 07:03:21,paid_search,tablet,B,0,
S011476,C01150,2025-03-03 13:08:57,organic,mobile,A,1,O003731
S011477,C01102,2025-04-17 08:13:20,social,desktop,A,0,
S011478,C01837,2025-05-09 10:17:55,social,tablet,B,0,
S011479,C01169,2025-03-20 22:09:11,email,desktop,B,0,
S011480,C00980,2025-11-12 19:51:09,email,mobile,A,1,O003732
S011481,C00790,2025-01-12 12:22:26,organic,desktop,A,0,
S011482,C01193,2025-05-25 22:54:32,paid_search,mobile,B,0,
S011483,C01522,2025-02-03 09:35:47,organic,mobile,A,0,
S011484,C00096,2025-01-15 13:03:18,organic,desktop,A,1,O003733
S011485,C00396,2025-10-31 21:30:25,paid_search,desktop,A,0,
S011486,C00733,2025-07-19 23:31:33,organic,mobile,B,1,O003734
S011487,C00782,2025-08-09 14:13:09,social,mobile,A,0,
S011488,C00265,2025-12-11 14:21:17,organic,desktop,B,1,O003735
S011489,C01198,2025-10-28 18:00:36,organic,mobile,A,1,O003736
S011490,C01111,2025-04-10 23:05:03,email,mobile,B,0,
S011491,C01298,2025-09-18 21:31:32,organic,mobile,A,0,
S011492,C00960,2025-12-12 21:26:58,social,desktop,A,1,O003737
S011493,C00133,2025-04-02 22:12:01,organic,mobile,B,0,
S011494,C00597,2025-10-22 20:31:48,referral,mobile,B,0,
S011495,C00450,2025-10-27 23:33:01,referral,mobile,A,0,
S011496,C01920,2025-09-29 11:31:54,paid_search,desktop,A,1,O003738
S011497,C00616,2025-02-21 09:53:03,organic,mobile,A,0,
S011498,C01383,2025-02-03 12:53:08,organic,mobile,B,1,O003739
S011499,C01564,2025-05-16 19:06:55,email,mobile,A,0,
S011500,C00245,2025-11-17 17:23:55,paid_search,mobile,B,0,
S011501,C00078,2025-03-14 13:13:01,organic,mobile,A,0,
S011502,C01921,2025-04-02 15:10:48,organic,mobile,B,0,
S011503,C00383,2025-12-06 22:57:02,social,mobile,B,0,
S011504,C01111,2025-11-04 08:43:39,paid_search,desktop,B,1,O003740
S011505,C01386,2025-12-09 12:07:02,organic,mobile,A,0,
S011506,C00431,2025-12-28 13:53:23,email,desktop,B,1,O003741
S011507,C01675,2025-05-27 09:21:58,paid_search,mobile,B,0,
S011508,C01868,2025-04-23 09:52:42,email,desktop,A,1,O003742
S011509,C00430,2025-02-13 13:44:33,paid_search,mobile,A,0,
S011510,C01901,2025-03-06 14:41:54,email,desktop,B,1,O003743
S011511,C00259,2025-04-18 19:28:44,email,mobile,B,0,
S011512,C00061,2025-09-12 12:16:42,paid_search,mobile,B,1,O003744
S011513,C01101,2025-12-09 19:22:50,organic,mobile,B,1,O003745
S011514,C01178,2025-10-17 09:52:07,paid_search,desktop,A,0,
S011515,C01413,2025-04-24 07:45:44,paid_search,mobile,B,0,
S011516,C01075,2025-12-08 13:16:01,paid_search,mobile,B,0,
S011517,C00482,2025-06-05 16:51:10,paid_search,mobile,A,0,
S011518,C00528,2025-03-22 14:11:34,organic,mobile,A,1,O003746
S011519,C00498,2025-10-25 11:18:13,referral,mobile,A,1,O003747
S011520,C01869,2025-02-05 20:52:44,email,desktop,B,0,
S011521,C00187,2025-12-19 12:08:39,organic,mobile,B,0,
S011522,C01921,2025-04-19 13:46:29,paid_search,desktop,B,0,
S011523,C01845,2025-05-05 23:46:07,email,mobile,B,0,
S011524,C00949,2025-12-18 14:45:37,social,desktop,B,0,
S011525,C01464,2025-08-09 17:35:32,email,desktop,A,1,O003748
S011526,C01601,2025-06-26 09:34:44,social,mobile,B,0,
S011527,C01852,2025-02-09 12:11:09,social,mobile,A,0,
S011528,C01190,2025-12-14 12:06:57,social,desktop,A,1,O003749
S011529,C00281,2025-09-20 10:39:22,referral,mobile,B,0,
S011530,C01070,2025-09-30 22:28:00,organic,mobile,A,0,
S011531,C00199,2025-10-05 13:56:28,paid_search,desktop,B,0,
S011532,C01481,2025-10-09 08:24:31,email,mobile,B,1,O003750
S011533,C01361,2025-01-22 08:08:26,email,mobile,B,0,
S011534,C01922,2025-01-21 16:05:11,referral,mobile,A,0,
S011535,C00298,2025-10-27 23:32:13,referral,desktop,A,1,O003751
S011536,C01420,2025-06-13 22:57:57,paid_search,mobile,A,0,
S011537,C00124,2025-10-08 22:58:57,paid_search,mobile,A,0,
S011538,C01788,2025-09-06 23:29:25,paid_search,mobile,A,1,O003752
S011539,C01601,2025-09-03 12:25:28,referral,desktop,B,1,O003753
S011540,C01046,2025-04-26 22:11:59,social,desktop,A,0,
S011541,C01350,2025-10-04 16:56:42,social,tablet,A,0,
S011542,C01308,2025-12-30 18:01:55,organic,tablet,A,0,
S011543,C01494,2025-11-24 15:05:24,email,desktop,A,1,O003754
S011544,C00733,2025-10-13 20:13:53,social,mobile,B,0,
S011545,C01691,2025-04-28 21:39:46,email,mobile,B,1,O003755
S011546,C00544,2025-06-03 15:11:11,paid_search,mobile,A,0,
S011547,C01776,2025-07-29 12:25:43,email,mobile,A,1,O003756
S011548,C01462,2025-12-14 21:29:12,organic,mobile,A,1,O003757
S011549,C01624,2025-07-02 21:44:25,organic,mobile,A,1,O003758
S011550,C00661,2025-03-30 09:20:47,email,mobile,B,1,O003759
S011551,C01798,2025-10-24 11:13:57,organic,desktop,A,0,
S011552,C01525,2025-08-24 23:41:12,paid_search,mobile,B,0,
S011553,C01684,2025-07-23 23:19:49,paid_search,mobile,A,0,
S011554,C00896,2025-10-17 21:59:24,paid_search,mobile,A,0,
S011555,C00169,2025-11-07 18:25:22,organic,mobile,B,1,O003760
S011556,C00811,2025-07-21 18:46:32,organic,mobile,B,0,
S011557,C01813,2025-03-13 08:51:40,email,mobile,B,0,
S011558,C01656,2025-11-07 13:14:02,referral,mobile,A,0,
S011559,C00697,2025-12-13 08:06:25,paid_search,mobile,B,1,O003761
S011560,C01477,2025-10-20 13:46:33,paid_search,mobile,B,1,O003762
S011561,C01755,2025-12-07 13:23:07,referral,desktop,B,0,
S011562,C00267,2025-07-24 13:49:24,organic,desktop,B,1,O003763
S011563,C01818,2025-11-26 08:16:12,organic,tablet,A,0,
S011564,C00702,2025-08-02 08:26:21,organic,mobile,A,0,
S011565,C00892,2025-12-02 07:16:06,referral,desktop,A,0,
S011566,C00147,2025-12-04 23:21:04,social,mobile,B,1,O003764
S011567,C00016,2025-09-26 22:54:12,social,mobile,A,0,
S011568,C01698,2025-02-21 14:29:33,organic,mobile,A,0,
S011569,C00015,2025-04-24 17:11:57,paid_search,mobile,B,0,
S011570,C00498,2025-05-08 23:08:53,organic,tablet,A,0,
S011571,C00465,2025-02-05 08:30:56,email,mobile,B,0,
S011572,C01252,2025-11-22 21:59:38,social,mobile,A,0,
S011573,C00717,2025-11-26 21:27:10,paid_search,mobile,B,0,
S011574,C00937,2025-07-24 14:45:52,paid_search,mobile,B,0,
S011575,C01640,2025-02-08 16:38:17,organic,mobile,A,0,
S011576,C01991,2025-08-07 21:12:29,organic,mobile,B,1,O003765
S011577,C00663,2025-09-23 23:41:36,paid_search,mobile,B,1,O003766
S011578,C01275,2025-12-07 22:44:02,email,tablet,B,1,O003767
S011579,C01910,2025-11-01 23:53:08,social,mobile,A,1,O003768
S011580,C01905,2025-09-18 17:00:58,email,mobile,B,1,O003769
S011581,C01942,2025-10-04 15:11:06,email,mobile,A,1,O003770
S011582,C00597,2025-05-17 15:25:47,paid_search,mobile,B,0,
S011583,C00852,2025-07-06 08:18:24,email,desktop,A,0,
S011584,C00509,2025-08-11 17:44:32,organic,mobile,B,0,
S011585,C01147,2025-06-04 21:06:56,organic,tablet,B,0,
S011586,C00995,2025-08-28 15:38:36,organic,mobile,B,0,
S011587,C01724,2025-06-27 09:02:39,organic,desktop,A,1,O003771
S011588,C00263,2025-03-11 13:01:16,social,desktop,B,0,
S011589,C01519,2025-10-25 19:10:40,email,mobile,B,1,O003772
S011590,C00331,2025-04-28 11:25:04,referral,mobile,B,0,
S011591,C00058,2025-07-26 22:46:23,social,mobile,A,1,O003773
S011592,C00897,2025-09-02 07:19:35,email,mobile,B,0,
S011593,C01372,2025-12-15 15:20:20,email,mobile,A,1,O003774
S011594,C01242,2025-06-15 13:15:03,social,desktop,A,0,
S011595,C00088,2025-05-07 21:34:56,email,desktop,A,1,O003775
S011596,C01461,2025-07-02 18:23:27,organic,desktop,B,0,
S011597,C01538,2025-06-27 15:22:38,paid_search,mobile,A,0,
S011598,C00757,2025-11-14 16:36:03,email,mobile,B,1,O003776
S011599,C01984,2025-11-20 09:12:50,paid_search,mobile,A,0,
S011600,C00951,2025-08-19 20:06:33,paid_search,mobile,B,0,
S011601,C00230,2025-03-24 18:38:26,organic,mobile,A,1,O003777
S011602,C01367,2025-04-09 17:46:05,email,desktop,B,1,O003778
S011603,C01497,2025-01-24 20:14:00,paid_search,desktop,B,0,
S011604,C01516,2025-09-16 20:22:00,organic,mobile,A,0,
S011605,C01226,2025-12-19 22:31:18,paid_search,mobile,A,1,O003779
S011606,C00849,2025-08-01 13:54:16,paid_search,desktop,B,0,
S011607,C00604,2025-12-09 13:01:51,organic,mobile,A,1,O003780
S011608,C01466,2025-02-26 14:41:58,organic,mobile,A,1,O003781
S011609,C01423,2025-04-08 18:36:52,organic,mobile,B,1,O003782
S011610,C01817,2025-05-12 18:31:07,email,mobile,B,1,O003783
S011611,C01451,2025-02-27 17:13:55,paid_search,mobile,B,0,
S011612,C00350,2025-08-01 16:17:08,email,mobile,A,0,
S011613,C01686,2025-12-27 17:50:05,paid_search,desktop,A,0,
S011614,C00279,2025-04-29 10:50:58,paid_search,desktop,B,0,
S011615,C00006,2025-12-28 20:45:57,organic,mobile,A,1,O003784
S011616,C01574,2025-08-03 12:40:16,email,desktop,A,1,O003785
S011617,C00578,2025-06-17 16:06:10,email,desktop,A,0,
S011618,C01239,2025-09-28 11:58:59,social,tablet,B,0,
S011619,C00993,2025-01-01 09:31:28,paid_search,tablet,B,1,O003786
S011620,C00732,2025-12-23 09:53:41,organic,mobile,A,0,
S011621,C01966,2025-12-29 20:35:10,email,mobile,A,1,O003787
S011622,C01745,2025-03-01 12:09:54,organic,desktop,B,0,
S011623,C00622,2025-04-23 18:55:52,social,desktop,A,0,
S011624,C01764,2025-09-13 16:16:57,social,tablet,A,0,
S011625,C01307,2025-08-02 23:41:42,social,desktop,B,0,
S011626,C01546,2025-09-22 11:38:15,social,mobile,A,0,
S011627,C00915,2025-12-18 12:24:49,social,desktop,B,1,O003788
S011628,C01838,2025-10-16 21:39:54,organic,mobile,A,1,O003789
S011629,C00424,2025-09-22 07:16:53,email,mobile,A,1,O003790
S011630,C00678,2025-03-09 09:31:09,organic,desktop,A,0,
S011631,C00345,2025-03-11 15:28:28,social,mobile,B,1,O003791
S011632,C01185,2025-12-25 08:23:21,email,tablet,B,0,
S011633,C00352,2025-10-26 22:12:37,social,mobile,A,1,O003792
S011634,C00387,2025-07-16 21:15:10,social,desktop,B,0,
S011635,C00414,2025-02-01 20:58:49,email,desktop,A,0,
S011636,C00103,2025-06-27 22:05:52,social,mobile,B,1,O003793
S011637,C01836,2025-09-18 09:14:30,social,mobile,A,0,
S011638,C01553,2025-11-05 16:40:39,paid_search,tablet,B,0,
S011639,C00007,2025-06-20 07:26:53,social,mobile,B,1,O003794
S011640,C00339,2025-01-31 18:34:03,referral,mobile,B,1,O003795
S011641,C01710,2025-08-27 14:17:40,paid_search,mobile,A,0,
S011642,C01905,2025-03-04 09:43:24,social,mobile,B,0,
S011643,C01375,2025-12-23 15:43:16,paid_search,mobile,B,1,O003796
S011644,C00197,2025-05-29 07:58:12,paid_search,desktop,B,1,O003797
S011645,C00036,2025-07-10 09:43:26,referral,mobile,A,0,
S011646,C01778,2025-02-20 22:15:10,email,mobile,A,0,
S011647,C00383,2025-07-06 23:34:23,paid_search,mobile,B,0,
S011648,C00194,2025-12-15 21:11:30,organic,mobile,A,0,
S011649,C00802,2025-07-13 19:08:15,organic,mobile,A,0,
S011650,C01217,2025-06-04 21:58:22,email,mobile,B,1,O003798
S011651,C00004,2025-10-01 16:36:42,paid_search,mobile,A,0,
S011652,C00352,2025-07-17 12:28:06,referral,desktop,A,0,
S011653,C01846,2025-08-24 19:51:23,paid_search,mobile,A,1,O003799
S011654,C01911,2025-09-08 16:04:52,social,mobile,B,0,
S011655,C00617,2025-10-01 18:31:07,Unknown,desktop,B,0,
S011656,C01266,2025-10-06 15:31:52,email,mobile,A,0,
S011657,C01296,2025-05-23 10:42:27,social,mobile,A,0,
S011658,C00657,2025-11-02 20:34:22,social,mobile,B,1,O003800
S011659,C00834,2025-03-04 18:35:33,organic,mobile,A,1,O003801
S011660,C01790,2025-11-22 13:31:38,organic,desktop,A,1,O003802
S011661,C00752,2025-05-29 07:31:10,social,desktop,A,1,O003803
S011662,C01917,2025-05-24 21:01:00,organic,mobile,B,0,
S011663,C01534,2025-09-20 14:27:48,referral,mobile,A,0,
S011664,C00668,2025-03-31 09:25:54,organic,mobile,A,0,
S011665,C01140,2025-11-15 10:34:50,social,mobile,A,0,
S011666,C01623,2025-12-30 17:17:20,organic,mobile,B,0,
S011667,C00712,2025-10-09 21:21:08,email,mobile,A,0,
S011668,C00693,2025-11-06 13:46:21,email,desktop,B,0,
S011669,C01732,2025-02-09 10:31:15,social,mobile,A,0,
S011670,C01859,2025-05-03 12:20:55,organic,mobile,B,0,
S011671,C00658,2025-05-23 23:55:55,referral,mobile,A,0,
S011672,C01238,2025-12-08 22:19:12,paid_search,desktop,A,1,O003804
S011673,C00298,2025-10-23 23:10:27,organic,desktop,A,1,O003805
S011674,C01770,2025-03-01 07:48:32,email,mobile,A,1,O003806
S011675,C00557,2025-03-20 22:29:40,organic,desktop,B,0,
S011676,C00972,2025-05-24 12:11:38,paid_search,mobile,A,0,
S011677,C01933,2025-02-11 14:26:02,email,mobile,B,0,
S011678,C00060,2025-05-10 13:59:20,paid_search,desktop,A,0,
S011679,C00597,2025-02-10 08:18:54,referral,mobile,B,1,O003807
S011680,C01615,2025-02-19 22:27:40,organic,mobile,B,0,
S011681,C00414,2025-06-13 19:23:38,paid_search,desktop,A,0,
S011682,C00972,2025-11-08 14:15:04,paid_search,mobile,A,0,
S011683,C01716,2025-09-23 18:38:43,paid_search,mobile,A,0,
S011684,C00224,2025-07-22 15:48:41,email,desktop,A,0,
S011685,C01164,2025-11-04 16:23:55,email,tablet,A,0,
S011686,C01268,2025-11-20 08:23:59,organic,desktop,A,0,
S011687,C01687,2025-07-28 19:50:11,email,mobile,B,0,
S011688,C01791,2025-05-21 18:06:40,organic,desktop,B,0,
S011689,C01190,2025-11-10 07:53:14,referral,desktop,A,1,O003808
S011690,C00832,2025-08-05 18:01:40,organic,desktop,A,0,
S011691,C01896,2025-12-05 15:49:08,organic,mobile,A,1,O003809
S011692,C01026,2025-06-30 13:00:41,organic,mobile,A,0,
S011693,C00164,2025-08-04 11:22:22,email,mobile,A,1,O003810
S011694,C01018,2025-08-23 22:32:40,social,desktop,A,0,
S011695,C00628,2025-03-08 11:21:33,email,mobile,A,1,O003811
S011696,C01089,2025-11-20 15:16:30,organic,mobile,B,0,
S011697,C01740,2025-09-10 21:47:21,organic,tablet,A,0,
S011698,C01796,2025-04-21 09:25:09,social,mobile,A,0,
S011699,C00028,2025-04-26 21:03:30,social,desktop,A,0,
S011700,C00630,2025-11-20 17:06:55,paid_search,mobile,A,0,
S011701,C00759,2025-10-24 07:05:40,paid_search,mobile,B,0,
S011702,C01315,2025-11-22 12:54:28,paid_search,desktop,B,1,O003812
S011703,C00943,2025-03-28 09:29:20,email,mobile,B,1,O003813
S011704,C00142,2025-06-17 14:47:32,email,desktop,A,1,O003814
S011705,C01732,2025-05-26 17:14:43,organic,desktop,A,0,
S011706,C00958,2025-10-10 17:24:48,organic,mobile,A,1,O003815
S011707,C00536,2025-12-31 22:06:23,email,mobile,A,0,
S011708,C00427,2025-12-31 16:41:49,paid_search,mobile,B,1,O003816
S011709,C00469,2025-10-09 07:41:41,social,mobile,B,0,
S011710,C01815,2025-06-14 15:34:51,paid_search,mobile,B,1,O003817
S011711,C00154,2025-11-04 23:25:44,referral,desktop,A,1,O003818
S011712,C01995,2025-06-20 17:04:25,referral,tablet,B,0,
S011713,C01217,2025-05-23 20:22:39,referral,desktop,B,0,
S011714,C01138,2025-10-11 12:44:31,organic,mobile,A,0,
S011715,C00533,2025-12-06 07:45:00,paid_search,desktop,B,1,O003819
S011716,C00348,2025-07-29 22:12:37,email,desktop,A,0,
S011717,C01695,2025-03-22 23:52:28,social,tablet,B,0,
S011718,C00436,2025-06-30 22:05:23,social,desktop,A,1,O003820
S011719,C00256,2025-08-19 18:59:19,referral,mobile,A,1,O003821
S011720,C00890,2025-09-26 14:45:55,social,mobile,A,0,
S011721,C01951,2025-01-01 07:50:53,organic,mobile,B,0,
S011722,C00221,2025-08-12 21:46:51,email,mobile,B,1,O003822
S011723,C01140,2025-06-24 22:30:54,referral,mobile,A,0,
S011724,C00630,2025-12-22 16:51:38,referral,mobile,A,0,
S011725,C01644,2025-09-27 10:42:36,email,mobile,A,0,
S011726,C01660,2025-09-02 20:12:36,social,mobile,A,0,
S011727,C00734,2025-11-08 20:24:02,referral,desktop,A,0,
S011728,C01365,2025-12-18 09:00:01,organic,desktop,B,0,
S011729,C00626,2025-10-22 14:11:52,paid_search,mobile,A,0,
S011730,C01848,2025-06-21 14:44:21,organic,desktop,A,0,
S011731,C00593,2025-06-02 10:22:25,organic,mobile,B,0,
S011732,C01590,2025-05-08 17:32:33,referral,mobile,A,1,O003823
S011733,C01305,2025-07-13 21:10:12,referral,mobile,B,0,
S011734,C00341,2025-11-22 08:20:36,social,desktop,B,1,O003824
S011735,C00792,2025-12-11 23:40:25,social,mobile,A,0,
S011736,C01524,2025-10-24 18:25:19,social,mobile,A,0,
S011737,C00638,2025-12-25 11:02:21,referral,mobile,A,0,
S011738,C01216,2025-12-20 18:38:30,email,desktop,A,1,O003825
S011739,C00301,2025-11-29 18:39:14,organic,tablet,B,1,O003826
S011740,C01915,2025-09-11 07:03:21,social,mobile,B,0,
S011741,C01180,2025-03-06 14:36:49,organic,desktop,A,0,
S011742,C00457,2025-06-27 21:30:12,social,tablet,B,0,
S011743,C00987,2025-04-30 17:12:51,paid_search,desktop,B,1,O003827
S011744,C01704,2025-07-11 20:49:32,paid_search,desktop,A,1,O003828
S011745,C01046,2025-09-24 22:25:03,organic,desktop,A,0,
S011746,C00416,2025-12-08 11:46:54,paid_search,mobile,A,0,
S011747,C01065,2025-07-31 07:26:19,referral,desktop,B,0,
S011748,C00655,2025-10-14 13:53:37,organic,mobile,B,1,O003829
S011749,C00236,2025-11-23 11:31:59,organic,desktop,A,0,
S011750,C01849,2025-12-25 21:42:06,organic,desktop,B,0,
S011751,C01324,2025-12-29 13:17:14,referral,mobile,A,1,O003830
S011752,C01622,2025-10-10 23:14:01,organic,mobile,A,0,
S011753,C01054,2025-04-09 15:25:30,referral,mobile,A,0,
S011754,C01010,2025-12-17 19:11:10,email,mobile,A,1,O003831
S011755,C00728,2025-05-10 16:15:20,organic,mobile,A,0,
S011756,C01185,2025-07-28 10:16:37,organic,tablet,B,1,O003832
S011757,C01941,2025-07-03 16:36:03,organic,mobile,B,1,O003833
S011758,C01263,2025-12-31 16:29:09,referral,mobile,B,0,
S011759,C00904,2025-05-08 09:15:04,email,desktop,A,0,
S011760,C01841,2025-05-12 19:01:34,paid_search,mobile,B,1,O003834
S011761,C00280,2025-06-04 07:04:01,social,mobile,A,1,O003835
S011762,C01911,2025-08-22 08:03:15,organic,mobile,B,0,
S011763,C01988,2025-07-18 20:09:34,paid_search,desktop,A,1,O003836
S011764,C00074,2025-07-27 12:48:38,email,desktop,A,1,O003837
S011765,C01515,2025-06-24 14:31:40,email,mobile,B,0,
S011766,C00263,2025-08-05 14:10:46,social,mobile,B,1,O003838
S011767,C00586,2025-03-24 18:22:51,paid_search,desktop,A,0,
S011768,C00798,2025-09-11 16:57:42,referral,mobile,A,1,O003839
S011769,C01791,2025-02-20 08:35:36,referral,mobile,B,1,O003840
S011770,C01400,2025-12-30 09:45:26,referral,mobile,A,0,
S011771,C01181,2025-11-16 09:23:36,social,desktop,B,0,
S011772,C00779,2025-09-14 21:18:50,organic,mobile,B,1,O003841
S011773,C00520,2025-10-08 11:01:38,email,desktop,A,1,O003842
S011774,C01785,2025-07-29 10:42:56,organic,desktop,B,0,
S011775,C00686,2025-04-06 14:00:55,organic,tablet,A,0,
S011776,C00254,2025-07-22 15:20:03,organic,desktop,A,1,O003843
S011777,C01085,2025-05-18 11:04:05,paid_search,desktop,B,1,O003844
S011778,C00991,2025-06-08 11:44:41,organic,desktop,B,0,
S011779,C01764,2025-04-24 11:21:36,organic,mobile,A,0,
S011780,C00407,2025-11-13 18:05:12,email,desktop,B,0,
S011781,C01121,2025-08-23 10:46:56,organic,mobile,B,0,
S011782,C00779,2025-06-06 22:46:22,social,desktop,B,1,O003845
S011783,C01340,2025-05-09 07:56:04,social,tablet,A,0,
S011784,C01904,2025-07-20 13:38:42,email,mobile,A,0,
S011785,C00298,2025-03-06 15:26:28,organic,mobile,A,0,
S011786,C00388,2025-02-24 23:25:04,paid_search,desktop,A,0,
S011787,C01645,2025-01-21 18:06:18,paid_search,desktop,B,0,
S011788,C00497,2025-01-18 14:38:24,social,mobile,B,1,O003846
S011789,C01523,2025-09-22 20:14:12,referral,desktop,B,0,
S011790,C00977,2025-04-04 13:21:12,email,mobile,B,1,O003847
S011791,C00682,2025-01-31 12:13:00,paid_search,mobile,A,1,O003848
S011792,C01081,2025-09-14 18:28:58,referral,mobile,B,0,
S011793,C00297,2025-03-18 16:22:57,referral,mobile,B,0,
S011794,C00105,2025-07-23 18:03:36,social,mobile,B,0,
S011795,C01310,2025-03-13 17:24:18,referral,mobile,A,0,
S011796,C00448,2025-06-07 13:46:53,organic,tablet,A,0,
S011797,C00434,2025-08-06 07:02:53,email,mobile,A,0,
S011798,C01242,2025-11-11 17:37:37,social,desktop,A,1,O003849
S011799,C01516,2025-12-26 18:44:45,social,mobile,A,0,
S011800,C01867,2025-08-19 20:25:08,organic,mobile,B,0,
S011801,C00258,2025-04-21 18:49:44,paid_search,mobile,A,0,
S011802,C01104,2025-09-04 14:28:17,email,mobile,A,0,
S011803,C02000,2025-05-01 12:09:08,referral,mobile,A,0,
S011804,C00065,2025-03-13 09:24:03,referral,mobile,B,1,O003850
S011805,C00374,2025-10-23 23:27:49,social,desktop,A,0,
S011806,C00801,2025-09-19 16:18:47,email,mobile,B,1,O003851
S011807,C00461,2025-10-09 07:14:45,social,mobile,B,0,
S011808,C00982,2025-02-15 08:25:54,email,mobile,A,1,O003852
S011809,C00181,2025-11-17 11:29:19,organic,desktop,B,0,
S011810,C01540,2025-09-30 19:45:31,email,mobile,A,1,O003853
S011811,C00405,2025-04-03 11:05:42,social,mobile,B,1,O003854
S011812,C00274,2025-01-13 12:36:13,organic,mobile,A,0,
S011813,C00985,2025-07-12 08:40:59,organic,desktop,B,1,O003855
S011814,C00400,2025-02-16 22:06:49,social,desktop,A,1,O003856
S011815,C01883,2025-08-15 08:20:11,paid_search,mobile,B,0,
S011816,C00346,2025-07-14 19:21:16,organic,mobile,A,0,
S011817,C00694,2025-11-28 09:19:41,social,mobile,A,0,
S011818,C00727,2025-12-22 13:33:30,organic,mobile,B,1,O003857
S011819,C01357,2025-06-22 16:08:01,social,mobile,B,0,
S011820,C01860,2025-10-26 22:21:38,email,mobile,A,0,
S011821,C01027,2025-11-29 11:51:49,social,mobile,B,1,O003858
S011822,C01606,2025-07-11 10:44:54,organic,desktop,A,1,O003859
S011823,C00195,2025-01-15 13:06:09,paid_search,mobile,B,0,
S011824,C00054,2025-05-27 11:35:52,social,desktop,A,1,O003860
S011825,C00238,2025-12-23 10:08:25,social,desktop,A,0,
S011826,C01751,2025-09-24 22:17:47,paid_search,mobile,B,0,
S011827,C01599,2025-09-03 23:45:10,organic,mobile,B,0,
S011828,C00650,2025-01-19 11:42:37,paid_search,desktop,A,0,
S011829,C00020,2025-07-12 17:19:47,paid_search,tablet,A,0,
S011830,C00262,2025-11-03 21:56:34,organic,desktop,A,0,
S011831,C00960,2025-07-01 12:35:09,paid_search,desktop,A,1,O003861
S011832,C00180,2025-03-02 18:43:05,referral,mobile,A,0,
S011833,C01081,2025-06-12 18:01:58,referral,mobile,B,1,O003862
S011834,C00726,2025-03-11 22:11:05,organic,desktop,A,0,
S011835,C01194,2025-06-17 17:05:23,paid_search,mobile,A,0,
S011836,C00688,2025-11-22 22:24:45,email,mobile,A,1,O003863
S011837,C00284,2025-10-10 20:25:12,social,tablet,A,0,
S011838,C00044,2025-11-26 15:08:07,paid_search,mobile,A,0,
S011839,C01681,2025-09-25 18:30:55,email,mobile,B,0,
S011840,C01782,2025-11-27 23:10:09,organic,mobile,A,0,
S011841,C00559,2025-02-09 18:02:19,organic,mobile,B,0,
S011842,C00798,2025-11-10 09:48:53,organic,mobile,A,1,O003864
S011843,C01024,2025-01-20 15:24:46,referral,tablet,A,0,
S011844,C01842,2025-09-16 13:11:45,paid_search,mobile,A,0,
S011845,C00222,2025-03-07 17:50:51,organic,mobile,A,0,
S011846,C00124,2025-07-24 22:15:33,paid_search,mobile,A,1,O003865
S011847,C00980,2025-02-28 18:21:22,organic,desktop,A,1,O003866
S011848,C00287,2025-04-06 12:05:47,email,mobile,B,0,
S011849,C00658,2025-05-01 19:00:08,organic,mobile,A,1,O003867
S011850,C01220,2025-07-26 07:19:50,organic,mobile,A,0,
S011851,C01628,2025-08-07 13:29:10,referral,desktop,A,0,
S011852,C01908,2025-05-21 14:39:01,referral,mobile,A,1,O003868
S011853,C01324,2025-06-30 19:44:46,organic,mobile,A,0,
S011854,C00645,2025-11-21 08:15:53,email,mobile,B,0,
S011855,C01350,2025-06-07 07:29:47,organic,mobile,A,0,
S011856,C01133,2025-10-07 14:56:18,paid_search,desktop,B,1,O003869
S011857,C00717,2025-07-15 09:12:24,referral,tablet,B,0,
S011858,C00025,2025-07-07 07:59:32,referral,desktop,B,0,
S011859,C00112,2025-08-22 11:13:10,organic,desktop,A,0,
S011860,C01124,2025-02-18 11:00:29,organic,desktop,A,1,O003870
S011861,C01662,2025-10-14 07:01:58,paid_search,desktop,A,0,
S011862,C01637,2025-04-04 09:19:53,organic,mobile,B,0,
S011863,C01140,2025-10-14 11:33:25,paid_search,mobile,A,1,O003871
S011864,C00381,2025-12-07 13:02:23,email,mobile,B,0,
S011865,C00357,2025-06-13 14:20:30,organic,desktop,B,0,
S011866,C01581,2025-10-01 15:45:13,paid_search,mobile,B,0,
S011867,C01331,2025-12-18 22:29:36,organic,mobile,B,0,
S011868,C01069,2025-07-07 18:55:20,paid_search,desktop,B,0,
S011869,C01274,2025-01-12 07:47:52,referral,mobile,A,1,O003872
S011870,C01737,2025-10-12 22:31:23,email,mobile,B,0,
S011871,C01902,2025-12-22 22:16:25,organic,mobile,A,0,
S011872,C00540,2025-07-18 14:27:49,paid_search,desktop,A,0,
S011873,C00946,2025-05-11 14:14:45,email,mobile,A,0,
S011874,C01240,2025-11-11 20:45:39,paid_search,desktop,A,0,
S011875,C01782,2025-09-22 15:10:33,organic,mobile,A,0,
S011876,C00871,2025-04-24 20:35:30,social,desktop,B,0,
S011877,C00379,2025-07-04 19:47:28,paid_search,desktop,B,1,O003873
S011878,C00465,2025-06-22 09:44:55,social,mobile,B,1,O003874
S011879,C01384,2025-10-12 15:35:15,email,desktop,A,0,
S011880,C01221,2025-12-18 16:06:07,paid_search,mobile,B,1,O003875
S011881,C01121,2025-09-23 18:18:19,social,mobile,B,0,
S011882,C00443,2025-12-05 15:01:36,organic,desktop,B,0,
S011883,C01215,2025-05-02 19:24:35,organic,mobile,B,0,
S011884,C00520,2025-09-23 11:21:13,referral,mobile,A,0,
S011885,C00885,2025-07-13 12:58:27,social,mobile,B,0,
S011886,C01590,2025-11-17 08:53:18,social,desktop,A,1,O003876
S011887,C01937,2025-05-11 23:39:31,paid_search,mobile,B,0,
S011888,C00323,2025-07-25 12:10:04,social,tablet,B,0,
S011889,C01941,2025-03-15 21:37:54,referral,desktop,B,1,O003877
S011890,C00926,2025-09-14 13:06:26,email,desktop,A,1,O003878
S011891,C00126,2025-05-01 09:54:23,social,mobile,A,1,O003879
S011892,C01553,2025-06-23 12:19:07,social,desktop,B,0,
S011893,C01022,2025-10-31 14:43:19,organic,mobile,A,0,
S011894,C00158,2025-09-29 19:52:21,organic,desktop,A,0,
S011895,C00201,2025-05-18 08:31:39,organic,mobile,B,0,
S011896,C00316,2025-08-23 07:59:54,referral,desktop,A,0,
S011897,C00912,2025-05-05 10:09:42,organic,mobile,A,0,
S011898,C00722,2025-04-21 09:12:53,organic,desktop,A,0,
S011899,C01745,2025-05-03 12:11:57,organic,mobile,B,1,O003880
S011900,C01834,2025-06-21 12:55:42,social,tablet,A,0,
S011901,C01726,2025-07-14 11:10:18,paid_search,desktop,A,0,
S011902,C01525,2025-10-14 18:04:16,social,tablet,B,1,O003881
S011903,C01522,2025-12-20 22:30:33,referral,mobile,A,0,
S011904,C00702,2025-08-24 08:49:42,email,mobile,A,0,
S011905,C01870,2025-06-09 09:12:17,email,mobile,A,1,O003882
S011906,C01389,2025-02-18 08:52:50,social,mobile,B,1,O003883
S011907,C01592,2025-10-18 21:37:52,social,desktop,A,1,O003884
S011908,C00103,2025-10-24 18:15:39,social,desktop,B,0,
S011909,C00102,2025-05-24 19:40:25,organic,mobile,A,0,
S011910,C00492,2025-10-26 15:24:14,social,desktop,A,1,O003885
S011911,C00940,2025-07-28 21:48:27,organic,mobile,A,0,
S011912,C00960,2025-03-22 23:37:12,email,desktop,A,1,O003886
S011913,C00119,2025-10-01 09:55:01,paid_search,mobile,B,1,O003887
S011914,C01278,2025-10-24 17:21:43,referral,mobile,A,0,
S011915,C00655,2025-11-10 23:44:50,organic,mobile,B,0,
S011916,C00903,2025-12-07 18:42:56,organic,mobile,B,1,O003888
S011917,C01582,2025-08-04 22:37:20,organic,desktop,A,0,
S011918,C01321,2025-12-15 16:20:12,referral,mobile,B,0,
S011919,C00771,2025-11-12 21:55:54,social,mobile,B,0,
S011920,C00718,2025-02-26 22:43:24,organic,mobile,A,1,O003889
S011921,C01029,2025-05-25 20:19:56,organic,mobile,B,0,
S011922,C01421,2025-01-26 07:49:01,referral,desktop,B,0,
S011923,C00153,2025-08-10 09:45:27,referral,desktop,B,0,
S011924,C01909,2025-12-17 15:04:20,social,desktop,B,1,O003890
S011925,C00942,2025-10-10 14:16:19,paid_search,mobile,A,0,
S011926,C01749,2025-01-24 18:14:03,paid_search,mobile,B,0,
S011927,C00803,2025-09-12 12:05:46,organic,mobile,B,1,O003891
S011928,C01263,2025-09-26 18:09:18,social,mobile,B,0,
S011929,C01734,2025-02-18 18:27:05,social,tablet,A,0,
S011930,C00622,2025-04-14 22:41:39,referral,desktop,A,0,
S011931,C00899,2025-01-15 18:51:03,email,mobile,B,1,O003892
S011932,C01274,2025-03-05 13:37:02,organic,mobile,A,1,O003893
S011933,C01675,2025-03-16 07:27:18,referral,tablet,B,1,O003894
S011934,C00552,2025-12-11 11:41:31,referral,mobile,A,1,O003895
S011935,C00820,2025-09-04 12:11:54,paid_search,mobile,A,0,
S011936,C01333,2025-08-17 13:28:02,referral,mobile,B,1,O003896
S011937,C01813,2025-11-06 07:29:12,paid_search,mobile,B,0,
S011938,C01995,2025-12-05 23:35:32,paid_search,desktop,B,1,O003897
S011939,C00053,2025-05-09 16:43:58,organic,desktop,B,0,
S011940,C00128,2025-09-02 15:27:37,paid_search,mobile,A,0,
S011941,C00006,2025-03-07 21:38:04,paid_search,mobile,A,0,
S011942,C01591,2025-11-17 12:15:19,referral,mobile,B,0,
S011943,C01879,2025-05-15 17:01:33,paid_search,desktop,B,1,O003898
S011944,C00026,2025-07-17 08:14:39,organic,tablet,A,1,O003899
S011945,C00362,2025-01-12 13:25:11,organic,desktop,A,0,
S011946,C00019,2025-03-03 17:35:15,referral,desktop,B,1,O003900
S011947,C00865,2025-12-01 10:00:14,paid_search,mobile,B,0,
S011948,C00626,2025-07-02 14:49:44,social,desktop,A,0,
S011949,C00005,2025-05-15 21:22:16,email,mobile,B,0,
S011950,C00425,2025-11-29 23:40:46,referral,desktop,B,1,O003901
S011951,C00251,2025-01-05 21:08:29,email,mobile,B,0,
S011952,C01037,2025-08-24 11:41:39,social,tablet,B,0,
S011953,C01823,2025-12-13 11:44:44,referral,mobile,B,0,
S011954,C01441,2025-12-08 22:10:02,organic,mobile,B,0,
S011955,C01931,2025-12-08 10:58:06,organic,mobile,B,0,
S011956,C00261,2025-02-03 15:02:54,referral,tablet,B,0,
S011957,C00241,2025-10-08 18:01:47,referral,mobile,B,1,O003902
S011958,C01762,2025-12-30 14:22:35,paid_search,desktop,A,0,
S011959,C01957,2025-11-16 09:55:24,organic,mobile,B,1,O003903
S011960,C01985,2025-07-31 15:33:44,organic,mobile,B,1,O003904
S011961,C00643,2025-07-28 20:38:55,organic,desktop,B,0,
S011962,C01426,2025-01-17 12:33:09,social,mobile,A,0,
S011963,C01282,2025-06-12 19:45:54,social,mobile,A,0,
S011964,C00646,2025-01-01 15:06:44,organic,mobile,A,0,
S011965,C01319,2025-12-07 14:47:57,email,mobile,B,0,
S011966,C01310,2025-01-15 16:00:44,paid_search,desktop,A,0,
S011967,C00443,2025-09-24 09:11:39,organic,mobile,B,1,O003905
S011968,C00945,2025-01-08 18:23:05,organic,mobile,B,0,
S011969,C00064,2025-03-15 18:49:23,referral,desktop,A,1,O003906
S011970,C01383,2025-06-26 18:09:49,paid_search,mobile,B,0,
S011971,C01922,2025-03-11 23:31:20,organic,mobile,A,1,O003907
S011972,C00914,2025-02-13 16:39:01,referral,desktop,A,0,
S011973,C01333,2025-04-04 13:48:35,email,mobile,B,0,
S011974,C00222,2025-06-13 08:46:03,email,mobile,A,0,
S011975,C00942,2025-05-02 19:28:00,organic,desktop,A,0,
S011976,C00523,2025-11-08 20:14:37,organic,mobile,B,1,O003908
S011977,C00705,2025-05-24 20:36:05,organic,desktop,B,0,
S011978,C01001,2025-07-24 15:38:28,social,mobile,B,1,O003909
S011979,C01698,2025-03-06 13:22:25,paid_search,tablet,A,0,
S011980,C00397,2025-07-15 20:08:36,social,mobile,B,0,
S011981,C01320,2025-04-22 18:21:51,email,mobile,A,0,
S011982,C00317,2025-03-22 20:00:09,paid_search,mobile,B,1,O003910
S011983,C00414,2025-12-27 21:53:15,social,desktop,A,0,
S011984,C00459,2025-07-02 09:50:57,organic,desktop,B,0,
S011985,C00482,2025-03-21 16:43:44,organic,desktop,A,0,
S011986,C00616,2025-11-14 14:22:03,referral,mobile,A,1,O003911
S011987,C01096,2025-09-24 12:01:22,paid_search,desktop,A,1,O003912
S011988,C01400,2025-06-28 12:22:44,paid_search,desktop,A,1,O003913
S011989,C01840,2025-06-12 21:40:00,paid_search,mobile,A,0,
S011990,C00965,2025-08-08 15:01:54,email,desktop,B,1,O003914
S011991,C01462,2025-07-09 20:01:29,organic,desktop,A,1,O003915
S011992,C00180,2025-07-25 09:36:49,paid_search,mobile,A,0,
S011993,C00680,2025-06-01 17:15:12,social,mobile,A,1,O003916
S011994,C00355,2025-06-01 09:40:17,paid_search,desktop,B,0,
S011995,C01353,2025-02-15 07:04:29,organic,tablet,B,1,O003917
S011996,C01988,2025-10-09 22:05:54,social,mobile,A,0,
S011997,C01855,2025-05-16 23:24:28,referral,mobile,B,1,O003918
S011998,C00535,2025-12-07 12:46:03,paid_search,tablet,B,0,
S011999,C01015,2025-11-17 09:36:13,paid_search,mobile,B,0,
S012000,C01733,2025-05-16 14:06:09,referral,mobile,B,0,
